"Time (s)","Linear Acceleration x (m/s^2)","Linear Acceleration y (m/s^2)","Linear Acceleration z (m/s^2)","Absolute acceleration (m/s^2)"
6.261624978E-3,-1.239854717E0,-3.839135617E-1,-4.834916443E-1,1.385060833E0
1.627262501E-2,-9.623692507E-1,-2.716648552E-1,-2.827526379E-1,1.039184980E0
2.628362499E-2,-5.561088002E-1,2.271497101E-2,-5.458083451E-2,5.592423759E-1
3.629562497E-2,2.293277979E-2,2.102886790E-1,1.237931567E-1,2.450958722E-1
4.630662501E-2,4.840392360E-1,3.040090209E-1,2.540445632E-1,6.255030830E-1
5.631862499E-2,5.614163178E-1,2.524035421E-1,4.556466186E-1,7.658391940E-1
6.632962497E-2,6.811737263E-1,2.741291642E-1,6.639191777E-1,9.899157129E-1
7.634162501E-2,9.179605249E-1,4.743992239E-1,8.552517682E-1,1.341328348E0
8.635262499E-2,7.663141564E-1,3.172883400E-1,1.169968210E0,1.434132104E0
9.636462497E-2,4.126856634E-1,2.647566622E-1,1.101902527E0,1.206065805E0
1.063756250E-1,-1.185958591E-1,2.615336770E-1,6.005026156E-1,6.656337081E-1
1.163876250E-1,-5.046044782E-1,2.281478298E-1,3.616327465E-2,5.549638673E-1
1.263986250E-1,-7.750604215E-1,2.727571151E-1,-5.938958466E-1,1.013818217E0
1.364106250E-1,-8.513323796E-1,4.063823649E-1,-1.203645249E0,1.529272812E0
1.464216250E-1,-1.249040400E0,-2.528605020E-1,-1.286891474E0,1.811112923E0
1.564336250E-1,-1.435690833E0,2.491744173E-1,-7.229795641E-1,1.626651624E0
1.664446250E-1,-8.535236236E-1,2.078720248E-1,-4.996632886E-1,1.010631860E0
1.764566250E-1,-3.903840905E-1,-3.157408744E-1,-3.678886825E-1,6.224420621E-1
1.864676250E-1,-3.694566134E-1,5.918808961E-1,-8.435836494E-2,7.028068853E-1
1.964786250E-1,-4.842517823E-2,7.505257970E-1,-2.458046669E-1,7.912356818E-1
2.064906250E-1,-1.218741006E-1,2.322122294E-1,-4.422740364E-1,5.141810373E-1
2.165016250E-1,-7.178310907E-1,3.020730078E-2,-5.299881184E-1,8.927941316E-1
2.265136250E-1,-9.982544902E-1,-6.769306943E-2,-5.817061561E-1,1.157357521E0
2.365246250E-1,-8.526941961E-1,1.397367597E-2,2.395569170E-1,8.858161052E-1
2.465366250E-1,8.206245571E-2,5.962361947E-2,1.109332584E0,1.113960504E0
2.565476250E-1,1.761181062E0,-5.907224165E-1,9.783327341E-1,2.099487234E0
2.665596250E-1,3.434768495E0,1.746139392E-2,8.658960396E-1,3.542275464E0
2.765706250E-1,3.372513775E0,1.394512401E0,1.792904838E0,4.066081868E0
2.865826250E-1,2.035370160E0,1.878516846E0,5.671143710E0,6.311372926E0
2.965936250E-1,2.135787318E0,-6.038964857E-1,8.165473521E0,8.461751371E0
3.066056250E-1,4.121910182E0,-4.114958720E0,2.159706523E0,6.211872590E0
3.166171250E-1,2.455213108E0,-5.935303372E0,-1.864735544E-2,6.423102462E0
3.266291250E-1,1.034981436E0,-5.788637077E0,-2.043624675E0,6.225424290E0
3.366401250E-1,1.068125501E-1,-3.925922038E0,-5.796286404E0,7.001514754E0
3.466511250E-1,2.789539065E0,-1.569904897E0,-8.497640394E0,9.080529822E0
3.566631250E-1,6.034347603E0,3.793524411E-1,-7.158001773E0,9.369858518E0
3.666741250E-1,8.072587577E0,1.236849833E-1,-6.345612434E0,1.026882492E1
3.766861250E-1,6.337494745E0,1.597855465E-1,-3.380057852E0,7.184299698E0
3.866971250E-1,3.875122306E-1,1.069849699E0,-3.248834054E0,3.442334501E0
3.967091250E-1,-1.967391601E0,-1.151207273E0,-4.446463103E0,4.996693108E0
4.067201250E-1,5.590387230E0,-5.859658527E0,-4.817787024E0,9.423327398E0
4.167321250E-1,3.877323490E0,-4.866886679E0,-2.883263792E0,6.858092555E0
4.267431250E-1,4.478010001E0,-5.687200164E0,-2.391283745E0,7.623323240E0
4.367551250E-1,3.619389359E0,-6.797388196E0,-3.863205680E0,8.615615111E0
4.467661250E-1,1.925202186E0,-7.284584051E0,-5.458440131E0,9.304092482E0
4.567781250E-1,9.976098347E-1,-7.875824677E0,-6.783671213E0,1.044231942E1
4.667891250E-1,2.148579857E-1,-8.340247382E0,-7.332168108E0,1.110705089E1
4.768011250E-1,-4.088957906E-1,-9.152940191E0,-6.829870648E0,1.142762631E1
4.868121250E-1,-3.397349238E-1,-1.030299629E1,-4.708344104E0,1.133294563E1
4.968241250E-1,-1.834459831E0,-1.323242210E1,-4.874542438E0,1.422052747E1
5.068351250E-1,-3.424646965E0,-1.497277684E1,-4.384421221E0,1.597295848E1
5.168461250E-1,-3.604510826E0,-1.623414054E1,-3.041598791E0,1.690535834E1
5.268581250E-1,-3.699661982E0,-1.736013418E1,-6.173887897E-1,1.776071301E1
5.368691250E-1,-3.419876221E0,-1.671526231E1,3.322669185E0,1.738205045E1
5.468811250E-1,-2.499951324E0,-1.616178943E1,6.661887159E0,1.765882031E1
5.568921250E-1,-2.353032430E0,-1.582905012E1,8.494333794E0,1.811765150E1
5.669041250E-1,-2.306636528E0,-1.561049757E1,9.401165020E0,1.836818200E1
5.769151250E-1,-7.820305949E-1,-1.487584872E1,1.006203488E1,1.797628974E1
5.869271250E-1,1.676839947E0,-1.343409958E1,1.091631659E1,1.739116994E1
5.969381250E-1,4.036898975E0,-1.156443601E1,1.214859858E1,1.725170081E1
6.069501250E-1,7.474953606E0,-9.462171945E0,1.413163967E1,1.857715987E1
6.169611250E-1,1.273569645E1,-7.006954744E0,1.644578051E1,2.194901081E1
6.269731250E-1,1.718462533E1,-3.622912599E0,1.843970795E1,2.546487134E1
6.369841250E-1,2.001443913E1,-2.070423049E-1,1.856131951E1,2.729731163E1
6.469961250E-1,2.069413819E1,3.566189345E0,1.694283126E1,2.698193087E1
6.570071250E-1,2.147993147E1,7.758946438E0,1.446742772E1,2.703507297E1
6.670191250E-1,2.360518152E1,1.154862630E1,1.259042238E1,2.913921927E1
6.770301250E-1,2.456432369E1,1.564204096E1,1.119234961E1,3.119852775E1
6.870411250E-1,2.357737918E1,1.826503641E1,9.930660803E0,3.143441407E1
6.970531250E-1,2.131374191E1,1.788869909E1,8.180709611E0,2.900353701E1
7.070641250E-1,1.926839991E1,1.616528490E1,5.908290989E0,2.583593569E1
7.170761250E-1,1.783955090E1,1.545788641E1,3.660905467E0,2.388719442E1
7.270871250E-1,1.654469318E1,1.538495058E1,1.346344208E0,2.263263616E1
7.370991250E-1,1.493638260E1,1.513127965E1,-1.264428810E0,2.129905936E1
7.471101250E-1,1.296238832E1,1.432951178E1,-3.241408675E0,1.959247685E1
7.571221250E-1,1.064981336E1,1.277243217E1,-3.739432404E0,1.704514309E1
7.671331250E-1,8.127587657E0,1.049273961E1,-3.984883899E0,1.385765367E1
7.771451250E-1,5.496718928E0,8.483372018E0,-5.150983007E0,1.134522568E1
7.871561250E-1,-4.213498337E0,2.066269187E0,-2.111615981E1,2.163134859E1
7.971681250E-1,-1.308925302E1,-6.525928286E0,-2.807872250E1,3.165961057E1
8.071791250E-1,-8.379802626E0,-5.445547020E-1,-7.991631707E0,1.159240308E1
8.171911250E-1,-4.316035403E0,1.227603630E0,-5.742408405E0,7.287690070E0
8.272021250E-1,-3.884084918E0,7.607028759E-1,-3.989061735E0,5.619377015E0
8.372141250E-1,-5.268864044E0,5.197946674E-1,-4.922272090E0,7.229099345E0
8.472251250E-1,-5.685701523E0,1.667380321E0,-5.657810889E0,8.192568767E0
8.572371250E-1,-4.624017607E0,2.528753539E0,-4.069905923E0,6.658848813E0
8.672481250E-1,-4.016700354E0,2.759277093E0,-2.714858134E0,5.578346215E0
8.772601250E-1,-2.853654077E0,1.442518626E0,-2.416443876E0,4.007917487E0
8.872711250E-1,-1.827943693E0,8.775390154E-1,-2.071000169E0,2.898360669E0
8.972831250E-1,-6.295483670E-1,4.855293989E-1,-2.226982102E0,2.364639343E0
9.072941250E-1,4.581743699E-1,2.661067843E-3,-2.393994807E0,2.437445788E0
9.173061250E-1,2.039681020E0,1.024886511E0,-1.808277168E0,2.912139650E0
9.273171250E-1,3.733400709E0,2.058870705E0,-6.403870583E-1,4.311302009E0
9.373291250E-1,4.606435614E0,2.752283238E0,5.370269966E-1,5.392838778E0
9.473401250E-1,4.871998607E0,3.624560344E0,1.732749268E0,6.314762715E0
9.573511250E-1,5.451630464E0,4.268110161E0,2.247872010E0,7.279420831E0
9.673631250E-1,5.726773535E0,4.206154234E0,1.626546291E0,7.289260689E0
9.773741250E-1,5.945870460E0,3.257996056E0,1.251290116E0,6.894464503E0
9.873861250E-1,4.553342311E0,1.211990980E0,2.567848608E0,5.366162019E0
9.973971250E-1,2.809264355E0,-6.585637128E-1,3.186605354E0,4.298851714E0
1.007409125E0,1.294500748E0,-1.473830466E0,2.347320577E0,3.059055789E0
1.017420125E0,2.564825597E-1,-1.504924205E0,6.964984015E-1,1.678001844E0
1.027432125E0,-9.355913419E-1,-1.458057602E0,-3.154695636E-1,1.760904363E0
1.037443125E0,-1.642287580E0,-2.146643844E0,-1.044914979E0,2.897763896E0
1.047455125E0,-2.007623076E0,-2.718417919E0,-1.352260421E0,3.639911351E0
1.057466125E0,-2.436117856E0,-3.001955838E0,-1.711654853E0,4.228022162E0
1.067478125E0,-1.220373548E0,-2.824149612E0,-2.940930495E0,4.256078571E0
1.077489125E0,1.522009769E-1,-2.254322659E0,-3.795566259E0,4.417177720E0
1.087501125E0,1.428258145E0,-1.523659269E0,-4.504518353E0,4.965092596E0
1.097512125E0,2.607537169E0,-5.822405916E-1,-5.405838579E0,6.030036893E0
1.107524125E0,2.590063642E0,1.598183786E0,-5.630547076E0,6.400443849E0
1.117535125E0,3.325997420E0,2.798095588E0,-4.299176418E0,6.113470016E0
1.127547125E0,3.997107796E0,2.390956301E0,-2.811548862E0,5.440436542E0
1.137558125E0,1.749777676E0,3.115321655E0,-1.371862627E0,3.827395720E0
1.147570125E0,-4.587386262E-1,5.248255532E0,-1.192316269E0,5.401503989E0
1.157581125E0,1.483711384E0,5.511572610E0,3.834531519E0,6.876224551E0
1.167593125E0,1.253508842E0,6.897349856E0,8.961913995E0,1.137807637E1
1.177604125E0,1.003417143E0,8.012867625E0,1.057076369E1,1.330240348E1
1.187616125E0,1.011702355E0,8.408522395E0,9.212009348E0,1.251350897E1
1.197627125E0,1.480331693E0,8.169865365E0,7.450630358E0,1.115571489E1
1.207639125E0,1.894231823E0,8.025942584E0,5.544602362E0,9.937126542E0
1.217650125E0,4.932714779E-1,7.987303013E0,2.628890616E0,8.423264928E0
1.227662125E0,-1.758275288E-1,7.642959899E0,9.559523700E-1,7.704517913E0
1.237673125E0,-1.114693896E0,7.215654150E0,8.251713520E-1,7.347728564E0
1.247685125E0,-2.407809146E0,5.320915373E0,2.157586031E-1,5.844333757E0
1.257696125E0,-3.532131068E0,4.729548447E0,-2.106085509E0,6.267389773E0
1.267708125E0,-3.302238429E0,5.701703013E0,-2.074669881E0,6.907854298E0
1.277719125E0,-2.527710396E0,5.785932155E0,-1.594221421E0,6.512132729E0
1.287730125E0,-2.001114540E0,5.019963276E0,-4.344481230E-3,5.404119685E0
1.297742125E0,-1.524082899E0,3.164135966E0,2.394331606E0,4.250577483E0
1.307753125E0,-9.133691449E-1,1.187869461E0,4.655003464E0,4.890228451E0
1.317764917E0,-5.035701057E-1,2.925929171E-1,4.247437623E0,4.287180872E0
1.327775917E0,-1.352306029E-1,-7.221252859E-1,5.822988299E0,5.869151981E0
1.337787917E0,2.790981281E-1,-5.143721350E0,8.065361003E0,9.570047712E0
1.347798917E0,-2.101507286E0,-4.387602808E1,9.628362678E0,4.496918435E1
1.357810917E0,-1.373147991E0,-7.330365177E1,1.333025186E1,7.451849779E1
1.367821917E0,-1.773985660E-1,-7.770443467E1,1.157258703E1,7.856166628E1
1.377833917E0,5.642824402E-1,-5.865179235E1,4.857672052E0,5.885531529E1
1.387844917E0,-2.517004692E-1,-3.282219199E1,-4.409143834E0,3.311797382E1
1.397856917E0,-1.113710979E0,-2.499896361E0,-2.561486253E1,2.576064860E1
1.407867917E0,-2.087925958E-1,1.209965738E1,-2.821014685E1,3.069621619E1
1.417879917E0,1.166164889E0,9.373823440E0,-2.104374088E1,2.306658918E1
1.427890917E0,8.604641224E-1,8.308594649E0,-1.393528081E1,1.624700572E1
1.437902917E0,8.750628658E-1,6.900378714E0,-6.778263708E0,9.712148079E0
1.447913917E0,1.413147624E0,4.475312680E0,-8.011723325E-2,4.693807470E0
1.457925917E0,2.829265341E0,4.860295697E0,4.022214863E0,6.914147022E0
1.467936917E0,2.897818097E0,6.944924557E0,4.541258163E0,8.789331745E0
1.477948917E0,2.743006046E0,7.762572296E0,5.201338059E0,9.738353476E0
1.487959917E0,4.615102649E0,7.129084368E0,4.980969365E0,9.845459471E0
1.497971917E0,5.355685841E0,6.952905421E0,4.848121794E0,1.002649239E1
1.507982917E0,4.990529562E0,7.665905542E0,4.630923461E0,1.025265552E1
1.517994917E0,4.391780527E0,8.222114915E0,4.379987862E0,1.029928170E1
1.528005917E0,3.732959829E0,8.920453143E0,4.617799970E0,1.071604171E1
1.538017917E0,2.976179557E0,9.461034077E0,4.545162349E0,1.090996386E1
1.548028917E0,2.271694590E0,9.613337672E0,3.565959549E0,1.050204385E1
1.558040917E0,1.732721494E0,9.610494756E0,2.957094830E0,1.020334960E1
1.568051917E0,1.442169840E0,9.575056536E0,3.199518929E0,1.019796464E1
1.578063917E0,1.458005416E0,9.376439484E0,3.514840851E0,1.011916515E1
1.588074917E0,9.585804011E-1,8.833384593E0,3.907222935E0,9.706387115E0
1.598085917E0,4.987153088E-1,7.853830960E0,4.812728306E0,9.224626359E0
1.608097917E0,3.092033949E-1,6.405143521E0,5.669402994E0,8.559415902E0
1.618108917E0,4.297858456E-1,3.927333264E0,5.827157364E0,7.040200663E0
1.628120917E0,1.116429935E0,9.801734376E-1,6.546150881E0,6.712618500E0
1.638131917E0,1.636920421E0,-1.236056365E0,6.372547048E0,6.694527592E0
1.648143917E0,2.760172886E0,-2.338304463E0,5.855205288E0,6.882561376E0
1.658154917E0,2.444955191E0,-1.319770367E0,3.400732437E0,4.391421276E0
1.668166917E0,1.025016173E0,1.578211452E0,7.450627434E-1,2.023988150E0
1.678177917E0,4.878460658E-1,4.972784432E0,-1.012420174E0,5.098193151E0
1.688189917E0,3.550052199E-1,8.045999703E0,-2.601984653E0,8.463714554E0
1.698200917E0,-9.787192351E-1,1.025544674E1,-5.481161242E0,1.166941334E1
1.708212917E0,-3.813129833E0,1.068916162E1,-7.372158970E0,1.353317639E1
1.718223917E0,-5.634606798E0,1.092211820E1,-7.458286117E0,1.437593446E1
1.728235917E0,-6.176034409E0,1.143866006E1,-6.134912111E0,1.437440404E1
1.738246917E0,-6.952282108E0,9.341050966E0,-4.683749838E-1,1.165370477E1
1.748258917E0,-5.759972856E0,6.472644364E0,3.593165474E0,9.379938725E0
1.758269917E0,-3.529319434E0,4.267923051E0,5.396235697E0,7.732439623E0
1.768281917E0,-2.680720920E0,1.051535781E0,4.855116234E0,5.644833549E0
1.778292917E0,-2.384256561E0,-3.979147781E0,3.745339554E0,5.962035289E0
1.788304917E0,-1.994395504E0,-1.094013347E1,3.045549755E0,1.152993959E1
1.798315917E0,-1.874479929E-1,-1.910684718E1,2.865771262E0,1.932147487E1
1.808327917E0,3.392241111E0,-2.773784152E1,3.825270115E0,2.820510314E1
1.818338917E0,8.093443426E0,-3.208167020E1,4.314931741E0,3.336699005E1
1.828350917E0,1.079451207E1,-3.049063814E1,3.534781903E0,3.253759653E1
1.838361917E0,9.153838323E0,-2.388724653E1,1.188281398E0,2.560869609E1
1.848373917E0,6.847420481E0,-1.678227491E1,-8.328174636E-1,1.814457228E1
1.858384917E0,4.848595419E0,-1.191273125E1,-1.793338994E0,1.298607363E1
1.868395917E0,3.020882983E0,-9.132293088E0,-1.734528868E0,9.774103613E0
1.878407917E0,1.906131492E0,-7.585966503E0,-1.623476502E0,7.988485526E0
1.888418917E0,2.118244210E0,-7.395077131E0,-1.336032059E0,7.807631265E0
1.898430917E0,3.254825988E0,-8.541937146E0,-6.591794246E-1,9.164774952E0
1.908441917E0,3.665556343E0,-9.620627981E0,6.293358207E-3,1.029528172E1
1.918453917E0,3.562724285E0,-9.819133351E0,4.900759014E-1,1.045698611E1
1.928464917E0,2.901182000E0,-8.900287850E0,6.039577353E-1,9.380658066E0
1.938476917E0,1.973342312E0,-7.335827295E0,4.639368010E-1,7.610760760E0
1.948487917E0,1.456829541E0,-5.552926458E0,3.077563553E-1,5.749091975E0
1.958499917E0,1.134710523E0,-3.631067711E0,2.434377140E-1,3.812018181E0
1.968510917E0,6.951351231E-1,-1.559578714E0,2.778146642E-1,1.729936297E0
1.978522917E0,2.360338233E-1,5.473935252E-1,2.582696150E-1,6.496574723E-1
1.988533917E0,1.969665290E-1,2.697931030E0,3.547505736E-1,2.728273378E0
1.998545917E0,3.838776013E-1,4.894854496E0,5.504136121E-1,4.940639401E0
2.008556917E0,5.978878869E-1,6.910973868E0,5.764079940E-1,6.960695074E0
2.018568917E0,5.264483602E-1,8.525859057E0,5.688779132E-1,8.561018783E0
2.028579917E0,4.010571595E-1,9.571555808E0,5.262429768E-1,9.594397277E0
2.038591917E0,7.458620578E-2,1.014034430E1,4.344118702E-1,1.014991917E1
2.048602917E0,1.036647016E-1,1.048295254E1,7.813540721E-1,1.051254272E1
2.058614917E0,8.959537248E-1,1.115665820E1,1.952194687E0,1.136155005E1
2.068625917E0,1.762370678E0,1.160249904E1,2.985432776E0,1.210936593E1
2.078637917E0,2.480531259E0,1.201176788E1,3.552355417E0,1.276929254E1
2.088648917E0,2.837320757E0,1.237826201E1,4.244527756E0,1.338983851E1
2.098660917E0,2.914562184E0,1.293911173E1,4.754201478E0,1.408963153E1
2.108671917E0,2.447794161E0,1.339797782E1,5.114925567E0,1.454853840E1
2.118682917E0,1.371458876E0,1.319849655E1,5.368893532E0,1.431454605E1
2.128694917E0,4.076554500E-1,1.274459124E1,5.522858906E0,1.389578207E1
2.138705917E0,-2.943679856E-1,1.196599237E1,4.600188156E0,1.282315706E1
2.148717917E0,-8.983714753E-1,1.125364363E1,3.685101246E0,1.187566998E1
2.158728917E0,-1.421996215E0,1.082695944E1,2.991177081E0,1.132220227E1
2.168740917E0,-1.886825009E0,1.061129074E1,2.526774842E0,1.106996797E1
2.178751917E0,-2.313399856E0,1.010238651E1,1.637405155E0,1.049243193E1
2.188763917E0,-2.763157890E0,8.349839739E0,-1.496741027E-1,8.796434933E0
2.198774917E0,-2.901608847E0,6.769353721E0,-1.504604947E0,7.517135075E0
2.208786917E0,-3.051258976E0,5.727017949E0,-2.060875130E0,6.808533045E0
2.218797917E0,-3.414110867E0,4.969716983E0,-2.972544343E0,6.722370101E0
2.228809917E0,-3.889801156E0,4.902979202E0,-3.788191166E0,7.315746742E0
2.238820917E0,-3.838183106E0,5.361036628E0,-2.924749203E0,7.212941229E0
2.248832917E0,-3.493371629E0,5.299494098E0,1.109631815E0,6.443567785E0
2.258843917E0,-2.658012089E0,4.946458513E0,5.461146807E0,7.833045674E0
2.268855917E0,-1.671236560E0,4.686543345E0,7.070972984E0,8.646119309E0
2.278866917E0,-1.122182571E0,4.556407129E0,6.673595624E0,8.158248476E0
2.288878917E0,-5.267937845E-1,4.172662552E0,6.293566952E0,7.569518442E0
2.298889917E0,-2.054920618E-1,5.959493887E-1,5.833720279E0,5.867680543E0
2.308901917E0,-1.859336517E0,-1.259079309E1,4.774026170E0,1.359325306E1
2.318912750E0,-2.054921934E0,-2.758024736E1,6.276339301E0,2.835992214E1
2.328923750E0,5.943243013E-1,-3.950735809E1,7.472639862E0,4.021224827E1
2.338935750E0,5.323467098E0,-4.425158305E1,7.735504366E0,4.523693106E1
2.348946750E0,1.044734183E1,-4.016986633E1,6.204082333E0,4.196731764E1
2.358958750E0,1.167576816E1,-2.812838641E1,3.214186670E0,3.062451110E1
2.368969750E0,7.926536994E0,-1.753602661E1,-3.630846101E-1,1.924770242E1
2.378981750E0,4.252869979E0,-1.063256057E1,-3.042932248E0,1.184895287E1
2.388992750E0,1.504905201E0,-6.270520152E0,-4.489186369E0,7.857286866E0
2.399004750E0,2.444364184E-1,-3.967859146E0,-4.894491969E0,6.305529874E0
2.409015750E0,9.006875575E-2,-3.621075404E0,-4.570392500E0,5.831705330E0
2.419027750E0,1.004938881E0,-5.018105031E0,-3.545458919E0,6.225878187E0
2.429038750E0,1.434383541E0,-7.026041810E0,-2.016954062E0,7.449216291E0
2.439050750E0,1.191265816E0,-8.710379641E0,-4.172125778E-1,8.801357513E0
2.449061750E0,1.416028985E0,-8.806289765E0,8.551036875E-1,8.960305789E0
2.459073750E0,1.297216633E0,-7.232940273E0,1.563368002E0,7.512810094E0
2.469084750E0,5.175221470E-1,-4.837040151E0,1.960570824E0,5.244866495E0
2.479096750E0,-2.396851172E-1,-2.481512130E0,1.783655566E0,3.065416544E0
2.489107750E0,-4.722282989E-1,-2.750296354E-1,1.470517872E0,1.568777766E0
2.499119750E0,-4.816645356E-1,1.893848246E0,1.335357875E0,2.366821192E0
2.509130750E0,-4.010724353E-1,4.015639084E0,1.194925369E0,4.208807787E0
2.519142750E0,-1.388805080E-1,6.043612517E0,1.172216465E0,6.157810608E0
2.529153750E0,2.032266312E-1,7.780635515E0,1.274226404E0,7.886903258E0
2.539164750E0,7.071410649E-1,9.250277036E0,1.557414075E0,9.407083093E0
2.549176750E0,9.548307279E-1,1.021618736E1,1.928739166E0,1.044041286E1
2.559187750E0,6.392604460E-1,1.053285268E1,2.231815556E0,1.078566828E1
2.569199750E0,6.649574970E-1,1.057446614E1,2.668859843E0,1.092631299E1
2.579210750E0,8.206729428E-1,1.058846204E1,2.934314078E0,1.101813194E1
2.589222750E0,9.854075727E-1,1.058127347E1,2.918502038E0,1.102052769E1
2.599233750E0,9.181192768E-1,1.052422921E1,3.113966271E0,1.101358839E1
2.609245750E0,6.788405411E-1,1.043917795E1,3.035129431E0,1.089262463E1
2.619256750E0,3.632945982E-1,1.032043971E1,2.606990454E0,1.065081490E1
2.629268750E0,1.225501849E-1,1.023280047E1,2.216187118E0,1.047075496E1
2.639279750E0,-1.113752056E-1,1.014722296E1,1.984284060E0,1.034001554E1
2.649291750E0,-2.447000547E-1,1.011503170E1,1.859827245E0,1.028750221E1
2.659302750E0,-2.496046261E-1,1.041209949E1,2.453536127E0,1.070018494E1
2.669314750E0,-2.090016337E-1,1.093607550E1,3.086445765E0,1.136519144E1
2.679325750E0,-1.524937762E-1,1.073194920E1,2.439128441E0,1.100669504E1
2.689337750E0,-8.518369943E-2,9.505886899E0,1.687182502E0,9.654829195E0
2.699348750E0,-2.704512656E-1,7.922113575E0,7.301371408E-1,7.960284394E0
2.709359750E0,-3.434829160E-1,7.052839015E0,-1.134208394E0,7.151709401E0
2.719371750E0,-2.885410890E-1,6.279039545E0,-4.290130776E0,7.610178424E0
2.729382750E0,8.015070856E-4,5.378579444E0,-7.164142519E0,8.958462787E0
2.739394750E0,3.043033551E-1,4.921726545E0,-7.952821983E0,9.357530134E0
2.749405750E0,1.247233026E-1,4.997082537E0,-7.994481055E0,9.428579804E0
2.759417750E0,2.993530293E-1,6.689907017E0,-6.745174314E0,9.504832700E0
2.769428750E0,-1.123704455E0,7.409365388E0,-1.172626939E0,7.585279236E0
2.779440750E0,-2.694791367E0,7.506149086E0,7.793087161E0,1.115062250E1
2.789451750E0,-3.392291104E0,6.681209868E0,1.334149840E1,1.530169219E1
2.799463750E0,-3.173327789E0,5.253149067E0,1.209879784E1,1.356637363E1
2.809474750E0,-3.173178100E0,4.256190028E0,1.042568608E1,1.169953602E1
2.819486750E0,-3.163147786E0,2.968323823E0,9.013485267E0,1.000296790E1
2.829497750E0,-2.495848333E0,2.252822848E0,6.055478856E0,6.926275613E0
2.839509750E0,-2.204918803E0,2.693569592E0,1.975809837E0,4.002600228E0
2.849520750E0,-1.936393318E0,2.736141999E0,1.163502359E-1,3.354046735E0
2.859532750E0,-4.922286124E0,-9.525686740E0,4.029094112E-1,1.072986228E1
2.869543750E0,-6.151119424E0,-3.011352080E1,2.773412444E0,3.086020450E1
2.879555750E0,7.746533091E-1,-4.285053872E1,5.373149720E0,4.319304914E1
2.889566750E0,9.261052870E0,-4.281079637E1,5.920691764E0,4.419938887E1
2.899577750E0,1.354490783E1,-3.415751128E1,4.355486567E0,3.700230220E1
2.909589750E0,9.636190345E0,-2.411486226E1,1.752231899E0,2.602792852E1
2.919600750E0,4.677976882E0,-1.649896445E1,-3.272052178E-1,1.715244469E1
2.929612750E0,2.253726535E0,-1.017798399E1,-1.138190932E0,1.048647319E1
2.939623750E0,1.338994989E0,-5.610950718E0,-2.119642571E0,6.145613083E0
2.949635750E0,2.225181598E0,-3.497450062E0,-2.412371436E0,4.796157423E0
2.959646750E0,3.129124300E0,-4.012414345E0,-1.548742362E0,5.318786578E0
2.969658750E0,3.023551944E0,-6.362634264E0,2.855458528E-1,7.050284928E0
2.979669750E0,2.336027557E0,-8.154820479E0,1.914281926E0,8.696125407E0
2.989681750E0,1.848474291E0,-8.501334665E0,2.740052032E0,9.121262710E0
2.999692750E0,1.477054621E0,-7.814556382E0,2.949001699E0,8.482074795E0
3.009704750E0,9.558623229E-1,-6.474071084E0,2.621950555E0,7.049957014E0
3.019715750E0,2.955543125E-1,-4.671652241E0,2.093327031E0,5.127738788E0
3.029727750E0,-1.199114095E-1,-2.651669614E0,1.708062324E0,3.156454877E0
3.039738750E0,6.255782537E-2,-6.685016406E-1,1.395383052E0,1.548515995E0
3.049750750E0,5.627791576E-1,1.317869437E0,1.301501473E0,1.935821871E0
3.059761750E0,1.049193460E0,3.349562868E0,1.417334084E0,3.785394858E0
3.069772750E0,1.319134482E0,5.127784764E0,1.301355146E0,5.452322219E0
3.079784750E0,1.614155894E0,6.815588239E0,1.268201580E0,7.118010786E0
3.089795750E0,1.622609360E0,8.263776326E0,1.298831488E0,8.521139803E0
3.099807750E0,1.563583765E0,9.302572194E0,1.513129018E0,9.553648677E0
3.109818750E0,1.541846594E0,1.016420795E1,1.992387863E0,1.047177271E1
3.119830750E0,1.191313033E0,1.056240568E1,2.259704436E0,1.086691790E1
3.129841750E0,7.435057761E-1,1.055523114E1,1.899634066E0,1.075054952E1
3.139853750E0,3.330193601E-1,1.041287834E1,1.599673072E0,1.054029844E1
3.149864750E0,8.128525112E-2,1.026205994E1,1.493618613E0,1.037050519E1
3.159876750E0,-4.618262485E-2,1.014202362E1,1.296521838E0,1.022466355E1
3.169887750E0,-7.723740645E-2,1.006423226E1,1.179576428E0,1.013341685E1
3.179899750E0,-3.949245997E-2,1.003495993E1,1.249090540E0,1.011247782E1
3.189910750E0,-2.762341619E-2,1.006117066E1,1.499087076E0,1.017227507E1
3.199922750E0,8.082862012E-2,1.025129989E1,2.332047358E0,1.051352118E1
3.209933750E0,-7.101553045E-2,1.037548890E1,2.755943595E0,1.073550363E1
3.219945750E0,-4.019621623E-1,1.025451703E1,2.535539818E0,1.057098175E1
3.229956750E0,-6.750418244E-1,1.007113899E1,2.657415673E0,1.043769036E1
3.239967750E0,-8.301187543E-1,9.697086173E0,2.784808960E0,1.012312888E1
3.249979750E0,-6.549344923E-1,9.233645800E0,3.181502781E0,9.788315172E0
3.259990750E0,-6.189556242E-1,8.702619801E0,3.700753073E0,9.477039135E0
3.270002750E0,-7.545698775E-1,8.095009895E0,3.572446450E0,8.880367928E0
3.280013750E0,-1.064347542E0,7.579750328E0,2.063270735E0,7.927328481E0
3.290025750E0,-1.484064702E0,7.099985699E0,5.553094858E-1,7.274655565E0
3.300036750E0,-2.718641868E0,3.579281845E0,-8.768608846E-2,4.495549019E0
3.310048750E0,-3.263079041E0,-2.290369574E0,5.685404923E-1,4.026998374E0
3.320060000E0,-2.039109601E0,-4.768755198E0,3.727997589E-1,5.199805165E0
3.330072000E0,-1.184833294E0,-5.267247874E0,-1.537054655E0,5.613400672E0
3.340083000E0,-8.425752971E-1,-3.407604085E0,-4.868671249E0,6.002137825E0
3.350095000E0,-9.364521982E-1,1.388553504E0,-7.369726528E0,7.557638034E0
3.360106000E0,-7.853785644E-1,5.450198480E0,-5.417186855E0,7.724467385E0
3.370118000E0,-9.266696602E-1,7.717710704E0,-6.244399470E-1,7.798185713E0
3.380129000E0,-2.033668913E-1,7.488075927E0,3.934502535E0,8.461261689E0
3.390141000E0,9.726395926E-1,6.545632233E0,4.161195577E0,7.817088828E0
3.400152000E0,1.026781886E0,4.761921557E0,4.191872117E0,6.426660859E0
3.410163000E0,1.797274316E0,1.684958805E0,4.086338646E0,4.771524355E0
3.420175000E0,-3.822767799E-1,-3.184517021E0,2.719772719E0,4.205288080E0
3.430186000E0,-2.176159711E0,-8.214542186E0,2.134155360E0,8.761791684E0
3.440198000E0,-7.631768328E-1,-1.310755364E1,2.233778467E0,1.331841460E1
3.450209000E0,1.267102011E0,-1.930324463E1,2.693537140E0,1.953140915E1
3.460221000E0,3.557929568E0,-2.385668898E1,2.793780635E0,2.428179734E1
3.470232000E0,5.366302046E0,-2.324199692E1,2.212907707E0,2.395588820E1
3.480244000E0,6.529317917E0,-1.789741729E1,1.822385623E0,1.913819812E1
3.490255000E0,5.394889083E0,-1.204389833E1,2.050058951E0,1.335526327E1
3.500267000E0,3.008513491E0,-8.997280878E0,1.736324548E0,9.644534181E0
3.510278000E0,1.268319401E0,-7.690556234E0,1.562643825E0,7.949537409E0
3.520290000E0,1.084549892E0,-7.451850087E0,2.344032103E0,7.886748677E0
3.530301000E0,1.654949579E0,-8.247569599E0,2.921059317E0,8.904709424E0
3.540312000E0,1.553491909E0,-1.041679597E1,2.647995808E0,1.085978164E1
3.550324000E0,1.037255126E0,-1.263734979E1,2.535068825E0,1.293078041E1
3.560335000E0,9.192818494E-1,-1.274885970E1,2.749910730E0,1.307442205E1
3.570347000E0,6.143903375E-1,-1.126219811E1,2.919425898E0,1.165064931E1
3.580358000E0,7.103975254E-1,-9.346032209E0,2.678959154E0,9.748323181E0
3.590370000E0,6.729412852E-1,-7.368049546E0,2.206128446E0,7.720622178E0
3.600381000E0,2.687508953E-1,-5.575589097E0,1.523240900E0,5.786163121E0
3.610393000E0,-2.661915690E-1,-4.041403086E0,8.530730957E-1,4.139025315E0
3.620404000E0,-3.420793650E-1,-2.463750043E0,3.811817425E-1,2.516422478E0
3.630416000E0,-3.205706745E-2,-8.868086064E-1,-5.439284652E-2,8.890532839E-1
3.640427000E0,3.293150394E-1,6.852562523E-1,-2.712109651E-1,8.072050012E-1
3.650439000E0,4.049564483E-1,2.150294845E0,-3.350647527E-1,2.213600243E0
3.660450000E0,5.280987369E-1,3.522422351E0,-3.441526414E-1,3.578377919E0
3.670462000E0,5.977727699E-1,4.855305684E0,-2.569876130E-1,4.898710871E0
3.680473000E0,6.565595066E-1,6.088861195E0,-8.095177710E-2,6.124692174E0
3.690484000E0,6.067701729E-1,7.206671657E0,1.764438254E-1,7.234322279E0
3.700496000E0,3.845223299E-1,8.113159068E0,4.273232907E-1,8.133499411E0
3.710507000E0,1.546169002E-1,8.801084574E0,5.814606462E-1,8.821626412E0
3.720519000E0,4.232997120E-1,9.413784481E0,7.539399862E-1,9.453409248E0
3.730530000E0,5.334405703E-1,9.912716868E0,1.141411579E0,9.992463907E0
3.740542000E0,1.625502563E-1,1.012922172E1,1.237266739E0,1.020580150E1
3.750553000E0,-4.898625512E-2,1.015170544E1,7.005782962E-1,1.017596840E1
3.760565000E0,-2.605000354E-2,1.009758712E1,3.529028900E-1,1.010378566E1
3.770576000E0,2.606144216E-2,9.968592861E0,2.529178413E-1,9.971834849E0
3.780588000E0,1.924310997E-1,9.908764150E0,4.522833002E-1,9.920947379E0
3.790599000E0,3.613142194E-1,9.844341867E0,6.139226333E-1,9.870081852E0
3.800611000E0,5.308583303E-1,9.771045265E0,7.980923116E-1,9.817947213E0
3.810622000E0,6.597026043E-1,9.683180909E0,9.951037180E-1,9.756507134E0
3.820634000E0,6.386909272E-1,9.409014323E0,1.424218303E0,9.537603179E0
3.830645000E0,5.179748311E-1,8.994247343E0,2.641614157E0,9.388445481E0
3.840656000E0,5.172448428E-1,8.445877917E0,3.866389489E0,9.303191050E0
3.850668000E0,3.647350233E-1,6.816881059E0,3.713338619E0,7.771215009E0
3.860679000E0,-7.623075711E-1,2.591234547E0,2.600115298E0,3.749161089E0
3.870691000E0,-1.090218767E0,-1.094539129E0,2.479857953E0,2.921692716E0
3.880702000E0,-2.684080109E-1,-2.162651766E0,2.109676577E0,3.033123931E0
3.890714000E0,1.673667247E0,-1.748343208E0,2.185589224E0,3.261083605E0
3.900725000E0,3.010184625E0,1.408617640E-1,1.795063630E0,3.507607012E0
3.910737000E0,3.356051231E0,2.849890809E0,1.581044720E-1,4.405672992E0
3.920748000E0,3.016582941E0,4.802083157E0,-1.353800724E0,5.830313172E0
3.930760000E0,2.681997660E0,5.445879142E0,-3.297701574E0,6.908367879E0
3.940771000E0,1.788552902E0,5.040467123E0,-5.220260818E0,7.473710812E0
3.950783000E0,1.556703200E0,4.780161946E0,-6.408906205E0,8.145388378E0
3.960794000E0,9.371827347E-1,4.783522925E0,-8.263269957E0,9.593853941E0
3.970806000E0,-4.652391952E-1,4.570612355E0,-9.550861927E0,1.059839178E1
3.980817000E0,-1.713033919E0,3.961005625E0,-6.466363285E0,7.774181944E0
3.990828000E0,-1.082901634E0,4.212728258E0,-1.718082113E0,4.676704125E0
4.000840000E0,-2.170312203E0,2.468887407E0,2.367099077E0,4.050779940E0
4.010851000E0,-3.894640312E0,-5.452382416E-1,3.293598583E0,5.129649064E0
4.020863000E0,-4.055158660E0,-3.584920900E0,4.215149883E0,6.860281201E0
4.030874000E0,-3.449387119E0,-7.478940237E0,6.160320017E0,1.028505524E1
4.040886000E0,-2.491881875E0,-1.261600044E1,7.815533452E0,1.504843864E1
4.050897000E0,-1.066575258E0,-1.721254227E1,8.945689141E0,1.942767481E1
4.060909000E0,1.639332982E0,-1.852241447E1,8.371125358E0,2.039222867E1
4.070920000E0,3.771719852E0,-1.705944112E1,5.956046369E0,1.845873479E1
4.080932000E0,3.319751424E0,-1.440985253E1,2.423674689E0,1.498461873E1
4.090943000E0,1.768879506E0,-1.171733602E1,-8.192913920E-1,1.187838947E1
4.100955000E0,1.002458931E0,-1.015186097E1,-1.890547493E0,1.037493975E1
4.110966000E0,1.270225593E0,-1.003716199E1,-1.091405606E0,1.017591569E1
4.120977000E0,2.073614459E0,-1.074081592E1,1.006883519E0,1.098539112E1
4.130989000E0,3.124849108E0,-1.173932155E1,3.033799482E0,1.252119370E1
4.141000000E0,3.465437141E0,-1.234985974E1,4.264999150E0,1.351734101E1
4.151012000E0,2.769938321E0,-1.176090479E1,4.636192094E0,1.294162729E1
4.161023000E0,1.762123049E0,-1.036081707E1,3.973085680E0,1.123552481E1
4.171035000E0,9.797811625E-1,-8.697935597E0,2.996516173E0,9.251657362E0
4.181046000E0,3.654653770E-1,-7.011510894E0,2.269310827E0,7.378659878E0
4.191058000E0,-1.357669388E-1,-5.424931492E0,1.670240194E0,5.677853174E0
4.201069000E0,-3.506975761E-1,-3.742874660E0,1.197225883E0,3.945307254E0
4.211081000E0,-3.291146991E-1,-2.031572978E0,7.451948905E-1,2.188817187E0
4.221092000E0,-2.125477508E-1,-2.605957836E-1,4.374610470E-1,5.517779231E-1
4.231104000E0,4.773288617E-2,1.502208173E0,4.136326200E-1,1.558845653E0
4.241115000E0,5.540971753E-1,3.127959242E0,7.409976860E-1,3.261936583E0
4.251126000E0,6.217669655E-1,4.482070892E0,1.110040024E0,4.659156844E0
4.261138000E0,5.407884739E-1,5.722993895E0,1.355376402E0,5.906111791E0
4.271149000E0,7.063988339E-1,6.921083120E0,1.489165374E0,7.114633116E0
4.281161000E0,7.787111306E-1,7.983367252E0,1.624433692E0,8.184089963E0
4.291172000E0,7.577151679E-1,8.824559391E0,1.608543883E0,9.001910583E0
4.301184000E0,7.690204670E-1,9.459966375E0,1.404623991E0,9.594546621E0
4.311195000E0,1.019287144E0,9.864846883E0,1.077889767E0,9.975770479E0
4.321206125E0,1.463990479E0,1.001926951E1,7.121861887E-1,1.015067677E1
4.331217125E0,1.745574551E0,1.000420474E1,3.529285812E-1,1.016148127E1
4.341229125E0,1.738610517E0,9.897476685E0,1.293486329E-1,1.004985285E1
4.351240125E0,1.729647028E0,9.859294367E0,5.305800028E-3,1.000986475E1
4.361252125E0,1.910575668E0,9.792541384E0,-8.940626621E-2,9.977582854E0
4.371263125E0,2.092800928E0,9.740482453E0,-5.742316604E-2,9.962936894E0
4.381274125E0,2.079103240E0,9.766507241E0,5.265195501E-1,9.999227810E0
4.391286125E0,2.015298716E0,9.614920514E0,1.327531961E0,9.913146146E0
4.401297125E0,1.720900471E0,9.015722997E0,1.343336985E0,9.276276938E0
4.411309125E0,1.398139721E0,8.832582940E0,1.271074755E0,9.032438602E0
4.421320125E0,1.331008716E0,8.073386307E0,9.525453436E-1,8.237626678E0
4.431332125E0,8.951812345E-1,6.032000531E0,9.890810859E-1,6.177755356E0
4.441343125E0,-7.112136506E-2,2.231262994E0,8.512949574E-1,2.389204031E0
4.451355125E0,-8.045854253E-1,-7.922638071E-1,9.401393062E-1,1.469320102E0
4.461366125E0,-1.405377113E0,-2.399120184E0,6.556377661E-1,2.856697983E0
4.471378125E0,-1.050988409E0,-1.828189861E0,-3.338982332E-1,2.135027595E0
4.481389125E0,1.327004396E-1,1.450970777E0,-2.663049465E0,3.035581996E0
4.491401125E0,2.233906521E0,5.455196096E0,-4.864956513E0,7.643121395E0
4.501412125E0,1.921035752E0,8.221480492E0,-6.451012589E0,1.062537921E1
4.511423125E0,1.306335804E0,9.972466056E0,-6.196900198E0,1.181347386E1
4.521435125E0,7.929521705E-1,1.158410019E1,-4.056865463E0,1.229952470E1
4.531446125E0,-6.673371676E-1,1.237644352E1,5.508023058E-1,1.240665452E1
4.541458125E0,-7.702315716E-1,1.224739547E1,5.887946772E0,1.361102016E1
4.551469125E0,1.004477536E0,9.842942044E0,1.079628495E1,1.464418833E1
4.561481125E0,8.655669145E-1,5.605876504E0,9.662526205E0,1.120443975E1
4.571492125E0,-8.009086961E-1,1.073773327E0,6.718957738E0,6.851192377E0
4.581504125E0,-2.707371652E0,-4.353184226E0,5.789744539E0,7.733124594E0
4.591515125E0,-5.780438111E0,-1.196679695E1,4.388236822E0,1.399551058E1
4.601527125E0,-7.407977259E0,-2.046556586E1,4.037531936E0,2.213637678E1
4.611538125E0,-4.641451665E0,-2.731593216E1,3.832683507E0,2.797128325E1
4.621549125E0,7.045440240E-1,-3.024560706E1,3.905757623E0,3.050488603E1
4.631561125E0,4.226602532E0,-2.793603640E1,2.244735272E0,2.834299094E1
4.641572125E0,4.439883231E0,-2.152812656E1,-7.368976915E-1,2.199354029E1
4.651584125E0,3.074042067E0,-1.573017721E1,-3.212884787E0,1.634658491E1
4.661595125E0,1.435532958E0,-1.178110575E1,-3.893563254E0,1.249059816E1
4.671607125E0,6.926765151E-2,-9.463117440E0,-2.866500117E0,9.887983243E0
4.681618125E0,-2.918632211E-1,-8.690051796E0,-1.398718888E0,8.806735995E0
4.691630125E0,-4.877195466E-2,-9.321701944E0,-1.073516634E-1,9.322447652E0
4.701641125E0,-4.812831144E-1,-1.004118721E1,8.703989804E-1,1.009032549E1
4.711653125E0,-1.330953167E0,-1.028211121E1,1.585256177E0,1.048838807E1
4.721664125E0,-1.695132522E0,-9.984734684E0,1.953350974E0,1.031426105E1
4.731676125E0,-1.575662797E0,-8.762240936E0,2.341392962E0,9.205525540E0
4.741687125E0,-1.679588284E0,-6.988837146E0,2.454997931E0,7.595516855E0
4.751698125E0,-1.540647915E0,-4.963775627E0,2.248302658E0,5.662819908E0
4.761710125E0,-1.005437356E0,-3.031725183E0,1.798524597E0,3.665644907E0
4.771721125E0,-3.889505725E-1,-9.310655969E-1,1.684311519E0,1.963433469E0
4.781733125E0,9.634833645E-1,1.506597678E0,1.556977434E0,2.371142233E0
4.791744125E0,1.637924241E0,3.760507523E0,1.709572075E0,4.443742717E0
4.801756125E0,2.249122730E0,5.777847794E0,2.047472143E0,6.529488522E0
4.811767125E0,2.927027278E0,7.475405011E0,2.502193147E0,8.408932114E0
4.821779125E0,3.616999602E0,8.848963330E0,2.696811288E0,9.932755371E0
4.831790125E0,3.786853908E0,1.001422336E1,2.541368907E0,1.100379425E1
4.841802125E0,3.410811868E0,1.055643333E1,2.131095513E0,1.129661411E1
4.851813125E0,3.095329440E0,1.058500517E1,1.640925179E0,1.114971005E1
4.861825125E0,2.881043312E0,1.047882792E1,1.054176968E0,1.091867822E1
4.871836125E0,2.729656560E0,1.026075250E1,3.937362993E-1,1.062492800E1
4.881847125E0,2.304197069E0,1.008306497E1,3.721054751E-2,1.034306086E1
4.891859125E0,1.941844238E0,9.926602836E0,4.605734825E-2,1.011485661E1
4.901870125E0,1.780276899E0,9.842229853E0,1.104749537E-1,1.000255363E1
4.911882125E0,1.673711540E0,9.780418351E0,3.086780957E-1,9.927395208E0
4.921893125E0,1.529664651E0,9.729128914E0,7.923949309E-1,9.880471300E0
4.931905125E0,1.373319022E0,9.703322228E0,1.217442924E0,9.875354914E0
4.941916125E0,1.190116692E0,9.613727682E0,1.771388254E0,9.847738523E0
4.951928125E0,1.019125542E0,8.996505538E0,2.851729174E0,9.492528011E0
4.961939125E0,9.582537610E-1,8.629162985E0,3.430863140E0,9.335498164E0
4.971951125E0,5.671574796E-1,8.486968056E0,3.142296031E0,9.067762609E0
4.981962125E0,1.847751210E-1,7.983978871E0,2.404484858E0,8.340240278E0
4.991974125E0,-1.182181290E0,4.902339517E0,1.207627861E0,5.185446017E0
5.001985125E0,-2.630409138E0,-1.771975899E0,1.007116238E0,3.327646907E0
5.011996125E0,-1.066134086E0,-6.449978802E0,1.510051628E0,6.709629226E0
5.022008125E0,-1.452282307E0,-9.069116846E0,8.537488876E-1,9.224255603E0
5.032019125E0,-2.455495273E-1,-7.236923981E0,-1.575509600E0,7.410505636E0
5.042031125E0,1.139138254E0,-1.098335726E0,-5.995089397E0,6.200409197E0
5.052042125E0,2.515402007E0,4.780498745E0,-1.013572266E1,1.148535107E1
5.062054125E0,1.497246226E0,8.730606914E0,-1.087496040E1,1.402604745E1
5.072065125E0,1.081450867E0,1.154472387E1,-8.758898082E0,1.453163724E1
5.082077125E0,2.614889092E-1,1.369218867E1,-4.262469352E0,1.434270030E1
5.092088125E0,-3.184480622E-1,1.438644027E1,3.730392901E0,1.486562828E1
5.102100125E0,-9.908212904E-1,1.285896160E1,8.566892477E0,1.548309617E1
5.112111125E0,-6.715609038E-1,9.549904738E0,8.969269207E0,1.311866856E1
5.122123125E0,-4.368203384E-1,6.955796869E0,8.360925475E0,1.088480578E1
5.132134125E0,-1.294669878E0,4.189690813E0,4.909844418E0,6.583027527E0
5.142145125E0,-9.418860888E-1,1.089962513E0,2.525415949E0,2.907386008E0
5.152157125E0,-2.713324410E0,-2.243488938E0,1.020687041E0,3.665675108E0
5.162168125E0,-4.549283466E0,-6.801140354E0,-3.465855217E-1,8.189725984E0
5.172180125E0,-2.824313334E0,-1.240910607E1,-2.449287540E-1,1.272881178E1
5.182191125E0,8.045853522E-1,-1.793948683E1,-4.785653651E-3,1.795752122E1
5.192203125E0,4.795971648E0,-2.162134989E1,1.201935523E0,2.217946717E1
5.202214125E0,6.515916098E0,-2.129002092E1,2.473100325E0,2.240174946E1
5.212226125E0,5.184693375E0,-1.550507812E1,3.097806321E0,1.663985868E1
5.222237125E0,3.192459294E0,-1.008802224E1,3.483032875E0,1.113963676E1
5.232249125E0,1.030081177E0,-8.061154516E0,1.978137614E0,8.363988749E0
5.242260125E0,-3.504886843E-1,-8.145889442E0,9.718926108E-1,8.211146836E0
5.252271125E0,9.748375610E-2,-9.385351226E0,1.818622062E0,9.560423993E0
5.262283125E0,7.400623508E-1,-1.137238772E1,2.985926574E0,1.178111422E1
5.272294125E0,8.444019672E-1,-1.345864152E1,3.804979692E0,1.401163504E1
5.282306125E0,6.198671320E-1,-1.399697127E1,4.118461787E0,1.460346423E1
5.292317125E0,3.897077139E-1,-1.279518018E1,4.069575555E0,1.343242171E1
5.302329125E0,1.559686303E-2,-1.112142639E1,3.713587711E0,1.172506298E1
5.312340125E0,-2.079690886E-1,-9.896555164E0,3.235704131E0,1.041416518E1
5.322352250E0,-1.938769334E-1,-8.990976995E0,2.675108762E0,9.382508326E0
5.332363250E0,-1.894847973E-1,-8.149707089E0,2.149458401E0,8.430527952E0
5.342375250E0,-2.876643721E-1,-7.324165608E0,1.657643245E0,7.514914090E0
5.352386250E0,-3.943134195E-1,-6.345697219E0,1.188022074E0,6.467979028E0
5.362398250E0,-3.994689826E-1,-5.131894187E0,7.162757313E-1,5.197014945E0
5.372409250E0,-1.200096428E-1,-3.841278037E0,3.378287315E-1,3.857971944E0
5.382420250E0,4.125507024E-1,-2.441629441E0,2.319372641E-1,2.487076055E0
5.392432250E0,7.818124938E-1,-9.593286985E-1,2.756719521E-1,1.267886964E0
5.402443250E0,8.052521541E-1,5.315276903E-1,3.629992408E-1,1.030883682E0
5.412455250E0,9.324356727E-1,1.978235262E0,4.932798833E-1,2.241913486E0
5.422466250E0,1.184119496E0,3.410180368E0,5.240226428E-1,3.647748464E0
5.432478250E0,1.452974617E0,4.955424049E0,5.602055056E-1,5.194342398E0
5.442489250E0,1.811209839E0,6.534400901E0,6.862286443E-1,6.815407983E0
5.452501250E0,1.887932325E0,7.882620311E0,9.831969597E-1,8.164965873E0
5.462512250E0,1.604679312E0,8.864901670E0,1.343456268E0,9.108586721E0
5.472524250E0,1.323452944E0,9.610806413E0,1.516029237E0,9.819239902E0
5.482535250E0,1.161812660E0,1.001559512E1,1.517788079E0,1.019635400E1
5.492547250E0,1.311028780E0,1.008051325E1,1.359069504E0,1.025585753E1
5.502558250E0,1.377421867E0,9.999588951E0,7.447657780E-1,1.012144981E1
5.512569250E0,1.211524884E0,9.924130633E0,1.327072370E-1,9.998688543E0
5.522581250E0,1.393264313E0,9.881590970E0,-2.533715487E-2,9.979362079E0
5.532592250E0,1.511364036E0,9.831833503E0,1.913771025E-1,9.949160592E0
5.542604250E0,1.633853556E0,9.825651827E0,4.537322402E-1,9.970896861E0
5.552615250E0,1.665015268E0,9.814881256E0,7.228527526E-1,9.981316847E0
5.562627250E0,1.475822613E0,9.783374704E0,7.480905048E-1,9.922303784E0
5.572638250E0,1.405191171E0,9.697810058E0,1.054122005E0,9.855620495E0
5.582650250E0,1.441061500E0,9.552458802E0,1.612160532E0,9.794140544E0
5.592661250E0,1.202669129E0,9.191074562E0,2.471223954E0,9.593185731E0
5.602673250E0,9.995705523E-1,8.912385739E0,3.468679422E0,9.615690188E0
5.612684250E0,7.412043120E-1,8.302911741E0,3.947456456E0,9.223347531E0
5.622695250E0,-6.867078236E-1,4.949227170E0,3.242707926E0,5.956640992E0
5.632707250E0,-2.615245846E0,-2.971865482E0,2.416841048E0,4.638169458E0
5.642718250E0,-2.023804660E0,-8.027085130E0,2.588296906E0,8.673474612E0
5.652730250E0,-2.396566851E0,-1.170505570E1,3.057440068E0,1.233287482E1
5.662741250E0,-2.255178106E0,-1.087107785E1,1.862268019E0,1.125762871E1
5.672753250E0,-2.287139864E0,-5.992888505E0,-1.586276516E0,6.607722345E0
5.682764250E0,1.086410329E0,5.308418119E-1,-6.051079996E0,6.170708999E0
5.692776250E0,3.999525619E0,6.005587488E0,-8.953339053E0,1.149893762E1
5.702787250E0,4.443205911E0,9.940016348E0,-1.044232024E1,1.508602187E1
5.712799250E0,4.461474075E0,1.250976472E1,-9.976653832E0,1.661121868E1
5.722810250E0,3.773294215E0,1.384379995E1,-7.080305141E0,1.600060209E1
5.732822250E0,2.015544152E0,1.407725121E1,-2.785986589E0,1.449114009E1
5.742833250E0,1.566494509E0,1.338518412E1,2.098856889E0,1.363899773E1
5.752844250E0,8.986147195E-1,1.142816665E1,7.026974441E0,1.344577521E1
5.762856250E0,5.876254753E-1,9.340521793E0,6.303722981E0,1.128395208E1
5.772867250E0,-7.111067927E-1,6.309214101E0,4.967374588E0,8.061430751E0
5.782879250E0,-3.398256726E0,3.313384976E0,4.515462586E0,6.551035883E0
5.792890250E0,-5.372381980E0,7.284215677E-1,3.649689046E0,6.535542537E0
5.802902250E0,-5.492216572E0,-2.719412531E0,2.576619724E0,6.648204012E0
5.812913250E0,-5.284928100E0,-8.011804016E0,1.554977540E0,9.723035728E0
5.822925250E0,-3.356577188E0,-1.364915784E1,6.666281927E-1,1.407162085E1
5.832936250E0,7.001232366E-1,-1.779726384E1,-5.534103101E-1,1.781962501E1
5.842948250E0,4.531538336E0,-1.932578565E1,-1.104422677E0,1.988065844E1
5.852959250E0,4.788343662E0,-1.758958009E1,-5.811956942E-1,1.823895149E1
5.862971250E0,2.075056821E0,-1.466422278E1,1.867819950E-1,1.481148804E1
5.872982250E0,1.996890804E0,-1.101708750E1,4.536901402E-1,1.120578532E1
5.882993250E0,2.182122117E0,-9.450572239E0,8.684489340E-1,9.738027322E0
5.893005250E0,8.478077511E-1,-9.791484207E0,1.663391935E0,9.967889129E0
5.903016250E0,1.119353981E0,-1.021586459E1,2.623914928E0,1.060668526E1
5.913028250E0,1.912495016E0,-1.092174281E1,4.369795873E0,1.191793686E1
5.923039250E0,1.229056079E0,-1.238978219E1,6.301229728E0,1.395431036E1
5.933051250E0,-5.821860664E-2,-1.338540397E1,7.046083726E0,1.512678832E1
5.943062250E0,-8.998326945E-1,-1.276875193E1,6.382756872E0,1.430350691E1
5.953074250E0,-1.106008442E0,-1.121829253E1,4.969782472E0,1.231958116E1
5.963085250E0,-1.320350119E0,-9.860166771E0,3.581820414E0,1.057334624E1
5.973097250E0,-1.562509924E0,-8.857391506E0,2.430720876E0,9.316824863E0
5.983108250E0,-1.471062248E0,-7.950283706E0,1.500310752E0,8.223257718E0
5.993120250E0,-1.314724659E0,-7.105236499E0,9.072738612E-1,7.282584190E0
6.003131250E0,-8.830951128E-1,-6.123721710E0,4.078973785E-1,6.200500369E0
6.013143250E0,-4.309692489E-1,-4.975040873E0,-1.302554995E-1,4.995371125E0
6.023154250E0,-3.633322762E-2,-3.651934084E0,-4.042472541E-1,3.674419478E0
6.033165250E0,2.610089990E-1,-2.183464930E0,-5.740509814E-1,2.272703088E0
6.043177250E0,6.881265043E-1,-5.910435748E-1,-5.767623353E-1,1.074944364E0
6.053188250E0,1.088725096E0,1.152580345E0,-4.923121691E-1,1.660161154E0
6.063200250E0,1.502171628E0,2.894410340E0,-3.474620193E-1,3.279460424E0
6.073211250E0,1.603685431E0,4.589722225E0,-2.554671907E-1,4.868533717E0
6.083223250E0,1.838656377E0,6.072697152E0,-1.301460104E-1,6.346278118E0
6.093234250E0,2.203187150E0,7.305884873E0,1.474008514E-1,7.632281075E0
6.103246250E0,2.696722995E0,8.497522865E0,5.887339246E-1,8.934585462E0
6.113257250E0,3.036937975E0,9.501604398E0,8.881183827E-1,1.001460097E1
6.123269250E0,3.090370709E0,1.008704225E1,8.360856917E-1,1.058290375E1
6.133280250E0,3.012712376E0,1.024014925E1,5.417509256E-1,1.068787100E1
6.143292250E0,2.905435265E0,1.017334715E1,2.635633186E-1,1.058338377E1
6.153303250E0,2.808526728E0,1.012230447E1,-9.048624694E-2,1.050509676E1
6.163315250E0,2.862676331E0,1.004874182E1,-3.087487739E-1,1.045310737E1
6.173326250E0,2.577012072E0,9.983426077E0,-6.324956560E-1,1.033004541E1
6.183338250E0,2.179842288E0,9.936236708E0,-8.265355074E-1,1.020606061E1
6.193349250E0,1.853593674E0,9.918362939E0,-9.189449036E-1,1.013184054E1
6.203360250E0,1.604429051E0,9.947696081E0,-8.070362127E-1,1.010851905E1
6.213372250E0,1.429151161E0,9.958055009E0,-3.248677568E-1,1.006533018E1
6.223383250E0,1.108952807E0,9.657944326E0,3.484426339E-1,9.727644998E0
6.233395250E0,7.974048252E-1,9.174782465E0,6.307613719E-1,9.230945111E0
6.243406250E0,6.910843914E-1,9.095101288E0,5.468058801E-1,9.137694553E0
6.253418250E0,5.019122008E-1,8.810536598E0,4.304790695E-1,8.835314552E0
6.263429250E0,-6.176962070E-1,6.917379493E0,4.333535242E-1,6.958410949E0
6.273441250E0,-3.745919305E0,3.730699003E-1,5.067442667E-1,3.798405237E0
6.283452250E0,-4.570984530E0,-5.690716095E0,1.476581581E0,7.447042528E0
6.293464250E0,-5.268692136E0,-9.513210536E0,1.384661597E0,1.096255350E1
6.303475250E0,-3.238475127E0,-8.586359028E0,-5.031377041E-1,9.190562009E0
6.313487250E0,-1.909081704E0,-3.375399960E0,-2.170227857E0,4.443850447E0
6.323498375E0,2.248928018E0,3.712334068E0,-5.094339859E0,6.692637751E0
6.333510375E0,6.384346145E0,9.416765977E0,-7.083900009E0,1.340212657E1
6.343521375E0,5.327408121E0,1.152280032E1,-5.768727307E0,1.394397430E1
6.353533375E0,2.450997558E0,1.202331380E1,-1.784608370E0,1.239968914E1
6.363544375E0,2.308897061E0,1.207896760E1,3.707545783E0,1.284439020E1
6.373556375E0,3.398203224E0,1.152664311E1,7.043570008E0,1.392921983E1
6.383567375E0,3.885875920E0,1.086813086E1,5.306923571E0,1.270353249E1
6.393579375E0,2.703380927E0,8.632201198E0,4.736856882E0,1.021082656E1
6.403590375E0,5.275115668E-1,5.036751802E0,4.526489850E0,6.792366858E0
6.413601375E0,-2.022760640E0,1.088532284E0,4.049672803E0,4.655782743E0
6.423613375E0,-5.655384294E0,-5.043696540E0,2.819238535E0,8.085193394E0
6.433624375E0,-9.032698633E0,-1.351049229E1,2.597272674E0,1.645809441E1
6.443636375E0,-8.199579746E0,-2.076209219E1,3.260949192E0,2.255950731E1
6.453647375E0,-4.292039014E0,-2.535076718E1,4.068971830E0,2.603151028E1
6.463659375E0,9.653312308E-1,-2.560111221E1,3.943541746E0,2.592104034E1
6.473670375E0,4.661794713E0,-2.026721193E1,2.336473407E0,2.092728643E1
6.483682375E0,4.837097162E0,-1.386530133E1,-5.304784074E-1,1.469440361E1
6.493693375E0,1.812150364E0,-9.443517573E0,-2.529226579E0,9.942881885E0
6.503705375E0,-7.766472828E-1,-7.225159383E0,-2.002312342E0,7.537596688E0
6.513716375E0,-2.113920925E0,-7.306689450E0,-5.043562639E-1,7.623040577E0
6.523728375E0,-1.704989904E0,-8.975135719E0,6.852442655E-1,9.161310575E0
6.533739375E0,-1.438704853E-1,-1.054162584E1,7.320646754E-1,1.056799379E1
6.543751375E0,1.073284207E0,-1.195166085E1,7.707431298E-1,1.202448256E1
6.553762375E0,1.053696327E0,-1.277754848E1,1.426498717E0,1.290003565E1
6.563774375E0,5.280450886E-1,-1.194116276E1,1.812657902E0,1.208949661E1
6.573785375E0,-3.399156028E-1,-9.797069467E0,1.784172899E0,9.964004501E0
6.583797375E0,-7.105597126E-1,-7.495991303E0,1.766617365E0,7.734062169E0
6.593808375E0,-5.291566078E-1,-5.390590795E0,1.896864240E0,5.739039099E0
6.603819375E0,-3.518312781E-1,-3.446092213E0,1.862787690E0,3.933104978E0
6.613831375E0,-1.793941842E-1,-1.642133213E0,1.794029112E0,2.438713640E0
6.623842375E0,7.963326652E-2,1.290737772E-1,1.854615621E0,1.860806438E0
6.633854375E0,4.900182333E-1,1.734213996E0,1.834694304E0,2.571715233E0
6.643865375E0,1.123201741E0,3.155937000E0,1.774061601E0,3.790621989E0
6.653877375E0,1.649729331E0,4.414060172E0,1.696567283E0,5.008380438E0
6.663888375E0,1.952015762E0,5.474274976E0,1.549310419E0,6.014849526E0
6.673900375E0,2.252393078E0,6.510022690E0,1.418906985E0,7.033275697E0
6.683911375E0,2.644804983E0,7.540560535E0,1.360847642E0,8.105982536E0
6.693923375E0,3.187591487E0,8.498335043E0,1.370890819E0,9.179421530E0
6.703934375E0,3.663820889E0,9.218062386E0,1.294663008E0,1.000361984E1
6.713946375E0,3.896629534E0,9.633607630E0,1.034340874E0,1.044317857E1
6.723957375E0,4.141652721E0,9.819449100E0,5.969048238E-1,1.067385419E1
6.733969375E0,3.756139069E0,9.825896240E0,2.289968455E-1,1.052184666E1
6.743980375E0,3.031814060E0,9.708162553E0,8.274511814E-2,1.017089787E1
6.753992375E0,2.534335876E0,9.604204906E0,1.581216117E-1,9.934214245E0
6.764003375E0,2.318627705E0,9.475299529E0,1.677623912E-1,9.756304619E0
6.774015375E0,1.787511367E0,9.286249107E0,3.154198623E-1,9.461982300E0
6.784026375E0,1.206625648E0,9.170923887E0,5.566362190E-1,9.266694895E0
6.794038375E0,9.170185384E-1,9.079891511E0,6.271946434E-1,9.147607663E0
6.804049375E0,6.493236503E-1,8.710260358E0,8.712503350E-1,8.777774994E0
6.814060375E0,2.442064767E-1,7.597246951E0,1.667170991E0,7.781854352E0
6.824072375E0,-7.694541112E-2,5.361992063E0,3.119383131E0,6.203823869E0
6.834083375E0,-4.041446355E-1,2.160985894E0,4.085864729E0,4.639771924E0
6.844095375E0,-5.522159433E-1,-8.206461918E-1,3.084353632E0,3.239080108E0
6.854106375E0,-5.384906278E-1,-3.378580261E0,1.903253492E0,3.914990497E0
6.864118375E0,-7.416563018E-1,-5.370313236E0,1.780054412E0,5.706041713E0
6.874129375E0,-5.865702721E-1,-5.181858060E0,1.034326329E0,5.316535394E0
6.884141375E0,4.027717458E-1,-2.269186281E0,-1.067701578E0,2.539964196E0
6.894152375E0,1.025876079E0,1.819438918E0,-4.485147112E0,4.947658469E0
6.904164375E0,7.189049318E-1,5.439092279E0,-7.571776480E0,9.350526626E0
6.914175375E0,9.571226171E-1,8.805078222E0,-9.760629035E0,1.318011249E1
6.924187375E0,-4.278017026E-1,1.122597344E1,-1.010078788E1,1.510732967E1
6.934198375E0,-1.516970639E0,1.232341045E1,-7.775733794E0,1.465024508E1
6.944210375E0,-1.813283262E0,1.245911730E1,-2.990902846E0,1.294075346E1
6.954221375E0,-1.945397299E0,1.139165078E1,3.250743755E0,1.200506615E1
6.964233375E0,-1.523251425E0,9.719484517E0,8.636729282E0,1.309128591E1
6.974244375E0,3.741190004E-1,7.843779597E0,8.925791066E0,1.188842250E1
6.984256375E0,3.392264353E-1,4.881725743E0,7.898400777E0,9.291450674E0
6.994267375E0,-1.294454993E0,6.908526224E-1,6.217805164E0,6.388582952E0
7.004279375E0,-5.553845640E0,-6.985766773E0,3.078477765E0,9.440506562E0
7.014290375E0,-7.873077655E0,-1.557283331E1,1.691171764E0,1.753164428E1
7.024301375E0,-6.078487650E0,-2.289686385E1,2.677610494E0,2.384080503E1
7.034313375E0,-3.338667752E0,-2.845592404E1,4.269478702E0,2.896747769E1
7.044324375E0,1.170744136E-1,-3.010822322E1,5.228502468E0,3.055905840E1
7.054336375E0,2.724557203E0,-2.531048455E1,4.293155540E0,2.581617757E1
7.064347375E0,4.784082504E0,-1.791973026E1,2.069967258E0,1.866250097E1
7.074359375E0,4.963410761E0,-1.299297277E1,-8.525866073E-1,1.393483734E1
7.084370375E0,3.005361257E0,-1.054190066E1,-1.879212665E0,1.112183915E1
7.094382375E0,1.658346958E0,-9.027397547E0,-1.518250009E0,9.303177103E0
7.104393375E0,1.735903695E0,-8.229844349E0,-9.795933938E-1,8.467780280E0
7.114405375E0,2.363825220E0,-8.257246740E0,-6.812903783E-1,8.615912603E0
7.124416375E0,2.798274513E0,-8.541593914E0,-3.263950861E-1,8.994203722E0
7.134428375E0,2.681906443E0,-8.869249660E0,1.615036047E-1,9.267270100E0
7.144439375E0,2.255339197E0,-8.658330066E0,4.391440219E-1,8.958017744E0
7.154451375E0,1.998853422E0,-7.302392331E0,4.314289132E-1,7.583302689E0
7.164462375E0,1.321642938E0,-5.487103767E0,3.561723241E-1,5.655254771E0
7.174474375E0,6.485046747E-1,-3.382204365E0,6.171698114E-1,3.498680216E0
7.184485375E0,5.698698202E-1,-1.159908076E0,8.952590024E-1,1.572140909E0
7.194496375E0,4.745881986E-1,1.038172554E0,9.410095181E-1,1.479369840E0
7.204508375E0,3.049451236E-1,3.170608833E0,9.033175620E-1,3.310851027E0
7.214519375E0,5.562576849E-1,5.268979819E0,1.055489010E0,5.402372441E0
7.224531375E0,8.557933666E-1,7.324919899E0,1.662280964E0,7.559762683E0
7.234542375E0,8.232357775E-1,9.033407316E0,2.322922193E0,9.363553406E0
7.244554375E0,9.822537307E-1,1.017975336E1,2.486064187E0,1.052486180E1
7.254565375E0,9.890620825E-1,1.035290462E1,1.945133590E0,1.058037913E1
7.264577375E0,6.417469744E-1,1.012637413E1,1.450259171E0,1.024980701E1
7.274588375E0,4.468407849E-1,9.987265359E0,1.316349746E0,1.008354663E1
7.284600375E0,3.733698624E-1,9.950799783E0,1.500707778E0,1.007025050E1
7.294611375E0,4.986556672E-1,9.867804404E0,1.608975992E0,1.001054569E1
7.304623375E0,7.018045304E-1,9.786916362E0,1.542023034E0,9.932476857E0
7.314634375E0,9.278996220E-1,9.726608765E0,1.693476444E0,9.916439796E0
7.324646292E0,1.041452915E0,9.669220682E0,2.153985608E0,9.960828618E0
7.334657292E0,1.136303305E0,9.650245882E0,2.399370006E0,1.000876652E1
7.344669292E0,1.338645033E0,9.637491351E0,2.368795938E0,1.001421012E1
7.354680292E0,1.570142148E0,9.599808385E0,2.227851290E0,9.979227864E0
7.364692292E0,1.804597808E0,9.543940578E0,2.149409723E0,9.948031824E0
7.374703292E0,1.829255955E0,9.352461807E0,2.159295026E0,9.771247321E0
7.384714292E0,1.783937110E0,9.253143926E0,2.400144031E0,9.724391780E0
7.394726292E0,1.917486784E0,8.990814443E0,3.077481984E0,9.694451778E0
7.404737292E0,2.117895277E0,8.082750623E0,4.891296465E0,9.681999749E0
7.414749292E0,2.235057253E0,6.094357578E0,3.562120267E0,7.404415980E0
7.424760292E0,2.213007841E0,-1.798747376E0,4.074702029E-1,2.880785968E0
7.434772292E0,-3.611512282E-1,-6.962988945E0,9.001747566E-1,7.030217624E0
7.444783292E0,-1.190460070E0,-7.871900026E0,1.541894395E0,8.109342978E0
7.454795292E0,-9.038604029E-1,-5.775750398E0,4.779898529E-1,5.865554585E0
7.464806292E0,-2.258442461E-1,-1.546141813E0,-3.288852398E0,3.641168799E0
7.474818292E0,1.068509152E0,3.141132435E0,-7.014137464E0,7.759287927E0
7.484829292E0,2.903790151E-1,6.655162277E0,-6.312842299E0,9.177553203E0
7.494841292E0,6.415098698E-1,9.127186130E0,-3.096717569E0,9.659540427E0
7.504852292E0,1.488351734E0,1.023671343E1,1.088857974E0,1.040149529E1
7.514864292E0,1.970268138E0,1.002930918E1,4.121547947E0,1.102071489E1
7.524875292E0,2.269830352E0,8.692220528E0,5.640869166E0,1.060783826E1
7.534887292E0,2.576441091E0,6.436845371E0,5.218277442E0,8.677640606E0
7.544898292E0,-8.903010752E-2,2.425194672E0,3.549548169E0,4.299859040E0
7.554909292E0,-3.431569191E0,-1.759354684E0,2.850924012E-1,3.866816998E0
7.564921292E0,-5.894748838E0,-6.283728427E0,-1.753027412E0,8.792406492E0
7.574932292E0,-5.937222428E0,-1.035345893E1,-3.774243218E-1,1.194098703E1
7.584944292E0,-4.847536488E0,-1.588745562E1,1.160930169E0,1.665105447E1
7.594955292E0,-4.183044576E0,-2.221323546E1,2.424819573E0,2.273335527E1
7.604967292E0,-2.237420843E0,-2.615514759E1,3.371855378E0,2.646634101E1
7.614978292E0,1.097065930E-1,-2.462820102E1,2.768739642E0,2.478358812E1
7.624990292E0,2.348586646E0,-1.826633683E1,1.345718264E0,1.846580294E1
7.635001292E0,2.572312665E0,-1.222516670E1,1.534060881E-1,1.249379953E1
7.645013292E0,3.679129850E-1,-9.036171294E0,2.767569029E-1,9.047891799E0
7.655024292E0,-6.186193362E-1,-8.147600337E0,6.831819525E-1,8.199562105E0
7.665036292E0,-5.739342198E-1,-8.722292174E0,1.022082771E0,8.800706474E0
7.675047292E0,-4.143572362E-1,-9.942129532E0,1.295138094E0,1.003469054E1
7.685058292E0,-5.198221858E-1,-1.132172510E1,1.665093767E0,1.145531369E1
7.695070292E0,-9.933651216E-1,-1.210710557E1,1.763020596E0,1.227505687E1
7.705081292E0,-1.133660948E0,-1.154420698E1,1.829312234E0,1.174309521E1
7.715093292E0,-9.800615365E-1,-9.607310362E0,1.884159994E0,9.839257690E0
7.725104292E0,-1.188719500E0,-7.301880700E0,1.731275770E0,7.597883363E0
7.735116292E0,-9.420969540E-1,-5.116323636E0,1.548935320E0,5.428030476E0
7.745127292E0,-3.272316399E-1,-3.160823518E0,1.164764481E0,3.384458916E0
7.755139292E0,2.849199814E-1,-1.175228950E0,8.296012026E-1,1.466485812E0
7.765150292E0,4.480029190E-1,6.457325828E-1,6.166112562E-1,9.989427537E-1
7.775162292E0,7.257199348E-1,2.459201494E0,4.619867545E-1,2.605335520E0
7.785173292E0,1.302870452E0,4.208114805E0,3.027678032E-1,4.415582631E0
7.795185292E0,1.700587536E0,5.835024208E0,2.300445934E-1,6.082139918E0
7.805196292E0,1.866540433E0,7.236947370E0,2.699255278E-1,7.478652300E0
7.815208292E0,1.938899581E0,8.466696344E0,4.475808232E-1,8.697390825E0
7.825219292E0,1.941451013E0,9.355430439E0,7.103870004E-1,9.581125217E0
7.835231292E0,1.783843116E0,9.785303115E0,6.336738700E-1,9.966734465E0
7.845242292E0,1.819637431E0,9.894542552E0,5.450189710E-1,1.007522200E1
7.855253292E0,1.673272560E0,9.827887802E0,4.996761525E-1,9.981828288E0
7.865265292E0,1.441888881E0,9.762165098E0,5.351172594E-1,9.882573624E0
7.875276292E0,1.255854160E0,9.723119146E0,6.610498758E-1,9.826148917E0
7.885288292E0,1.162361129E0,9.694231562E0,8.371295658E-1,9.799489522E0
7.895299292E0,1.155311726E0,9.685759531E0,1.054765271E0,9.811279869E0
7.905311292E0,1.139376163E0,9.694909839E0,8.895592828E-1,9.802079909E0
7.915322292E0,1.140687255E0,9.708009941E0,1.078664084E0,9.834131412E0
7.925334292E0,1.237404587E0,9.678326551E0,1.575120760E0,9.883429584E0
7.935345292E0,1.474801104E0,9.343303313E0,2.081795883E0,9.685361594E0
7.945357292E0,1.255731661E0,8.953160713E0,2.552617196E0,9.394243094E0
7.955368292E0,1.202349214E0,8.744275950E0,3.088474749E0,9.351293055E0
7.965380292E0,1.279364791E0,8.380802500E0,3.418551242E0,9.141177026E0
7.975391292E0,1.128797234E0,6.548032515E0,3.029062361E0,7.302474361E0
7.985403292E0,4.560055646E-1,-1.953359452E0,2.599171557E0,3.283176360E0
7.995414292E0,9.482612349E-2,-8.668383184E0,4.623892769E0,9.824980578E0
8.005425292E0,-1.805748686E0,-1.156690119E1,2.451462704E0,1.196091973E1
8.015437292E0,-2.636194080E0,-1.027394031E1,2.712019896E0,1.094798706E1
8.025448292E0,-2.238242231E0,-6.369362070E0,1.021079462E0,6.827964904E0
8.035460292E0,-1.039984607E0,-2.248477782E0,-2.090984052E0,3.241825816E0
8.045471292E0,1.013271309E0,1.852059365E0,-5.361147140E0,5.761834890E0
8.055483292E0,3.382217229E0,5.349426396E0,-8.865392252E0,1.089270104E1
8.065494292E0,3.690012614E0,8.270332809E0,-1.108967835E1,1.431766614E1
8.075506292E0,2.823868945E0,1.063644897E1,-1.084547406E1,1.545097376E1
8.085517292E0,3.163600361E0,1.252677894E1,-8.418674331E0,1.542085067E1
8.095529292E0,3.382877964E0,1.279592277E1,-3.869831160E0,1.378967353E1
8.105540292E0,2.751367564E0,1.209120231E1,1.218913499E0,1.246005405E1
8.115552292E0,1.932389291E0,1.071500631E1,4.902565804E0,1.194071355E1
8.125563292E0,1.527262469E0,9.488904245E0,6.088476448E0,1.137723077E1
8.135575292E0,1.414922546E0,7.525352511E0,5.127412296E0,9.215383502E0
8.145586292E0,-1.858756948E-1,5.146884694E0,3.252754904E0,6.091419070E0
8.155597292E0,-2.182513003E0,2.025438665E0,2.830282756E0,4.108073183E0
8.165609292E0,-3.226626914E0,-3.664317902E0,2.441989338E0,5.459089563E0
8.175620292E0,-4.187488752E0,-1.197042924E1,2.902324546E0,1.300960130E1
8.185632292E0,-4.468625804E0,-2.038624954E1,3.763900955E0,2.120695022E1
8.195643292E0,-2.745825281E0,-2.656492046E1,6.044444575E0,2.738192590E1
8.205655292E0,-2.196697325E-1,-2.777192143E1,8.104365440E0,2.893110115E1
8.215666292E0,1.614879049E0,-2.253181984E1,7.174552317E0,2.370158097E1
8.225678292E0,2.915573167E0,-1.482861725E1,2.274317213E0,1.528270183E1
8.235689292E0,1.653118962E0,-9.796885280E0,-9.769332030E-1,9.983294145E0
8.245701292E0,5.068534635E-2,-7.112090605E0,-1.908978793E0,7.364007184E0
8.255712292E0,-3.051739325E-1,-6.127813007E0,-1.949624251E0,6.437721499E0
8.265724292E0,-3.262527063E-1,-7.087767942E0,-9.469302624E-1,7.158182182E0
8.275735292E0,-4.763994833E-1,-9.444192342E0,-4.906691015E-2,9.456327671E0
8.285746292E0,-7.521147779E-1,-1.175497104E1,5.288031802E-1,1.179087162E1
8.295758292E0,-7.438469611E-1,-1.282775501E1,1.031154141E0,1.289061232E1
8.305769292E0,-4.732611730E-1,-1.227047092E1,1.452495731E0,1.236520023E1
8.315781292E0,-5.596906583E-1,-1.053403031E1,1.456023063E0,1.064889907E1
8.325792375E0,-6.820850149E-1,-8.431052302E0,1.348507678E0,8.565416268E0
8.335804375E0,-8.827425988E-1,-6.347711000E0,1.340845340E0,6.547559519E0
8.345815375E0,-9.583028776E-1,-4.457810794E0,1.481649363E0,4.794341072E0
8.355827375E0,-7.979413073E-1,-2.767183698E0,1.618055549E0,3.303349770E0
8.365838375E0,-5.797043619E-1,-1.179018531E0,1.608184133E0,2.076631419E0
8.375850375E0,1.542700142E-2,3.623110235E-1,1.483167739E0,1.526857495E0
8.385861375E0,7.703889348E-1,1.813525044E0,1.216210769E0,2.315500126E0
8.395873375E0,1.343899487E0,3.376119168E0,9.825694804E-1,3.764264769E0
8.405884375E0,2.122138455E0,4.851323730E0,8.986188126E-1,5.370877891E0
8.415896375E0,1.693881364E0,6.006826513E0,8.257437214E-1,6.295478658E0
8.425907375E0,1.403754803E0,6.992827286E0,8.429082229E-1,7.181967368E0
8.435918375E0,1.764753711E0,8.038201856E0,1.170424293E0,8.312456783E0
8.445930375E0,1.657447948E0,9.045782948E0,1.322741922E0,9.291015500E0
8.455941375E0,1.187340727E0,9.768944945E0,1.107455628E0,9.902955180E0
8.465953375E0,1.414424217E0,1.012958542E1,8.792504954E-1,1.026558221E1
8.475964375E0,1.567696112E0,1.011483757E1,6.116655350E-1,1.025386488E1
8.485976375E0,1.937439238E0,1.003087272E1,6.591952121E-1,1.023751028E1
8.495987375E0,2.375623440E0,9.899153666E0,5.055514348E-1,1.019276274E1
8.505999375E0,2.516208338E0,9.810813932E0,4.678778609E-1,1.013914612E1
8.516010375E0,2.553346928E0,9.743991952E0,5.356587847E-1,1.008721419E1
8.526022375E0,2.500588671E0,9.670854394E0,6.129917566E-1,1.000770340E1
8.536033375E0,2.282184641E0,9.500594584E0,8.132787001E-1,9.804646165E0
8.546045375E0,1.913539914E0,9.275418309E0,1.018340626E0,9.525336605E0
8.556056375E0,1.659734794E0,8.842936020E0,1.281403569E0,9.088136891E0
8.566068375E0,1.411066161E0,7.874514901E0,1.675109171E0,8.173437672E0
8.576079375E0,1.002655105E0,5.673866174E0,2.229871942E0,6.178220091E0
8.586090375E0,7.870270407E-1,2.235884634E0,3.104378006E0,3.905861552E0
8.596102375E0,7.563312051E-1,-9.592269570E-1,5.128148460E0,5.271627821E0
8.606113375E0,3.951951065E-1,-2.793892025E0,4.611873232E0,5.406605823E0
8.616125375E0,-1.936777626E-1,-3.038098063E0,3.295021795E0,4.486058353E0
8.626136375E0,-2.377043729E-1,-1.017493291E0,1.882397059E0,2.152954866E0
8.636148375E0,-2.256503012E-1,1.741464543E0,7.681721091E-1,1.916691212E0
8.646159375E0,7.367346273E-1,4.072933611E0,2.573744794E-1,4.147023961E0
8.656171375E0,1.065500101E0,5.960409561E0,-8.473926719E-1,6.113906030E0
8.666182375E0,1.719322453E0,7.930189750E0,-2.491974553E0,8.488457830E0
8.676194375E0,2.290420152E0,9.027380006E0,-3.353161830E0,9.898651853E0
8.686205375E0,2.296085812E0,8.500328359E0,-3.643716407E0,9.529127007E0
8.696217375E0,1.624610862E0,6.692916579E0,-3.416711708E0,7.688199508E0
8.706228375E0,1.679119191E0,5.327428586E0,-2.623621982E0,6.171250190E0
8.716239375E0,1.793584577E0,3.567130162E0,-4.513813671E-1,4.018097605E0
8.726251375E0,8.644542807E-2,8.074227136E-1,2.161325617E0,2.308837949E0
8.736262375E0,-2.332133604E0,-2.039698269E0,8.202713853E-1,3.205005667E0
8.746274375E0,-3.794840327E0,-4.283470212E0,-1.299175597E0,5.868286581E0
8.756285375E0,-4.053084068E0,-6.471905276E0,-9.014690378E-1,7.689323428E0
8.766297375E0,-2.716593003E0,-8.520619951E0,-3.917365515E-1,8.951776328E0
8.776308375E0,-4.849287802E-1,-1.026277797E1,3.674653441E-2,1.027429404E1
8.786320375E0,1.283236087E0,-1.250077638E1,7.907043546E-2,1.256671624E1
8.796331375E0,1.543715072E0,-1.424664037E1,-3.089370543E-1,1.433336178E1
8.806343375E0,7.218980484E-1,-1.518900103E1,-2.685994524E-1,1.520851849E1
8.816354375E0,1.707079261E-1,-1.459684180E1,4.733338612E-1,1.460551186E1
8.826366375E0,7.903914555E-1,-1.197420888E1,1.390524015E0,1.208056100E1
8.836377375E0,8.110803663E-1,-9.528852423E0,2.497827908E0,9.884129912E0
8.846389375E0,-2.473516940E-1,-8.455082020E0,3.381710275E0,9.109641003E0
8.856400375E0,-1.077825009E0,-8.323225552E0,3.242700325E0,8.997382716E0
8.866411375E0,-1.957807283E0,-8.914293686E0,2.795242147E0,9.545209266E0
8.876423375E0,-2.873788964E0,-9.996914434E0,2.645380349E0,1.073289329E1
8.886434375E0,-3.150194157E0,-1.105907285E1,2.838327355E0,1.184410899E1
8.896446375E0,-2.660670233E0,-1.103045892E1,3.216478194E0,1.179389342E1
8.906457375E0,-2.067842380E0,-9.846712328E0,3.456977389E0,1.063881612E1
8.916469375E0,-1.569808564E0,-8.304754198E0,3.380061068E0,9.102639949E0
8.926480375E0,-1.171014862E0,-6.788155442E0,2.845182923E0,7.452878369E0
8.936492375E0,-8.384293288E-1,-5.347808472E0,2.108839256E0,5.809408076E0
8.946503375E0,-4.743354527E-1,-4.028034596E0,1.506112944E0,4.326480444E0
8.956515375E0,3.761562251E-2,-2.827631629E0,1.041910533E0,3.013717492E0
8.966526375E0,3.409249784E-1,-1.643520173E0,7.246834427E-1,1.828265432E0
8.976538375E0,7.483123335E-1,-3.436578208E-1,4.012112336E-1,9.159926311E-1
8.986549375E0,1.123135229E0,1.007938356E0,1.634168136E-1,1.517918815E0
8.996560375E0,1.451999887E0,2.348407867E0,-5.582746089E-2,2.761600964E0
9.006572375E0,1.794879151E0,3.598210452E0,-1.872940649E-1,4.025392985E0
9.016583375E0,2.334556690E0,4.956214592E0,-7.587113142E-2,5.479048682E0
9.026595375E0,2.378629493E0,6.130662355E0,1.102129984E-1,6.576856854E0
9.036606375E0,2.142012556E0,7.043705664E0,1.040412623E-1,7.362936361E0
9.046618375E0,2.204306161E0,7.899026429E0,1.379730932E-1,8.201988829E0
9.056629375E0,2.487184514E0,8.624753015E0,2.879953976E-1,8.980834745E0
9.066641375E0,2.649647647E0,9.149329535E0,2.858229377E-1,9.529562338E0
9.076652375E0,2.173198681E0,9.291542006E0,-1.494036689E-3,9.542303055E0
9.086664375E0,1.878184871E0,9.308826960E0,-2.942307222E-1,9.500968872E0
9.096675375E0,1.835478562E0,9.127988952E0,-4.943411529E-1,9.323815584E0
9.106687375E0,1.664886776E0,8.809046143E0,-6.138336825E-1,8.985985406E0
9.116698375E0,1.693813536E0,8.411243105E0,-6.369424635E-1,8.603703305E0
9.126709375E0,1.892767973E0,8.109853052E0,-4.535088766E-1,8.340141331E0
9.136721375E0,1.948061290E0,7.676767915E0,-3.275972736E-1,7.926854886E0
9.146732375E0,1.770614083E0,7.069867276E0,-2.124808367E-1,7.291313025E0
9.156744375E0,2.068293200E0,6.224337673E0,2.556029192E-1,6.563958340E0
9.166755375E0,2.149276845E0,4.778890761E0,9.282981829E-1,5.321552910E0
9.176767375E0,1.924621557E0,2.994945611E0,1.700682553E0,3.945400930E0
9.186778375E0,1.667846636E0,1.203777396E0,2.962930351E0,3.606902922E0
9.196790375E0,1.001388744E0,-2.885320258E-1,3.823624123E0,3.963096212E0
9.206801375E0,-3.350577360E-1,-9.587299436E-1,3.122951102E0,3.283938242E0
9.216813375E0,-1.279491237E0,-5.439074153E-1,2.188846707E0,2.593064406E0
9.226824375E0,-8.443798209E-1,9.170767182E-1,9.483482122E-1,1.566324143E0
9.236836375E0,9.228857077E-1,3.104532958E0,7.098987579E-2,3.239580602E0
9.246847375E0,1.281217920E0,5.067780637E0,6.149516702E-3,5.227232323E0
9.256858375E0,1.361839183E0,6.564087215E0,-3.430128729E-1,6.712637690E0
9.266870375E0,1.566043981E0,7.538171362E0,-8.255068360E-1,7.743254017E0
9.276881375E0,5.609680191E-1,7.757539013E0,-1.245544642E0,7.876895208E0
9.286893375E0,3.336925939E-1,7.532369755E0,-1.869491669E0,7.768072089E0
9.296904375E0,-3.280427583E-1,6.300304699E0,-2.556354736E0,6.807084610E0
9.306916375E0,-1.648623623E0,5.149664460E0,-1.953083464E0,5.749046783E0
9.316927375E0,-1.989619499E0,4.610355295E0,-5.963551855E-1,5.056639319E0
9.326939542E0,-1.361453852E0,3.807444293E0,2.721361408E-1,4.052683890E0
9.336950542E0,-1.557602063E0,2.697422322E0,5.838807356E-1,3.169089472E0
9.346962542E0,-1.934363018E0,1.713325403E0,1.836797547E-1,2.590556402E0
9.356973542E0,-2.007423101E0,5.080569667E-1,5.629102814E-1,2.145865180E0
9.366985542E0,-1.535846328E0,-1.052460226E0,1.852280974E0,2.626298018E0
9.376996542E0,-1.783693500E-1,-2.661268403E0,2.531649665E0,3.677419634E0
9.387007542E0,9.963142379E-1,-4.554043100E0,2.010264263E0,5.076722666E0
9.397019542E0,1.780180859E0,-6.580348322E0,1.295760238E0,6.938949670E0
9.407030542E0,2.301859645E0,-8.293147475E0,1.023907979E0,8.667366406E0
9.417042542E0,2.585699573E0,-9.411651417E0,9.583603996E-1,9.807317642E0
9.427053542E0,2.274682079E0,-1.034253750E1,9.089137128E-1,1.062865865E1
9.437065542E0,1.039192309E0,-1.150289055E1,1.266567137E0,1.161897603E1
9.447076542E0,2.369836304E-1,-1.155299768E1,1.446615186E0,1.164562631E1
9.457088542E0,3.334926557E-1,-1.047244743E1,1.197959124E0,1.054601719E1
9.467099542E0,2.674278896E-1,-9.706341730E0,1.268819192E0,9.792573186E0
9.477111542E0,7.427498773E-3,-9.606019297E0,1.765031161E0,9.766831467E0
9.487122542E0,-3.158655663E-1,-1.006152617E1,2.409966769E0,1.035094294E1
9.497134542E0,-4.807395060E-1,-1.080672691E1,3.022981841E0,1.123186877E1
9.507145542E0,-5.441077555E-1,-1.117850106E1,3.541837738E0,1.173880547E1
9.517156542E0,-5.497838670E-1,-1.069083392E1,3.755745259E0,1.134468222E1
9.527168542E0,-6.674650023E-1,-9.566927152E0,3.479520452E0,1.020189528E1
9.537179542E0,-9.450797649E-1,-8.411271756E0,2.824600432E0,8.923062026E0
9.547191542E0,-1.338189389E0,-7.351343467E0,2.006149285E0,7.736771714E0
9.557202542E0,-1.616234872E0,-6.377420118E0,1.308139086E0,6.707826055E0
9.567214542E0,-1.625648012E0,-5.442493020E0,8.158546910E-1,5.738386586E0
9.577225542E0,-1.529546245E0,-4.546903650E0,4.667229992E-1,4.819924779E0
9.587237542E0,-1.475602465E0,-3.756218006E0,2.685471198E-1,4.044588224E0
9.597248542E0,-1.223256079E0,-3.034754040E0,9.952604234E-2,3.273529128E0
9.607260542E0,-5.526814547E-1,-2.254717346E0,9.506739423E-2,2.323412342E0
9.617271542E0,1.434290936E-2,-1.228185428E0,-7.457100302E-3,1.228291811E0
9.627282542E0,5.870434580E-1,2.869064999E-1,-1.503056020E-1,6.704678480E-1
9.637294542E0,9.901370200E-1,1.913102542E0,-1.874351290E-1,2.162282263E0
9.647305542E0,7.672068800E-1,3.222074271E0,-1.349929136E-1,3.314904538E0
9.657317542E0,5.057756755E-1,4.293394691E0,1.326803398E-1,4.325118621E0
9.667328542E0,7.877396701E-1,5.355050249E0,3.674589121E-1,5.425138063E0
9.677340542E0,1.130715779E0,6.353773978E0,5.760659319E-1,6.479260289E0
9.687351542E0,1.518818359E0,7.098101726E0,5.839380383E-1,7.282227747E0
9.697363542E0,1.967506206E0,7.633727145E0,5.442219955E-1,7.901964843E0
9.707374542E0,2.347808820E0,7.996635754E0,6.051528331E-1,8.356111511E0
9.717386542E0,2.305988364E0,7.983800531E0,5.548873899E-1,8.328658552E0
9.727397542E0,2.420417497E0,7.563799708E0,4.137834781E-1,7.952402383E0
9.737409542E0,2.563705856E0,7.185457959E0,3.473497162E-1,7.637018110E0
9.747420542E0,2.661721562E0,6.775717830E0,3.669735932E-1,7.289018000E0
9.757432542E0,2.707205299E0,6.395073447E0,2.395043103E-1,6.948617649E0
9.767443542E0,2.421937481E0,6.306676410E0,1.341134924E-1,6.757065556E0
9.777454542E0,1.926359934E0,6.108549355E0,-7.125649055E-2,6.405491027E0
9.787466542E0,2.155092193E0,5.649502580E0,-1.784079051E-1,6.049225665E0
9.797477542E0,1.968309613E0,5.164320506E0,6.652373593E-2,5.527103620E0
9.807489542E0,1.418124627E0,4.548401121E0,3.589161301E-1,4.777850040E0
9.817500542E0,1.241274421E0,3.861639211E0,7.030587582E-1,4.116711212E0
9.827512542E0,9.949864083E-1,2.982374098E0,9.937097418E-1,3.297273459E0
9.837523542E0,6.193780124E-1,1.799546106E0,1.866110809E0,2.665401444E0
9.847535542E0,-4.376129285E-1,8.091698617E-1,1.737018321E0,1.965577164E0
9.857546542E0,-1.496112159E0,4.662938136E-1,8.927294970E-1,1.803537487E0
9.867558542E0,-1.501178771E0,7.956703949E-1,1.092885536E-1,1.702519623E0
9.877569542E0,-8.681621280E-1,1.660829101E0,-7.265913892E-1,2.009973589E0
9.887580542E0,-6.872788042E-2,2.608754559E0,-1.472340011E0,2.996349275E0
9.897592542E0,7.716232089E-1,3.500615160E0,-2.344037658E0,4.283015458E0
9.907603542E0,1.026038412E0,4.562076589E0,-3.799429514E0,6.025027989E0
9.917615542E0,1.083728796E0,5.955186828E0,-5.018069948E0,7.862553292E0
9.927626542E0,1.269407568E0,7.162357948E0,-4.930044209E0,8.787269363E0
9.937638542E0,5.719563626E-2,7.923366634E0,-3.535750494E0,8.676666509E0
9.947649542E0,8.536934853E-2,8.785860178E0,-1.708995101E0,8.950938010E0
9.957661542E0,-1.687564179E-1,9.272951953E0,1.261598027E0,9.359900974E0
9.967672542E0,-3.803392319E-1,8.698626738E0,5.165913872E0,1.012410150E1
9.977684542E0,-2.218875449E-1,7.098402858E0,7.099726667E0,1.004204541E1
9.987695542E0,-7.897313780E-1,5.161736621E0,5.607934724E0,7.662645266E0
9.997707542E0,-5.779868153E-1,3.052292179E0,3.999834645E0,5.064507231E0
1.000771854E1,-1.847053929E-1,6.425306475E-1,4.272655202E0,4.324643823E0
1.001772954E1,-4.207138174E-1,-1.634754027E0,4.355233090E0,4.670918123E0
1.002774154E1,1.399213855E-1,-4.203562163E0,3.336802490E0,5.368776742E0
1.003775254E1,-1.189723686E0,-8.202607434E0,2.300356033E-1,8.291629969E0
1.004776454E1,-1.381679956E0,-1.113568541E1,-3.811983194E0,1.185089638E1
1.005777554E1,6.391100264E-1,-1.028592359E1,-6.539481547E0,1.220547028E1
1.006778754E1,2.333110674E0,-7.047469516E0,-7.403529866E0,1.048439252E1
1.007779854E1,2.609033764E0,-4.227932773E0,-5.208986217E0,7.198333843E0
1.008781054E1,1.955723628E0,-2.460869704E0,-6.727174830E-1,3.214542491E0
1.009782154E1,7.411720061E-1,-2.809665474E0,2.407776986E0,3.773717800E0
1.010783354E1,8.767340000E-1,-5.127322834E0,4.149734450E0,6.654201526E0
1.011784454E1,1.293762610E-1,-7.673343201E0,6.276505362E0,9.914204640E0
1.012785654E1,-1.773025328E0,-9.598947675E0,7.877289405E0,1.254332905E1
1.013786754E1,-3.471123851E0,-1.065206220E1,7.200703404E0,1.331785491E1
1.014787854E1,-4.108919715E0,-1.097271649E1,5.031351314E0,1.275140088E1
1.015789054E1,-3.526347294E0,-1.086854250E1,2.878762313E0,1.178336173E1
1.016790154E1,-2.285589767E0,-1.085835197E1,1.329411841E0,1.117564602E1
1.017791354E1,-1.032051250E0,-1.087562231E1,4.456385243E-1,1.093356685E1
1.018792454E1,-8.617352340E-2,-1.035097270E1,9.810896963E-2,1.035179632E1
1.019793654E1,3.914104231E-1,-9.461479050E0,2.476263669E-1,9.472808810E0
1.020794754E1,5.241300123E-1,-8.448764103E0,6.146905920E-1,8.487294720E0
1.021795954E1,4.517558082E-1,-7.367888163E0,7.741152191E-1,7.422204098E0
1.022797054E1,1.721845673E-1,-6.433351659E0,5.463164681E-1,6.458801962E0
1.023798254E1,-3.366974049E-1,-5.645052849E0,2.910118300E-1,5.662567854E0
1.024799354E1,-8.209096089E-1,-4.867792413E0,2.454748839E-1,4.942626172E0
1.025800454E1,-1.057868754E0,-4.062575853E0,3.019110399E-1,4.208890488E0
1.026801654E1,-1.012003706E0,-3.230164479E0,3.188724969E-1,3.399969666E0
1.027802754E1,-7.214271283E-1,-2.178702373E0,3.018601692E-1,2.314804677E0
1.028803954E1,-2.695426814E-1,-9.125667608E-1,2.761502543E-1,9.908028628E-1
1.029805054E1,3.641977007E-1,5.963809133E-1,3.363426617E-1,7.755234006E-1
1.030806254E1,1.162174237E0,2.335349280E0,4.392369926E-1,2.645266405E0
1.031807354E1,2.082181653E0,4.083151621E0,5.648006862E-1,4.618073993E0
1.032808542E1,2.784271893E0,5.665770119E0,8.290379696E-1,6.367136324E0
1.033809642E1,3.299914745E0,6.904474688E0,1.169838987E0,7.741429539E0
1.034810842E1,3.711978557E0,7.775094693E0,1.395833872E0,8.728071637E0
1.035811942E1,3.593691139E0,8.239821453E0,1.314930481E0,9.085060030E0
1.036813142E1,2.924346914E0,8.028985475E0,1.116808322E0,8.617637348E0
1.037814242E1,2.319467658E0,7.473280717E0,9.434629367E-1,7.881622752E0
1.038815342E1,2.200481205E0,7.077244123E0,7.442634290E-1,7.448720022E0
1.039816542E1,2.403707909E0,6.645972208E0,4.615061134E-1,7.082354565E0
1.040817642E1,2.703293511E0,6.327750360E0,9.161421139E-2,6.881614170E0
1.041818842E1,2.900964776E0,5.863310698E0,1.744931942E-1,6.544039796E0
1.042819942E1,3.187750823E0,5.379083474E0,6.859813070E-1,6.290219765E0
1.043821142E1,2.766872626E0,5.176329517E0,8.392005765E-1,5.929100185E0
1.044822242E1,2.251684103E0,4.946224625E0,9.444598138E-1,5.516087715E0
1.045823442E1,1.518710624E0,4.772817258E0,9.427512574E-1,5.096572032E0
1.046824542E1,1.056595231E0,4.700927496E0,7.667348635E-1,4.878831331E0
1.047825742E1,7.184250216E-1,4.448447063E0,5.352354463E-1,4.537762969E0
1.048826842E1,7.425463942E-1,3.918278850E0,4.379260834E-1,4.011989974E0
1.049828042E1,8.080450036E-1,3.161011214E0,6.578994691E-1,3.328326957E0
1.050829142E1,6.073939978E-1,2.252396586E0,1.134252248E0,2.593982654E0
1.051830242E1,-4.527528316E-2,1.448845314E0,1.506197144E0,2.090414416E0
1.052831442E1,-6.999625844E-1,1.075757287E0,1.459274408E0,1.943369022E0
1.053832542E1,-7.179019882E-1,1.412753375E0,8.282299574E-1,1.788077243E0
1.054833742E1,-7.218884736E-1,2.146324586E0,3.801298285E-1,2.296155675E0
1.055834842E1,-5.815155369E-1,3.063468547E0,-2.331752658E-2,3.118259701E0
1.056836042E1,-3.374477854E-1,4.147718915E0,-6.584391671E-1,4.213191823E0
1.057837142E1,8.160714765E-1,5.118843201E0,-9.001806039E-1,5.261069615E0
1.058838342E1,1.688240701E0,5.767399405E0,-1.205443779E0,6.129122879E0
1.059839442E1,1.493374492E0,5.959250059E0,-1.651707444E0,6.361679504E0
1.060840642E1,8.307616556E-1,5.333243642E0,-1.579413055E0,5.623895294E0
1.061841742E1,-3.184161948E-1,4.840824469E0,-1.244493313E0,5.008366402E0
1.062842842E1,-3.860300345E-1,4.882010502E0,-6.069537024E-1,4.934717675E0
1.063844042E1,-1.522139870E-2,4.856652882E0,6.071865678E-1,4.894485104E0
1.064845142E1,1.302443313E0,4.294903273E0,1.133194194E0,4.628896390E0
1.065846342E1,1.451498488E0,3.326610793E0,-9.232899696E-1,3.745083657E0
1.066847442E1,-2.804141171E-1,2.231874613E0,-2.492868592E0,3.357720981E0
1.067848642E1,-8.188184984E-1,1.362402416E0,-1.867152490E0,2.452113884E0
1.068849742E1,-1.089765827E0,3.593371296E-1,5.762007102E-1,1.284024918E0
1.069850942E1,-1.353172294E0,-7.660051310E-1,2.074044814E0,2.592200033E0
1.070852042E1,-1.072080704E0,-1.968411940E0,2.578172744E0,3.416281209E0
1.071853242E1,-3.157965691E-1,-3.460094540E0,2.723473130E0,4.414667325E0
1.072854342E1,1.044483290E-1,-5.080762625E0,1.859124556E0,5.411229289E0
1.073855542E1,-1.603184106E-2,-6.237703239E0,5.149727610E-1,6.258945251E0
1.074856642E1,-1.021045183E-1,-6.469365245E0,-2.772267267E-1,6.476107370E0
1.075857742E1,-9.518612925E-2,-6.582897708E0,-5.943729794E-1,6.610361705E0
1.076858942E1,-3.559073356E-1,-7.204237461E0,-3.618312594E-1,7.222093138E0
1.077860042E1,-4.363279297E-1,-8.204430596E0,4.791056478E-1,8.229982119E0
1.078861242E1,-2.330825143E-1,-9.245178849E0,1.577403659E0,9.381676913E0
1.079862342E1,-2.240009113E-1,-1.014650375E1,2.674927791E0,1.049556828E1
1.080863542E1,-7.106928098E-1,-1.100380029E1,3.660180120E0,1.161833136E1
1.081864642E1,-9.768556543E-1,-1.126942994E1,4.137421091E0,1.204460674E1
1.082865842E1,-1.039031437E0,-1.093159186E1,3.782052174E0,1.161392292E1
1.083866942E1,-1.254424370E0,-1.060392325E1,2.992794421E0,1.108934566E1
1.084868142E1,-1.251911091E0,-1.046465894E1,2.405010084E0,1.081020081E1
1.085869242E1,-1.113196497E0,-1.003513885E1,1.981219389E0,1.028923945E1
1.086870442E1,-9.970976186E-1,-9.313127587E0,1.559650927E0,9.495317801E0
1.087871542E1,-8.900340767E-1,-8.443442552E0,1.272716361E0,8.585085307E0
1.088872642E1,-7.782446690E-1,-7.483207535E0,1.042498032E0,7.595450081E0
1.089873842E1,-6.087215715E-1,-6.469330747E0,7.730741224E-1,6.543731799E0
1.090874942E1,-4.722938608E-1,-5.477729511E0,4.930685064E-1,5.520117629E0
1.091876142E1,-4.448509774E-1,-4.457290977E0,2.698779461E-1,4.487557169E0
1.092877242E1,-4.818919192E-1,-3.472367261E0,3.308530033E-2,3.505802170E0
1.093878442E1,-3.473502279E-1,-2.445832420E0,-1.330533922E-1,2.473954650E0
1.094879542E1,1.200385499E-1,-1.315500730E0,-1.940199709E-1,1.335138635E0
1.095880742E1,5.700299974E-1,-1.433205181E-1,-2.380796179E-1,6.341583976E-1
1.096881842E1,7.145516067E-1,1.009132358E0,-2.527932590E-1,1.262076284E0
1.097883042E1,1.108317873E0,2.211991156E0,-1.374009432E-1,2.477933091E0
1.098884142E1,1.447709054E0,3.404944187E0,3.905311480E-2,3.700139398E0
1.099885242E1,1.915656606E0,4.682388314E0,3.830464196E-1,5.073581094E0
1.100886442E1,2.216822711E0,5.846058488E0,6.025614202E-1,6.281224645E0
1.101887542E1,2.719062282E0,6.925427601E0,8.091458881E-1,7.483953782E0
1.102888742E1,3.377185700E0,7.896667662E0,1.175531909E0,8.668599581E0
1.103889842E1,4.283325786E0,8.555663484E0,1.367524577E0,9.665214996E0
1.104891042E1,4.278918447E0,8.682974326E0,1.079466176E0,9.740042785E0
1.105892142E1,3.189917217E0,8.216256589E0,8.882885367E-1,8.858414120E0
1.106893342E1,3.085339180E0,7.848529875E0,1.006000589E0,8.492983942E0
1.107894442E1,3.281205702E0,7.462088562E0,1.215266590E0,8.241720054E0
1.108895642E1,3.058322705E0,6.965846479E0,1.329922303E0,7.723020670E0
1.109896742E1,2.589548210E0,6.477366575E0,1.228319914E0,7.083135428E0
1.110897942E1,2.443611209E0,6.095327631E0,1.252577673E0,6.685297712E0
1.111899042E1,2.045502362E0,5.631097299E0,1.472485607E0,6.169404393E0
1.112900142E1,1.359807568E0,5.046076941E0,2.124493421E0,5.641404206E0
1.113901342E1,9.466536891E-1,4.368205723E0,2.897565497E0,5.326655635E0
1.114902442E1,7.044421363E-1,3.429388472E0,2.755032599E0,4.455013876E0
1.115903642E1,5.882622005E-1,2.369660157E0,2.304768927E0,3.357573750E0
1.116904742E1,2.213336308E-1,1.045606704E0,2.491644770E0,2.711194500E0
1.117905942E1,-4.187775850E-3,-2.796378261E-1,2.521874875E0,2.537334770E0
1.118907042E1,-2.744623093E-1,-1.425591522E0,2.115293412E0,2.565561725E0
1.119908242E1,-7.408948481E-1,-2.247302492E0,1.743272502E0,2.939097256E0
1.120909342E1,-1.480008781E0,-2.107794358E0,1.042909384E0,2.778647698E0
1.121910542E1,-2.712780326E0,-9.196629417E-1,-7.095105028E-1,2.950993422E0
1.122911642E1,-3.772530568E0,2.827970767E-1,-1.720234473E0,4.155859444E0
1.123912742E1,-3.584285308E0,1.856089266E0,-2.783850017E0,4.903263142E0
1.124913942E1,-2.892607643E0,3.618168753E0,-3.739113731E0,5.953091264E0
1.125915042E1,-2.094415490E0,5.226730762E0,-4.423370109E0,7.160411568E0
1.126916242E1,-9.052573027E-1,6.750926220E0,-5.051869193E0,8.480322987E0
1.127917342E1,3.192747854E-1,8.546483940E0,-5.674626312E0,1.026380572E1
1.128918542E1,8.143091257E-1,1.045690086E1,-5.511798313E0,1.184861998E1
1.129919642E1,2.299837824E0,1.143384897E1,-4.350333708E0,1.244779336E1
1.130920842E1,2.033320419E0,1.162126510E1,-2.578993109E0,1.207639846E1
1.131921942E1,1.836382249E0,9.780671536E0,-1.638949112E0,1.008563283E1
1.132923167E1,1.775614329E0,7.484903228E0,-7.664635527E-1,7.730721115E0
1.133924267E1,1.983787193E0,5.530252710E0,1.175793645E0,5.991794169E0
1.134925467E1,1.482994661E0,2.598918958E0,3.465365805E0,4.578472789E0
1.135926567E1,-2.528099236E-1,-1.469297120E0,4.113427334E0,4.375274999E0
1.136927667E1,-3.037993690E0,-5.448968811E0,3.695674766E0,7.251115689E0
1.137928867E1,-4.608778886E0,-7.740902515E0,4.029474766E0,9.869097297E0
1.138929967E1,-3.410322163E0,-8.098294276E0,4.376132793E0,9.816476234E0
1.139931167E1,-1.323773371E0,-6.858500955E0,2.907806311E0,7.566158129E0
1.140932267E1,1.275361934E0,-4.833925340E0,1.787569839E-1,5.002532989E0
1.141933467E1,2.651495951E0,-3.587018881E0,-2.533860205E0,5.130066546E0
1.142934567E1,2.740313695E0,-3.284243622E0,-4.103745222E0,5.927588056E0
1.143935767E1,2.578879965E0,-3.959338583E0,-4.045918306E0,6.220646174E0
1.144936867E1,1.899344190E0,-5.506674398E0,-2.304846403E0,6.264446361E0
1.145938067E1,6.718099952E-1,-7.726414869E0,6.061975113E-1,7.779221736E0
1.146939167E1,-2.019482289E-1,-9.755739008E0,3.151251626E0,1.025405352E1
1.147940367E1,-1.017933002E0,-1.105846123E1,4.014593017E0,1.180858626E1
1.148941467E1,-2.098086811E0,-1.183058957E1,3.574612843E0,1.253565614E1
1.149942567E1,-2.069649901E0,-1.144636435E1,3.167032969E0,1.205540565E1
1.150943767E1,-1.640051458E0,-1.019693599E1,3.308385022E0,1.084493816E1
1.151944867E1,-2.047664955E0,-9.341538039E0,3.477861597E0,1.017608893E1
1.152946067E1,-1.861722181E0,-9.095506500E0,3.557792158E0,9.942440999E0
1.153947167E1,-1.241290354E0,-9.181145405E0,3.592074676E0,9.936661068E0
1.154948367E1,-1.131626556E0,-9.234593049E0,3.440231256E0,9.919348696E0
1.155949467E1,-1.146254096E0,-8.902508622E0,3.041175452E0,9.477199289E0
1.156950667E1,-1.222998071E0,-8.142032034E0,2.418161641E0,8.581137200E0
1.157951767E1,-1.293913249E0,-7.095943519E0,1.681139697E0,7.406271437E0
1.158952967E1,-1.359538450E0,-6.028224399E0,1.031061171E0,6.265055574E0
1.159954067E1,-1.444096205E0,-5.075638125E0,4.904439837E-1,5.299816179E0
1.160955267E1,-1.259953059E0,-4.156496755E0,4.009465009E-2,4.343449616E0
1.161956367E1,-8.841968013E-1,-3.182673393E0,-2.758701727E-1,3.314712396E0
1.162957567E1,-5.679940700E-1,-2.078235514E0,-4.313137230E-1,2.197205416E0
1.163958667E1,-2.235286756E-1,-8.366681474E-1,-4.833007327E-1,9.917450559E-1
1.164959767E1,2.910673785E-1,5.830779129E-1,-3.711210233E-1,7.499539221E-1
1.165960967E1,1.114009480E0,2.197094790E0,-1.246034347E-1,2.466529678E0
1.166962067E1,1.722450860E0,3.679707774E0,-1.452191091E-1,4.065485808E0
1.167963267E1,1.972522094E0,5.081839682E0,1.073847002E-1,5.452290293E0
1.168964367E1,2.159155716E0,6.353228433E0,4.268951283E-1,6.723667479E0
1.169965567E1,2.842177162E0,7.567087013E0,8.569240719E-1,8.128535892E0
1.170966667E1,2.857836883E0,8.340919812E0,8.308374502E-1,8.855984746E0
1.171967867E1,1.941083662E0,8.662984450E0,2.662143731E-1,8.881777719E0
1.172968967E1,1.721527731E0,8.786663001E0,-9.090205707E-2,8.954181571E0
1.173970167E1,2.139505855E0,8.654372086E0,-7.277093768E-1,8.944562731E0
1.174971267E1,2.853133675E0,8.397909699E0,-1.088175092E0,8.935848259E0
1.175972467E1,3.546390672E0,7.991929915E0,-9.666190070E-1,8.796714322E0
1.176973567E1,3.921369104E0,7.705587087E0,-6.710001558E-1,8.671992228E0
1.177974767E1,3.554610396E0,7.478096484E0,-4.140553737E-1,8.290272851E0
1.178975867E1,2.992824242E0,7.214736137E0,-1.444694960E-1,7.812188291E0
1.179977067E1,2.710915942E0,6.665477350E0,2.279162800E-1,7.199277698E0
1.180978167E1,2.396962269E0,5.626763343E0,4.753985131E-1,6.134484297E0
1.181979367E1,1.981816535E0,4.311150346E0,8.183681166E-1,4.814908147E0
1.182980467E1,1.415252183E0,2.698515751E0,1.478829836E0,3.387013978E0
1.183981667E1,8.725699054E-1,8.919202423E-1,2.012066667E0,2.367554061E0
1.184982767E1,3.318407442E-1,-1.033099510E0,2.170790505E0,2.426879539E0
1.185983867E1,-4.866256057E-1,-2.780877877E0,2.614333388E0,3.847703901E0
1.186985067E1,-1.276597012E0,-3.720790896E0,2.876736546E0,4.873355925E0
1.187986167E1,-2.004765980E0,-3.037484105E0,2.595776664E0,4.470285540E0
1.188987367E1,-2.774269354E0,-1.175578029E0,1.090736099E0,3.204412487E0
1.189988467E1,-2.972188540E0,4.980547196E-1,-1.255163312E-2,3.013655715E0
1.190989667E1,-2.523054258E0,2.087769983E0,-8.880365217E-1,3.393109954E0
1.191990767E1,-1.667634529E0,3.645258903E0,-2.076354464E0,4.514439639E0
1.192991967E1,-9.634563942E-1,5.092043658E0,-3.339260659E0,6.165048142E0
1.193993067E1,1.493513364E-1,6.489952122E0,-4.400586433E0,7.842636376E0
1.194994267E1,1.801410783E0,7.639676102E0,-5.307904733E0,9.475420013E0
1.195995367E1,3.064744409E0,8.674522176E0,-5.729248077E0,1.083809378E1
1.196996567E1,4.078525596E0,9.668193911E0,-5.258409222E0,1.173708704E1
1.197997667E1,4.526529027E0,9.143827890E0,-4.254461006E0,1.105438791E1
1.198998867E1,2.730531011E0,7.252308590E0,-2.928464524E0,8.284182757E0
1.199999967E1,1.548929473E0,6.150807182E0,-6.744063051E-1,6.378591958E0
1.201001167E1,1.631956134E0,5.820145383E0,2.511979047E0,6.545793446E0
1.202002267E1,8.479833868E-1,5.146348504E0,3.935682503E0,6.534032102E0
1.203003467E1,-3.114080876E-2,4.028745033E0,2.644791534E0,4.819406452E0
1.204004567E1,-4.384594591E-1,2.720166821E0,2.673711570E0,3.839308244E0
1.205005767E1,-8.582032965E-1,1.293228101E0,2.735922729E0,3.145508703E0
1.206006867E1,-9.861321158E-1,-7.729779357E-1,2.559698466E0,2.849913626E0
1.207007967E1,-1.378155839E0,-3.439931002E0,2.401432465E0,4.415803064E0
1.208009167E1,-2.443395008E0,-6.677907361E0,1.825485232E0,7.341459134E0
1.209010267E1,-2.413896975E0,-9.769279990E0,1.271973180E0,1.014315759E1
1.210011467E1,-1.194870040E0,-1.150609132E1,1.626947702E0,1.168181538E1
1.211012567E1,4.938090928E-1,-1.146419134E1,2.049681513E0,1.165644563E1
1.212013767E1,2.106558549E0,-1.009757074E1,2.113116494E0,1.052918730E1
1.213014867E1,2.189115241E0,-8.437438046E0,1.006136245E0,8.774673582E0
1.214016067E1,5.614638264E-1,-7.167031628E0,-6.290297189E-1,7.216457744E0
1.215017167E1,-6.328038043E-1,-6.877623104E0,-9.002054545E-1,6.965092252E0
1.216018367E1,-1.308912380E0,-8.183229761E0,5.139775649E-1,8.303172519E0
1.217019467E1,-1.153672240E0,-9.749884776E0,2.360630594E0,1.009771210E1
1.218020667E1,-3.828551791E-1,-1.098754503E1,3.520127903E0,1.154400383E1
1.219021767E1,-1.624112570E-1,-1.186768664E1,4.107574856E0,1.255947988E1
1.220022967E1,-4.691537233E-1,-1.218955248E1,4.192980749E0,1.289908455E1
1.221024067E1,-8.084467804E-1,-1.145098131E1,3.856548625E0,1.210997632E1
1.222025267E1,-8.233019972E-1,-9.725767350E0,3.096532797E0,1.023996543E1
1.223026367E1,-1.065235734E0,-7.980041356E0,2.217197810E0,8.350554074E0
1.224027567E1,-1.379430824E0,-6.669610162E0,1.550956703E0,6.985126756E0
1.225028667E1,-1.410846013E0,-5.764910830E0,1.104815610E0,6.036994358E0
1.226029767E1,-1.417450590E0,-5.108587185E0,6.680034578E-1,5.343506136E0
1.227030967E1,-1.566548742E0,-4.543768957E0,3.409982148E-1,4.818318283E0
1.228032067E1,-1.523640265E0,-3.771984438E0,1.160786328E-1,4.069744526E0
1.229033267E1,-1.194738989E0,-2.852648356E0,-1.930180505E-2,3.092794279E0
1.230034367E1,-1.038332695E0,-1.798279599E0,-6.854997888E-2,2.077653340E0
1.231035567E1,-7.338447140E-1,-6.679005468E-1,-5.844423607E-2,9.939994635E-1
1.232036667E1,-2.914062247E-1,5.297887284E-1,-1.141098753E-2,6.047511018E-1
1.233037837E1,2.198838137E-1,1.892406322E0,1.691668193E-1,1.912633784E0
1.234038937E1,1.022772450E0,3.320629091E0,4.984995465E-1,3.510148550E0
1.235040137E1,1.667233410E0,4.371749720E0,4.612469356E-1,4.701554168E0
1.236041238E1,2.495572929E0,5.531979977E0,6.787611651E-1,6.106668768E0
1.237042437E1,2.823793516E0,6.516420128E0,1.022939388E0,7.175231432E0
1.238043537E1,2.809606709E0,6.959818000E0,1.106382006E0,7.586635459E0
1.239044737E1,3.412946686E0,7.045477955E0,8.589272549E-1,7.875577485E0
1.240045837E1,3.712273549E0,7.160276340E0,7.431963122E-1,8.099560045E0
1.241047037E1,3.183942532E0,7.108946557E0,5.503774325E-1,7.808810826E0
1.242048138E1,3.029105045E0,6.943935792E0,2.430266547E-1,7.579761449E0
1.243049337E1,3.460995011E0,6.691278774E0,-2.145986982E-1,7.536428245E0
1.244050437E1,4.447092263E0,6.414217815E0,-3.706240100E-1,7.813845528E0
1.245051637E1,4.663191613E0,6.241363596E0,-6.312770963E-2,7.791274649E0
1.246052737E1,3.866781253E0,6.237091035E0,2.616512243E-1,7.343143959E0
1.247053937E1,2.924698624E0,6.222908029E0,4.357263243E-1,6.889724509E0
1.248055038E1,2.052905083E0,6.038513744E0,5.378432679E-1,6.400573639E0
1.249056237E1,1.420499766E0,5.635798461E0,5.333561146E-1,5.836481185E0
1.250057337E1,6.005318516E-1,4.787377410E0,6.189675379E-1,4.864436430E0
1.251058438E1,6.883313030E-2,3.557189895E0,9.459917843E-1,3.681472315E0
1.252059637E1,-2.647578317E-1,1.981158870E0,1.630300788E0,2.579334766E0
1.253060737E1,-8.451757000E-1,3.106684148E-1,2.125248882E0,2.308142031E0
1.254061938E1,-1.106683942E0,-8.972306836E-1,2.078126171E0,2.519599299E0
1.255063037E1,-1.209054070E0,-1.363851941E0,1.808490007E0,2.567594198E0
1.256064237E1,-1.384190896E0,-6.332224649E-1,1.000091393E0,1.821301162E0
1.257065338E1,-1.573181969E0,7.425004935E-1,2.945195746E-1,1.764355483E0
1.258066537E1,-1.745734619E0,1.997512947E0,-2.254897221E-1,2.662422384E0
1.259067637E1,-1.430769524E0,3.330264718E0,-1.140995915E0,3.799952131E0
1.260068838E1,-5.989253291E-1,4.824500797E0,-2.421895089E0,5.431399020E0
1.261069937E1,1.703918695E0,6.230590686E0,-3.812134929E0,7.500398118E0
1.262071137E1,4.200095349E0,7.265756602E0,-5.234200580E0,9.890848075E0
1.263072238E1,4.381970653E0,7.970179442E0,-5.593510228E0,1.067767689E1
1.264073437E1,4.176525223E0,7.894422916E0,-4.646376190E0,1.006747674E1
1.265074537E1,2.382671674E0,6.380491076E0,-3.600177455E0,7.703834654E0
1.266075738E1,1.313223678E0,5.037008495E0,-2.873734585E0,5.945953369E0
1.267076837E1,5.928215669E-1,4.462266372E0,-3.401767979E0,5.642276489E0
1.268078037E1,3.647418572E-1,4.577068266E0,-3.960945983E0,6.063965997E0
1.269079138E1,-5.413884348E-1,4.348372552E0,-3.153767391E0,5.398860439E0
1.270080337E1,-1.274852349E0,3.480221826E0,-1.225905307E-1,3.708398698E0
1.271081437E1,-6.653859517E-1,2.215177304E0,2.887812926E0,3.699893573E0
1.272082638E1,1.218791438E-1,1.194904246E0,2.717430617E0,2.971040195E0
1.273083737E1,-4.454232006E-1,-3.037833184E-1,1.471266462E0,1.566943246E0
1.274084937E1,-6.281580453E-1,-2.288027764E0,1.219434778E0,2.667709646E0
1.275086038E1,-6.113523435E-1,-4.594979457E0,1.929503105E0,5.021012859E0
1.276087137E1,-1.163297488E0,-6.854044792E0,2.791177163E0,7.491452530E0
1.277088337E1,-1.679472071E0,-8.498108171E0,3.053401688E0,9.184864223E0
1.278089437E1,-2.037823506E0,-9.161383570E0,3.590345069E0,1.004859449E1
1.279090637E1,-1.204013697E0,-8.013420771E0,4.409315157E0,9.225325013E0
1.280091737E1,-6.354407524E-1,-5.743419389E0,2.805004073E0,6.423293476E0
1.281092938E1,-1.832663566E0,-4.971602125E0,1.139129995E0,5.419695617E0
1.282094037E1,-2.619055599E0,-5.407001005E0,1.617826338E0,6.221934921E0
1.283095237E1,-2.102793819E0,-6.656836919E0,2.301747086E0,7.350731886E0
1.284096337E1,-8.969973066E-1,-8.335875419E0,2.659216907E0,8.795615824E0
1.285097537E1,-1.213533512E-1,-9.758892412E0,3.109545483E0,1.024304549E1
1.286098637E1,8.664821682E-2,-1.068893007E1,3.461466297E0,1.123576801E1
1.287099838E1,7.126812286E-1,-1.100533343E1,3.862820056E0,1.168531802E1
1.288100937E1,1.560324381E0,-1.065597516E1,4.033695286E0,1.150022245E1
1.289102137E1,1.465144427E0,-9.877628896E0,3.391719539E0,1.054599271E1
1.290103237E1,6.511694701E-1,-8.869368358E0,2.554184250E0,9.252760341E0
1.291104437E1,-1.733691949E-1,-7.788597668E0,1.709781990E0,7.975942889E0
1.292105537E1,-1.021835288E0,-7.090014442E0,9.797039062E-1,7.229956562E0
1.293106738E1,-1.755903950E0,-6.842921634E0,6.860617062E-1,7.097848676E0
1.294107837E1,-1.910772573E0,-6.588533839E0,7.144823903E-1,6.897123680E0
1.295109037E1,-1.607741206E0,-6.255360076E0,7.557067224E-1,6.502726668E0
1.296110137E1,-1.458947548E0,-5.663405505E0,7.683875790E-1,5.898568414E0
1.297111337E1,-1.521520357E0,-4.826264902E0,8.443034416E-1,5.130370884E0
1.298112437E1,-1.357721428E0,-3.769495279E0,8.845042187E-1,4.103029350E0
1.299113537E1,-1.045469953E0,-2.571820037E0,7.780778772E-1,2.883170287E0
1.300114737E1,-7.347098827E-1,-1.242922166E0,6.012878966E-1,1.564033650E0
1.301115838E1,-3.361353779E-1,2.767779529E-2,4.302618089E-1,5.466976101E-1
1.302117037E1,1.196112281E-1,1.396042618E0,3.640564173E-1,1.447680528E0
1.303118137E1,4.547177884E-1,2.834935970E0,3.754409462E-1,2.895614983E0
1.304119337E1,6.356101754E-1,3.972041659E0,2.396286915E-1,4.029706832E0
1.305120437E1,1.094876805E0,4.756811675E0,2.736337589E-1,4.888853440E0
1.306121637E1,2.097863886E0,5.345257332E0,5.018595028E-1,5.764084644E0
1.307122738E1,3.706079886E0,6.118462139E0,7.980724311E-1,7.197744555E0
1.308123937E1,4.431770219E0,6.658100502E0,9.885934281E-1,8.059045014E0
1.309125037E1,3.813159654E0,6.221350331E0,1.185518369E0,7.392620664E0
1.310126238E1,2.880729901E0,5.494680004E0,1.223456858E0,6.323524318E0
1.311127337E1,2.529742011E0,5.440154718E0,1.171744083E0,6.112925829E0
1.312128537E1,2.241223142E0,5.342293378E0,1.268551682E0,5.930632603E0
1.313129638E1,2.088072577E0,4.879828321E0,1.091717847E0,5.418913119E0
1.314130837E1,2.531522196E0,4.842200319E0,6.373716491E-1,5.501068185E0
1.315131937E1,3.071997003E0,5.073165337E0,3.324381834E-1,5.940091521E0
1.316133138E1,3.102470645E0,5.538872675E0,2.642274892E-1,6.354073558E0
1.317134237E1,2.933995990E0,6.153775229E0,2.753056423E-1,6.822981403E0
1.318135437E1,2.671375608E0,6.746235584E0,2.502199360E-1,7.260203317E0
1.319136538E1,1.952937576E0,7.063517200E0,3.521251738E-1,7.336977071E0
1.320137737E1,1.487563091E0,7.002224346E0,4.840430367E-1,7.174837100E0
1.321138837E1,1.017149768E0,6.742980439E0,5.347652205E-1,6.840201217E0
1.322140038E1,1.314857537E-1,6.504048005E0,1.068661691E0,6.592569056E0
1.323141137E1,-7.650732310E-1,5.807376818E0,1.352663294E0,6.011710284E0
1.324142237E1,-1.012954098E0,4.951802284E0,1.375619463E0,5.238201100E0
1.325143438E1,-8.394812429E-1,4.339855497E0,1.284372493E0,4.603117117E0
1.326144537E1,-1.969744228E-1,3.841822413E0,1.120068072E0,4.006613390E0
1.327145737E1,7.448985828E-1,3.025552277E0,8.477579767E-1,3.229169253E0
1.328146838E1,1.773820404E0,1.688268914E0,2.362649163E-1,2.460185331E0
1.329148037E1,2.842394971E0,-8.179026783E-2,-7.845162463E-1,2.949807546E0
1.330149137E1,3.032509002E0,-2.418732330E0,-2.059560091E0,4.391829311E0
1.331150338E1,2.792519099E0,-3.910279859E0,-3.373517742E0,5.871036829E0
1.332151437E1,2.568804628E0,-3.511562317E0,-5.897219871E0,7.328507988E0
1.333152662E1,1.782452209E0,-7.676990694E-1,-7.822084672E0,8.059249739E0
1.334153763E1,1.182063030E0,2.557193227E0,-8.666916118E0,9.113283996E0
1.335154962E1,2.006718073E0,5.460879005E0,-8.524603075E0,1.032070611E1
1.336156062E1,2.151692622E0,8.513235503E0,-7.339163132E0,1.144413716E1
1.337157263E1,1.447300772E0,1.060897524E1,-4.232556167E0,1.151345156E1
1.338158362E1,1.305646418E0,1.104884724E1,-1.048202576E-1,1.112621792E1
1.339159562E1,1.568008060E0,1.047427878E1,5.871272852E0,1.210954211E1
1.340160663E1,6.019066782E-1,8.863045179E0,1.017401958E1,1.350653678E1
1.341161862E1,-1.003216072E0,5.415678273E0,1.007045720E1,1.147824560E1
1.342162962E1,-3.070468249E0,1.504238911E0,8.982379834E0,9.611121550E0
1.343164163E1,-5.286293424E0,-2.089355748E0,7.636566553E0,9.519845289E0
1.344165262E1,-7.492637340E0,-5.274648110E0,4.912365153E0,1.039677154E1
1.345166462E1,-8.239254273E0,-7.214403430E0,2.215335764E0,1.117321084E1
1.346167563E1,-6.744668530E0,-8.439614965E0,1.589022807E0,1.091982820E1
1.347168762E1,-4.208991010E0,-8.552342851E0,8.463949907E-1,9.569459652E0
1.348169862E1,-1.846452762E0,-8.314970453E0,3.115592381E-1,8.523214804E0
1.349170962E1,4.811343758E-1,-8.477110820E0,-4.105745262E-1,8.500674654E0
1.350172162E1,2.260381544E0,-8.743274322E0,-1.518556988E0,9.157520730E0
1.351173262E1,3.525775729E0,-9.277936705E0,-1.695455727E0,1.006905031E1
1.352174463E1,3.799854607E0,-9.768374256E0,-2.328118321E0,1.073686014E1
1.353175562E1,2.951360174E0,-1.023899384E1,-4.073822388E0,1.140804762E1
1.354176762E1,1.826562727E0,-1.056674314E1,-2.768157552E0,1.107497577E1
1.355177862E1,4.510768003E-1,-1.067145157E1,9.604990187E-1,1.072408072E1
1.356179062E1,-5.140289473E-1,-1.046901278E1,3.244218262E0,1.097221065E1
1.357180162E1,-7.542549319E-1,-9.814698822E0,3.743631290E0,1.053147609E1
1.358181363E1,-1.644710958E0,-9.187827018E0,3.897502231E0,1.011492774E1
1.359182462E1,-3.250588803E0,-8.793895422E0,3.195547501E0,9.905071837E0
1.360183662E1,-4.384098455E0,-8.693698120E0,1.885407205E0,9.917432459E0
1.361184762E1,-4.436975995E0,-8.758273015E0,1.019169104E0,9.870805836E0
1.362185962E1,-3.380642866E0,-8.467327843E0,1.165726056E0,9.191479980E0
1.363187062E1,-2.647416349E0,-7.714297099E0,1.429641888E0,8.280281939E0
1.364188263E1,-2.378112453E0,-6.444191812E0,1.258742393E0,6.983370201E0
1.365189362E1,-1.638262210E0,-4.895496520E0,1.128529578E0,5.284256642E0
1.366190562E1,-6.012574911E-1,-3.408440237E0,9.463483183E-1,3.588112395E0
1.367191662E1,1.385757950E-1,-2.261114200E0,6.488741456E-1,2.356454611E0
1.368192862E1,4.929817484E-1,-1.368927324E0,1.572053164E-1,1.463457049E0
1.369193962E1,9.252928602E-1,-3.301150846E-1,3.949884805E-1,1.058847839E0
1.370195062E1,1.557661705E0,9.828824526E-1,5.565694146E-1,1.924093921E0
1.371196262E1,2.089082099E0,2.304805765E0,3.966797876E-1,3.135880814E0
1.372197363E1,2.714269320E0,3.449243277E0,2.305871420E-1,4.395191413E0
1.373198562E1,3.189832724E0,4.481777946E0,2.419045740E-1,5.506349443E0
1.374199662E1,3.769095914E0,5.625838898E0,2.480423963E-1,6.776257990E0
1.375200862E1,4.389605070E0,6.640800930E0,3.131119663E-1,7.966612126E0
1.376201962E1,3.898707635E0,7.454137518E0,3.139549886E-1,8.417995907E0
1.377203162E1,3.724411492E0,7.965867121E0,3.120763878E-1,8.799072202E0
1.378204263E1,3.930317683E0,8.297979029E0,3.900437826E-1,9.189993864E0
1.379205462E1,3.490687757E0,8.263206223E0,4.115451640E-1,8.979690836E0
1.380206562E1,3.047957053E0,8.230503330E0,3.867629099E-1,8.785261113E0
1.381207763E1,3.006683897E0,8.453134312E0,4.282091439E-1,8.982148453E0
1.382208862E1,2.717427986E0,8.336634972E0,5.257944953E-1,8.784096844E0
1.383210062E1,2.298821578E0,7.962155308E0,6.618662202E-1,8.313757555E0
1.384211163E1,2.204140538E0,7.444389040E0,9.287145046E-1,7.819186295E0
1.385212362E1,2.193032729E0,6.840809619E0,1.198405632E0,7.283010700E0
1.386213462E1,2.173526125E0,5.980258520E0,1.298505213E0,6.494137631E0
1.387214663E1,1.791053464E0,4.866635833E0,1.606783286E0,5.428974984E0
1.388215762E1,1.322126064E0,3.370246224E0,2.177112515E0,4.224499479E0
1.389216962E1,1.157265719E0,1.628646026E0,2.765010288E0,3.411309677E0
1.390218063E1,1.367618279E0,-1.984784728E-1,3.134390595E0,3.425518627E0
1.391219262E1,1.717792675E0,-1.793597733E0,2.866391652E0,3.792625160E0
1.392220362E1,1.595758654E0,-3.271010789E0,2.841287508E0,4.617236399E0
1.393221563E1,1.784305046E0,-3.734969224E0,4.214987622E0,5.907610368E0
1.394222662E1,1.413532517E0,-2.480383033E0,3.571447746E0,4.572265649E0
1.395223762E1,5.076333359E-2,-5.688188928E-1,3.586904275E-1,6.743816958E-1
1.396224963E1,-4.516414221E-1,9.397270775E-1,-1.420596246E0,1.762146602E0
1.397226062E1,-7.935515832E-1,2.508419847E0,-3.335886816E0,4.248533287E0
1.398227262E1,-9.143959160E-1,4.130306491E0,-5.423163294E0,6.877954036E0
1.399228363E1,-1.068097727E0,5.858104922E0,-6.816967598E0,9.051479065E0
1.400229562E1,-1.001569569E0,7.847926442E0,-7.599805108E0,1.097042063E1
1.401230662E1,-1.067820423E0,9.492194474E0,-7.440431644E0,1.210793209E1
1.402231863E1,-1.496006763E0,1.056302782E1,-6.010941784E0,1.224528538E1
1.403232962E1,-1.198581341E0,1.080901083E1,-3.382670388E0,1.138919537E1
1.404234162E1,-1.352298135E0,1.009470561E1,-4.235606074E-1,1.019368408E1
1.405235263E1,-1.180063794E0,8.290653053E0,2.697186679E0,8.797857386E0
1.406236462E1,1.676447525E-1,6.392522891E0,4.946050962E0,8.084297978E0
1.407237562E1,1.711462041E0,4.653159252E0,4.433353060E0,6.650985845E0
1.408238763E1,2.491939470E0,2.432189696E0,4.903047615E0,6.013749658E0
1.409239862E1,1.108908734E0,-1.010004762E0,5.293188461E0,5.501602701E0
1.410241062E1,-7.243766101E-1,-4.272071065E0,4.566688873E0,6.295233111E0
1.411242163E1,-1.183686948E0,-5.447036306E0,3.164877977E0,6.409974409E0
1.412243362E1,-1.295165576E0,-5.163353961E0,1.628817934E0,5.566931458E0
1.413244462E1,-1.129989408E0,-4.669669451E0,3.128260374E-5,4.804444696E0
1.414245663E1,-6.061050887E-1,-4.482884824E0,-1.689868712E0,4.829003623E0
1.415246762E1,-3.370046396E-2,-4.862238142E0,-4.119589130E0,6.372872984E0
1.416247862E1,6.389742979E-1,-5.624835516E0,-6.275582671E0,8.451627098E0
1.417249063E1,1.388524852E0,-6.226411096E0,-6.318972520E0,8.979176471E0
1.418250162E1,1.582669954E0,-7.029050202E0,-4.867897078E0,8.695332822E0
1.419251362E1,1.198832479E0,-7.801108371E0,-2.650517420E0,8.325847328E0
1.420252462E1,4.536999343E-1,-8.419514576E0,-1.127606302E-2,8.431737453E0
1.421253662E1,-3.622528802E-1,-8.888923786E0,2.229700034E0,9.171464194E0
1.422254762E1,-7.699806529E-1,-9.255036669E0,3.738370550E0,1.001119315E1
1.423255963E1,-9.328836425E-1,-9.361001666E0,4.314797840E0,1.034969103E1
1.424257062E1,-1.374652918E0,-9.308119447E0,4.249137116E0,1.032404594E1
1.425258262E1,-1.908817556E0,-9.253273149E0,3.858382312E0,1.020557507E1
1.426259362E1,-2.517420174E0,-9.287940706E0,3.218438473E0,1.014699922E1
1.427260562E1,-2.806789521E0,-9.341550903E0,2.843304213E0,1.016006986E1
1.428261662E1,-2.511345794E0,-9.368096092E0,2.885925445E0,1.011912288E1
1.429262863E1,-2.092341337E0,-9.254271269E0,2.772223413E0,9.884566335E0
1.430263962E1,-1.631548584E0,-8.961200050E0,2.382969589E0,9.415073084E0
1.431265162E1,-1.211372271E0,-8.524914147E0,1.824070205E0,8.801637126E0
1.432266262E1,-8.942471418E-1,-8.057525150E0,1.296499326E0,8.210012180E0
1.433267475E1,-5.150696055E-1,-7.593618169E0,8.750852314E-1,7.661207983E0
1.434268575E1,-2.538783013E-1,-7.069054513E0,5.266680694E-1,7.093191465E0
1.435269675E1,-1.331153452E-1,-6.340730009E0,2.023504990E-1,6.345354400E0
1.436270875E1,-1.167489430E-1,-5.376210737E0,-9.023569375E-2,5.378235276E0
1.437271975E1,-1.071327948E-1,-4.238634932E0,-3.186025017E-1,4.251942036E0
1.438273175E1,1.026049303E-2,-3.047565290E0,-5.247782493E-1,3.092434588E0
1.439274275E1,2.224708412E-1,-1.754593881E0,-6.900357664E-1,1.898484217E0
1.440275475E1,3.462605627E-1,-4.284740227E-1,-6.694999065E-1,8.670158535E-1
1.441276575E1,2.333269279E-1,6.621901560E-1,-6.671906948E-1,9.685456526E-1
1.442277775E1,5.323044929E-1,1.729904013E0,-6.365571320E-1,1.918624755E0
1.443278875E1,8.168273022E-1,2.824366543E0,-4.594420463E-1,2.975792366E0
1.444280075E1,9.456735496E-1,3.828246347E0,-3.894087750E-1,3.962500190E0
1.445281175E1,1.286064531E0,4.757097604E0,-2.702577227E-1,4.935279002E0
1.446282375E1,1.599207926E0,5.596723858E0,-7.209923878E-2,5.821166741E0
1.447283475E1,1.812960496E0,6.425533347E0,1.240235370E-1,6.677550928E0
1.448284675E1,1.972662427E0,7.213207675E0,3.482349481E-1,7.486189257E0
1.449285775E1,2.030340385E0,7.867897022E0,4.556893033E-1,8.138411293E0
1.450286975E1,1.850948686E0,8.274386684E0,3.328304585E-1,8.485414671E0
1.451288075E1,1.650347236E0,8.532232522E0,2.119983318E-1,8.692961584E0
1.452289275E1,1.404394196E0,8.631097829E0,9.672456823E-2,8.745143134E0
1.453290375E1,1.614674835E0,8.600456665E0,-4.268935204E-2,8.750820078E0
1.454291475E1,1.905879769E0,8.126363835E0,-2.313755659E-1,8.350071947E0
1.455292675E1,2.191207521E0,7.275965840E0,-2.843489277E-1,7.604072831E0
1.456293775E1,2.522543212E0,6.556775857E0,-8.989509344E-3,7.025283959E0
1.457294975E1,2.937966834E0,5.853254072E0,6.402484792E-1,6.580436951E0
1.458296075E1,2.783257694E0,4.957437830E0,1.321234510E0,5.836811960E0
1.459297275E1,2.522134199E0,4.008622425E0,1.915167779E0,5.108628220E0
1.460298375E1,2.511107812E0,2.873498358E0,2.265886112E0,4.438118422E0
1.461299575E1,2.555893975E0,1.671065821E0,2.596376588E0,4.008269749E0
1.462300675E1,2.232264330E0,5.684452558E-1,2.950790362E0,3.743433960E0
1.463301875E1,1.601350638E0,-4.350041932E-1,3.266696713E0,3.663995078E0
1.464302975E1,9.371488939E-1,-9.563156283E-1,3.517249904E0,3.763487015E0
1.465304175E1,3.163717890E-1,-4.477920538E-1,3.343995734E0,3.388645202E0
1.466305275E1,-2.806531951E-1,8.674730337E-1,2.764146069E0,2.910632092E0
1.467306475E1,-6.890665904E-1,2.248429835E0,2.003011669E0,3.089062193E0
1.468307575E1,-5.077488184E-1,3.322701344E0,1.380172105E0,3.633597133E0
1.469308775E1,1.223570806E-1,4.346423675E0,6.415108931E-1,4.395214016E0
1.470309875E1,8.693220694E-1,5.506648670E0,-2.970198441E-1,5.582752119E0
1.471311075E1,1.710507630E0,6.699444995E0,-1.411762857E0,7.057015938E0
1.472312175E1,2.251490268E0,7.772698504E0,-2.348974462E0,8.426252517E0
1.473313375E1,2.350418578E0,8.011453183E0,-2.097388653E0,8.608535808E0
1.474314475E1,2.527580296E0,6.890935460E0,-1.412695488E0,7.474581073E0
1.475315575E1,2.307315828E0,5.746182783E0,-4.783665597E-1,6.210568208E0
1.476316775E1,1.330054450E0,4.738192971E0,4.375716325E-1,4.940747555E0
1.477317875E1,5.688729065E-1,3.918364804E0,1.380081473E0,4.193068566E0
1.478319075E1,2.731709518E-1,3.610916451E0,1.690382098E0,3.996339778E0
1.479320175E1,1.697582652E-1,3.305285997E0,1.548620301E0,3.654033146E0
1.480321375E1,6.519193755E-1,3.001975719E0,9.568525489E-1,3.217518281E0
1.481322475E1,1.238520674E0,2.225233930E0,4.995024902E-1,2.595207553E0
1.482323675E1,1.463784657E0,9.805850816E-1,-3.178230679E-1,1.790313975E0
1.483324775E1,9.162443671E-1,-6.405800164E-1,-6.385732520E-1,1.287486814E0
1.484325975E1,1.559064123E-1,-2.484707049E0,-9.591591293E-1,2.667969670E0
1.485327075E1,-1.566707713E-1,-4.271930147E0,-1.424135858E0,4.505784710E0
1.486328275E1,-2.590632101E-1,-5.895832327E0,-1.452315344E0,6.077595942E0
1.487329375E1,-6.832249296E-1,-7.483952470E0,-7.756138605E-1,7.554992902E0
1.488330575E1,-1.062135614E0,-8.853664491E0,1.362471414E-1,8.918187611E0
1.489331675E1,-1.311689807E0,-9.738908967E0,1.170899672E0,9.896357111E0
1.490332875E1,-1.209919165E0,-9.778616824E0,1.914934475E0,1.003754081E1
1.491333975E1,-1.031994971E0,-9.300418079E0,2.371069921E0,9.653225505E0
1.492335075E1,-1.414780459E0,-8.953554230E0,2.385270469E0,9.373219954E0
1.493336275E1,-2.026157141E0,-8.725407570E0,1.721123250E0,9.121420682E0
1.494337375E1,-2.725277580E0,-8.567712842E0,7.763406694E-1,9.024164563E0
1.495338575E1,-3.112571710E0,-8.604007094E0,6.635215670E-2,9.149942258E0
1.496339675E1,-2.909269284E0,-8.910541527E0,-3.044703662E-1,9.378395400E0
1.497340875E1,-2.519604401E0,-9.515900840E0,-2.418425936E-1,9.846789476E0
1.498341975E1,-2.080046689E0,-9.969436029E0,2.114704013E-1,1.018631281E1
1.499343175E1,-1.334787186E0,-1.001699143E1,9.775027218E-1,1.015269845E1
1.500344275E1,-4.589158700E-1,-9.743427111E0,1.781264201E0,9.915537192E0
1.501345475E1,2.750221985E-1,-9.119710464E0,2.438716066E0,9.444156512E0
1.502346575E1,5.607013130E-1,-8.127571285E0,2.680618594E0,8.576567903E0
1.503347775E1,5.166049381E-1,-7.049839393E0,2.541422701E0,7.511720540E0
1.504348875E1,4.142124080E-1,-6.087664855E0,2.182163925E0,6.480206377E0
1.505350075E1,1.948127254E-1,-5.295818539E0,1.678764558E0,5.558947421E0
1.506351175E1,3.650482513E-2,-4.555158164E0,1.209825464E0,4.713223542E0
1.507352375E1,2.896765452E-2,-3.753025426E0,7.853237468E-1,3.834419430E0
1.508353475E1,5.501002014E-2,-2.816990281E0,5.095747577E-1,2.863237115E0
1.509354575E1,9.746208485E-2,-1.833303251E0,3.870557092E-1,1.876249395E0
1.510355775E1,2.229428211E-1,-8.103024673E-1,1.926626860E-1,8.622137210E-1
1.511356875E1,5.054821087E-1,2.458473516E-1,-4.619095713E-2,5.639917437E-1
1.512358075E1,7.176081656E-1,1.339243934E0,-1.753889877E-1,1.529476084E0
1.513359175E1,6.757369852E-1,2.428185523E0,-3.475491428E-1,2.544306549E0
1.514360375E1,6.640082015E-1,3.542509875E0,-4.247972935E-1,3.629150844E0
1.515361475E1,7.970943381E-1,4.625409536E0,-3.981848609E-1,4.710448381E0
1.516362675E1,8.700298018E-1,5.568542032E0,-3.447161669E-1,5.646630983E0
1.517363775E1,1.083263650E0,6.417277079E0,-2.660857344E-1,6.513501889E0
1.518364975E1,1.367036481E0,7.139582459E0,-1.546120763E-1,7.270923691E0
1.519366075E1,1.625837316E0,7.688246584E0,-4.231863856E-2,7.858388727E0
1.520367275E1,1.832385238E0,8.063955333E0,8.538111605E-2,8.269963797E0
1.521368375E1,2.089802622E0,8.302751527E0,1.378844348E-1,8.562824886E0
1.522369575E1,2.373431026E0,8.403097349E0,1.250204508E-1,8.732745846E0
1.523370675E1,2.220253272E0,8.028736968E0,9.550019782E-2,8.330621956E0
1.524371875E1,2.097019401E0,7.445669580E0,9.704912525E-2,7.735948836E0
1.525372975E1,2.497389952E0,6.705795656E0,1.961167642E-1,7.158429558E0
1.526374175E1,2.656935324E0,5.886358083E0,5.865985215E-1,6.484798735E0
1.527375275E1,2.398906468E0,4.974055032E0,1.085763627E0,5.628042143E0
1.528376375E1,2.767583647E0,3.991926870E0,1.473855609E0,5.076145165E0
1.529377575E1,2.987852939E0,2.822478477E0,1.572388794E0,4.400688180E0
1.530378675E1,2.980327865E0,1.635260981E0,1.608365543E0,3.760754230E0
1.531379875E1,2.932276908E0,6.363214892E-1,1.678138028E0,3.437920905E0
1.532380975E1,2.522342944E0,-1.552359742E-1,1.787679766E0,3.095498520E0
1.533382112E1,2.025448020E0,-7.923433292E-1,1.840130460E0,2.848916942E0
1.534383213E1,1.684395572E0,-1.123420866E0,1.930583378E0,2.797573067E0
1.535384412E1,1.254331692E0,-1.098613468E0,1.978876702E0,2.587711836E0
1.536385512E1,5.803754760E-1,-6.899322706E-1,1.919277202E0,2.120487493E0
1.537386712E1,-2.557453720E-1,-1.422802985E-2,1.717041893E0,1.736041761E0
1.538387812E1,-9.650607240E-1,7.360632938E-1,1.283792449E0,1.766707227E0
1.539389012E1,-1.397593153E0,1.538587795E0,7.108869374E-1,2.196788397E0
1.540390113E1,-1.641711921E0,2.647673627E0,-7.158325124E-1,3.196530909E0
1.541391312E1,-1.778262826E0,4.270845489E0,-3.591777930E0,5.856894106E0
1.542392412E1,-2.309217781E0,5.194201532E0,-3.100291972E0,6.474876572E0
1.543393612E1,-2.455536459E0,6.151819335E0,-2.572964337E0,7.105961294E0
1.544394712E1,-1.473048986E0,7.073536988E0,-1.863519908E0,7.461736077E0
1.545395912E1,-4.068109658E-1,7.900433269E0,-1.369769323E0,8.028611898E0
1.546397013E1,9.878018613E-1,8.746748738E0,-1.680995563E0,8.961423552E0
1.547398112E1,2.312405537E0,9.170134513E0,-1.777796803E0,9.622845101E0
1.548399312E1,3.084653302E0,8.729249775E0,-1.464653846E0,9.373371780E0
1.549400413E1,2.876210881E0,7.290885011E0,-7.881998460E-1,7.877236335E0
1.550401612E1,2.583425006E0,5.296826014E0,4.873347268E-2,5.893456162E0
1.551402712E1,2.022294763E0,3.411257426E0,8.771010590E-1,4.061484901E0
1.552403913E1,1.081655374E0,1.668607067E0,1.978630534E0,2.805210630E0
1.553405012E1,1.331127122E0,2.314000511E-1,2.801710337E0,3.110470416E0
1.554406212E1,3.963293932E-1,-8.844042313E-1,3.671461446E0,3.797219638E0
1.555407313E1,-1.125336560E0,-2.096984611E0,4.654646199E0,5.227758417E0
1.556408512E1,-1.672656264E0,-2.463881021E0,3.961925392E0,4.956343558E0
1.557409612E1,-1.397226971E0,-2.521464400E0,3.028260123E0,4.180955070E0
1.558410813E1,-5.846431395E-1,-2.867592085E0,2.926340230E0,4.138642182E0
1.559411912E1,2.739125980E-1,-3.518546231E0,2.912638450E0,4.575877887E0
1.560413112E1,1.089283213E0,-4.721724288E0,2.562257500E0,5.481457987E0
1.561414213E1,1.066531112E0,-6.266592577E0,2.178884514E0,6.719762560E0
1.562415312E1,-2.217954512E-1,-8.065920582E0,1.844896526E0,8.277192232E0
1.563416512E1,-1.694167878E0,-9.609972600E0,1.536220842E0,9.878347668E0
1.564417613E1,-2.570129899E0,-1.080443012E1,1.085990499E0,1.115888226E1
1.565418812E1,-2.668744653E0,-1.166229267E1,5.398506171E-1,1.197592197E1
1.566419912E1,-2.468753798E0,-1.215564564E1,-4.201955348E-2,1.240387971E1
1.567421113E1,-2.035200445E0,-1.237264283E1,-7.077499062E-1,1.255887103E1
1.568422212E1,-1.579591395E0,-1.228648060E1,-1.234000777E0,1.244891451E1
1.569423412E1,-1.321692347E0,-1.177977493E1,-1.480161539E0,1.194574594E1
1.570424513E1,-1.472117671E0,-1.090556239E1,-1.312608113E0,1.108247994E1
1.571425712E1,-1.596482100E0,-9.849485078E0,-8.667064637E-1,1.001560240E1
1.572426812E1,-1.545970636E0,-8.843694988E0,-3.213243806E-1,8.983552505E0
1.573428013E1,-1.632830878E0,-7.968976085E0,2.871596843E-1,8.139605470E0
1.574429112E1,-1.817282611E0,-7.234758173E0,7.242785230E-1,7.494586132E0
1.575430312E1,-1.915289547E0,-6.589806193E0,8.717587504E-1,6.917647218E0
1.576431413E1,-1.904806805E0,-5.963907366E0,8.197071290E-1,6.314142840E0
1.577432612E1,-1.660088843E0,-5.275616993E0,9.006223610E-1,5.603494469E0
1.578433712E1,-1.274321714E0,-4.471576309E0,1.059914695E0,4.768889774E0
1.579434812E1,-9.008334455E-1,-3.643891824E0,1.139428788E0,3.922721821E0
1.580436012E1,-4.606138283E-1,-2.739957892E0,1.068621930E0,2.976825017E0
1.581437112E1,-5.494328879E-2,-1.744874640E0,9.053320009E-1,1.966527982E0
1.582438313E1,3.659987893E-1,-5.578267121E-1,8.407483345E-1,1.073304950E0
1.583439412E1,7.588002650E-1,8.506605345E-1,7.259062417E-1,1.351421866E0
1.584440612E1,1.127231788E0,2.320071675E0,6.623052000E-1,2.663086980E0
1.585441712E1,1.458105695E0,3.781121297E0,6.131511663E-1,4.098646708E0
1.586442912E1,1.745476026E0,5.163045228E0,5.766961156E-1,5.480538385E0
1.587444012E1,2.060855981E0,6.442123652E0,5.740954202E-1,6.788053482E0
1.588445212E1,2.434156846E0,7.455884666E0,6.233050755E-1,7.867899651E0
1.589446312E1,2.819033298E0,8.330664380E0,7.024154183E-1,8.822715295E0
1.590447512E1,3.091418822E0,8.967995099E0,6.985843226E-1,9.511562778E0
1.591448612E1,3.093344895E0,9.338143730E0,6.296843147E-1,9.857292392E0
1.592449812E1,2.657110448E0,9.374186552E0,4.264959097E-1,9.752820526E0
1.593450913E1,1.969110536E0,8.961526909E0,1.038266877E-1,9.175900001E0
1.594452112E1,2.295981878E0,8.790623905E0,-3.904829085E-2,9.085599936E0
1.595453212E1,2.691047688E0,8.420553042E0,1.635466675E-2,8.840119833E0
1.596454313E1,2.559978840E0,7.689943446E0,2.421332184E-1,8.108473985E0
1.597455512E1,2.795084272E0,6.730825832E0,7.328175044E-1,7.324857266E0
1.598456612E1,3.218276797E0,5.429150258E0,9.567249334E-1,6.383439564E0
1.599457813E1,3.510733474E0,3.727722185E0,1.262913212E0,5.274098216E0
1.600458912E1,3.525973657E0,1.937433976E0,2.046427391E0,4.513757383E0
1.601460112E1,3.500549671E0,3.644429183E-1,2.426319677E0,4.274774124E0
1.602461213E1,3.530171958E0,-8.159140402E-1,2.731771206E0,4.537665005E0
1.603462412E1,3.339327025E0,-1.890951535E0,2.950453563E0,4.840658934E0
1.604463512E1,2.926546637E0,-2.675056137E0,3.002202591E0,4.973310864E0
1.605464713E1,2.734986882E0,-2.970209550E0,2.939898169E0,4.994526931E0
1.606465812E1,2.091142804E0,-2.587106997E0,2.648704491E0,4.252250736E0
1.607467012E1,1.011762143E0,-1.606000929E0,2.178607063E0,2.889503479E0
1.608468113E1,1.845527440E-3,-4.318595606E-1,1.740509108E0,1.793286938E0
1.609469312E1,-8.243118113E-1,6.061159426E-1,1.198559926E0,1.575884638E0
1.610470412E1,-1.635473819E0,1.882284207E0,-3.623215485E-1,2.519731207E0
1.611471613E1,-2.308419929E0,3.138283086E0,-2.643139696E0,4.707845659E0
1.612472712E1,-2.577485989E0,4.144152113E0,-3.170869619E0,5.819952311E0
1.613473812E1,-2.248680096E0,5.357849311E0,-2.983500856E0,6.531798280E0
1.614475013E1,-1.678249125E0,6.431916168E0,-3.073345664E0,7.323354374E0
1.615476112E1,-1.248089350E0,7.736192583E0,-3.725140640E0,8.676582017E0
1.616477312E1,-5.788877251E-1,9.205214884E0,-3.475683217E0,9.856544317E0
1.617478413E1,5.105435682E-1,1.023747590E1,-2.896102524E0,1.065147771E1
1.618479612E1,1.230669326E0,1.067169832E1,-2.366537744E0,1.100000877E1
1.619480712E1,1.507296713E0,1.062745712E1,-1.465364283E0,1.083337808E1
1.620481913E1,1.603677684E0,1.019659919E1,-9.782019027E-1,1.036818673E1
1.621483012E1,1.093913184E0,9.193909877E0,-3.208969492E-1,9.264318633E0
1.622484212E1,1.385970935E0,7.780137332E0,1.005577689E0,7.966344132E0
1.623485313E1,2.237219407E0,5.695102676E0,3.120239164E0,6.868423225E0
1.624486512E1,2.631628867E0,2.782160171E0,4.958665161E0,6.265320892E0
1.625487612E1,1.710284558E0,-1.020732064E0,5.598149993E0,5.941906307E0
1.626488813E1,-6.941408041E-1,-5.150781278E0,5.998893596E0,7.937197465E0
1.627489912E1,-3.290893076E0,-9.078546066E0,5.342374654E0,1.103589339E1
1.628491012E1,-5.955941119E0,-1.278253265E1,4.239214976E0,1.472539708E1
1.629492213E1,-6.394120935E0,-1.435873617E1,3.028004014E0,1.600708890E1
1.630493312E1,-4.733716342E0,-1.379775430E1,2.262766623E0,1.476164648E1
1.631494512E1,-2.334868493E0,-1.215765475E1,9.858314958E-1,1.241901943E1
1.632495612E1,-9.368124598E-1,-1.086484121E1,-2.314626163E-1,1.090761051E1
1.633496887E1,-3.527515202E-1,-1.063727576E1,-8.454386786E-1,1.067664909E1
1.634497987E1,-3.242281810E-1,-1.121642026E1,-2.093510195E0,1.141472699E1
1.635499188E1,-9.758255211E-1,-1.163755895E1,-3.162738481E0,1.209908792E1
1.636500287E1,-1.834786398E0,-1.182383603E1,-3.798332577E0,1.255375920E1
1.637501487E1,-2.282034660E0,-1.174092836E1,-3.641707012E0,1.250276413E1
1.638502588E1,-2.049441046E0,-1.137706081E1,-2.942389668E0,1.192876265E1
1.639503787E1,-1.914568147E0,-1.106203271E1,-2.121082156E0,1.142510956E1
1.640504887E1,-2.048341916E0,-1.068764134E1,-1.119098311E0,1.093955041E1
1.641506088E1,-2.109744112E0,-1.008217619E1,-2.408713710E-1,1.030336431E1
1.642507187E1,-2.097653093E0,-9.242096781E0,4.738984099E-1,9.488997898E0
1.643508287E1,-1.879349490E0,-8.302244573E0,1.189889967E0,8.595060069E0
1.644509488E1,-1.276590288E0,-7.319170917E0,1.824978570E0,7.650522365E0
1.645510587E1,-9.287980467E-1,-6.349895520E0,2.375657646E0,6.843068623E0
1.646511787E1,-6.924470119E-1,-5.274881998E0,2.793659306E0,6.009026150E0
1.647512887E1,-3.711391497E-1,-4.207831800E0,2.884102868E0,5.114845264E0
1.648514087E1,-2.695287942E-1,-3.182610828E0,2.587340301E0,4.110472879E0
1.649515187E1,-2.298266385E-1,-2.005728285E0,2.176545189E0,2.968689138E0
1.650516388E1,-3.743241280E-2,-7.896705669E-1,1.574745953E0,1.762045858E0
1.651517487E1,4.781730900E-1,5.285315770E-1,1.197828293E0,1.393839213E0
1.652518687E1,8.833084631E-1,1.783658051E0,9.101166312E-1,2.188602789E0
1.653519787E1,1.155964860E0,2.970843973E0,5.946448749E-1,3.242802985E0
1.654520987E1,1.479262530E0,4.310476747E0,7.308317900E-1,4.615467747E0
1.655522087E1,1.803895996E0,5.672204980E0,8.547822368E-1,6.013202372E0
1.656523288E1,2.080795425E0,6.978202815E0,9.483815414E-1,7.343327017E0
1.657524387E1,2.310776210E0,8.004456405E0,1.052333926E0,8.397524381E0
1.658525587E1,2.472038179E0,8.774454015E0,1.063407968E0,9.177845745E0
1.659526687E1,2.612791769E0,9.314635000E0,1.002096988E0,9.725908923E0
1.660527787E1,2.756898445E0,9.613721834E0,9.527131587E-1,1.004648192E1
1.661528987E1,2.647487100E0,9.746963507E0,9.692578554E-1,1.014652386E1
1.662530087E1,2.314149177E0,9.714944154E0,1.010554401E0,1.003776103E1
1.663531287E1,2.180748752E0,9.237923039E0,8.225032675E-1,9.527402522E0
1.664532388E1,2.688955554E0,8.886126478E0,8.329089725E-1,9.321344491E0
1.665533587E1,2.982911457E0,8.416296853E0,8.311910605E-1,8.967869985E0
1.666534687E1,3.256323752E0,7.901666447E0,6.586865044E-1,8.571688569E0
1.667535888E1,3.292798684E0,7.242064269E0,4.096723008E-1,7.966043525E0
1.668536987E1,3.628501368E0,6.086726376E0,7.194543508E-1,7.122631165E0
1.669538187E1,4.090189329E0,4.057043803E0,1.421620678E0,5.933823263E0
1.670539288E1,4.507584048E0,1.697313387E0,2.049934405E0,5.234636353E0
1.671540487E1,4.621320578E0,-6.673526627E-1,2.440617288E0,5.268640832E0
1.672541587E1,4.110414848E0,-2.957777785E0,2.800647898E0,5.786846144E0
1.673542788E1,3.334653053E0,-4.967167012E0,2.861725574E0,6.631902621E0
1.674543887E1,2.337890042E0,-6.680487737E0,2.764720266E0,7.598573840E0
1.675544987E1,6.152925628E-1,-7.606156939E0,2.994590685E0,8.197547297E0
1.676546188E1,-5.631741370E-1,-6.523243244E0,2.591820438E0,7.041832199E0
1.677547287E1,-1.442241907E0,-3.520303904E0,6.886616707E-2,3.804910491E0
1.678548487E1,-2.098183582E0,-1.302263803E0,-3.492999161E0,4.277769103E0
1.679549588E1,-2.184131659E0,9.126205552E-1,-5.526360803E0,6.011985621E0
1.680550787E1,-1.658737405E0,3.558012598E0,-7.088926860E0,8.103317065E0
1.681551887E1,-1.245665387E0,6.270549388E0,-8.542246463E0,1.066965072E1
1.682553088E1,-1.254118122E0,9.148259495E0,-8.856879290E0,1.279483391E1
1.683554187E1,-8.961204435E-1,1.155359995E1,-6.775168777E0,1.342354705E1
1.684555387E1,1.302034593E-1,1.259433884E1,-3.629221160E0,1.310746238E1
1.685556488E1,1.180142512E0,1.237978462E1,-8.726384640E-3,1.243591089E1
1.686557687E1,1.596623164E0,1.187863497E1,3.576265267E0,1.250763157E1
1.687558787E1,1.610100266E0,1.156232282E1,6.180584713E0,1.320906353E1
1.688559988E1,1.555211283E0,1.114654018E1,7.021882685E0,1.326540149E1
1.689561087E1,5.630289068E-1,1.071015663E1,7.908647438E0,1.332558295E1
1.690562187E1,-5.372779518E-1,8.944237277E0,8.000714772E0,1.201247206E1
1.691563388E1,1.143919486E-1,7.161511272E0,5.746967479E0,9.183025886E0
1.692564487E1,1.161060599E-1,6.006922992E0,4.358933793E0,7.422729165E0
1.693565687E1,3.122307178E-2,4.778912981E0,3.539801445E0,5.947199209E0
1.694566787E1,-1.593302677E0,-1.238568914E0,1.630708046E0,2.594585729E0
1.695567987E1,-5.478249328E0,-1.099645385E1,8.901039509E-1,1.231769045E1
1.696569087E1,-6.038081051E0,-1.698234909E1,1.712968723E0,1.810505082E1
1.697570288E1,-3.273184783E0,-2.002063484E1,2.711510896E0,2.046684757E1
1.698571387E1,8.328686267E-1,-2.050701326E1,2.849997521E0,2.072085299E1
1.699572587E1,4.552820447E0,-1.920492955E1,1.628629653E0,1.980429064E1
1.700573687E1,4.539729408E0,-1.704479852E1,7.206260598E-1,1.765371353E1
1.701574887E1,1.565968990E0,-1.499731410E1,-3.041584173E-1,1.508191637E1
1.702575987E1,-1.913803916E-1,-1.260240566E1,-1.377309600E0,1.267888941E1
1.703577188E1,-8.178855751E-1,-1.056715829E1,-2.205521505E0,1.082580696E1
1.704578287E1,-1.323141726E0,-9.805002970E0,-2.555062501E0,1.021847012E1
1.705579388E1,-1.780543532E0,-1.005000832E1,-2.841962277E0,1.059479835E1
1.706580587E1,-2.108308036E0,-1.107037201E1,-3.022704098E0,1.166768355E1
1.707581687E1,-1.730635500E0,-1.155186683E1,-2.611629635E0,1.196918276E1
1.708582887E1,-1.380157779E0,-1.098515235E1,-2.067063239E0,1.126282194E1
1.709583987E1,-1.414281545E0,-9.811213882E0,-1.629189524E0,1.004561440E1
1.710585187E1,-1.779261822E0,-8.467730132E0,-9.148480520E-1,8.700871978E0
1.711586288E1,-1.858300391E0,-7.350449427E0,1.692035106E-1,7.583601846E0
1.712587487E1,-1.312933072E0,-6.389695762E0,1.349887328E0,6.661396324E0
1.713588587E1,-6.785187250E-1,-5.451498317E0,2.162719009E0,5.903945720E0
1.714589787E1,-3.318137008E-1,-4.622105860E0,2.539169769E0,5.284065293E0
1.715590887E1,1.041418344E-1,-3.707225940E0,2.743451604E0,4.613122196E0
1.716592087E1,7.833283114E-1,-2.639339005E0,2.659782625E0,3.828074874E0
1.717593188E1,1.263893059E0,-1.389231196E0,2.275681953E0,2.950613043E0
1.718594387E1,1.629720013E0,4.091472208E-2,1.892177112E0,2.497597957E0
1.719595487E1,1.903481972E0,1.555179269E0,1.539670699E0,2.900415839E0
1.720596588E1,2.144238299E0,3.112543643E0,1.305279213E0,3.998679737E0
1.721597787E1,2.340868759E0,4.626108279E0,1.099802938E0,5.300010458E0
1.722598887E1,2.301404147E0,5.983178034E0,9.093625597E-1,6.474706225E0
1.723600088E1,2.289197938E0,7.229928373E0,1.058981625E0,7.657266716E0
1.724601187E1,2.468676322E0,8.246594283E0,1.251615806E0,8.698690831E0
1.725602387E1,2.508497907E0,8.971457235E0,1.269236975E0,9.401625879E0
1.726603488E1,2.361191488E0,9.400339394E0,1.138681514E0,9.759006176E0
1.727604687E1,2.291456864E0,9.608447061E0,8.483660871E-1,9.914270246E0
1.728605787E1,2.359979214E0,9.686186378E0,6.048020732E-1,9.987867339E0
1.729606988E1,2.547078421E0,9.689143315E0,4.933728540E-1,1.003047972E1
1.730608087E1,2.588561785E0,9.456607150E0,4.525521624E-1,9.814931195E0
1.731609287E1,1.872166770E0,8.629788052E0,4.690612277E-1,8.842978496E0
1.732610388E1,1.742964647E0,7.687419203E0,6.687975097E-1,7.910855192E0
1.733611550E1,2.038368320E0,6.695955961E0,1.157277414E0,7.094368376E0
1.734612650E1,2.472522913E0,5.488359749E0,1.611648170E0,6.231602692E0
1.735613750E1,2.738273309E0,4.105241232E0,2.142892270E0,5.379882301E0
1.736614950E1,2.900159322E0,2.798704283E0,2.695279902E0,4.848525911E0
1.737616050E1,3.270314093E0,1.712535444E0,3.045850886E0,4.785910523E0
1.738617250E1,3.364380298E0,4.747015250E-1,3.451789155E0,4.843474445E0
1.739618350E1,3.222811605E0,-9.599292076E-1,3.630136249E0,4.948319706E0
1.740619550E1,3.040303633E0,-2.226796306E0,3.442750529E0,5.104370595E0
1.741620650E1,2.667875757E0,-3.325017427E0,3.321314385E0,5.404112433E0
1.742621850E1,2.040387364E0,-3.948137072E0,3.276249894E0,5.521302410E0
1.743622950E1,1.597449668E0,-3.619307206E0,2.820909669E0,4.858884795E0
1.744624150E1,9.156269742E-1,-2.531778889E0,2.207503857E0,3.481572974E0
1.745625250E1,1.222392592E-1,-1.502611631E0,1.442799293E0,2.086732841E0
1.746626450E1,-5.721750119E-1,-8.669806981E-1,7.904804794E-1,1.305334886E0
1.747627550E1,-1.219282604E0,-5.179691666E-1,3.078243291E-1,1.360036008E0
1.748628750E1,-2.336916188E0,-3.957629442E-1,-2.183442711E0,3.222611929E0
1.749629850E1,-3.431238531E0,-2.173281419E-1,-4.163416350E0,5.399506003E0
1.750630950E1,-3.696221773E0,2.348844069E-1,-5.653065873E0,6.758282315E0
1.751632150E1,-3.432103919E0,1.031705534E0,-6.262487832E0,7.215435362E0
1.752633250E1,-3.068784835E0,2.537813215E0,-7.863359583E0,8.814213533E0
1.753634450E1,-2.938640141E0,4.824101433E0,-1.032616647E1,1.177018583E1
1.754635550E1,-2.829345740E0,7.144364896E0,-1.017838511E1,1.275330038E1
1.755636750E1,-2.735018165E0,9.299354471E0,-9.122063384E0,1.331053561E1
1.756637850E1,-2.433684829E0,1.065577519E1,-7.276486242E0,1.313071280E1
1.757639050E1,-1.500073793E0,1.077993379E1,-4.263366900E0,1.168903295E1
1.758640150E1,-3.346927236E-1,1.048205558E1,-9.969496840E-1,1.053467688E1
1.759641350E1,8.724328978E-2,1.005767285E1,2.057938074E0,1.026642604E1
1.760642450E1,7.712288873E-1,1.003965524E1,5.070890186E0,1.127401431E1
1.761643650E1,3.020758145E0,1.004817814E1,9.955118537E0,1.446358354E1
1.762644750E1,4.954981415E0,9.186500870E0,1.337952167E1,1.696924392E1
1.763645950E1,4.863532131E0,7.445170813E0,1.183236946E1,1.480167154E1
1.764647050E1,3.159390365E0,5.299506962E0,1.102823347E1,1.263678974E1
1.765648150E1,-8.707870893E-2,2.589035409E0,8.419291213E0,8.808811019E0
1.766649350E1,-3.878402594E0,-1.817790588E0,4.365552256E0,6.115914960E0
1.767650450E1,-8.010177906E0,-8.515684317E0,2.672481316E0,1.199258045E1
1.768651650E1,-6.713191799E0,-1.331111861E1,3.594781937E0,1.533542565E1
1.769652750E1,-3.744608067E0,-1.774997156E1,4.351699910E0,1.865531752E1
1.770653950E1,-1.094428835E0,-2.069523045E1,4.193593245E0,2.114418507E1
1.771655050E1,8.644820367E-1,-2.185566887E1,4.474074240E0,2.232565635E1
1.772656250E1,2.869172003E0,-2.152033573E1,4.022662759E0,2.208028110E1
1.773657350E1,2.325109782E0,-1.948831135E1,1.697180656E0,1.969976743E1
1.774658550E1,1.841085018E0,-1.651940982E1,-9.653592244E-1,1.664969709E1
1.775659650E1,1.865420984E0,-1.335178365E1,-3.178473046E0,1.385108707E1
1.776660850E1,1.587798693E0,-1.093170646E1,-5.544107687E0,1.235962948E1
1.777661950E1,1.383925140E0,-1.003022719E1,-7.525291700E0,1.261549529E1
1.778663050E1,1.599072271E0,-1.027256387E1,-7.211606707E0,1.265266264E1
1.779664250E1,1.237106525E0,-1.024352426E1,-5.243252655E0,1.157375999E1
1.780665350E1,5.038714566E-1,-1.032582616E1,-3.380001134E0,1.087662540E1
1.781666550E1,-2.140548706E-2,-1.037036090E1,-1.928137195E0,1.054810677E1
1.782667650E1,-7.587573610E-2,-9.725793663E0,-6.819935060E-1,9.749971007E0
1.783668850E1,-2.593573433E-1,-8.530858426E0,5.575942853E-1,8.552994979E0
1.784669950E1,-9.927898286E-1,-6.915779110E0,1.473478172E0,7.140362054E0
1.785671150E1,-9.716934400E-1,-5.098192005E0,2.157032007E0,5.620368043E0
1.786672250E1,-6.234372957E-1,-3.337497724E0,2.282337546E0,4.091042629E0
1.787673450E1,-2.968258627E-1,-1.722265211E0,2.213991489E0,2.820649103E0
1.788674550E1,1.453913826E-1,-1.271488738E-1,1.900050826E0,1.909842567E0
1.789675750E1,5.470444465E-1,1.433193487E0,1.551072039E0,2.181542039E0
1.790676850E1,9.493641660E-1,2.958740821E0,1.332307821E0,3.380899835E0
1.791678050E1,1.374341261E0,4.451596958E0,1.194748637E0,4.809672929E0
1.792679150E1,1.754085320E0,5.865002882E0,1.077713108E0,6.215829765E0
1.793680250E1,2.076949565E0,7.201433721E0,1.025221556E0,7.564750252E0
1.794681450E1,2.273196301E0,8.398987926E0,1.168377768E0,8.779266838E0
1.795682550E1,2.334595867E0,9.247631755E0,1.258476344E0,9.620436251E0
1.796683750E1,2.248504241E0,9.783865870E0,1.326123367E0,1.012612492E1
1.797684850E1,1.917242956E0,9.960902603E0,1.258637727E0,1.022152484E1
1.798686050E1,1.783937695E0,1.002393676E1,1.536992090E0,1.029679982E1
1.799687150E1,1.829598309E0,1.007856028E1,1.950076826E0,1.042725308E1
1.800688350E1,2.068807463E0,1.010974582E1,2.315733626E0,1.057589462E1
1.801689450E1,1.897586078E0,9.587907547E0,2.302435888E0,1.004141499E1
1.802690650E1,1.832665905E0,9.038672733E0,2.154092027E0,9.470817365E0
1.803691750E1,2.049068725E0,8.450572062E0,1.876294320E0,8.895579306E0
1.804692950E1,2.465046371E0,7.510220502E0,1.747556173E0,8.095296052E0
1.805694050E1,3.051930821E0,6.119985339E0,1.993471352E0,7.123372117E0
1.806695250E1,3.257240303E0,4.223103558E0,2.667734839E0,5.963306736E0
1.807696350E1,3.876261636E0,2.477332540E0,3.393995275E0,5.716798467E0
1.808697450E1,4.767413554E0,9.045513976E-1,3.704243860E0,6.104741420E0
1.809698650E1,5.370495084E0,-7.674710280E-1,3.567700850E0,6.493051561E0
1.810699750E1,5.341746079E0,-2.435534304E0,3.583287188E0,6.877937597E0
1.811700950E1,4.624890888E0,-3.631438424E0,3.340522488E0,6.762843429E0
1.812702050E1,3.214245727E0,-4.346534187E0,3.018933814E0,6.191744213E0
1.813703250E1,1.103264124E0,-4.026121387E0,2.742155861E0,4.994623501E0
1.814704350E1,-6.227622347E-1,-3.063034099E0,2.439136627E0,3.964769625E0
1.815705550E1,-1.430466930E0,-2.108073855E0,2.198872343E0,3.365300967E0
1.816706650E1,-1.855152834E0,-1.330756116E0,2.230077764E0,3.191512292E0
1.817707850E1,-2.513989027E0,-4.818684572E-1,1.289084179E0,2.866020946E0
1.818708950E1,-3.226940909E0,7.121592915E-1,-2.458272956E0,4.118667796E0
1.819710150E1,-3.168626627E0,2.280165013E0,-4.322302741E0,5.824229406E0
1.820711250E1,-2.388117478E0,4.002441334E0,-5.464095558E0,7.181850874E0
1.821712350E1,-1.431468851E0,5.391612303E0,-6.302505591E0,8.416659850E0
1.822713550E1,-1.244881568E0,7.134668459E0,-7.116367258E0,1.015361547E1
1.823714650E1,-1.317072023E0,9.085365674E0,-7.922746829E0,1.212635417E1
1.824715850E1,-1.136320481E0,1.080347936E1,-8.924918076E0,1.405918039E1
1.825716950E1,-1.129278533E0,1.137650883E1,-6.822586187E0,1.331344830E1
1.826718150E1,-3.391226473E-1,1.101215362E1,-3.442864550E0,1.154278337E1
1.827719250E1,1.095593071E-1,1.049658006E1,-1.395557299E0,1.058951257E1
1.828720450E1,8.689836618E-1,1.022347065E1,-7.354160070E-1,1.028665745E1
1.829721550E1,2.422668821E0,9.658043729E0,-2.977503075E-1,9.961716124E0
1.830722750E1,3.272640408E0,8.491138290E0,1.757795378E0,9.268195579E0
1.831723850E1,3.152281613E0,6.374898798E0,6.394901538E0,9.564046202E0
1.832725050E1,2.178055671E0,3.235073801E0,9.550547932E0,1.031613274E1
1.833726179E1,6.118394165E-1,-5.218751067E-1,8.836300015E0,8.872817988E0
1.834727379E1,-2.344440970E0,-6.580925442E0,6.023773499E0,9.224469106E0
1.835728479E1,-5.071136354E0,-1.206939921E1,4.947581763E0,1.399519155E1
1.836729579E1,-5.579687995E0,-1.630817448E1,5.008783400E0,1.794930038E1
1.837730779E1,-3.918626760E0,-1.913026645E1,4.533240461E0,2.004677030E1
1.838731879E1,-2.036080889E0,-2.009870453E1,4.258470442E0,2.064553510E1
1.839733079E1,-1.981879539E0,-2.024300913E1,3.436724389E0,2.062809588E1
1.840734179E1,-2.811761116E0,-1.912367898E1,2.811650019E0,1.953270268E1
1.841735379E1,-2.272813747E0,-1.629076381E1,1.785850757E0,1.654520869E1
1.842736479E1,-1.295636131E0,-1.360271691E1,4.140392938E-1,1.367055262E1
1.843737679E1,-2.622094689E-1,-1.199811931E1,-9.412350744E-1,1.203783803E1
1.844738779E1,3.168057986E-1,-1.132639352E1,-1.989806902E0,1.150421173E1
1.845739979E1,2.967530648E-1,-1.137973650E1,-2.779927704E0,1.171812541E1
1.846741079E1,-3.069013461E-2,-1.154744868E1,-3.541214132E0,1.207827431E1
1.847742279E1,-3.352349798E-1,-1.135558750E1,-3.980699047E0,1.203776203E1
1.848743379E1,-4.855695985E-1,-1.059080443E1,-3.778077529E0,1.125498939E1
1.849744479E1,-4.665994037E-1,-9.379237377E0,-2.978448277E0,9.851850736E0
1.850745679E1,-5.552339105E-1,-8.121245182E0,-1.767365077E0,8.329855180E0
1.851746779E1,-6.286736235E-1,-7.017200820E0,-4.719156191E-1,7.061093557E0
1.852747979E1,-4.561018974E-1,-5.971715153E0,5.972246665E-1,6.018811187E0
1.853749079E1,2.722956967E-2,-4.837452965E0,1.425040568E0,5.043057927E0
1.854750279E1,2.921968779E-1,-3.575875842E0,1.898863256E0,4.059303970E0
1.855751379E1,2.394864945E-1,-2.145859147E0,1.937730868E0,2.901183582E0
1.856752579E1,4.650788353E-1,-5.608076227E-1,1.615385271E0,1.772081569E0
1.857753679E1,7.447655587E-1,9.698466700E-1,1.212471182E0,1.722023423E0
1.858754879E1,9.998529728E-1,2.767505295E0,1.146116833E0,3.157906794E0
1.859755979E1,1.346847653E0,4.611363940E0,9.575482213E-1,4.898527797E0
1.860757179E1,1.434769458E0,6.122697862E0,6.854486257E-1,6.325806852E0
1.861758279E1,1.406146314E0,7.426211216E0,9.704512721E-1,7.620212343E0
1.862759479E1,1.493170717E0,8.622446288E0,1.201455467E0,8.832872354E0
1.863760579E1,1.605496460E0,9.528118013E0,1.293036897E0,9.748568929E0
1.864761679E1,1.410885336E0,9.938332350E0,1.229375921E0,1.011298237E1
1.865762879E1,1.248724650E0,9.987797456E0,9.340482616E-1,1.010880099E1
1.866763979E1,1.275495543E0,9.953773677E0,8.853924108E-1,1.007414607E1
1.867765179E1,1.389168777E0,9.956070464E0,9.525417622E-1,1.009754746E1
1.868766279E1,1.476038813E0,9.947721809E0,1.265653217E0,1.013596260E1
1.869767479E1,1.683084480E0,9.983056533E0,1.652142477E0,1.025786361E1
1.870768579E1,1.963732121E0,1.000804169E1,2.026514991E0,1.039826453E1
1.871769779E1,2.213127563E0,9.997782161E0,2.296265906E0,1.049411353E1
1.872770879E1,2.683781060E0,9.954629710E0,2.751242726E0,1.067083267E1
1.873772079E1,3.223351888E0,9.656550935E0,3.131550018E0,1.065108346E1
1.874773179E1,3.109240551E0,9.008929117E0,3.589191706E0,1.018383414E1
1.875774379E1,2.789836688E0,8.506735153E0,4.070863112E0,9.834615305E0
1.876775479E1,2.437425440E0,8.124023194E0,4.203189111E0,9.466128794E0
1.877776579E1,2.142211654E0,7.562657747E0,3.939292574E0,8.792092411E0
1.878777779E1,1.485755863E0,3.223374107E0,2.820686306E0,4.533638975E0
1.879778879E1,2.438628796E0,-4.944785040E0,2.245797418E0,5.953269316E0
1.880780079E1,5.175445418E0,-7.957498586E0,2.674287229E0,9.861989211E0
1.881781179E1,3.786970852E0,-1.108931465E1,3.982123429E0,1.237624154E1
1.882782379E1,7.291455992E-1,-1.086200999E1,5.801945339E0,1.233602383E1
1.883783479E1,-7.838711523E-1,-5.759503909E0,4.638678038E0,7.436643948E0
1.884784679E1,-8.424180070E-1,-1.092526517E0,-6.840915600E-1,1.539890759E0
1.885785779E1,9.906982796E-1,3.008834503E0,-4.564035407E0,5.555626638E0
1.886786979E1,3.264110197E0,7.081220815E0,-6.756588664E0,1.031744125E1
1.887788079E1,3.180123423E0,1.006203137E1,-8.414655540E0,1.349681770E1
1.888789279E1,2.258904245E0,1.209898612E1,-7.944531215E0,1.464935800E1
1.889790379E1,9.096293389E-1,1.261856503E1,-5.792939458E0,1.391451603E1
1.890791479E1,1.047010621E0,1.279931533E1,-4.072838886E0,1.347244301E1
1.891792679E1,9.912990810E-1,1.236953796E1,-2.698831501E0,1.269928481E1
1.892793779E1,1.469546211E0,1.200355021E1,-9.736903372E-1,1.213230632E1
1.893794979E1,2.036791326E0,1.140602558E1,7.028639728E-1,1.160775414E1
1.894796079E1,1.774545166E0,9.399173459E0,2.570309116E0,9.904542453E0
1.895797279E1,1.166914429E0,7.003779706E0,4.601953431E0,8.461240738E0
1.896798379E1,7.291001371E-1,5.165384114E0,6.183960310E0,8.090373612E0
1.897799579E1,-1.667188825E0,1.040612013E0,6.726891825E0,7.008099997E0
1.898800679E1,-6.740442747E0,-9.145258704E0,5.588953493E0,1.266118977E1
1.899801879E1,-7.811486009E0,-1.798963022E1,5.831842153E0,2.046109703E1
1.900802979E1,-4.811055710E0,-2.309093060E1,6.022191242E0,2.434346155E1
1.901804179E1,-8.029748829E-1,-2.441462328E1,5.490738396E0,2.503730830E1
1.902805279E1,1.494657518E0,-2.268446257E1,2.889036164E0,2.291648693E1
1.903806379E1,6.380872022E-1,-1.897743427E1,1.133955794E0,1.902198787E1
1.904807579E1,-7.960789691E-1,-1.585925917E1,1.224015194E-1,1.587969853E1
1.905808679E1,-3.583985053E-1,-1.324842476E1,-1.494690993E0,1.333729018E1
1.906809879E1,1.026355332E0,-1.101569821E1,-2.715127106E0,1.139170433E1
1.907810979E1,1.846732113E0,-9.481366015E0,-3.025929422E0,1.012239941E1
1.908812179E1,1.549333662E0,-8.851488158E0,-2.942709218E0,9.455623456E0
1.909813279E1,9.987199286E-1,-9.724129545E0,-2.397366896E0,1.006496423E1
1.910814479E1,9.555758093E-1,-1.169350043E1,-1.683891396E0,1.185270297E1
1.911815579E1,8.888444607E-1,-1.315707488E1,-1.162310112E0,1.323818827E1
1.912816779E1,7.851242106E-1,-1.338116357E1,-6.319834399E-1,1.341906709E1
1.913817879E1,6.533247538E-1,-1.245854428E1,-1.785175404E-1,1.247693982E1
1.914819079E1,3.208741450E-1,-1.103866256E1,4.276378709E-1,1.105160194E1
1.915820179E1,-2.496878028E-1,-9.496739514E0,9.699297005E-1,9.549406737E0
1.916821379E1,-1.459769813E-1,-7.736246962E0,1.474384782E0,7.876841805E0
1.917822479E1,1.128305045E-1,-5.946375074E0,1.901234449E0,6.243941037E0
1.918823579E1,1.671638556E-2,-4.434985603E0,2.031839904E0,4.878293773E0
1.919824779E1,5.101128477E-1,-2.988742300E0,1.968804873E0,3.615105570E0
1.920825879E1,8.190509983E-1,-1.673307059E0,1.391981142E0,2.325599396E0
1.921827079E1,7.293794147E-1,-4.505747437E-1,7.059558342E-1,1.110578935E0
1.922828179E1,8.546289667E-1,9.992774606E-1,5.974486148E-1,1.444261390E0
1.923829379E1,7.510010295E-1,2.503161446E0,6.763562053E-1,2.699495784E0
1.924830479E1,6.685748769E-1,3.954839151E0,8.716859525E-1,4.104580548E0
1.925831679E1,6.510181734E-1,5.414608818E0,1.093837463E0,5.562220214E0
1.926832779E1,6.665390226E-1,6.731181927E0,1.206587641E0,6.870876083E0
1.927833979E1,6.439190689E-1,7.869042492E0,1.249581560E0,7.993617178E0
1.928835079E1,8.292299044E-1,8.846009316E0,1.230876317E0,8.969646569E0
1.929836179E1,1.175567212E0,9.609299585E0,1.293099462E0,9.766918808E0
1.930837379E1,1.171076112E0,1.003041196E1,1.226363436E0,1.017273565E1
1.931838479E1,9.982439652E-1,1.014086587E1,1.103039811E0,1.024940722E1
1.932839679E1,9.352901372E-1,1.012505967E1,1.243274753E0,1.024389248E1
1.933840779E1,9.821199757E-1,1.005042815E1,1.314528923E0,1.018349900E1
1.934841979E1,1.178885945E0,1.001581731E1,1.535604107E0,1.020119839E1
1.935843079E1,1.497330865E0,9.984303160E0,1.884772782E0,1.027037866E1
1.936844279E1,1.914354139E0,9.915548090E0,2.161433791E0,1.032737342E1
1.937845379E1,2.308429869E0,9.690572959E0,2.374270102E0,1.024076224E1
1.938846579E1,2.322285723E0,9.212164299E0,2.699348395E0,9.876409460E0
1.939847679E1,2.123870400E0,8.797945204E0,3.139104620E0,9.579595143E0
1.940848879E1,2.285257353E0,8.292507205E0,3.507266368E0,9.289186955E0
1.941849979E1,2.613880813E0,7.022473839E0,3.716056405E0,8.364005436E0
1.942851179E1,2.925750831E0,3.582924660E0,3.360936288E0,5.717802006E0
1.943852279E1,3.777340195E0,-6.607540798E-1,3.315938455E0,5.069550546E0
1.944853379E1,4.339098575E0,-3.483212677E0,3.572131870E0,6.612161000E0
1.945854579E1,3.494180007E0,-6.178199633E0,4.165363473E0,8.229805434E0
1.946855679E1,2.037478666E0,-7.307286451E0,4.299206239E0,8.719571599E0
1.947856879E1,2.667976146E-1,-5.907638440E0,3.563509566E0,6.904344526E0
1.948857979E1,-8.211098760E-1,-3.155514831E0,3.084203943E0,4.488185517E0
1.949859179E1,-1.089895635E0,-3.785119039E-1,1.979033407E0,2.290789598E0
1.950860279E1,-1.608493889E0,2.169457340E0,6.631426674E-1,2.780927173E0
1.951861479E1,-1.306049291E0,4.709069744E0,-1.753719723E0,5.191977992E0
1.952862579E1,-7.165961587E-1,6.666828057E0,-2.727047825E0,7.238570040E0
1.953863779E1,-4.227129073E-1,7.912310718E0,-2.287909065E0,8.247295011E0
1.954864879E1,2.637371271E-1,8.895912963E0,-2.139938257E0,9.153478053E0
1.955866079E1,5.956050608E-1,9.508067910E0,-2.416929194E0,9.828511968E0
1.956867179E1,9.597439239E-1,9.691026118E0,-2.294031100E0,1.000498247E1
1.957868379E1,1.232434600E0,9.574732016E0,-2.230399945E0,9.908030689E0
1.958869479E1,1.584955338E0,9.262505318E0,-2.229584844E0,9.658008944E0
1.959870579E1,2.080905937E0,8.812702407E0,-2.280582504E0,9.337823611E0
1.960871779E1,2.897300034E0,7.974069595E0,-2.279651774E0,8.785041013E0
1.961872879E1,3.513245730E0,6.251362334E0,-1.865600932E0,7.409648672E0
1.962874079E1,3.430954356E0,3.796009478E0,-1.137404189E0,5.241643258E0
1.963875179E1,1.629641076E0,3.563223052E-1,-2.250040743E-1,1.683247591E0
1.964876379E1,-9.607334921E-1,-3.676301186E0,8.746908367E-2,3.800769671E0
1.965877479E1,-2.307053434E0,-7.845774667E0,5.857398579E-1,8.198888147E0
1.966878679E1,-3.139710684E0,-1.270189955E1,2.224304515E0,1.327190890E1
1.967879779E1,-4.274489474E0,-1.707148170E1,3.573402762E0,1.795761552E1
1.968880979E1,-4.320666982E0,-1.899327905E1,4.287558585E0,1.994482316E1
1.969882079E1,-3.586960116E0,-1.798313981E1,4.620603125E0,1.891056777E1
1.970883279E1,-3.904722666E0,-1.423511784E1,4.116206515E0,1.532411809E1
1.971884379E1,-3.340334208E0,-1.077083085E1,3.490402998E0,1.180472545E1
1.972885479E1,-2.860078998E0,-9.576446419E0,3.184381073E0,1.048945474E1
1.973886679E1,-3.045649742E0,-9.587109987E0,2.311930889E0,1.032151562E1
1.974887779E1,-3.092951670E0,-9.370444334E0,1.498185581E0,9.980788400E0
1.975888979E1,-3.031438084E0,-9.390280429E0,1.023817932E0,9.920442860E0
1.976890079E1,-2.894656215E0,-9.875123949E0,7.560917616E-1,1.031837111E1
1.977891279E1,-2.797476660E0,-1.052820414E1,7.284487572E-1,1.091785674E1
1.978892379E1,-2.270292136E0,-1.040787546E1,9.908396360E-1,1.069859155E1
1.979893579E1,-1.643880507E0,-9.704072426E0,1.416939689E0,9.943796199E0
1.980894679E1,-1.090018208E0,-8.850200601E0,1.858625788E0,9.108714519E0
1.981895879E1,-4.926900819E-1,-8.097610736E0,1.993692084E0,8.353972186E0
1.982896979E1,-1.707774349E-1,-7.318614846E0,1.814284890E0,7.542076496E0
1.983898179E1,-1.803994119E-1,-6.468615632E0,1.405594921E0,6.622026067E0
1.984899279E1,-9.371877048E-2,-5.542129574E0,1.047245679E0,5.640984572E0
1.985900479E1,2.159449465E-1,-4.529664888E0,8.996169323E-1,4.623181464E0
1.986901579E1,5.653524441E-1,-3.510076540E0,8.749355426E-1,3.661389477E0
1.987902779E1,5.695337150E-1,-2.501172223E0,6.808854586E-1,2.654022635E0
1.988903879E1,6.923496558E-1,-1.293402933E0,3.562438063E-1,1.509685014E0
1.989905079E1,9.588006219E-1,2.454409701E-1,3.645958230E-2,9.903884104E-1
1.990906179E1,1.073550548E0,2.026616879E0,-9.226496994E-2,2.295255885E0
1.991907279E1,1.098820167E0,3.820609884E0,-3.556349650E-3,3.975484661E0
1.992908479E1,1.278444293E0,5.486860523E0,1.669496282E-1,5.636304675E0
1.993909579E1,1.545887751E0,6.974466444E0,3.774797972E-1,7.153701288E0
1.994910779E1,1.981737013E0,8.234895174E0,6.656429368E-1,8.496108558E0
1.995911879E1,2.352682182E0,9.180170090E0,9.981296521E-1,9.529265403E0
1.996913079E1,2.100116672E0,9.712808751E0,1.073316075E0,9.995056341E0
1.997914179E1,1.591237002E0,9.915460382E0,9.894430286E-1,1.009095572E1
1.998915379E1,1.452330839E0,9.948894761E0,9.208429098E-1,1.009642132E1
1.999916479E1,1.455652350E0,9.934295433E0,8.989953732E-1,1.008054275E1
2.000917679E1,1.485455316E0,9.923073456E0,9.755740178E-1,1.008095774E1
2.001918779E1,1.585265533E0,9.898578300E0,9.237653482E-1,1.006718737E1
2.002919979E1,1.719383118E0,9.781649775E0,8.577046752E-1,9.968581039E0
2.003921079E1,1.796291546E0,9.487823095E0,1.068374081E0,9.715290710E0
2.004922279E1,1.933503039E0,9.229452762E0,1.407761607E0,9.534307790E0
2.005923379E1,1.958031085E0,8.840104798E0,1.968845218E0,9.265942481E0
2.006924579E1,2.031482347E0,7.835747277E0,2.433843874E0,8.452777763E0
2.007925679E1,2.322406615E0,4.980124442E0,2.476737878E0,6.027391016E0
2.008926879E1,3.276435835E0,5.183854884E-1,2.787827293E0,4.333097773E0
2.009927979E1,4.963240607E0,-2.194460034E0,3.496836104E0,6.455793902E0
2.010929179E1,5.766680782E0,-4.694912465E0,3.839445519E0,8.368879984E0
2.011930279E1,5.483107780E0,-6.708409946E0,3.818186213E0,9.468145588E0
2.012931479E1,4.086267309E0,-6.994093793E0,3.313136469E0,8.751674227E0
2.013932579E1,2.191120836E0,-5.693836754E0,2.774555283E0,6.702159690E0
2.014933779E1,5.106351868E-1,-3.644532679E0,2.477630163E0,4.436442039E0
2.015934879E1,-7.643122159E-1,-1.994235583E0,1.813429735E0,2.801727347E0
2.016936079E1,-9.810277889E-1,-8.974803597E-1,1.382174191E0,1.917887383E0
2.017937179E1,-1.121046019E0,-2.627042896E-1,6.962607121E-1,1.345561853E0
2.018938379E1,-2.243409415E0,2.882788414E-1,-1.303223332E0,2.610437042E0
2.019939479E1,-3.464561813E0,1.041317772E0,-3.159265820E0,4.802966976E0
2.020940679E1,-3.551047980E0,2.184846042E0,-4.448300883E0,6.096792167E0
2.021941779E1,-3.172203662E0,3.695157287E0,-5.473664526E0,7.326531703E0
2.022942879E1,-3.097084482E0,5.412927158E0,-6.883911200E0,9.288699916E0
2.023944079E1,-2.467571783E0,7.413835584E0,-8.298674263E0,1.139832721E1
2.024945279E1,-1.791616843E0,8.886532860E0,-8.429727323E0,1.237904116E1
2.025946379E1,-1.009242651E0,1.032317503E1,-8.202137318E0,1.322352336E1
2.026947479E1,5.969226943E-1,1.145572925E1,-8.670422693E0,1.437936991E1
2.027948679E1,2.349618679E0,1.149381801E1,-7.438457624E0,1.389097593E1
2.028949779E1,2.230092382E0,1.075606780E1,-4.838056397E0,1.200304529E1
2.029950979E1,5.137818293E-1,9.463432020E0,-8.052455029E-1,9.511516056E0
2.030952079E1,1.548868516E0,8.410738490E0,3.064642668E0,9.084687684E0
2.031953279E1,2.987215008E0,7.238558863E0,6.948876105E0,1.046933938E1
2.032954379E1,3.004642341E0,4.938033260E0,1.021619204E1,1.173808450E1
2.033955542E1,2.758463453E0,1.871366871E0,8.840935103E0,9.448453211E0
2.034956642E1,1.905486544E0,-1.963769835E0,6.664538872E0,7.204397914E0
2.035957842E1,4.583109024E-1,-5.862704927E0,4.792942497E0,7.586412573E0
2.036958942E1,-1.798560119E0,-9.860667293E0,3.255870886E0,1.053889336E1
2.037960142E1,-2.815569115E0,-1.273857562E1,2.477029654E0,1.327909689E1
2.038961242E1,-2.821038893E0,-1.465913570E1,3.303128375E0,1.528918497E1
2.039962442E1,-2.165981463E0,-1.595867119E1,4.052808957E0,1.660710458E1
2.040963542E1,-7.515930600E-1,-1.628216138E1,3.737774426E0,1.672257842E1
2.041964742E1,-2.519201966E-1,-1.533611230E1,2.864595972E0,1.560338791E1
2.042965842E1,-5.919007035E-1,-1.372839930E1,1.625708969E0,1.383698752E1
2.043967042E1,7.348384483E-1,-1.203010358E1,2.539434063E-1,1.205520083E1
2.044968142E1,1.611187994E0,-1.067782504E1,-1.129803686E0,1.085763927E1
2.045969342E1,1.193818345E0,-9.851378406E0,-2.046342168E0,1.013224432E1
2.046970442E1,5.797757710E-1,-9.771949244E0,-2.093523644E0,1.001049316E1
2.047971642E1,1.858779424E-1,-1.025446206E1,-1.575949749E0,1.037651967E1
2.048972742E1,-1.355346581E-1,-1.042559136E1,-9.001379192E-1,1.046525552E1
2.049973942E1,-4.900074890E-1,-1.012916676E1,-3.152903464E-1,1.014591221E1
2.050975042E1,-7.614150667E-1,-9.608951091E0,1.966541415E-1,9.641077057E0
2.051976242E1,-9.651936020E-1,-8.845356767E0,6.716877884E-1,8.923177658E0
2.052977342E1,-1.190150752E0,-7.755559146E0,1.054536572E0,7.916893574E0
2.053978542E1,-1.401601858E0,-6.487354204E0,1.309644159E0,6.765014424E0
2.054979642E1,-1.310680578E0,-5.228501884E0,1.492354153E0,5.593052516E0
2.055980842E1,-8.756104575E-1,-3.990181476E0,1.710093354E0,4.428618427E0
2.056981942E1,-7.826762006E-1,-2.882345780E0,1.750526851E0,3.461913269E0
2.057983142E1,-5.195937790E-1,-1.782856983E0,1.543947353E0,2.415021769E0
2.058984242E1,-7.480258930E-2,-6.976839244E-1,1.055326239E0,1.267308864E0
2.059985442E1,2.659504627E-1,4.229805636E-1,5.613274401E-1,7.514856625E-1
2.060986542E1,5.003685359E-1,1.621736371E0,3.015572834E-1,1.723755877E0
2.061987642E1,7.705012744E-1,2.892192491E0,2.716766958E-1,3.005371499E0
2.062988842E1,1.019339404E0,4.177599356E0,2.799968451E-1,4.309267622E0
2.063989942E1,1.126324666E0,5.432990710E0,4.000116773E-1,5.562913324E0
2.064991142E1,1.130385046E0,6.530422456E0,5.187514510E-1,6.647803462E0
2.065992242E1,1.345047588E0,7.528927499E0,6.525509479E-1,7.675918514E0
2.066993442E1,1.727229935E0,8.401862417E0,8.217612559E-1,8.616838567E0
2.067994542E1,2.140981546E0,9.015373333E0,9.206885433E-1,9.311735913E0
2.068995742E1,2.248789439E0,9.385829528E0,9.114633912E-1,9.694411554E0
2.069996842E1,2.098694044E0,9.418987918E0,7.328549266E-1,9.677754205E0
2.070998042E1,2.229207113E0,9.104525245E0,6.386264616E-1,9.395189623E0
2.071999142E1,2.565750335E0,8.535065498E0,5.924293649E-1,8.932042901E0
2.073000342E1,2.889371209E0,7.865623625E0,5.161618288E-1,8.395410891E0
2.074001442E1,2.972002307E0,7.129693063E0,4.698015948E-1,7.738606749E0
2.075002642E1,2.766386138E0,6.211315924E0,4.837167986E-1,6.816694192E0
2.076003742E1,2.599567122E0,5.167606056E0,6.151399505E-1,5.817241505E0
2.077004942E1,2.584765772E0,3.993953515E0,9.514168310E-1,4.851584562E0
2.078006042E1,2.575170491E0,2.639050153E0,1.446118172E0,3.960725506E0
2.079007242E1,2.959584282E0,1.180979687E0,1.897620285E0,3.708748426E0
2.080008342E1,3.379578965E0,-2.270918226E-1,2.379582882E0,4.139509557E0
2.081009542E1,3.382061985E0,-1.570810046E0,2.693903468E0,4.600315573E0
2.082010642E1,2.742580661E0,-2.640345896E0,2.928700751E0,4.803172204E0
2.083011842E1,1.971834023E0,-3.069905162E0,2.879135073E0,4.647780749E0
2.084012942E1,1.493353881E0,-2.328350748E0,2.549129916E0,3.761567007E0
2.085014142E1,6.851729295E-1,-7.495229995E-1,1.956868951E0,2.204672938E0
2.086015242E1,3.410147332E-1,8.286907911E-1,1.245863900E0,1.534664893E0
2.087016442E1,3.880760483E-1,2.168252814E0,8.848111975E-1,2.373776346E0
2.088017542E1,2.769244257E-1,3.291081941E0,-1.166285634E-2,3.302732733E0
2.089018742E1,5.036141060E-2,3.808700860E0,-1.814084623E0,4.218962139E0
2.090019842E1,-2.954981062E-1,4.182750168E0,-3.404847708E0,5.401454065E0
2.091021042E1,-1.062608215E0,5.009599087E0,-4.459240438E0,6.790437726E0
2.092022142E1,-2.292412883E0,6.242339496E0,-5.764583386E0,8.800703428E0
2.093023342E1,-3.170826935E0,7.812747838E0,-6.597693502E0,1.070620062E1
2.094024442E1,-3.786046700E0,9.039562680E0,-6.870482485E0,1.196876655E1
2.095025642E1,-3.592098942E0,9.825147797E0,-4.363992804E0,1.133495202E1
2.096026742E1,-2.508563104E0,1.023662689E1,-3.279469371E-1,1.054461797E1
2.097027942E1,-1.599854628E0,1.013554490E1,3.344875156E0,1.079245084E1
2.098029042E1,-2.341501428E-1,9.029100841E0,6.726479012E0,1.126166099E1
2.099030242E1,-1.616649878E-1,6.874504200E0,7.215289283E0,9.967213402E0
2.100031342E1,-9.976157550E-1,4.711657721E0,5.498767793E0,7.309678715E0
2.101032542E1,-9.801646668E-1,2.607137219E0,3.854301540E0,4.755368295E0
2.102033642E1,-2.112732405E-1,6.327476710E-1,3.086925822E0,3.158182551E0
2.103034842E1,2.242548267E-1,-1.664181309E0,2.484624018E0,2.998857477E0
2.104035942E1,-1.394336254E0,-4.879739444E0,1.895117092E0,5.417333239E0
2.105037042E1,-1.738271233E0,-7.011843601E0,1.483071406E0,7.374756834E0
2.106038242E1,-1.535473714E0,-8.279464406E0,1.153080575E0,8.499223799E0
2.107039342E1,-9.078108548E-1,-9.613874447E0,1.249437718E0,9.737134950E0
2.108040542E1,-2.021656357E-1,-1.128804514E1,1.851334895E0,1.144064137E1
2.109041642E1,5.962108324E-1,-1.296822151E1,2.335061597E0,1.319025205E1
2.110042842E1,1.964893524E0,-1.411711167E1,2.304920955E0,1.443836241E1
2.111043942E1,3.207789816E0,-1.425963522E1,1.812656148E0,1.472796097E1
2.112045142E1,2.500139312E0,-1.375353882E1,1.191238627E0,1.402959644E1
2.113046242E1,7.370660913E-1,-1.251391390E1,-1.023683739E-1,1.253601958E1
2.114047442E1,1.098296403E-1,-1.130564058E1,-1.228841194E0,1.137275790E1
2.115048542E1,1.430024296E-2,-1.094533047E1,-1.493358412E0,1.104674536E1
2.116049742E1,-9.277978805E-1,-1.096954847E1,-1.422356842E0,1.110022079E1
2.117050842E1,-1.911755636E0,-1.084794744E1,-1.169355715E0,1.107701070E1
2.118052042E1,-2.390796672E0,-1.028285030E1,-7.808769393E-1,1.058596655E1
2.119053142E1,-2.475949674E0,-9.228828864E0,-4.281655821E-1,9.564775729E0
2.120054342E1,-2.447428418E0,-7.911193315E0,-1.406477559E-1,8.282310506E0
2.121055442E1,-2.465817034E0,-6.622882138E0,1.733152726E-1,7.069148438E0
2.122056642E1,-2.440679561E0,-5.566434696E0,4.142696741E-1,6.092104013E0
2.123057742E1,-2.196772023E0,-4.710723921E0,5.534717059E-1,5.227146269E0
2.124058942E1,-1.571451778E0,-3.861454439E0,7.278548263E-1,4.232028323E0
2.125060042E1,-8.637062573E-1,-2.907764211E0,8.714175653E-1,3.156018025E0
2.126061242E1,-3.404754006E-1,-1.804882275E0,1.100085213E0,2.140960298E0
2.127062342E1,-3.248186767E-2,-3.999863881E-1,1.259794307E0,1.322167114E0
2.128063542E1,2.796649425E-1,1.184621918E0,1.231012996E0,1.731165666E0
2.129064642E1,7.998476458E-1,2.718930720E0,1.075207064E0,3.031239144E0
2.130065842E1,1.144005623E0,4.113363014E0,8.579077198E-1,4.354826037E0
2.131066942E1,1.376254763E0,5.328452434E0,7.612647933E-1,5.555718369E0
2.132068142E1,1.671621891E0,6.409932391E0,8.636231538E-1,6.680374088E0
2.133069242E1,2.038006524E0,7.376592329E0,1.073122532E0,7.727818382E0
2.134070404E1,2.285656572E0,8.130356314E0,1.061201228E0,8.511936783E0
2.135071604E1,2.623153035E0,8.705412431E0,1.076837853E0,9.155583936E0
2.136072704E1,2.989848593E0,9.050201688E0,9.094987267E-1,9.574577440E0
2.137073904E1,3.228765240E0,8.966830918E0,6.430393553E-1,9.552093033E0
2.138075004E1,3.196114388E0,8.583024945E0,5.069804943E-1,9.172812743E0
2.139076204E1,2.953870676E0,8.138125509E0,3.866611683E-1,8.666253264E0
2.140077304E1,2.985509375E0,7.693058258E0,5.330170127E-1,8.269251400E0
2.141078504E1,3.171323948E0,7.105799001E0,4.984248483E-1,7.797313791E0
2.142079604E1,3.547138531E0,6.475230587E0,6.358320773E-1,7.410471331E0
2.143080804E1,3.707034736E0,5.560693899E0,1.204103086E0,6.790676507E0
2.144081904E1,3.659441324E0,4.635632808E0,1.606134245E0,6.120479520E0
2.145083104E1,3.572562810E0,3.725157012E0,2.025215886E0,5.544501707E0
2.146084204E1,3.415581734E0,2.747233583E0,2.390940660E0,4.993003923E0
2.147085404E1,3.481081367E0,1.465740259E0,2.637840364E0,4.607008115E0
2.148086504E1,3.606685114E0,-6.479942858E-2,2.731567723E0,4.524802614E0
2.149087704E1,3.471393407E0,-1.624319671E0,2.710590252E0,4.694282277E0
2.150088804E1,2.804287789E0,-2.949254299E0,2.811473433E0,4.946363694E0
2.151090004E1,2.191184132E0,-3.673949436E0,3.135162427E0,5.303624780E0
2.152091104E1,1.271765604E0,-3.539256485E0,3.033775216E0,4.831926767E0
2.153092304E1,-2.997765139E-2,-2.729923486E0,2.294433389E0,3.566203229E0
2.154093404E1,-9.105268865E-1,-1.631801183E0,1.775133981E0,2.577389175E0
2.155094604E1,-1.364191518E0,-6.846738696E-1,1.663883686E0,2.257942809E0
2.156095704E1,-1.853785463E0,-9.652583599E-2,1.415996826E0,2.334713000E0
2.157096904E1,-2.961885746E0,1.553938490E-1,2.612629509E-1,2.977443997E0
2.158098004E1,-3.445627067E0,5.637259680E-1,-8.202982825E-1,3.586505559E0
2.159099204E1,-3.530862806E0,1.301746325E0,-1.597102636E0,4.088064638E0
2.160100304E1,-3.203820434E0,2.444403945E0,-2.565578719E0,4.777213642E0
2.161101504E1,-2.561587409E0,3.722810524E0,-3.380181813E0,5.643286041E0
2.162102604E1,-2.181677729E0,5.369192909E0,-4.285554745E0,7.207907441E0
2.163103704E1,-1.520896021E0,6.981747397E0,-4.620542314E0,8.509249832E0
2.164104904E1,-2.656944095E-1,8.113018150E0,-4.618187056E0,9.339127834E0
2.165106004E1,1.074561970E0,8.894647041E0,-4.452347156E0,1.000464015E1
2.166107204E1,2.202869354E0,8.959634165E0,-4.350413815E0,1.020067538E1
2.167108304E1,2.799111249E0,8.916140821E0,-4.157736365E0,1.022836070E1
2.168109504E1,2.805922671E0,8.666303329E0,-3.368083339E0,9.711951442E0
2.169110604E1,2.586638051E0,7.704799467E0,-1.409373685E0,8.248694770E0
2.170111804E1,2.066936646E0,6.210679162E0,1.333570088E-1,6.546949431E0
2.171112904E1,1.299433605E0,5.319842994E0,5.763084452E-1,5.506486048E0
2.172114104E1,1.297667892E0,4.453164597E0,1.048777503E0,4.755475910E0
2.173115204E1,1.574212833E0,3.283505704E0,2.002674138E0,4.155750168E0
2.174116404E1,1.641117260E0,1.949861063E0,3.447918298E0,4.287582608E0
2.175117504E1,1.074308932E0,6.450414419E-2,4.602411852E0,4.726573317E0
2.176118704E1,2.919259690E-1,-2.353079792E0,4.308568508E0,4.917923126E0
2.177119804E1,-4.263620450E-1,-5.387863653E0,3.723056107E0,6.562926643E0
2.178121004E1,-1.941987787E0,-9.258609903E0,3.679729409E0,1.015054592E1
2.179122104E1,-3.827409026E0,-1.314974013E1,4.147321304E0,1.430961213E1
2.180123304E1,-4.270788186E0,-1.596586210E1,4.771657463E0,1.720224111E1
2.181124404E1,-3.184086081E0,-1.724897510E1,4.680344712E0,1.815409521E1
2.182125604E1,-1.934803021E0,-1.662264826E1,3.798588685E0,1.716057033E1
2.183126704E1,-1.269186251E0,-1.429446591E1,2.754237378E0,1.461261144E1
2.184127904E1,-5.190149777E-1,-1.187746319E1,1.356229511E0,1.196590435E1
2.185129004E1,-3.570912506E-1,-1.090755278E1,-2.867299139E-2,1.091343411E1
2.186130104E1,-1.201760326E0,-1.098345666E1,-8.794586563E-1,1.108395217E1
2.187131304E1,-2.202109508E0,-1.105924944E1,-1.204142847E0,1.134046932E1
2.188132404E1,-2.894687790E0,-1.092550841E1,-1.194019563E0,1.136536995E1
2.189133604E1,-3.336200811E0,-1.056300209E1,-1.108755172E0,1.113268104E1
2.190134704E1,-3.486495304E0,-9.903361323E0,-1.028782218E0,1.054943638E1
2.191135904E1,-3.192916254E0,-9.018544278E0,-7.829144016E-1,9.599052560E0
2.192137004E1,-2.594087403E0,-7.967411370E0,-3.284933594E-1,8.385513776E0
2.193138204E1,-2.036579657E0,-7.040130091E0,1.584995976E-1,7.330498655E0
2.194139304E1,-1.279268166E0,-6.088910896E0,5.633689955E-1,6.247299222E0
2.195140504E1,-7.417832594E-1,-5.119890438E0,8.581628045E-1,5.244040799E0
2.196141604E1,-3.168953341E-1,-3.969688155E0,1.010312911E0,4.108476467E0
2.197142804E1,1.882110545E-1,-2.715477939E0,1.062545211E0,2.922027749E0
2.198143904E1,6.741561905E-1,-1.362672558E0,8.820425409E-1,1.757658133E0
2.199145104E1,1.185543366E0,1.737172687E-1,6.693945104E-1,1.372508569E0
2.200146204E1,1.736124866E0,1.851992707E0,5.067284793E-1,2.588586542E0
2.201147404E1,2.118874247E0,3.482809219E0,4.237787086E-1,4.098679851E0
2.202148504E1,2.452141420E0,4.950577292E0,5.727065603E-1,5.554206142E0
2.203149704E1,2.970218321E0,6.246811447E0,6.826150650E-1,6.950598064E0
2.204150804E1,3.524076528E0,7.439243490E0,9.782607403E-1,8.289659411E0
2.205152004E1,4.211237803E0,8.590400623E0,1.394253954E0,9.668166878E0
2.206153104E1,4.291842256E0,9.383722776E0,1.541438313E0,1.043312969E1
2.207154304E1,3.833432535E0,9.684689491E0,1.491082091E0,1.052196471E1
2.208155404E1,3.342604682E0,9.670964906E0,1.335263150E0,1.031908407E1
2.209156504E1,2.982464730E0,9.514682280E0,1.065259781E0,1.002791370E1
2.210157704E1,2.630511756E0,9.210185602E0,7.487687087E-1,9.607693037E0
2.211158804E1,2.475826005E0,8.861333699E0,2.544123530E-1,9.204220498E0
2.212160004E1,2.258285755E0,8.256960812E0,-9.948569655E-2,8.560791657E0
2.213161104E1,2.077097938E0,7.342212455E0,-3.831906997E-2,7.630457910E0
2.214162304E1,2.534837567E0,6.314823920E0,5.195274496E-1,6.824390918E0
2.215163404E1,3.405762212E0,5.414133439E0,1.428087698E0,6.553738751E0
2.216164604E1,3.811458114E0,4.171064508E0,2.304621577E0,6.102153120E0
2.217165704E1,3.740383746E0,2.604185545E0,2.751546489E0,5.323838935E0
2.218166904E1,3.725875635E0,1.093211811E0,3.143258482E0,4.995731697E0
2.219168004E1,3.821333769E0,-3.447822404E-1,3.463455520E0,5.168848102E0
2.220169204E1,3.646357302E0,-1.548185999E0,3.587514725E0,5.344442288E0
2.221170304E1,3.098827537E0,-2.508993459E0,3.477147360E0,5.290400178E0
2.222171504E1,2.478619805E0,-3.034100906E0,2.908405066E0,4.879359023E0
2.223172604E1,1.660362493E0,-2.858227184E0,2.409619005E0,4.090541529E0
2.224173804E1,6.459258333E-1,-2.013298091E0,2.569306319E0,3.327450126E0
2.225174904E1,-2.631274818E-1,-1.033821056E0,2.632881925E0,2.840790256E0
2.226176104E1,-1.304699023E0,-1.100574625E-1,2.469164565E0,2.794839142E0
2.227177204E1,-1.779402740E0,7.812575930E-1,2.194769791E0,2.931493130E0
2.228178404E1,-2.237190317E0,1.231447005E0,1.025076545E0,2.751774730E0
2.229179504E1,-3.024494516E0,1.498727911E0,-5.752304013E-1,3.424126522E0
2.230180704E1,-3.185228042E0,1.916231972E0,-1.138370442E0,3.887609794E0
2.231181804E1,-2.778861172E0,2.426820198E0,-1.280474739E0,3.905270957E0
2.232182904E1,-2.057031902E0,3.011445869E0,-1.536033731E0,3.957219490E0
2.233184104E1,-1.568412834E0,3.722112951E0,-2.145360965E0,4.573468848E0
2.234185175E1,-1.440261894E0,4.500179719E0,-2.845584919E0,5.515734344E0
2.235186375E1,-7.925166991E-1,5.814909786E0,-3.881571785E0,7.036182065E0
2.236187475E1,4.894173588E-1,6.850051728E0,-4.461105115E0,8.189273282E0
2.237188675E1,1.621526748E0,7.312098709E0,-4.638483326E0,8.809748242E0
2.238189775E1,2.031715358E0,7.183240110E0,-4.803632085E0,8.877031428E0
2.239190975E1,1.337904483E0,6.551986987E0,-4.341619310E0,7.972965579E0
2.240192075E1,5.326427543E-1,5.505457592E0,-3.537923319E0,6.565871840E0
2.241193275E1,9.779862866E-2,4.542484909E0,-3.091341639E0,5.495464207E0
2.242194375E1,-2.559500246E-1,3.457782551E0,-2.064591036E0,4.035381857E0
2.243195575E1,-9.527785014E-1,2.907870630E0,-5.146070176E-1,3.102953248E0
2.244196675E1,-7.596176326E-1,2.439623846E0,6.875084536E-1,2.646025573E0
2.245197875E1,1.592987658E-1,1.532904301E0,1.130834550E0,1.911533017E0
2.246198975E1,7.472333761E-1,4.285190463E-1,8.799638557E-1,1.231390547E0
2.247200175E1,1.438209229E0,-1.009838701E0,1.170782143E0,2.111622792E0
2.248201275E1,2.031569470E0,-2.869376655E0,1.806859072E0,3.952889653E0
2.249202475E1,9.221825069E-1,-5.346265392E0,3.204048475E0,6.300706377E0
2.250203575E1,-1.406133742E0,-8.192370713E0,4.393899850E0,9.402047963E0
2.251204675E1,-3.296889396E0,-1.059236213E1,4.827611224E0,1.209848938E1
2.252205875E1,-4.254700742E0,-1.257510852E1,4.476404648E0,1.400978341E1
2.253206975E1,-4.209788571E0,-1.348513057E1,3.594098105E0,1.457698898E1
2.254208175E1,-3.705865293E0,-1.326879529E1,2.540352076E0,1.400884559E1
2.255209275E1,-2.602510902E0,-1.235987602E1,1.833400900E0,1.276326593E1
2.256210475E1,-1.662838789E0,-1.144683447E1,1.784549167E0,1.170383133E1
2.257211575E1,-1.670897714E0,-1.065516591E1,1.886229908E0,1.094907863E1
2.258212775E1,-1.795063777E0,-1.011053753E1,1.881831925E0,1.043966065E1
2.259213875E1,-1.797583196E0,-9.781580778E0,1.669194127E0,1.008448496E1
2.260215075E1,-2.033685578E0,-9.554949131E0,1.383100390E0,9.866402415E0
2.261216175E1,-2.427024412E0,-9.256990809E0,1.104151951E0,9.633352369E0
2.262217375E1,-2.488871143E0,-8.689239033E0,7.401873350E-1,9.068915692E0
2.263218475E1,-2.228544916E0,-7.840946036E0,3.919698554E-1,8.160912176E0
2.264219675E1,-1.885903780E0,-6.877872781E0,1.685459912E-1,7.133734983E0
2.265220775E1,-1.350412555E0,-5.908954648E0,8.115438312E-2,6.061843378E0
2.266221975E1,-7.861952743E-1,-5.031316815E0,1.926306725E-2,5.092408366E0
2.267223075E1,-3.622509433E-1,-4.181351514E0,-7.825913429E-3,4.197021263E0
2.268224275E1,5.274590515E-2,-3.252446464E0,8.014193773E-3,3.252884006E0
2.269225375E1,5.168696708E-1,-2.064829602E0,5.473110795E-2,2.129241893E0
2.270226475E1,6.543212655E-1,-7.820101297E-1,-1.515086666E-2,1.019757672E0
2.271227675E1,6.049960546E-1,5.215938556E-1,-1.765087295E-1,8.180682783E-1
2.272228775E1,7.490180925E-1,1.839043463E0,-3.987350839E-1,2.025363826E0
2.273229975E1,1.042006281E0,3.138702332E0,-5.917914337E-1,3.359679526E0
2.274231075E1,1.455232520E0,4.431988320E0,-5.657952976E-1,4.698972917E0
2.275232275E1,1.783929947E0,5.598666887E0,-4.949790841E-1,5.896819589E0
2.276233375E1,2.168293013E0,6.609486752E0,-5.010783879E-1,6.974086984E0
2.277234575E1,2.417445504E0,7.448820645E0,-4.704546922E-1,7.845399886E0
2.278235675E1,2.441792871E0,8.076916271E0,-3.771377351E-1,8.446369738E0
2.279236875E1,2.442616744E0,8.511680728E0,-1.418505281E-1,8.856365335E0
2.280237975E1,2.221027297E0,8.642986388E0,9.266784310E-2,8.924279426E0
2.281239175E1,2.109807116E0,8.542541163E0,1.776138532E-1,8.801013707E0
2.282240275E1,2.116244754E0,8.304222102E0,2.358737558E-1,8.572877755E0
2.283241475E1,2.459773352E0,7.983670723E0,3.234106672E-1,8.360267795E0
2.284242575E1,2.929914925E0,7.491211204E0,4.524727499E-1,8.056511550E0
2.285243775E1,3.232659486E0,6.835423164E0,5.701549816E-1,7.582755033E0
2.286244875E1,3.316992123E0,6.115452577E0,6.336031187E-1,6.985889341E0
2.287246075E1,3.242179338E0,5.421949997E0,7.941395938E-1,6.367097166E0
2.288247175E1,3.081321266E0,4.689112612E0,1.223099593E0,5.742672761E0
2.289248375E1,2.883512299E0,3.647436406E0,1.266669463E0,4.819013078E0
2.290249475E1,3.005475277E0,2.267045615E0,1.479236802E0,4.044813838E0
2.291250575E1,3.468084468E0,5.833884001E-1,1.840279126E0,3.969203845E0
2.292251775E1,3.643233135E0,-1.140109988E0,2.170190581E0,4.391210041E0
2.293252875E1,3.070786337E0,-2.707645009E0,2.613594300E0,4.857154042E0
2.294254075E1,1.780660476E0,-3.519112827E0,3.049534632E0,4.985435617E0
2.295255175E1,3.553902590E-1,-2.949425622E0,3.277003015E0,4.423139439E0
2.296256375E1,-8.781406939E-1,-1.470868852E0,3.059393038E0,3.506347389E0
2.297257475E1,-1.493632062E0,3.421398836E-1,2.938168563E0,3.313733686E0
2.298258675E1,-1.764343236E0,1.845122228E0,1.709604235E0,3.072479411E0
2.299259775E1,-1.798245977E0,2.565510306E0,-1.983375549E-2,3.133037680E0
2.300260975E1,-2.252695817E0,3.267773770E0,-1.403428820E0,4.209821411E0
2.301262075E1,-2.528655891E0,4.441608160E0,-2.734213588E0,5.796370209E0
2.302263275E1,-1.633302017E0,5.652926710E0,-3.863607969E0,7.039227401E0
2.303264375E1,-4.315632530E-1,6.929987260E0,-5.188622119E0,8.667916113E0
2.304265575E1,6.328682698E-1,7.923016385E0,-5.672607268E0,9.764895499E0
2.305266675E1,1.087607108E0,8.405273098E0,-5.635035399E0,1.017767798E1
2.306267875E1,2.400397215E0,8.171947559E0,-4.892013919E0,9.822139984E0
2.307268975E1,2.852136140E0,7.211514321E0,-2.744928026E0,8.226496777E0
2.308270175E1,9.562086242E-1,5.928042299E0,-5.779446423E-1,6.032415805E0
2.309271275E1,9.863326753E-1,4.878134383E0,1.207376942E0,5.121211408E0
2.310272375E1,2.978919855E0,4.117589382E0,2.598965735E0,5.708163340E0
2.311273575E1,3.732031291E0,3.526997797E0,3.295230541E0,6.101337176E0
2.312274675E1,2.570715205E0,2.724811850E0,3.429377362E0,5.078760220E0
2.313275875E1,1.554185535E0,1.785929110E0,3.137929915E0,3.930857364E0
2.314276975E1,-2.169755914E-1,6.906391990E-1,2.411244970E0,2.517570896E0
2.315278175E1,-2.105149955E0,-1.405529140E0,2.156514528E0,3.325315535E0
2.316279275E1,-3.150825072E0,-4.046656224E0,3.278599598E0,6.087063376E0
2.317280475E1,-2.890510539E0,-6.823083785E0,4.363337916E0,8.599316326E0
2.318281575E1,-1.957458643E0,-9.743049966E0,3.952749941E0,1.069499411E1
2.319282775E1,-1.410877735E0,-1.286038482E1,3.400678351E0,1.337702085E1
2.320283875E1,-1.859622592E0,-1.591431889E1,3.191409718E0,1.633734489E1
2.321285075E1,-2.811163530E0,-1.796422757E1,2.850396593E0,1.840491438E1
2.322286175E1,-2.579667585E0,-1.811413849E1,1.815502280E0,1.838675465E1
2.323287375E1,-1.473573774E0,-1.615467571E1,6.685677141E-1,1.623551508E1
2.324288475E1,-3.528026468E-1,-1.322392960E1,-3.346960858E-1,1.323286837E1
2.325289675E1,-1.444013029E-1,-1.101279448E1,-1.009544587E0,1.105991294E1
2.326290775E1,-1.848097840E-1,-9.909705552E0,-9.340622950E-1,9.955344853E0
2.327291875E1,-1.768224691E-1,-9.247266304E0,-4.356868556E-1,9.259212889E0
2.328293075E1,-3.710427072E-1,-8.696945663E0,2.619991153E-2,8.704896495E0
2.329294175E1,-6.680466541E-1,-8.187378361E0,3.143232170E-1,8.220599117E0
2.330295375E1,-7.475465675E-1,-7.772965137E0,4.750903648E-1,7.823268099E0
2.331296475E1,-6.789636981E-1,-7.457216077E0,5.533167547E-1,7.508476726E0
2.332297675E1,-5.031015610E-1,-7.055619366E0,6.746227983E-1,7.105630988E0
2.333298775E1,-5.538462932E-1,-6.424380276E0,8.051174489E-1,6.498278369E0
2.334299954E1,-5.317777684E-1,-5.417037751E0,1.095651123E0,5.552255125E0
2.335301054E1,-4.481081689E-1,-4.176219413E0,1.228061175E0,4.376042021E0
2.336302254E1,-2.996604466E-1,-2.790349197E0,1.206143033E0,3.054607346E0
2.337303354E1,-1.929327177E-1,-1.230072910E0,1.071994019E0,1.643007478E0
2.338304554E1,1.275657803E-1,4.168240303E-1,9.575179620E-1,1.052072216E0
2.339305654E1,5.132606962E-1,2.028762807E0,7.591545331E-1,2.226124586E0
2.340306854E1,7.300491402E-1,3.514658418E0,5.645568573E-1,3.633802414E0
2.341307954E1,8.647890886E-1,4.932763749E0,3.664621080E-1,5.021385551E0
2.342309154E1,1.030838319E0,6.263273697E0,1.458799906E-1,6.349213024E0
2.343310254E1,1.225447031E0,7.424666381E0,9.211045727E-3,7.525122999E0
2.344311354E1,1.523778990E0,8.384574539E0,8.927770056E-2,8.522380132E0
2.345312554E1,1.690992109E0,9.080990202E0,2.501128954E-1,9.240475844E0
2.346313654E1,1.876345190E0,9.419396639E0,3.614386189E-1,9.611261217E0
2.347314854E1,2.140390393E0,9.558638724E0,4.039613253E-1,9.803674313E0
2.348315954E1,2.342889557E0,9.624010595E0,4.410221475E-1,9.914898484E0
2.349317154E1,2.502099299E0,9.696792642E0,4.603699994E-1,1.002498025E1
2.350318254E1,2.578842543E0,9.694264891E0,5.172458661E-1,1.004473713E1
2.351319454E1,2.719732373E0,9.648950724E0,6.154942918E-1,1.004380543E1
2.352320554E1,3.072726151E0,9.621664107E0,5.078517659E-1,1.011315874E1
2.353321754E1,3.169036517E0,9.329191058E0,6.203521585E-1,9.872255824E0
2.354322854E1,3.186647161E0,8.796345990E0,8.116987824E-1,9.390914643E0
2.355324054E1,3.232016000E0,7.960112876E0,9.398709190E-1,8.642492798E0
2.356325154E1,3.398097682E0,6.643029304E0,1.165614301E0,7.552189278E0
2.357326354E1,3.855625642E0,4.415810829E0,1.204374397E0,5.984626309E0
2.358327454E1,3.719411538E0,1.928519311E0,1.269404937E0,4.377738893E0
2.359328654E1,3.172482281E0,-4.638496774E-1,1.102239765E0,3.390388304E0
2.360329754E1,2.268995223E0,-3.488927161E0,1.665985175E0,4.482907389E0
2.361330854E1,-2.680723259E-1,-7.032290729E0,2.923239452E0,7.620387429E0
2.362332054E1,-3.335425763E0,-9.331919369E0,4.284091187E0,1.079644485E1
2.363333154E1,-5.384656456E0,-7.122700962E0,2.522616302E0,9.278522897E0
2.364334354E1,-5.138351852E0,-4.059342343E0,5.070623553E-1,6.567954951E0
2.365335454E1,-3.137225033E0,-9.854663372E-2,2.460853332E-1,3.148404411E0
2.366336654E1,-9.013469772E-1,3.125616848E0,-8.241364679E-1,3.355757436E0
2.367337754E1,6.083311602E-1,5.556633593E0,-2.601761874E0,6.165663673E0
2.368338954E1,1.274123201E0,7.427201149E0,-3.450518555E0,8.288111072E0
2.369340054E1,2.040362221E0,8.872977844E0,-4.725232617E0,1.025771110E1
2.370341254E1,2.431517705E0,1.008574066E1,-5.879241437E0,1.192476091E1
2.371342354E1,2.371028552E0,1.065433677E1,-5.393043117E0,1.217462864E1
2.372343554E1,2.385230854E0,1.073258304E1,-3.794336590E0,1.163076331E1
2.373344654E1,3.001166464E0,9.978750644E0,-2.623281382E0,1.074542087E1
2.374345854E1,2.847295230E0,8.812998860E0,-1.984375423E0,9.471736106E0
2.375346954E1,2.092862762E0,7.401980354E0,-2.712698758E-1,7.696945826E0
2.376348154E1,2.425387923E0,5.521139240E0,1.420207844E0,6.195359183E0
2.377349254E1,1.668702815E0,2.548904799E0,2.713079411E0,4.079495637E0
2.378350454E1,-6.759216841E-1,-1.488885292E0,2.748557685E0,3.198158671E0
2.379351554E1,-2.739397144E0,-5.894980388E0,2.859035854E0,7.101350329E0
2.380352654E1,-4.324550995E0,-1.089397321E1,3.329102291E0,1.218455234E1
2.381353854E1,-6.390671663E0,-1.596882430E1,4.016184044E0,1.766277917E1
2.382354954E1,-7.373095694E0,-1.984156270E1,5.183312262E0,2.179258765E1
2.383356154E1,-6.190189934E0,-2.118409744E1,5.867307855E0,2.283658769E1
2.384357254E1,-4.149146805E0,-1.884234838E1,4.553913876E0,1.982391595E1
2.385358454E1,-2.705334190E0,-1.367405996E1,1.857791683E0,1.406236604E1
2.386359554E1,-1.959114136E0,-1.004828105E1,-9.200301468E-2,1.023789748E1
2.387360754E1,-1.144159916E0,-8.739644955E0,-9.188162649E-1,8.861981674E0
2.388361854E1,-7.367735843E-1,-8.894876837E0,-9.850625870E-1,8.979533259E0
2.389363054E1,-5.731375732E-1,-9.792781704E0,-6.683259317E-1,9.832279478E0
2.390364154E1,-3.453669254E-1,-1.048084053E1,-3.736829808E-1,1.049318519E1
2.391365354E1,-4.862186760E-1,-1.092709652E1,-1.830032319E-1,1.093943952E1
2.392366454E1,-6.791212074E-1,-1.068511768E1,-5.296992660E-2,1.070680864E1
2.393367654E1,-5.502990798E-1,-9.698657320E0,2.753062087E-1,9.718157047E0
2.394368754E1,-2.924248096E-1,-8.417338243E0,5.903237826E-1,8.443078676E0
2.395369854E1,-1.312073531E-1,-6.837901799E0,6.962697753E-1,6.874511472E0
2.396371054E1,-4.916473407E-1,-5.092775145E0,6.604886162E-1,5.158906957E0
2.397372154E1,-4.490918899E-1,-3.433665710E0,7.878830731E-1,3.551408660E0
2.398373354E1,8.638902985E-2,-1.801016096E0,9.327493027E-1,2.030059926E0
2.399374454E1,6.415787208E-1,-2.537440163E-1,1.008463144E0,1.221886735E0
2.400375654E1,1.171003899E0,1.276482845E0,1.006269415E0,2.003306447E0
2.401376754E1,1.840139377E0,2.770178057E0,1.024799972E0,3.479973330E0
2.402377954E1,2.485625938E0,4.088188997E0,1.013725492E0,4.890732558E0
2.403379054E1,2.976943204E0,5.327288253E0,7.923854291E-1,6.153865910E0
2.404380254E1,3.266129825E0,6.440643137E0,5.858214996E-1,7.245182875E0
2.405381354E1,3.486029280E0,7.403454437E0,5.680838978E-1,8.202820068E0
2.406382554E1,3.536618806E0,8.205920466E0,7.156266904E-1,8.964202409E0
2.407383654E1,3.440083614E0,8.757060887E0,7.621313506E-1,9.439339746E0
2.408384854E1,3.117629551E0,9.073342044E0,8.674052060E-1,9.633148066E0
2.409385954E1,2.467420925E0,9.243290783E0,1.033885961E0,9.622656114E0
2.410387154E1,1.870704381E0,9.180622079E0,1.042334018E0,9.427078914E0
2.411388254E1,1.530489986E0,9.105876537E0,1.103088927E0,9.299257620E0
2.412389354E1,1.407373498E0,9.112737660E0,1.127724416E0,9.289480619E0
2.413390554E1,1.310787144E0,9.164336414E0,9.149968636E-1,9.302711654E0
2.414391654E1,1.631084607E0,9.272689998E0,7.464345733E-1,9.444595352E0
2.415392854E1,2.265666988E0,9.037603278E0,1.083248155E0,9.380029129E0
2.416393954E1,2.576510966E0,8.376272662E0,1.489050622E0,8.889185802E0
2.417395154E1,2.036578926E0,7.167668390E0,1.902453593E0,7.690413093E0
2.418396254E1,1.434851173E0,5.123578861E0,2.334324117E0,5.810243310E0
2.419397454E1,9.998495375E-1,2.272296415E0,2.984265672E0,3.881864461E0
2.420398554E1,9.306536606E-1,-6.350731087E-1,3.848571854E0,4.010104662E0
2.421399754E1,9.340112049E-1,-4.197367038E0,4.502478844E0,6.225960386E0
2.422400854E1,4.631878457E-1,-7.639179089E0,4.744235483E0,9.004408390E0
2.423402054E1,-8.112273507E-1,-9.742840050E0,5.071265577E0,1.101357147E1
2.424403154E1,-1.478999551E0,-9.009330236E0,4.420254128E0,1.014367377E1
2.425404354E1,-1.747907152E0,-5.532512659E0,2.338168223E0,6.255470116E0
2.426405454E1,-1.664743519E0,-1.492111786E0,-2.476289982E-1,2.249241803E0
2.427406654E1,-9.953392147E-1,1.877961946E0,-1.978532885E0,2.903796411E0
2.428407754E1,-1.026015316E-1,4.574426494E0,-2.801605672E0,5.365156024E0
2.429408854E1,1.023879620E0,6.393623337E0,-3.663937833E0,7.439837989E0
2.430410054E1,2.318454920E0,7.839359686E0,-4.818229074E0,9.489263666E0
2.431411154E1,2.960815414E0,9.259980490E0,-5.989741534E0,1.141887342E1
2.432412354E1,3.071599393E0,1.022837880E1,-6.383740958E0,1.244213022E1
2.433413454E1,3.258497747E0,1.032161851E1,-6.545207725E0,1.264884818E1
2.434414650E1,3.098369700E0,9.553544630E0,-5.420083566E0,1.141259899E1
2.435415750E1,2.777543795E0,8.599532220E0,-3.708341881E0,9.768239526E0
2.436416950E1,2.465119168E0,7.004195443E0,-1.980675890E0,7.684962153E0
2.437418050E1,2.711473766E0,4.705621641E0,9.369009720E-1,5.511147652E0
2.438419250E1,2.781509961E0,1.235868085E0,4.330864819E0,5.293444782E0
2.439420350E1,1.474074003E0,-3.200705622E0,5.412542996E0,6.458562714E0
2.440421550E1,-9.906019467E-1,-7.524421635E0,4.809681029E0,8.985056748E0
2.441422650E1,-3.238610782E0,-1.088080645E1,4.120370902E0,1.207716876E1
2.442423850E1,-4.482991828E0,-1.305926032E1,2.764619109E0,1.408135699E1
2.443424950E1,-3.908493827E0,-1.379403196E1,1.858781909E0,1.445706443E1
2.444426050E1,-2.350125487E0,-1.259308169E1,1.362997371E0,1.288280087E1
2.445427250E1,-1.637946022E0,-1.031679221E1,1.107620227E0,1.050456526E1
2.446428350E1,-1.620415193E0,-8.864684739E0,8.044795176E-1,9.047406712E0
2.447429550E1,-1.575546145E0,-8.034059104E0,2.405249235E-1,8.190622905E0
2.448430650E1,-2.066634053E0,-7.591848802E0,-9.478228399E-1,7.924992913E0
2.449431850E1,-2.735178086E0,-8.119200996E0,-1.634397347E0,8.722034089E0
2.450432950E1,-3.127327743E0,-9.583948982E0,-1.414575075E0,1.018004320E1
2.451434150E1,-3.093686373E0,-1.078934781E1,-9.511367494E-1,1.126435008E1
2.452435250E1,-3.143638551E0,-1.107128535E1,-5.998924586E-1,1.152456913E1
2.453436450E1,-3.553392128E0,-1.037864289E1,-3.562044838E-1,1.097586924E1
2.454437550E1,-2.518045533E0,-9.538119675E0,1.319953385E-1,9.865784460E0
2.455438750E1,-1.565438502E0,-8.644832938E0,6.012393647E-1,8.805976550E0
2.456439850E1,-1.147741117E0,-7.189205439E0,7.030317879E-1,7.314112264E0
2.457441050E1,-1.311666419E0,-5.567228748E0,3.791472039E-1,5.732212254E0
2.458442150E1,-7.143558712E-1,-4.193937061E0,2.628010610E-1,4.262449622E0
2.459443250E1,5.357721110E-1,-2.976180142E0,5.411030906E-1,3.072050219E0
2.460444450E1,9.629050018E-1,-1.798480158E0,7.808816171E-1,2.184374744E0
2.461445550E1,1.121690894E0,-3.261652905E-1,7.888895251E-1,1.409581832E0
2.462446750E1,1.409748783E0,1.292547485E0,7.758606130E-1,2.063984090E0
2.463447850E1,1.664141987E0,2.983143007E0,1.120478693E0,3.594994193E0
2.464449050E1,1.731307637E0,4.580277218E0,1.464529447E0,5.110891510E0
2.465450150E1,1.770110345E0,6.047280475E0,1.813567144E0,6.556822215E0
2.466451350E1,1.922732029E0,7.305724660E0,1.771700495E0,7.759473816E0
2.467452450E1,1.963936919E0,8.265357413E0,1.670456541E0,8.658152600E0
2.468453650E1,1.708159534E0,8.896521658E0,1.579104322E0,9.195622712E0
2.469454750E1,1.608674714E0,9.254194670E0,1.713093853E0,9.547913064E0
2.470455950E1,1.585301639E0,9.390347672E0,1.958984474E0,9.722624689E0
2.471457050E1,1.628197544E0,9.533969321E0,2.051099170E0,9.887092903E0
2.472458250E1,1.832213184E0,9.703794683E0,1.990772131E0,1.007391732E1
2.473459350E1,2.306913978E0,9.570034947E0,2.213298740E0,1.008990150E1
2.474460450E1,2.814568656E0,8.586384171E0,2.129992143E0,9.283569162E0
2.475461650E1,2.944892276E0,7.583498393E0,1.871698408E0,8.347759779E0
2.476462750E1,2.808967316E0,6.745462582E0,1.909084336E0,7.552229196E0
2.477463950E1,2.697071197E0,5.570354669E0,1.966085333E0,6.493730493E0
2.478465050E1,2.557014302E0,3.954774832E0,2.160277212E0,5.181251175E0
2.479466250E1,2.407175893E0,1.876493710E0,2.483374468E0,3.934828226E0
2.480467350E1,1.861612546E0,-4.954889613E-1,2.817153418E0,3.412838110E0
2.481468550E1,1.078946066E0,-3.229858670E0,3.432869904E0,4.835360113E0
2.482469650E1,9.413330153E-2,-5.642861313E0,4.038689393E0,6.939867209E0
2.483470850E1,-7.421220325E-1,-7.033606353E0,3.908843783E0,8.080929597E0
2.484471950E1,-1.301549274E0,-6.751717933E0,3.032654890E0,7.515099550E0
2.485473150E1,-2.048638370E0,-5.056841081E0,2.020740427E0,5.818243099E0
2.486474250E1,-2.779872741E0,-3.148827370E0,9.413268757E-1,4.304521175E0
2.487475350E1,-3.162803385E0,-7.046719319E-1,-2.373310574E0,4.016527214E0
2.488476550E1,-3.874284400E0,6.775952303E-1,-3.940474296E0,5.567454767E0
2.489477650E1,-4.133002642E0,1.318273480E0,-3.872737811E0,5.815294830E0
2.490478850E1,-3.177319098E0,2.667136669E0,-3.872831951E0,5.675191801E0
2.491479950E1,-2.262510515E0,4.352054543E0,-3.561291717E0,6.061528790E0
2.492481150E1,-1.033986971E0,5.983414847E0,-3.863805605E0,7.197178338E0
2.493482250E1,5.882655627E-1,7.559678006E0,-3.677955363E0,8.427463651E0
2.494483450E1,1.768073614E0,8.728114831E0,-3.288469990E0,9.493161100E0
2.495484550E1,2.637835686E0,9.509696360E0,-3.791814685E0,1.057215023E1
2.496485750E1,3.555253882E0,9.376734184E0,-4.550925072E0,1.101244265E1
2.497486850E1,4.023003652E0,8.483273785E0,-4.913438117E0,1.059680927E1
2.498488050E1,4.261430302E0,7.554672205E0,-4.102065609E0,9.594779966E0
2.499489150E1,4.882093533E0,6.426117484E0,-2.880111558E0,8.568831062E0
2.500490350E1,4.000026726E0,4.426455685E0,-1.874222066E0,6.253513580E0
2.501491450E1,2.245235647E0,2.027393973E0,-1.430316072E0,3.346223767E0
2.502492550E1,1.376144250E0,-6.735928112E-1,-6.314653766E-1,1.657180978E0
2.503493750E1,1.221542260E0,-2.975590158E0,1.396199469E0,3.506518963E0
2.504494850E1,1.247142979E0,-4.649417034E0,5.005703672E0,6.944747196E0
2.505496050E1,8.918060754E-1,-5.765135947E0,7.407189054E0,9.428603303E0
2.506497150E1,-4.311188646E-1,-6.154911343E0,5.921658894E0,8.551891087E0
2.507498350E1,-2.492002620E0,-6.252921787E0,4.034001095E0,7.847437337E0
2.508499450E1,-3.234782902E0,-5.953985226E0,2.350706992E0,7.172139420E0
2.509500650E1,-1.904844519E0,-5.802238870E0,1.347056399E0,6.253716454E0
2.510501750E1,-1.258816068E0,-6.637296694E0,1.394582860E0,6.898056730E0
2.511502950E1,-1.404518449E0,-7.927532190E0,1.781897455E0,8.245823018E0
2.512504050E1,-1.876209827E0,-9.167572848E0,2.320158506E0,9.640938271E0
2.513505250E1,-2.479616463E0,-1.052665112E1,2.157919030E0,1.102794161E1
2.514506350E1,-3.450655088E0,-1.206184461E1,1.575023842E0,1.264420088E1
2.515507550E1,-4.070037778E0,-1.350412350E1,1.137004240E0,1.414988826E1
2.516508650E1,-3.713144492E0,-1.403175753E1,4.113571760E-1,1.452056735E1
2.517509750E1,-2.688429012E0,-1.311130989E1,-5.478048769E-1,1.339530469E1
2.518510950E1,-1.654538081E0,-1.110190722E1,-1.342946683E0,1.130457190E1
2.519512050E1,-1.316845151E0,-9.133560179E0,-1.776256061E0,9.397397954E0
2.520513250E1,-1.031841409E0,-7.572160057E0,-1.792250827E0,7.849488369E0
2.521514350E1,-4.958134818E-1,-6.298543518E0,-1.567255524E0,6.509513909E0
2.522515550E1,-2.805654868E-1,-5.116895494E0,-1.140172261E0,5.249888501E0
2.523516650E1,-2.225005158E-1,-4.100112639E0,-5.985370740E-1,4.149539343E0
2.524517850E1,-3.368537083E-2,-3.339900929E0,-1.453524256E-1,3.343232007E0
2.525518950E1,-7.708442867E-2,-2.750313311E0,7.107290626E-2,2.752311152E0
2.526520150E1,-1.536756447E-1,-2.073185858E0,2.967166659E-1,2.099942043E0
2.527521250E1,1.193270534E-3,-1.152427148E0,4.581911807E-1,1.240172937E0
2.528522450E1,4.516215415E-1,-7.232421041E-3,4.149748483E-1,6.133664887E-1
2.529523550E1,7.526638314E-1,1.262848892E0,3.056341083E-1,1.501566640E0
2.530524750E1,9.350623150E-1,2.567029413E0,1.489120643E-1,2.736084126E0
2.531525850E1,1.270341661E0,3.908052070E0,-2.329369918E-2,4.109401600E0
2.532526950E1,1.698263414E0,5.151090596E0,-2.087222099E-2,5.423861041E0
2.533528150E1,2.002709660E0,6.265475759E0,1.691244270E-1,6.579941910E0
2.534529237E1,2.108515612E0,7.320916895E0,3.942362362E-1,7.628701363E0
2.535530437E1,1.867114337E0,8.211602206E0,5.576267374E-1,8.439637096E0
2.536531537E1,1.883363896E0,8.783731207E0,3.905372510E-1,8.991858141E0
2.537532737E1,2.228384995E0,9.110589393E0,3.694188623E-1,9.386426853E0
2.538533837E1,2.521422300E0,9.320835387E0,4.778204298E-1,9.667670614E0
2.539535037E1,2.725288982E0,9.461143420E0,5.639697969E-1,9.861972256E0
2.540536137E1,3.052998815E0,9.404716619E0,6.385703284E-1,9.908444304E0
2.541537337E1,3.123056937E0,8.458000365E0,8.565153515E-1,9.056758435E0
2.542538437E1,3.209586081E0,7.303196324E0,1.154278961E0,8.060426742E0
2.543539637E1,3.415658917E0,6.033030226E0,1.343572043E0,7.061824508E0
2.544540737E1,3.723243510E0,4.145625612E0,1.638609681E0,5.808080202E0
2.545541937E1,3.608512076E0,1.759899060E0,2.017662452E0,4.493280080E0
2.546543038E1,3.261899950E0,-6.798885083E-1,2.322646204E0,4.061640685E0
2.547544137E1,2.936671675E0,-2.898457782E0,2.656623960E0,4.907417743E0
2.548545337E1,2.724728234E0,-4.574849247E0,2.984596624E0,6.104195819E0
2.549546438E1,2.351980370E0,-5.516698864E0,3.308069272E0,6.849021852E0
2.550547637E1,1.558372872E0,-5.485281190E0,3.185000585E0,6.531543804E0
2.551548737E1,4.171577601E-1,-4.264658550E0,2.667603861E0,5.047518549E0
2.552549938E1,-4.076317687E-1,-2.695124951E0,1.922169235E0,3.335355562E0
2.553551037E1,-9.807254148E-1,-1.694377500E0,1.419526059E0,2.418220768E0
2.554552237E1,-1.364902978E0,-1.130280819E0,1.151931962E0,2.113632446E0
2.555553338E1,-1.680456888E0,-7.426665545E-1,6.763146901E-1,1.957776934E0
2.556554537E1,-2.309321277E0,-7.325976491E-2,-1.221165261E0,2.613345815E0
2.557555637E1,-3.045383401E0,3.016964471E-1,-1.435174524E0,3.380104543E0
2.558556838E1,-3.538350166E0,1.864180058E-1,-1.025117476E0,3.688568748E0
2.559557937E1,-3.343432355E0,3.323054516E-1,-9.401591867E-1,3.488963474E0
2.560559037E1,-2.737929493E0,6.944550920E-1,-8.950251138E-1,2.963038261E0
2.561560238E1,-2.222405486E0,1.162132941E0,-8.506611192E-1,2.648256683E0
2.562561337E1,-1.899216282E0,1.690202004E0,-9.146664959E-1,2.701928959E0
2.563562537E1,-1.686134681E0,2.225481268E0,-1.007893918E0,2.968445247E0
2.564563638E1,-1.501664675E0,2.972883482E0,-1.150763104E0,3.523817350E0
2.565564837E1,-1.236176818E0,3.823128279E0,-1.440428832E0,4.268404642E0
2.566565937E1,-7.899640971E-1,4.681190220E0,-1.670551851E0,5.032725766E0
2.567567138E1,-7.749461085E-2,5.594815911E0,-1.966345972E0,5.930808290E0
2.568568237E1,8.261586544E-1,6.548775111E0,-2.377547466E0,7.015819662E0
2.569569437E1,1.705637484E0,7.313996131E0,-2.640983242E0,7.961063441E0
2.570570538E1,2.338275812E0,7.780898055E0,-2.511495482E0,8.503970712E0
2.571571737E1,3.157923299E0,8.053061970E0,-2.379863402E0,8.971512496E0
2.572572837E1,4.156666324E0,8.264815376E0,-1.793628577E0,9.423489354E0
2.573574038E1,4.705417573E0,8.065700142E0,-6.457534866E-1,9.360206775E0
2.574575137E1,4.256959229E0,6.726212379E0,1.269442213E-1,7.961139973E0
2.575576237E1,4.608048568E0,4.907737082E0,6.038624257E-1,6.759041700E0
2.576577438E1,4.442153120E0,2.834223195E0,1.414080839E0,5.455746519E0
2.577578537E1,4.217612438E0,1.606797320E-1,2.820096906E0,5.076122458E0
2.578579737E1,2.885237812E0,-2.782125088E0,3.920192644E0,5.606489776E0
2.579580837E1,7.312557131E-1,-5.551423724E0,4.352494839E0,7.092055527E0
2.580582037E1,-1.121498301E0,-7.788088961E0,3.838916346E0,8.754962411E0
2.581583137E1,-3.171730914E0,-9.244316384E0,3.022270820E0,1.022992587E1
2.582584338E1,-4.097131144E0,-9.985231698E0,2.171790379E0,1.100945090E1
2.583585437E1,-4.219277432E0,-9.877572763E0,9.032433754E-1,1.077889578E1
2.584586637E1,-4.291568021E0,-9.173770312E0,-1.955212435E-1,1.012984928E1
2.585587737E1,-3.760425662E0,-9.159960358E0,6.914800286E-2,9.902043040E0
2.586588937E1,-2.711752678E0,-1.011698350E1,1.148378536E0,1.053687482E1
2.587590037E1,-2.613134708E0,-1.130501610E1,2.038110166E0,1.178073661E1
2.588591137E1,-3.408226814E0,-1.220579136E1,1.771236519E0,1.279588339E1
2.589592337E1,-3.817538634E0,-1.219215800E1,5.889412084E-1,1.278941631E1
2.590593438E1,-3.228552402E0,-1.115474149E1,-7.162684223E-1,1.163464003E1
2.591594637E1,-2.335668246E0,-9.595392568E0,-1.833855228E0,1.004439793E1
2.592595737E1,-1.495286386E0,-8.246063356E0,-2.322998207E0,8.696537409E0
2.593596937E1,-6.918786626E-1,-7.140803357E0,-2.309286486E0,7.536748155E0
2.594598037E1,-2.343711676E-1,-6.229350491E0,-1.897506849E0,6.516154512E0
2.595599237E1,2.740972969E-1,-5.281464794E0,-1.139823183E0,5.410008926E0
2.596600338E1,1.034829263E0,-4.107116434E0,-3.106283614E-1,4.246853775E0
2.597601537E1,1.087009377E0,-2.917223836E0,3.686282091E-1,3.134911650E0
2.598602637E1,9.217790490E-1,-1.665419165E0,7.358849537E-1,2.040790111E0
2.599603837E1,1.182814105E0,-2.418203741E-1,8.294841121E-1,1.464776499E0
2.600604937E1,1.223650620E0,1.055632925E0,7.240436111E-1,1.770853146E0
2.601606037E1,1.163126676E0,2.206525179E0,6.947338580E-1,2.589260930E0
2.602607238E1,1.298210952E0,3.276850988E0,6.835665531E-1,3.590315767E0
2.603608337E1,1.515278162E0,4.238193467E0,6.244832164E-1,4.544043471E0
2.604609537E1,1.841501632E0,5.059907361E0,5.414907610E-1,5.411746761E0
2.605610638E1,2.341934415E0,5.857020848E0,4.686128924E-1,6.325262687E0
2.606611837E1,2.683910576E0,6.571278706E0,4.139933201E-1,7.110307326E0
2.607612937E1,2.781994695E0,7.157188425E0,3.945227132E-1,7.688984901E0
2.608614138E1,3.061461782E0,7.605749972E0,3.040441042E-1,8.204414891E0
2.609615237E1,3.541648580E0,7.915330805E0,3.273803419E-1,8.677725181E0
2.610616437E1,3.631608870E0,7.970051973E0,4.265321624E-1,8.768822106E0
2.611617538E1,3.429381748E0,8.035526170E0,6.605003107E-1,8.761655133E0
2.612618737E1,3.410393499E0,8.193680490E0,1.222593224E0,8.958901606E0
2.613619837E1,3.223665006E0,7.969396500E0,1.727071037E0,8.768470278E0
2.614621038E1,3.092384490E0,7.317370559E0,1.734482968E0,8.131124455E0
2.615622137E1,3.196800267E0,6.445181161E0,1.919488871E0,7.446094928E0
2.616623237E1,3.613593599E0,5.247211220E0,2.073505701E0,6.700052998E0
2.617624438E1,3.392878457E0,3.769872424E0,2.398857644E0,5.610532979E0
2.618625537E1,2.380619009E0,1.588179785E0,2.639663526E0,3.893261541E0
2.619626737E1,1.482953584E0,-1.206356018E0,2.828128642E0,3.413613597E0
2.620627838E1,3.461785555E-1,-4.407248751E0,3.294115477E0,5.513154988E0
2.621629037E1,-1.006202172E0,-7.404436185E0,4.210350780E0,8.577014149E0
2.622630137E1,-2.460530274E0,-9.261575026E0,4.552921604E0,1.060943336E1
2.623631338E1,-3.442016996E0,-8.743180767E0,3.057787392E0,9.881333648E0
2.624632437E1,-3.882940033E0,-6.315921443E0,1.571391259E0,7.578743792E0
2.625633637E1,-3.800163925E0,-3.095796048E0,-1.666906697E0,5.177236421E0
2.626634737E1,-4.134174424E0,-7.139777756E-1,-4.056029311E0,5.835455098E0
2.627635937E1,-4.882644340E0,3.629091936E-1,-4.406443589E0,6.587007207E0
2.628637037E1,-4.497744353E0,1.635441075E0,-4.263064599E0,6.409219262E0
2.629638137E1,-3.311367102E0,3.043434232E0,-3.219526055E0,5.531093203E0
2.630639337E1,-1.639125990E0,4.619858775E0,-3.419463993E0,5.976835543E0
2.631640437E1,3.223306865E-1,6.431993351E0,-3.535886734E0,7.346899382E0
2.632641637E1,1.810128981E0,8.150269591E0,-3.388005973E0,9.010107980E0
2.633642737E1,2.169573992E0,9.277238547E0,-3.333421922E0,1.009385497E1
2.634643967E1,2.919073310E0,9.875273638E0,-3.708517005E0,1.094509556E1
2.635645067E1,3.932310998E0,9.750723267E0,-4.502345527E0,1.143725445E1
2.636646267E1,4.736816244E0,8.705753909E0,-4.354452487E0,1.082537924E1
2.637647367E1,4.972777416E0,7.652953960E0,-3.238252932E0,9.684136595E0
2.638648567E1,4.999765824E0,6.516635306E0,-2.217668949E0,8.507775830E0
2.639649667E1,5.402114487E0,4.992961419E0,-1.390741093E0,7.486432091E0
2.640650867E1,5.641390153E0,3.176240872E0,-1.031792657E0,6.555790191E0
2.641651967E1,4.131966808E0,1.458634722E0,-4.478826857E-1,4.404697930E0
2.642653167E1,2.305202937E0,6.785518348E-2,1.661959367E0,2.842652607E0
2.643654267E1,1.609510282E0,-7.558473480E-1,4.137827765E0,4.503714819E0
2.644655367E1,2.161839295E0,-1.494820216E0,5.785227565E0,6.354281596E0
2.645656567E1,1.477271407E0,-2.768545514E0,6.190808569E0,6.940697790E0
2.646657667E1,-1.313886314E0,-4.979197074E0,5.081688824E0,7.234795232E0
2.647658867E1,-3.120933520E0,-7.369290910E0,3.219088098E0,8.626076904E0
2.648659967E1,-3.527872833E0,-9.415203016E0,1.478235759E0,1.016253490E1
2.649661167E1,-3.198073205E0,-1.155194168E1,4.141226166E-1,1.199360356E1
2.650662267E1,-2.173420729E0,-1.347054879E1,3.060005826E-1,1.364818957E1
2.651663467E1,-2.082398439E0,-1.510802294E1,1.271936342E0,1.530380876E1
2.652664567E1,-2.795342134E0,-1.606387898E1,2.602773442E0,1.651171024E1
2.653665767E1,-3.012429663E0,-1.555506480E1,2.689025720E0,1.607064506E1
2.654666867E1,-3.144720578E0,-1.317689226E1,7.119008446E-1,1.356563895E1
2.655668067E1,-3.540254019E0,-1.075582105E1,-1.275036829E0,1.139503417E1
2.656669167E1,-3.128416202E0,-9.237682718E0,-2.293078881E0,1.001898102E1
2.657670267E1,-2.278836526E0,-8.493185985E0,-2.607888002E0,9.172152633E0
2.658671467E1,-1.553968603E0,-7.971416713E0,-1.929589059E0,8.347551543E0
2.659672567E1,-1.144564178E0,-7.277964419E0,-1.273102862E0,7.476602446E0
2.660673767E1,-8.072535098E-1,-6.563924662E0,-7.251520970E-1,6.653015164E0
2.661674867E1,-4.406362313E-1,-5.885830080E0,-1.286340666E-1,5.903702460E0
2.662676067E1,-2.273230800E-1,-5.136351519E0,5.440851706E-1,5.170088141E0
2.663677167E1,-6.327944487E-2,-4.288547350E0,1.239073529E0,4.464408793E0
2.664678367E1,2.777541456E-1,-3.165201328E0,1.565076705E0,3.541907947E0
2.665679467E1,5.148615177E-1,-1.757971818E0,1.492801611E0,2.363049713E0
2.666680667E1,7.850537516E-1,-1.630887848E-1,1.300556270E0,1.527859273E0
2.667681767E1,1.086481958E0,1.588901916E0,1.105145978E0,2.219549498E0
2.668682967E1,1.363694066E0,3.295455074E0,8.607339714E-1,3.668862033E0
2.669684067E1,1.885325783E0,4.960664324E0,7.582546467E-1,5.360745652E0
2.670685267E1,2.457096204E0,6.583114055E0,7.718505925E-1,7.068979117E0
2.671686367E1,2.610315766E0,7.821459605E0,7.208897692E-1,8.276995881E0
2.672687467E1,2.494317532E0,8.603574400E0,5.564116859E-1,8.975115953E0
2.673688667E1,2.577700874E0,9.062911196E0,3.366171885E-1,9.428372727E0
2.674689767E1,2.730653218E0,9.284131830E0,1.352934605E-1,9.678319852E0
2.675690967E1,2.812345253E0,9.415994729E0,1.041435885E-1,9.827567778E0
2.676692067E1,2.680285302E0,9.462307016E0,2.011605724E-1,9.836648257E0
2.677693267E1,2.710960965E0,9.497189165E0,4.413981235E-1,9.886391844E0
2.678694367E1,2.727346910E0,9.486282939E0,8.331182297E-1,9.905658542E0
2.679695567E1,2.859048133E0,9.489691865E0,1.230153601E0,9.987075939E0
2.680696667E1,3.552738702E0,9.308313575E0,1.795180575E0,1.012370126E1
2.681697867E1,3.691899511E0,8.646500564E0,2.190141281E0,9.653435287E0
2.682698967E1,3.717732510E0,7.944217220E0,2.848671080E0,9.222095704E0
2.683700167E1,3.967829618E0,6.137306546E0,3.054079088E0,7.920707203E0
2.684701267E1,4.135236279E0,2.647516336E0,2.792135521E0,5.648499146E0
2.685702367E1,3.276288486E0,-1.594649729E0,2.838288764E0,4.618750600E0
2.686703567E1,2.147225642E0,-5.335290753E0,3.586090343E0,6.777606459E0
2.687704667E1,1.066952550E0,-9.816305637E0,4.264411798E0,1.075562421E1
2.688705867E1,-1.042262243E0,-1.271661699E1,5.176542356E0,1.376935906E1
2.689706967E1,-2.485295278E0,-1.215230337E1,4.807811090E0,1.330301535E1
2.690708167E1,-2.797650615E0,-9.316282745E0,3.685512890E0,1.040206606E1
2.691709267E1,-3.188375598E0,-5.816565133E0,2.214510137E0,6.993012516E0
2.692710467E1,-3.093212748E0,-2.640219596E0,-3.589512134E-1,4.082593611E0
2.693711567E1,-3.497630741E0,-8.683009994E-1,-2.441652246E0,4.353048715E0
2.694712767E1,-3.502593858E0,1.104754799E0,-3.883908917E0,5.345408812E0
2.695713867E1,-2.946186265E0,3.325517364E0,-4.992671982E0,6.683251661E0
2.696715067E1,-2.064926958E0,5.477431887E0,-6.025238226E0,8.400576117E0
2.697716167E1,-1.237131815E0,7.673137963E0,-5.953350803E0,9.790297601E0
2.698717367E1,-1.603413244E-1,9.584036690E0,-5.457154328E0,1.102995929E1
2.699718467E1,9.183122349E-1,1.073010148E1,-5.743422312E0,1.220513314E1
2.700719567E1,1.687098155E0,1.090466192E1,-5.852482240E0,1.249037630E1
2.701720767E1,1.904889397E0,1.076600339E1,-5.756722974E0,1.235618436E1
2.702721867E1,2.112911987E0,1.042554575E1,-5.625396849E0,1.203334911E1
2.703723067E1,2.546693089E0,9.610401201E0,-4.711079432E0,1.100180559E1
2.704724167E1,1.918689118E0,8.812408876E0,-3.516007955E0,9.679991223E0
2.705725367E1,1.172384280E0,8.485731370E0,-1.388851712E0,8.678192834E0
2.706726467E1,1.824514740E0,7.378266386E0,1.732876153E0,7.795545437E0
2.707727667E1,2.593209444E0,4.776582865E0,3.772798371E0,6.616229034E0
2.708728767E1,1.213073007E0,4.829250491E-1,5.856502200E0,6.000281722E0
2.709729967E1,-4.422965482E-1,-4.156697899E0,6.256956366E0,7.524843296E0
2.710731067E1,-4.988085718E-1,-7.736421209E0,5.741849996E0,9.647272386E0
2.711732267E1,-8.911368616E-1,-1.116567578E1,5.227330686E0,1.236088292E1
2.712733367E1,-2.442849609E0,-1.420824989E1,4.984615688E0,1.525412313E1
2.713734467E1,-4.264754444E0,-1.583396295E1,4.585128652E0,1.702721110E1
2.714735667E1,-5.327972962E0,-1.538395655E1,4.137711990E0,1.679803785E1
2.715736767E1,-4.659910448E0,-1.413568126E1,3.965378172E0,1.540313196E1
2.716737967E1,-3.435295914E0,-1.367657426E1,3.138266714E0,1.444640646E1
2.717739067E1,-3.339318839E0,-1.360118728E1,9.712017623E-1,1.403875274E1
2.718740267E1,-2.933658605E0,-1.264669715E1,-9.630440193E-1,1.301817020E1
2.719741367E1,-2.100860145E0,-1.145700979E1,-2.466692654E0,1.190635374E1
2.720742567E1,-1.659755259E0,-1.091130903E1,-3.522675827E0,1.158536565E1
2.721743667E1,-1.304792140E0,-1.055644152E1,-4.324891596E0,1.148240512E1
2.722744867E1,-9.924680125E-1,-9.851721053E0,-4.122740194E0,1.072559496E1
2.723745967E1,-3.825509412E-1,-8.592445394E0,-2.792524361E0,9.042934003E0
2.724747167E1,2.800670117E-3,-7.242037371E0,-1.585836806E0,7.413635512E0
2.725748267E1,1.126159117E-2,-5.914579085E0,-4.605620804E-1,5.932494417E0
2.726749367E1,1.172134311E-1,-4.643034799E0,5.666039675E-1,4.678947658E0
2.727750567E1,5.350807509E-1,-3.521313719E0,1.438257468E0,3.841164701E0
2.728751667E1,5.534632275E-1,-2.606895729E0,2.054020878E0,3.364703353E0
2.729752867E1,3.441114186E-1,-1.620602011E0,2.395595336E0,2.912668975E0
2.730753967E1,2.825468159E-1,-5.710238779E-1,2.315704975E0,2.401747385E0
2.731755167E1,8.162064010E-1,6.810918653E-1,1.853146801E0,2.136406348E0
2.732756267E1,1.102407580E0,2.110862977E0,1.532955757E0,2.832136708E0
2.733757467E1,1.421637635E0,3.422438471E0,1.105438339E0,3.867315939E0
2.734758550E1,1.850175538E0,4.814657595E0,9.832087272E-1,5.250788196E0
2.735759750E1,2.137236989E0,6.171845464E0,1.031235418E0,6.612329761E0
2.736760850E1,2.390432098E0,7.341142999E0,8.400454992E-1,7.766094423E0
2.737762050E1,2.475462308E0,8.246729938E0,6.020427722E-1,8.631275909E0
2.738763150E1,2.386082793E0,8.855967709E0,4.634456348E-1,9.183481748E0
2.739764250E1,2.499301991E0,9.264976936E0,5.227609599E-1,9.610389539E0
2.740765450E1,2.674488373E0,9.435354275E0,6.507436466E-1,9.828645158E0
2.741766550E1,2.664567694E0,9.470939845E0,8.060094416E-1,9.871589222E0
2.742767750E1,2.527648416E0,9.431196320E0,9.981863701E-1,9.814929779E0
2.743768850E1,2.417252692E0,9.362171109E0,1.321153818E0,9.759037138E0
2.744770050E1,2.513991659E0,9.233579142E0,1.445870250E0,9.678309698E0
2.745771150E1,2.867307326E0,8.616485637E0,1.256952414E0,9.167617215E0
2.746772350E1,3.343670045E0,8.055452312E0,1.773401889E0,8.900303117E0
2.747773450E1,3.539614042E0,6.948585498E0,2.408062330E0,8.161523888E0
2.748774650E1,3.859636832E0,4.598262668E0,2.488121238E0,6.498581640E0
2.749775750E1,3.486141839E0,1.172908190E0,2.475104166E0,4.433400408E0
2.750776950E1,2.481551306E0,-2.956559810E0,2.786597039E0,4.760721148E0
2.751778050E1,1.815903399E0,-7.756280107E0,3.648411137E0,8.761751542E0
2.752779250E1,6.870574871E-1,-1.214750164E1,4.660567675E0,1.302899594E1
2.753780350E1,-9.558536983E-1,-1.377335854E1,4.637230852E0,1.456444204E1
2.754781450E1,-1.591850959E0,-1.112145563E1,3.365701768E0,1.172811635E1
2.755782650E1,-1.247066088E0,-6.113447567E0,1.226533005E0,6.358757599E0
2.756783750E1,-1.363079963E0,-3.557620835E0,-1.581913909E0,4.125179342E0
2.757784950E1,-2.261628316E0,-1.538582532E0,-4.070706407E0,4.904370449E0
2.758786050E1,-2.966079077E0,1.766841459E-1,-5.088226596E0,5.892273947E0
2.759787250E1,-3.360784845E0,1.248886911E0,-4.818941849E0,6.006396077E0
2.760788350E1,-3.248365984E0,1.882802855E0,-4.411507863E0,5.792946555E0
2.761789550E1,-3.054528154E0,2.699454229E0,-4.139702967E0,5.809848194E0
2.762790650E1,-2.740169562E0,3.730603693E0,-3.894052666E0,6.048932080E0
2.763791850E1,-2.440449766E0,4.707565255E0,-3.430010031E0,6.315214525E0
2.764792950E1,-2.285639469E0,5.394594968E0,-2.773370637E0,6.482082022E0
2.765794150E1,-1.902464995E0,5.843643588E0,-2.049092991E0,6.478142136E0
2.766795250E1,-1.148967058E0,6.070633669E0,-1.521068367E0,6.362889865E0
2.767796350E1,-1.375504857E-1,6.237617869E0,-1.067835479E0,6.329855404E0
2.768797550E1,1.165903811E0,6.510348380E0,-8.031162393E-1,6.662504290E0
2.769798650E1,2.273686298E0,7.026193838E0,-8.846200667E-1,7.437714830E0
2.770799850E1,3.310357872E0,7.466362292E0,-1.137905661E0,8.246203030E0
2.771800950E1,4.652595288E0,7.594522734E0,-1.654928675E0,9.058819316E0
2.772802150E1,6.553026037E0,7.148801179E0,-2.380281039E0,9.985652025E0
2.773803250E1,6.749951490E0,6.337650281E0,-2.887117692E0,9.698613548E0
2.774804450E1,6.120429143E0,5.112893075E0,-1.634359925E0,8.140789940E0
2.775805550E1,6.551577682E0,4.043008731E0,6.001254702E-1,7.721997170E0
2.776806750E1,5.606281716E0,2.711992414E0,3.392846882E0,7.092017167E0
2.777807850E1,3.836888532E0,1.839223557E0,5.655629293E0,7.077471271E0
2.778809050E1,1.865274511E0,1.778010811E0,6.460096239E0,6.955099917E0
2.779810150E1,1.902150123E0,1.674928492E0,6.609913014E0,7.079160302E0
2.780811250E1,1.863420797E0,1.012344818E0,4.333943378E0,4.824960549E0
2.781812450E1,6.925003678E-1,3.128587818E-1,1.328660766E0,1.530613213E0
2.782813550E1,-1.458280527E0,-1.171389084E0,4.341141008E-1,1.920205597E0
2.783814750E1,-3.907498046E0,-3.579996960E0,9.026922753E-1,5.375850868E0
2.784815850E1,-5.173706456E0,-6.982541449E0,2.114134494E0,8.943863161E0
2.785817050E1,-5.697801751E0,-1.134738385E1,3.328154458E0,1.312648762E1
2.786818150E1,-6.496423236E0,-1.611255237E1,3.987370720E0,1.782461736E1
2.787819350E1,-6.672486992E0,-1.984690939E1,4.062772320E0,2.132904156E1
2.788820450E1,-4.955681326E0,-2.079110140E1,2.872316343E0,2.156568747E1
2.789821650E1,-3.192028354E0,-1.876327298E1,1.539297062E-1,1.903347452E1
2.790822750E1,-2.022347973E0,-1.497945553E1,-3.995502150E0,1.563451364E1
2.791823950E1,-7.263694873E-1,-1.207366651E1,-6.727701665E0,1.384062879E1
2.792825050E1,1.933082186E-2,-1.035949209E1,-6.496657124E0,1.222808259E1
2.793826150E1,5.345597640E-2,-8.916713263E0,-4.731282731E0,1.009433847E1
2.794827350E1,2.027342226E-1,-7.621100668E0,-2.489549128E0,8.019983255E0
2.795828450E1,5.875590728E-1,-6.840511411E0,-5.088364005E-1,6.884528780E0
2.796829650E1,4.447026043E-1,-6.434695934E0,9.213182884E-1,6.515512225E0
2.797830750E1,-5.772970632E-2,-5.939781754E0,1.975209328E0,6.259855581E0
2.798831950E1,-6.725682329E-1,-5.196685429E0,2.427483565E0,5.774994713E0
2.799833050E1,-1.173271449E0,-4.395137998E0,2.318128645E0,5.105636525E0
2.800834250E1,-1.225934250E0,-3.582703051E0,2.077767736E0,4.319235430E0
2.801835350E1,-8.072044663E-1,-2.591324009E0,1.879855128E0,3.301574545E0
2.802836550E1,-2.856503718E-1,-1.479392923E0,1.740661136E0,2.302194767E0
2.803837650E1,2.520420380E-1,-2.864381379E-1,1.542055340E0,1.588554899E0
2.804838850E1,8.465990585E-1,1.055037678E0,1.120865486E0,1.756750952E0
2.805839950E1,1.485019991E0,2.730273734E0,1.041782041E0,3.277954980E0
2.806841050E1,2.077934821E0,4.359508574E0,1.134109503E0,4.960779424E0
2.807842250E1,2.408151939E0,5.893342583E0,1.434262358E0,6.525932199E0
2.808843350E1,2.702076121E0,7.242166595E0,1.491095540E0,7.872328643E0
2.809844550E1,2.990687961E0,8.285821499E0,1.388849958E0,8.917844840E0
2.810845650E1,3.369057485E0,8.859174907E0,1.165957021E0,9.549606492E0
2.811846850E1,3.596857406E0,9.174497706E0,8.710708255E-1,9.892803229E0
2.812847950E1,3.356081344E0,9.285870207E0,4.592824173E-1,9.884412366E0
2.813849150E1,3.294354628E0,9.257184936E0,1.342965102E-1,9.826814383E0
2.814850250E1,3.018723314E0,9.256162843E0,-2.620710726E-1,9.739503184E0
2.815851450E1,2.989240775E0,9.256472746E0,-2.275151610E-1,9.729830998E0
2.816852550E1,2.790876323E0,8.973400265E0,2.440546683E-1,9.400556667E0
2.817853750E1,2.876502949E0,8.551808415E0,7.015699840E-1,9.049856177E0
2.818854850E1,3.321938283E0,7.861528235E0,1.282914197E0,8.630455897E0
2.819855950E1,3.684451912E0,6.801581819E0,1.583338583E0,7.895800289E0
2.820857150E1,3.583012953E0,5.384638329E0,1.594479575E0,6.661432044E0
2.821858250E1,3.088947497E0,3.333633884E0,2.083596972E0,4.999608770E0
2.822859450E1,2.188190065E0,5.949272954E-1,2.882969677E0,3.667918812E0
2.823860550E1,9.005989721E-1,-2.855848537E0,3.599324931E0,4.682103089E0
2.824861750E1,-1.722019628E-1,-6.542831417E0,4.339916893E0,7.853227050E0
2.825862850E1,-1.217832641E0,-9.576266910E0,4.964259192E0,1.085503909E1
2.826864050E1,-2.078106290E0,-1.059637332E1,4.646598676E0,1.175553200E1
2.827865150E1,-2.683440752E0,-8.996738257E0,2.600547992E0,9.741919903E0
2.828866350E1,-3.295988340E0,-6.007808846E0,8.704434192E-1,6.907602913E0
2.829867450E1,-3.431451077E0,-3.027157338E0,-8.814981651E-1,4.659997538E0
2.830868650E1,-3.523222542E0,-5.509889781E-1,-2.966384887E0,4.638547750E0
2.831869750E1,-3.253032355E0,1.409479519E0,-4.568322585E0,5.782596584E0
2.832870850E1,-2.475512887E0,2.910577891E0,-5.269631199E0,6.509119808E0
2.833872050E1,-1.264607150E0,4.181723982E0,-5.138973995E0,6.745005592E0
2.834873225E1,5.526656672E-2,5.789752725E0,-5.135456311E0,7.739328300E0
2.835874425E1,1.150375506E0,7.523424684E0,-4.944607869E0,9.076036016E0
2.836875525E1,2.258367763E0,8.960484350E0,-4.799522369E0,1.041277675E1
2.837876725E1,2.294442890E0,9.848736634E0,-4.883455349E0,1.122988057E1
2.838877825E1,2.641528788E0,9.854866855E0,-4.418347351E0,1.111835727E1
2.839879025E1,2.366912258E0,9.638444447E0,-3.682096362E0,1.058582631E1
2.840880125E1,2.462278006E0,9.220915827E0,-3.161442153E0,1.005399513E1
2.841881325E1,2.238595841E0,8.422953908E0,-2.837915711E0,9.165763987E0
2.842882425E1,2.162908459E0,7.590048444E0,-2.560253659E0,8.297102337E0
2.843883625E1,2.169708478E0,6.385803271E0,-1.258223745E0,6.860702973E0
2.844884725E1,2.008236887E0,4.395332710E0,1.121241024E0,4.960760674E0
2.845885825E1,1.591581403E0,1.465415154E0,4.967172275E0,5.417875353E0
2.846887025E1,1.180417331E0,-2.022645450E0,7.830493553E0,8.173194539E0
2.847888125E1,5.815607066E-1,-5.144045286E0,8.453151854E0,9.912375650E0
2.848889325E1,-1.457580177E0,-8.079824676E0,7.469906874E0,1.109989259E1
2.849890425E1,-2.440663043E0,-1.045547180E1,5.594691365E0,1.210678727E1
2.850891625E1,-2.346776494E0,-1.158388034E1,3.539778056E0,1.233789578E1
2.851892725E1,-2.530817022E0,-1.130888228E1,1.617954977E0,1.170100985E1
2.852893925E1,-2.178309732E0,-1.016156033E1,-3.602235675E-2,1.039247994E1
2.853895025E1,-1.959789928E0,-8.847861130E0,-1.597499370E0,9.202033871E0
2.854896225E1,-2.758512569E0,-8.820673916E0,-1.841886379E0,9.423705500E0
2.855897325E1,-4.178456558E0,-9.625356039E0,-1.891197995E0,1.066225154E1
2.856898525E1,-4.132381668E0,-1.028080845E1,-2.707685940E0,1.140627738E1
2.857899625E1,-3.542996364E0,-1.108477487E1,-3.662468136E0,1.219994795E1
2.858900725E1,-3.168578973E0,-1.187019744E1,-3.568267445E0,1.279351447E1
2.859901925E1,-2.253410493E0,-1.188171178E1,-2.406744953E0,1.233066725E1
2.860903025E1,-1.075581067E0,-1.077847316E1,-1.086101596E0,1.088632054E1
2.861904225E1,-8.509752609E-1,-9.540725194E0,-2.409108397E-1,9.581630037E0
2.862905325E1,-5.802624786E-1,-8.321509395E0,4.867500052E-1,8.355905021E0
2.863906525E1,-1.607594003E-1,-7.186923856E0,1.300971276E0,7.305494121E0
2.864907625E1,5.634070024E-2,-6.235590640E0,1.811681417E0,6.493685738E0
2.865908825E1,1.887772112E-1,-5.396861933E0,2.050592217E0,5.776390223E0
2.866909925E1,3.182931840E-3,-4.491645707E0,2.080707132E0,4.950175094E0
2.867911125E1,-5.541034976E-1,-3.542177169E0,2.008377659E0,4.109456241E0
2.868912225E1,-6.957495193E-1,-2.462949559E0,1.829040485E0,3.145723608E0
2.869913325E1,-3.287249091E-1,-1.221449436E0,1.579919277E0,2.023893207E0
2.870914525E1,2.029343435E-1,7.993670046E-2,1.197081019E0,1.216788884E0
2.871915625E1,6.040542144E-1,1.442453138E0,1.013705977E0,1.863639546E0
2.872916825E1,7.689993440E-1,2.799852676E0,1.180423544E0,3.134315674E0
2.873917925E1,1.256247824E0,4.263652829E0,1.432096549E0,4.669881644E0
2.874919125E1,1.928569012E0,5.581993552E0,1.585004747E0,6.114758417E0
2.875920225E1,2.397517023E0,6.717135161E0,1.533614153E0,7.295201507E0
2.876921425E1,2.560141978E0,7.643174492E0,1.268922980E0,8.159816713E0
2.877922525E1,2.631803114E0,8.246415943E0,7.706595147E-1,8.690436101E0
2.878923725E1,2.877118369E0,8.734121675E0,4.451041253E-1,9.206563378E0
2.879924825E1,3.459994260E0,9.111219723E0,5.175323796E-1,9.759801477E0
2.880926025E1,3.622412662E0,9.322973129E0,7.155284572E-1,1.002754618E1
2.881927125E1,3.715186340E0,9.437621825E0,1.383734229E0,1.023650505E1
2.882928225E1,3.928694496E0,9.471908728E0,2.106508555E0,1.046848001E1
2.883929425E1,3.745395395E0,9.017881789E0,2.275490749E0,1.002636708E1
2.884930525E1,3.178801660E0,8.238773632E0,2.203592362E0,9.101537796E0
2.885931725E1,2.785374970E0,7.645444965E0,2.370911607E0,8.475397589E0
2.886932825E1,2.559004110E0,6.852549659E0,2.464748747E0,7.718868133E0
2.887934025E1,2.619430990E0,5.334232991E0,2.727792760E0,6.538831215E0
2.888935125E1,2.618579051E0,2.903078252E0,3.149131426E0,5.020144253E0
2.889936325E1,2.296320431E0,1.711216897E-1,3.583384252E0,4.259461568E0
2.890937425E1,1.692228064E0,-2.999801139E0,3.913367189E0,5.213145447E0
2.891938625E1,8.298264666E-1,-5.909267474E0,4.071995133E0,7.224209189E0
2.892939725E1,-6.313034087E-1,-7.861475025E0,4.163905177E0,8.918488655E0
2.893940925E1,-1.888607825E0,-7.483789333E0,3.824028751E0,8.613776070E0
2.894942025E1,-2.364946278E0,-4.916284541E0,2.877721217E0,6.167990272E0
2.895943125E1,-2.340744506E0,-1.885962106E0,1.649377913E0,3.428758581E0
2.896944325E1,-1.789812685E0,1.295238374E0,-1.013753997E0,2.430795972E0
2.897945425E1,-1.847697342E0,3.232996870E0,-2.073360105E0,4.262050722E0
2.898946625E1,-1.018053016E0,4.657694938E0,-2.463021480E0,5.366286322E0
2.899947725E1,3.306870885E-1,5.953007571E0,-2.666782912E0,6.531415175E0
2.900948925E1,1.191584636E0,6.856605873E0,-2.850745087E0,7.520616038E0
2.901950025E1,1.898776133E0,7.288089457E0,-3.259826819E0,8.206586966E0
2.902951225E1,2.100520714E0,7.042880622E0,-3.185021343E0,8.009913587E0
2.903952325E1,2.786024596E0,5.747248145E0,-3.587459176E0,7.325480028E0
2.904953525E1,3.045078469E0,4.354936636E0,-3.843431274E0,6.558196394E0
2.905954625E1,2.052652629E0,3.114141102E0,-3.389541451E0,5.039865958E0
2.906955825E1,3.436978742E-2,1.423885304E0,-3.607104067E0,3.878122018E0
2.907956925E1,-1.828656469E0,-1.174921972E-1,-6.071233009E0,6.341739442E0
2.908958025E1,-2.354962157E0,-3.513738066E-1,-6.835258273E0,7.238098229E0
2.909959225E1,-1.195635879E0,1.589805311E-1,-4.965090666E0,5.109495600E0
2.910960325E1,-1.555730662E-1,1.508447152E-1,-2.174746147E0,2.185515479E0
2.911961525E1,5.608424136E-1,-3.790340602E-1,6.925895378E-1,9.684478817E-1
2.912962625E1,6.470160466E-1,-1.647591589E0,2.015050355E0,2.682091673E0
2.913963825E1,5.041896182E-1,-3.663887547E0,2.399753437E0,4.408752169E0
2.914964925E1,-5.440965727E-2,-6.284263448E0,3.254819849E0,7.077342703E0
2.915966125E1,-1.940926518E0,-9.598698583E0,4.596366709E0,1.081798489E1
2.916967225E1,-4.716863497E0,-1.315739063E1,5.967274193E0,1.519783178E1
2.917968425E1,-5.846804008E0,-1.558754608E1,7.069169118E0,1.808673165E1
2.918969525E1,-5.116354042E0,-1.546517087E1,6.598492232E0,1.757522940E1
2.919970625E1,-4.844424308E0,-1.311821896E1,4.638742065E0,1.473343285E1
2.920971825E1,-4.593937775E0,-9.892006030E0,2.262229556E0,1.113883881E1
2.921972925E1,-4.255508242E0,-7.790250676E0,5.487471557E-1,8.893732593E0
2.922974125E1,-3.436575285E0,-6.979973352E0,-2.421624362E-1,7.783875662E0
2.923975225E1,-2.257626482E0,-6.745102394E0,-7.950043970E-1,7.157186292E0
2.924976425E1,-1.868306292E0,-6.875556114E0,-1.044693954E0,7.201057265E0
2.925977525E1,-1.664553631E0,-6.727390008E0,-1.047257373E0,7.008941654E0
2.926978725E1,-1.155813417E0,-6.098738896E0,-8.380767417E-1,6.263616639E0
2.927979825E1,-7.381669758E-1,-5.321915247E0,-4.066098216E-1,5.388228273E0
2.928981025E1,-2.363258918E-1,-4.585708696E0,-3.103474027E-1,4.602270058E0
2.929982125E1,1.608710821E-1,-3.813444706E0,-3.069642037E-1,3.829160097E0
2.930983225E1,4.635897687E-1,-2.772938527E0,-1.831355251E-1,2.817382149E0
2.931984425E1,9.307675351E-1,-1.509128353E0,-3.135116234E-2,1.773352612E0
2.932985525E1,1.046930660E0,-2.591211158E-1,1.662071049E-2,1.078649066E0
2.933986725E1,1.365507434E0,9.512630492E-1,-5.014294401E-2,1.664940316E0
2.934987692E1,1.790729089E0,2.297489144E0,-7.701543152E-2,2.913948938E0
2.935988892E1,2.052824099E0,3.742575282E0,-1.381854934E-1,4.270837360E0
2.936989992E1,2.308989301E0,5.083093910E0,-9.350399494E-2,5.583727992E0
2.937991192E1,2.430428661E0,6.238447005E0,-8.304040253E-2,6.695677726E0
2.938992292E1,2.448671974E0,7.273018259E0,-1.171665072E-1,7.675058112E0
2.939993492E1,2.547260269E0,8.030827348E0,-1.212478638E-1,8.425996903E0
2.940994592E1,2.514862017E0,8.532543009E0,-8.135527153E-2,8.895810241E0
2.941995792E1,2.606953032E0,8.968478664E0,1.525953899E-1,9.340936730E0
2.942996892E1,2.812446994E0,9.255353588E0,4.004360390E-1,9.681517297E0
2.943997992E1,2.961846278E0,9.347289360E0,6.027824450E-1,9.823833184E0
2.944999192E1,2.724600180E0,9.024623628E0,1.094456098E0,9.490264060E0
2.946000292E1,2.532337883E0,8.246899508E0,1.577560072E0,8.769993297E0
2.947001492E1,2.772521621E0,7.153764296E0,1.705875904E0,7.859594922E0
2.948002592E1,3.031930420E0,5.732253546E0,1.733168514E0,6.712317474E0
2.949003792E1,3.249163837E0,3.599795632E0,1.743990541E0,5.153357860E0
2.950004892E1,2.798839939E0,1.269927531E0,1.796283360E0,3.559895342E0
2.951006092E1,2.452289500E0,-9.507824081E-1,1.607735213E0,3.082616339E0
2.952007192E1,1.639856015E0,-3.096215878E0,1.505044073E0,3.813245098E0
2.953008392E1,6.143216327E-1,-4.811194873E0,2.157296155E0,5.308381475E0
2.954009492E1,2.305010417E-1,-5.904616599E0,2.813097789E0,6.544550946E0
2.955010692E1,2.019313999E-1,-5.908609078E0,2.642039834E0,6.475554958E0
2.956011792E1,-4.172112621E-1,-4.820341673E0,2.376984379E0,5.390715520E0
2.957012892E1,-1.707923306E0,-3.314223467E0,1.678774205E0,4.088931650E0
2.958014092E1,-2.514243674E0,-2.168359818E0,7.724815071E-1,3.408802316E0
2.959015192E1,-3.048176324E0,-1.132083516E0,-1.272599800E-1,3.254103116E0
2.960016392E1,-3.160126530E0,1.669760138E-1,-1.374942355E0,3.450325659E0
2.961017492E1,-2.641472362E0,1.362884812E0,-2.174298835E0,3.682717295E0
2.962018692E1,-1.730113782E0,2.450396172E0,-2.614877179E0,3.979361476E0
2.963019792E1,-8.238367251E-1,3.472375447E0,-2.857427870E0,4.571760299E0
2.964020992E1,-9.992613807E-2,4.709839822E0,-3.255387613E0,5.726266226E0
2.965022092E1,2.327696152E-1,6.220272689E0,-3.651236511E0,7.216474353E0
2.966023292E1,7.814794949E-1,7.563597980E0,-3.632317845E0,8.426888959E0
2.967024392E1,1.357655939E0,8.647385248E0,-3.497519644E0,9.426194616E0
2.968025492E1,1.845664850E0,9.275569752E0,-3.810668448E0,1.019626731E1
2.969026692E1,1.879682489E0,9.582077288E0,-4.237909293E0,1.064468349E1
2.970027792E1,2.240649822E0,9.450558205E0,-3.706714309E0,1.039583056E1
2.971028992E1,2.124268742E0,8.822181328E0,-2.338044262E0,9.370691119E0
2.972030092E1,1.343085409E0,7.637768741E0,-3.649785963E-1,7.763542949E0
2.973031292E1,1.712043401E0,6.139742496E0,2.006793794E0,6.682421107E0
2.974032392E1,2.915752969E0,4.157404827E0,4.869506232E0,7.035461692E0
2.975033592E1,2.800835593E0,1.625491453E0,6.135231369E0,6.937432265E0
2.976034692E1,1.882856357E0,-1.659436294E0,5.460215930E0,6.009395550E0
2.977035892E1,-2.268544257E-1,-5.375517842E0,5.321505942E0,7.567435529E0
2.978036992E1,-1.827068511E0,-9.070241266E0,5.740377082E0,1.088849783E1
2.979038192E1,-2.111788737E0,-1.267178405E1,5.570297951E0,1.400221346E1
2.980039292E1,-2.591702324E0,-1.526832202E1,4.908423545E0,1.624595949E1
2.981040392E1,-4.068630645E0,-1.659708891E1,3.728556583E0,1.749054744E1
2.982041592E1,-4.946425184E0,-1.594172246E1,1.711230930E0,1.677897340E1
2.983042692E1,-3.996087457E0,-1.324626831E1,-5.102289149E-1,1.384531229E1
2.984043892E1,-2.340923139E0,-1.067879567E1,-1.626242528E0,1.105265864E1
2.985044992E1,-2.175145512E0,-1.006341131E1,-1.862854787E0,1.046296961E1
2.986046192E1,-3.337357391E0,-1.086557679E1,-2.558638366E0,1.165098037E1
2.987047292E1,-2.981365161E0,-1.106053232E1,-2.820298343E0,1.179737242E1
2.988048492E1,-2.309996338E0,-1.088956207E1,-2.680046736E0,1.144994741E1
2.989049592E1,-1.900933609E0,-9.736544353E0,-2.768584983E0,1.029946151E1
2.990050792E1,-1.377649470E0,-8.133617890E0,-2.082303421E0,8.508210481E0
2.991051892E1,-7.763490017E-1,-6.530590855E0,-1.217708972E0,6.688359278E0
2.992052992E1,-2.214888744E-1,-5.143037810E0,-6.334605928E-1,5.186633548E0
2.993054192E1,1.607180312E-2,-4.082266352E0,7.660905004E-2,4.083016755E0
2.994055292E1,2.891494918E-1,-2.925497062E0,5.602174924E-1,2.992655029E0
2.995056492E1,4.771013685E-1,-1.442351396E0,6.715860468E-1,1.661033137E0
2.996057592E1,6.746999815E-1,1.715193003E-1,6.587268502E-1,9.584153581E-1
2.997058792E1,1.266482644E0,1.855575880E0,7.815252493E-1,2.378638655E0
2.998059892E1,1.742131564E0,3.447966830E0,7.450878134E-1,3.934291995E0
2.999061092E1,2.004173364E0,5.070808910E0,7.163153462E-1,5.499356467E0
3.000062192E1,2.487775083E0,6.508212392E0,8.120678148E-1,7.014649495E0
3.001063392E1,2.800923302E0,7.699093754E0,1.014993022E0,8.255387744E0
3.002064492E1,2.770610459E0,8.594107173E0,1.281301535E0,9.120125769E0
3.003065692E1,2.921284143E0,9.268634954E0,1.420620219E0,9.821387721E0
3.004066792E1,3.270804090E0,9.600890120E0,1.387918496E0,1.023726371E1
3.005067892E1,3.534067665E0,9.684741531E0,1.272102696E0,1.038759347E1
3.006069092E1,3.786163059E0,9.702053382E0,1.383376379E0,1.050612206E1
3.007070192E1,4.115104900E0,9.670835098E0,1.571407632E0,1.062678040E1
3.008071392E1,4.204790663E0,9.293759270E0,1.952366595E0,1.038585390E1
3.009072492E1,4.069148416E0,8.598237646E0,2.411147321E0,9.813322111E0
3.010073692E1,3.955430304E0,7.717311339E0,2.644804398E0,9.066273407E0
3.011074792E1,3.755694680E0,6.495097672E0,2.989310650E0,8.076355271E0
3.012075992E1,3.642130643E0,4.277245266E0,3.220117793E0,6.475268434E0
3.013077092E1,3.319605829E0,6.399315602E-1,3.236302886E0,4.680058934E0
3.014078292E1,1.997488243E0,-3.280955148E0,3.715143070E0,5.343866952E0
3.015079392E1,5.335987741E-1,-6.927045525E0,4.565350446E0,8.313309332E0
3.016080492E1,-4.717270464E-1,-9.693108897E0,5.674293605E0,1.124173004E1
3.017081692E1,-1.244695042E0,-1.048696724E1,5.553085502E0,1.193157602E1
3.018082792E1,-1.271684474E0,-8.335574872E0,3.793673515E0,9.246131547E0
3.019083992E1,-1.115384306E0,-5.006548594E0,2.082464805E0,5.535907391E0
3.020085092E1,-1.181300845E0,-2.255021401E0,1.025066020E0,2.744331167E0
3.021086292E1,-1.232892437E0,-4.904287809E-1,-4.836816788E-2,1.327736280E0
3.022087392E1,-1.451761613E0,1.864602227E0,-3.958632824E0,4.610328305E0
3.023088592E1,-1.685365187E0,3.357703947E0,-4.464235130E0,5.834725949E0
3.024089692E1,-2.257030797E0,3.886108055E0,-3.522588996E0,5.710048780E0
3.025090892E1,-1.894720650E0,4.482000141E0,-3.424207254E0,5.950082934E0
3.026091992E1,-8.730715965E-1,5.160626820E0,-3.093259526E0,6.079685656E0
3.027093092E1,-2.184342889E-1,6.068566094E0,-2.751038951E0,6.666590079E0
3.028094292E1,8.280420426E-1,6.996002324E0,-2.979651049E0,7.649053701E0
3.029095392E1,1.796941610E0,7.839915172E0,-3.919231946E0,8.947270427E0
3.030096592E1,1.673012359E0,8.933174930E0,-5.650801831E0,1.070196926E1
3.031097692E1,2.935646951E0,9.495550776E0,-7.398169724E0,1.239017445E1
3.032098892E1,3.031655601E0,7.907809532E0,-7.568503793E0,1.135810886E1
3.033099992E1,1.827109734E0,5.875420867E0,-6.841215416E0,9.201148228E0
3.034101192E1,1.150807177E0,4.845682336E0,-5.775817056E0,7.626601939E0
3.035102292E1,-6.491755696E-1,3.667111702E0,-4.084830356E0,5.527655578E0
3.036103492E1,-1.779668204E0,2.382062686E0,-1.991161117E0,3.578570126E0
3.037104592E1,-2.012538099E0,1.204738094E0,8.666859984E-2,2.347171685E0
3.038105792E1,-1.485013559E0,3.146848673E-1,2.737710223E0,3.130391205E0
3.039106892E1,-7.443445592E-1,-6.499267906E-1,5.260818860E0,5.352818765E0
3.040107992E1,-3.059489809E-1,-1.890449259E0,6.849762876E0,7.112429588E0
3.041109192E1,-3.830120672E-1,-3.644223361E0,7.184981411E0,8.065421255E0
3.042110292E1,-1.321178377E-2,-6.262064493E0,6.680899381E0,9.156857693E0
3.043111492E1,-4.303099023E-1,-9.148847140E0,5.068240228E0,1.046774234E1
3.044112592E1,-2.174392975E0,-1.134200091E1,3.339735453E0,1.202176369E1
3.045113792E1,-3.954378390E0,-1.275067585E1,2.574016543E0,1.359567594E1
3.046114892E1,-4.916251797E0,-1.405919033E1,3.021330003E0,1.519732869E1
3.047116092E1,-4.285677244E0,-1.489389322E1,3.009844317E0,1.578778793E1
3.048117192E1,-3.030775887E0,-1.516553147E1,1.929128591E0,1.558526498E1
3.049118392E1,-1.754448870E0,-1.460909874E1,1.505909461E-1,1.471484062E1
3.050119492E1,-1.016328380E0,-1.275890639E1,-2.073991897E0,1.296626616E1
3.051120592E1,-1.227477331E0,-1.097816610E1,-3.025345578E0,1.145336402E1
3.052121792E1,-2.412020311E0,-9.816127882E0,-2.745588469E0,1.047437180E1
3.053122892E1,-2.420741141E0,-8.552246956E0,-2.351688740E0,9.194093517E0
3.054124092E1,-1.996282401E0,-7.181300004E0,-1.796302071E0,7.667001649E0
3.055125192E1,-1.723285988E0,-5.955620692E0,-8.183222160E-1,6.253701598E0
3.056126392E1,-1.890906365E0,-5.066565585E0,2.112900147E-1,5.412047411E0
3.057127492E1,-1.785332840E0,-4.398797770E0,7.611963809E-1,4.807936678E0
3.058128692E1,-1.500907168E0,-3.672967688E0,9.361459503E-1,4.076736833E0
3.059129792E1,-1.080835155E0,-2.794891899E0,8.397402745E-1,3.112039377E0
3.060130992E1,-5.657897428E-1,-1.715087169E0,7.696021919E-1,1.963142777E0
3.061132092E1,1.870857579E-1,-4.210685241E-1,8.248187649E-1,9.447887477E-1
3.062133192E1,9.808474754E-1,1.008707850E0,7.996779303E-1,1.618344243E0
3.063134392E1,1.383564806E0,2.528683373E0,8.243673599E-1,2.998011460E0
3.064135492E1,1.684503307E0,4.055898333E0,7.830165817E-1,4.461051182E0
3.065136692E1,2.082196856E0,5.514132521E0,7.223610748E-1,5.938266307E0
3.066137792E1,2.672259999E0,6.871920315E0,8.156205100E-1,7.418187052E0
3.067138992E1,3.198322589E0,8.130819413E0,1.140908206E0,8.811422317E0
3.068140092E1,3.521817456E0,9.085747497E0,1.458818910E0,9.853027879E0
3.069141292E1,3.139562457E0,9.533185210E0,1.372894660E0,1.013031650E1
3.070142392E1,3.092621010E0,9.733188636E0,1.823819067E0,1.037427500E1
3.071143592E1,3.224498819E0,9.826651701E0,2.103334687E0,1.055388521E1
3.072144692E1,3.115290373E0,9.814867222E0,2.272011656E0,1.054507893E1
3.073145792E1,3.030977031E0,9.368812376E0,2.464466912E0,1.015061891E1
3.074146992E1,3.148975597E0,8.427017139E0,2.386613574E0,9.307340625E0
3.075148092E1,3.434730196E0,7.892954096E0,2.399326590E0,8.936042970E0
3.076149292E1,3.458605839E0,6.617400958E0,2.424247423E0,7.850409248E0
3.077150392E1,2.928851025E0,4.403853858E0,2.118675442E0,5.697445283E0
3.078151592E1,2.697595400E0,1.523642312E0,2.562456890E0,4.020533814E0
3.079152692E1,2.759694876E0,-1.222958018E0,3.210344757E0,4.406569593E0
3.080153892E1,2.386185265E0,-3.466085597E0,3.602768941E0,5.539636588E0
3.081154992E1,1.707865127E0,-4.969138693E0,3.602066106E0,6.370559071E0
3.082156192E1,9.971255390E-1,-5.836433387E0,3.179970810E0,6.720894909E0
3.083157292E1,1.031233956E-1,-5.795808687E0,2.757252202E0,6.419070998E0
3.084158392E1,-5.642706361E-1,-4.647143052E0,2.021291234E0,5.099015410E0
3.085159592E1,-6.869472671E-1,-3.194934420E0,1.293832119E0,3.514755190E0
3.086160692E1,-9.172173437E-1,-2.291350152E0,7.241121697E-1,2.572141444E0
3.087161892E1,-1.321661064E0,-1.782571054E0,-8.715204763E-1,2.384092169E0
3.088162992E1,-2.247141255E0,-6.494286078E-1,-5.713758218E0,6.174012820E0
3.089164192E1,-3.787510550E0,-5.083885038E-1,-5.946004946E0,7.068144725E0
3.090165292E1,-4.697844552E0,-5.701210678E-1,-5.379636036E0,7.164863247E0
3.091166492E1,-4.317955336E0,-4.260632157E-1,-4.970923263E0,6.598207805E0
3.092167592E1,-3.463985277E0,-7.063670397E-2,-4.438532524E0,5.630697516E0
3.093168792E1,-2.337346397E0,7.496376050E-1,-4.155358302E0,4.826193877E0
3.094169892E1,-2.048175270E0,2.260779154E0,-4.136098158E0,5.139401940E0
3.095170992E1,-1.671197383E0,4.140458427E0,-4.212230076E0,6.138336818E0
3.096172192E1,-7.177249637E-1,5.533690873E0,-4.310666782E0,7.051149687E0
3.097173292E1,4.583737600E-1,6.138767180E0,-4.065611728E0,7.377246622E0
3.098174492E1,1.664910603E0,6.698266781E0,-4.364426082E0,8.166205987E0
3.099175592E1,2.924774930E0,7.382892703E0,-5.104975945E0,9.440455098E0
3.100176792E1,3.670869707E0,8.121168584E0,-5.384834796E0,1.041273784E1
3.101177892E1,3.498141495E0,8.821731092E0,-4.373805601E0,1.044940710E1
3.102179092E1,4.137704973E0,9.373833965E0,-4.840079534E-1,1.025785696E1
3.103180192E1,5.694999765E0,1.002787661E1,5.669231670E0,1.285035094E1
3.104181392E1,6.336814713E0,1.021507171E1,9.866098187E0,1.555129590E1
3.105182492E1,7.160510228E0,8.568888717E0,9.420667239E0,1.460985051E1
3.106183692E1,7.313659331E0,6.666101832E0,1.156815601E1,1.522329661E1
3.107184792E1,5.173297151E0,3.832345245E0,1.234902710E1,1.392653380E1
3.108185892E1,1.758950349E0,1.059197972E0,1.092329349E1,1.111459164E1
3.109187092E1,-1.906099040E0,-2.062175551E0,1.030803776E1,1.068369899E1
3.110188192E1,-3.307059458E0,-5.128610975E0,6.375768864E0,8.825515362E0
3.111189392E1,-4.114164375E0,-7.050958550E0,1.780704623E0,8.355433797E0
3.112190492E1,-4.454440751E0,-8.897461306E0,-6.906514782E-1,9.974159592E0
3.113191692E1,-4.743374481E0,-1.177736587E1,-1.173221601E0,1.275078026E1
3.114192792E1,-4.230093904E0,-1.465513387E1,-9.028299773E-1,1.528010946E1
3.115193992E1,-2.898525318E0,-1.722567746E1,-1.636502929E0,1.754433113E1
3.116195092E1,-2.490970878E0,-1.902239117E1,-3.120498195E0,1.943691876E1
3.117196292E1,-2.301835087E0,-1.894541842E1,-5.501804252E0,1.986195293E1
3.118197392E1,-7.601953375E-1,-1.628463008E1,-8.436025944E0,1.835575135E1
3.119198492E1,-9.254746355E-1,-1.220324432E1,-6.290260352E0,1.376019805E1
3.120199692E1,-1.656233189E0,-9.398985178E0,-2.432517141E0,9.848917220E0
3.121200792E1,-3.944333605E-1,-7.725182276E0,-2.833025685E-1,7.740431462E0
3.122201992E1,-7.643545351E-1,-7.153071985E0,1.532833550E0,7.355287579E0
3.123203092E1,-2.175744120E0,-7.037476040E0,2.552362550E0,7.795799258E0
3.124204292E1,-3.180964837E0,-7.260715132E0,2.995031565E0,8.473885508E0
3.125205392E1,-4.154460170E0,-7.127226123E0,2.991592818E0,8.775335839E0
3.126206592E1,-3.996149145E0,-6.570259536E0,2.848995600E0,8.200871557E0
3.127207692E1,-3.288319132E0,-5.880630151E0,2.800415179E0,7.296381217E0
3.128208892E1,-2.678863552E0,-4.854846677E0,2.698455525E0,6.166644826E0
3.129209992E1,-1.720824018E0,-3.575578803E0,2.509295760E0,4.694950936E0
3.130211092E1,-7.821444695E-1,-2.295695803E0,2.188543237E0,3.266755376E0
3.131212292E1,-4.291710109E-3,-7.882543713E-1,1.812524586E0,1.976514292E0
3.132213392E1,9.818818478E-1,9.018072993E-1,1.576117125E0,2.064338529E0
3.133214592E1,1.935791932E0,2.569470041E0,1.361274489E0,3.493212694E0
3.134215775E1,2.676529636E0,4.128463449E0,1.099663555E0,5.041555442E0
3.135216975E1,3.463191226E0,5.697279595E0,1.037888964E0,6.747584882E0
3.136218075E1,4.006444337E0,7.053653532E0,1.109843631E0,8.187635633E0
3.137219275E1,3.979761153E0,8.111451681E0,1.083445791E0,9.099890218E0
3.138220375E1,3.879227636E0,8.861233127E0,1.019582502E0,9.726736763E0
3.139221575E1,3.984800284E0,9.328519213E0,9.140449369E-1,1.018505681E1
3.140222675E1,3.990539326E0,9.522940888E0,6.949310553E-1,1.034861036E1
3.141223775E1,3.932787254E0,9.494492429E0,5.073067689E-1,1.028929357E1
3.142224975E1,3.581411986E0,9.192362704E0,3.982982969E-1,9.873433315E0
3.143226075E1,2.915027914E0,8.732662795E0,3.090604305E-1,9.211531121E0
3.144227275E1,2.827252729E0,8.276609210E0,2.852832397E-1,8.750828792E0
3.145228375E1,3.156803850E0,7.755170891E0,4.598905277E-1,8.385677396E0
3.146229575E1,2.965082712E0,6.888126458E0,4.611348152E-1,7.513364553E0
3.147230675E1,3.017692450E0,5.446028246E0,6.370528297E-1,6.258716137E0
3.148231875E1,2.639155988E0,3.620098919E0,1.214326358E0,4.641642922E0
3.149232975E1,2.231692180E0,1.620929455E0,1.913881245E0,3.357201767E0
3.150234175E1,1.865178909E0,-4.824853384E-1,2.405524785E0,3.081920498E0
3.151235275E1,1.507928943E0,-2.672085167E0,2.565092815E0,3.999198668E0
3.152236375E1,1.030385233E0,-4.740625412E0,3.239556277E0,5.833519341E0
3.153237575E1,1.192133251E-1,-6.174617629E0,3.982440348E0,7.348465541E0
3.154238675E1,-3.138231339E-1,-6.237945898E0,3.773083130E0,7.297027497E0
3.155239875E1,-6.609170710E-1,-4.704711814E0,3.172309788E0,5.712676607E0
3.156240975E1,-1.412435871E0,-2.678824083E0,1.419074800E0,3.344375405E0
3.157242175E1,-2.135226132E0,-1.315909451E0,-4.520236838E-1,2.548555223E0
3.158243275E1,-2.519091015E0,-1.467674518E-1,-2.302286784E0,3.415828547E0
3.159244475E1,-2.652164288E0,1.005952642E0,-3.939359817E0,4.854325071E0
3.160245575E1,-2.184231500E0,2.066852154E0,-4.864740166E0,5.719129475E0
3.161246775E1,-1.579124056E0,3.142917590E0,-5.190575089E0,6.270058493E0
3.162247875E1,-1.098237492E0,5.271568966E0,-5.785712299E0,7.903798565E0
3.163248975E1,-4.326487885E-1,7.641997447E0,-6.306826683E0,9.917831052E0
3.164250175E1,3.570042367E-1,9.449433201E0,-5.857485702E0,1.112337083E1
3.165251275E1,1.282532667E0,1.058566122E1,-5.405809343E0,1.195507793E1
3.166252475E1,1.869946290E0,1.049573455E1,-4.722491735E0,1.166014885E1
3.167253575E1,2.155761553E0,1.012583151E1,-4.001460755E0,1.109916482E1
3.168254775E1,2.808559180E0,9.817875030E0,-2.390049544E0,1.048765997E1
3.169255875E1,3.634956694E0,9.552944121E0,-5.265400153E-1,1.023469081E1
3.170257075E1,4.910258986E0,9.004015117E0,4.392387468E-1,1.026527458E1
3.171258175E1,5.806066457E0,7.625178516E0,2.658847656E0,9.946015582E0
3.172259375E1,5.420927904E0,5.468274563E0,5.477118477E0,9.449196412E0
3.173260475E1,3.662388321E0,2.653985696E0,6.923314417E0,8.269764858E0
3.174261575E1,1.660643890E0,-1.042893596E0,6.821448904E0,7.097713035E0
3.175262775E1,-1.418849682E0,-5.460810592E0,5.742437056E0,8.050414281E0
3.176263875E1,-4.266078254E0,-9.840780913E0,3.733081158E0,1.135677276E1
3.177265075E1,-4.407479716E0,-1.310821087E1,1.787232162E0,1.394436332E1
3.178266175E1,-3.881119795E0,-1.502170751E1,5.178867209E-1,1.552362696E1
3.179267375E1,-3.289845255E0,-1.600963670E1,-2.621125513E-1,1.634626110E1
3.180268475E1,-1.410669135E0,-1.594528575E1,1.184865162E-1,1.600800313E1
3.181269675E1,-1.667440986E-1,-1.524907766E1,1.116750947E0,1.529082423E1
3.182270775E1,-2.627362300E-2,-1.381052111E1,6.554284358E-1,1.382609019E1
3.183271975E1,-1.403736676E0,-1.184558300E1,-6.074204564E-1,1.194392200E1
3.184273075E1,-2.586081103E0,-1.050165077E1,-1.254566896E0,1.088790257E1
3.185274175E1,-3.374761152E0,-9.555876499E0,-1.789367565E0,1.029104585E1
3.186275375E1,-3.546908736E0,-8.988407144E0,-1.931722416E0,9.854114676E0
3.187276475E1,-3.241882592E0,-9.308750947E0,-1.142099504E0,9.923055890E0
3.188277675E1,-2.781659942E0,-9.625661264E0,-4.758581042E-1,1.003082388E1
3.189278775E1,-2.970556875E0,-9.158140120E0,-3.193053371E-1,9.633155999E0
3.190279975E1,-3.155374498E0,-8.321685396E0,-6.233131886E-2,8.900040519E0
3.191281075E1,-2.977315964E0,-7.499247617E0,4.430724737E-1,8.080806791E0
3.192282275E1,-2.357810190E0,-6.724671053E0,1.050944043E0,7.203121062E0
3.193283375E1,-1.281429443E0,-5.713851773E0,1.594437768E0,6.068969871E0
3.194284575E1,-6.555797325E-1,-4.465971753E0,1.442249070E0,4.738646522E0
3.195285675E1,-1.752425149E-2,-3.052413801E0,1.309305605E0,3.321418113E0
3.196286775E1,4.990266730E-1,-1.689232535E0,1.373308205E0,2.233497169E0
3.197287975E1,1.102297653E0,-3.977662003E-1,1.450586030E0,1.864799693E0
3.198289075E1,1.562894524E0,9.660681993E-1,1.618817441E0,2.448774585E0
3.199290275E1,2.060620630E0,2.385557567E0,1.749511043E0,3.605250501E0
3.200291375E1,2.340082747E0,3.748397940E0,1.876277947E0,4.800718000E0
3.201292575E1,2.483382069E0,4.976346556E0,1.860334345E0,5.864474011E0
3.202293675E1,2.424812264E0,5.903995625E0,1.611044152E0,6.582730597E0
3.203294875E1,2.484671673E0,6.869938109E0,1.419549009E0,7.442093948E0
3.204295975E1,2.601786432E0,7.752115721E0,1.321257314E0,8.283134170E0
3.205297175E1,2.712192973E0,8.511914617E0,1.194175683E0,9.013031495E0
3.206298275E1,2.774462020E0,9.052723008E0,1.097912972E0,9.531780854E0
3.207299375E1,2.800601120E0,9.359417070E0,8.365973961E-1,9.805200137E0
3.208300575E1,2.850807068E0,9.537279430E0,7.244068694E-1,9.980559362E0
3.209301675E1,2.826338809E0,9.607986301E0,9.600905176E-1,1.006098234E1
3.210302875E1,2.760721063E0,9.361823784E0,1.283201880E0,9.844385832E0
3.211303975E1,2.533151815E0,8.785677161E0,1.297160354E0,9.235128926E0
3.212305175E1,2.682943154E0,8.065927014E0,1.445444427E0,8.622451632E0
3.213306275E1,2.584866344E0,6.931073672E0,1.686167279E0,7.587125698E0
3.214307475E1,2.379162321E0,5.062336294E0,2.231945364E0,6.022395056E0
3.215308575E1,2.008901715E0,3.010930145E0,2.957432799E0,4.674162513E0
3.216309775E1,1.714441490E0,7.769405937E-1,3.523802294E0,3.995013005E0
3.217310875E1,1.670775068E0,-1.346230772E0,4.133933519E0,4.657599485E0
3.218311975E1,1.634838519E0,-3.226991780E0,4.454269720E0,5.738178428E0
3.219313175E1,1.439631710E0,-4.752091218E0,4.014533376E0,6.385247734E0
3.220314275E1,1.246578430E0,-5.145931597E0,3.574994667E0,6.388674092E0
3.221315475E1,8.344253017E-1,-4.354820276E0,2.956577936E0,5.329360029E0
3.222316575E1,1.410981376E-1,-2.640712516E0,2.600466131E0,3.708867128E0
3.223317775E1,-7.668832366E-1,-7.760319364E-1,2.100854298E0,2.367260916E0
3.224318875E1,-1.916554738E0,4.339592957E-1,1.840031058E-1,1.973666608E0
3.225320075E1,-2.641216546E0,1.346834790E0,-1.816958529E0,3.477258560E0
3.226321175E1,-2.396834507E0,2.541545493E0,-3.850754035E0,5.199286084E0
3.227322375E1,-1.406785268E0,4.100264082E0,-5.632090741E0,7.107155300E0
3.228323475E1,-7.806091368E-1,6.245035647E0,-7.317146611E0,9.651448357E0
3.229324575E1,2.958290586E-1,8.912467015E0,-9.499318137E0,1.302906858E1
3.230325775E1,1.209256968E0,1.114440361E1,-1.130683575E1,1.592182681E1
3.231326875E1,1.006410552E0,1.219975119E1,-1.059741179E1,1.619110644E1
3.232328075E1,7.135749755E-1,1.175131770E1,-6.736529206E0,1.356405111E1
3.233329175E1,1.143287804E-1,9.984766259E0,-3.367023239E0,1.053781162E1
3.234330329E1,6.243968969E-1,8.249789786E0,-6.236464798E-1,8.296857112E0
3.235331429E1,2.222394376E0,7.304317235E0,2.942956848E0,8.182486299E0
3.236332629E1,3.832872080E0,5.769886225E0,7.723956115E0,1.037506595E1
3.237333729E1,3.387355177E0,3.374507675E0,1.043265596E1,1.147613992E1
3.238334929E1,1.542980516E0,3.196281034E-1,9.022271293E0,9.158838916E0
3.239336029E1,5.993404084E-1,-3.076406681E0,5.668993689E0,6.477729265E0
3.240337129E1,-1.547636946E0,-6.806935530E0,3.483609118E0,7.801607777E0
3.241338329E1,-5.206285973E0,-1.061503646E1,2.152123854E0,1.201732291E1
3.242339429E1,-7.253366936E0,-1.448666857E1,2.449074993E0,1.638514164E1
3.243340629E1,-6.919321938E0,-1.793466990E1,4.241109474E0,1.968543649E1
3.244341729E1,-4.715337374E0,-1.938392919E1,5.414854985E0,2.067103703E1
3.245342929E1,-2.110073310E0,-1.859276700E1,4.903957734E0,1.934404807E1
3.246344029E1,-7.267942876E-1,-1.613400697E1,1.870944702E0,1.625837769E1
3.247345229E1,-8.084187868E-1,-1.288179498E1,-1.134988997E0,1.295694342E1
3.248346329E1,-8.670023328E-1,-1.043690806E1,-3.324542925E0,1.098787188E1
3.249347529E1,-1.213503070E0,-8.930604494E0,-4.680518082E0,1.015556674E1
3.250348629E1,-1.964861072E0,-8.488956109E0,-4.610830381E0,9.858134289E0
3.251349729E1,-2.595319704E0,-8.623698177E0,-3.082710856E0,9.518768872E0
3.252350929E1,-2.562671483E0,-8.782413245E0,-2.063358443E0,9.378460193E0
3.253352029E1,-2.324854698E0,-8.804086534E0,-1.301912093E0,9.198470752E0
3.254353229E1,-2.002544476E0,-8.732235364E0,-4.103727973E-1,8.968306677E0
3.255354329E1,-1.689153306E0,-8.340436247E0,2.694984618E-1,8.514032247E0
3.256355529E1,-1.168032709E0,-7.311350850E0,6.750259638E-1,7.434770455E0
3.257356629E1,-6.770159905E-1,-6.044705361E0,1.187249949E0,6.197287793E0
3.258357829E1,-2.003783063E-1,-4.697548390E0,1.615045694E0,4.971467081E0
3.259358929E1,1.267019273E-1,-3.126751792E0,1.945594642E0,3.684829530E0
3.260360029E1,4.164778751E-1,-1.615577499E0,2.067052567E0,2.656360441E0
3.261361229E1,8.967593980E-1,-2.959503883E-1,1.854526890E0,2.081113653E0
3.262362329E1,1.237673559E0,1.036456981E0,1.649882967E0,2.308287832E0
3.263363529E1,1.789948778E0,2.512195979E0,1.683858944E0,3.514317318E0
3.264364629E1,2.270457758E0,4.015216915E0,1.633937025E0,4.893536094E0
3.265365829E1,2.306810921E0,5.315168729E0,1.339162512E0,5.946911087E0
3.266366929E1,2.334829024E0,6.461239370E0,1.114100989E0,6.959903862E0
3.267368129E1,2.319804896E0,7.475474592E0,1.046751004E0,7.896828655E0
3.268369229E1,2.274870359E0,8.303552011E0,1.146459480E0,8.685527070E0
3.269370429E1,2.261476435E0,8.987309622E0,1.348318813E0,9.365039964E0
3.270371529E1,2.205126379E0,9.396221200E0,1.299066546E0,9.738538344E0
3.271372629E1,2.084862017E0,9.530444035E0,9.944429827E-1,9.806371907E0
3.272373829E1,2.225679196E0,9.586415337E0,9.010477459E-1,9.882555031E0
3.273374929E1,2.414491783E0,9.575844741E0,1.142148474E0,9.941382007E0
3.274376129E1,2.584337171E0,9.382763248E0,1.560424222E0,9.856468360E0
3.275377229E1,2.870915935E0,8.756204270E0,2.252899593E0,9.486244151E0
3.276378429E1,2.617491469E0,7.757135555E0,2.776814647E0,8.644947264E0
3.277379529E1,2.431748378E0,6.957663885E0,3.202499255E0,8.036074190E0
3.278380729E1,2.054331365E0,5.772768318E0,3.770975794E0,7.194816874E0
3.279381829E1,1.879614661E0,4.080266604E0,3.866497078E0,5.927168505E0
3.280383029E1,1.985094046E0,2.156972950E0,3.677957118E0,4.703243481E0
3.281384129E1,2.064766598E0,2.334378058E-1,3.669417844E0,4.216916128E0
3.282385229E1,1.760215102E0,-2.014994368E0,3.863897406E0,4.699815174E0
3.283386429E1,1.061331914E0,-4.424575805E0,3.770581691E0,5.909363991E0
3.284387529E1,2.613706858E-1,-6.326880879E0,3.736511135E0,7.352499694E0
3.285388729E1,6.268215179E-4,-7.059923501E0,3.399764138E0,7.835873686E0
3.286389829E1,-1.146361247E-1,-6.280548127E0,2.320321351E0,6.696440651E0
3.287391029E1,-4.955195130E-1,-4.576633233E0,1.527527786E0,4.850201282E0
3.288392129E1,-1.064479908E0,-3.137142879E0,8.800281751E-1,3.427715348E0
3.289393329E1,-1.635604797E0,-1.289847241E0,-2.243873684E0,3.061678962E0
3.290394429E1,-2.559819504E0,-1.709193760E-1,-3.911871471E0,4.678100868E0
3.291395629E1,-4.330296177E0,3.322744614E-1,-4.401602679E0,6.183524678E0
3.292396729E1,-4.739319144E0,1.606713704E0,-4.753094600E0,6.901781158E0
3.293397829E1,-3.456134221E0,2.973171165E0,-4.595627328E0,6.473360879E0
3.294399029E1,-1.638284284E0,4.358891108E0,-5.502860259E0,7.208701555E0
3.295400129E1,-6.174073546E-1,5.856703345E0,-6.152432123E0,8.516723956E0
3.296401329E1,1.035572736E0,7.285148308E0,-6.186320246E0,9.613342548E0
3.297402429E1,1.926920390E0,8.252405831E0,-6.039079170E0,1.040604158E1
3.298403629E1,2.133885950E0,8.763927857E0,-5.975914038E0,1.081995607E1
3.299404729E1,2.862238374E0,8.882378413E0,-6.026042218E0,1.110865607E1
3.300405929E1,3.762709000E0,8.329497276E0,-6.154962798E0,1.101916834E1
3.301407029E1,4.204438076E0,7.280987429E0,-6.093969322E0,1.038395587E1
3.302408229E1,3.980031295E0,5.928199589E0,-5.752094318E0,9.169012407E0
3.303409329E1,2.840012523E0,4.694021934E0,-5.347316721E0,7.661155864E0
3.304410429E1,1.904320755E0,3.078711069E0,-3.827337105E0,5.268150406E0
3.305411629E1,1.938282407E0,1.394972577E0,1.290796975E0,2.714598315E0
3.306412729E1,2.062774014E0,-1.108941990E-1,8.616394420E0,8.860563580E0
3.307413929E1,9.801360885E-1,-2.154458647E0,1.115750956E1,1.140580459E1
3.308415029E1,-2.284841909E-1,-3.676328668E0,7.912338200E0,8.727696907E0
3.309416229E1,-1.581541003E0,-4.514802436E0,6.460346500E0,8.038705734E0
3.310417329E1,-1.788003995E0,-5.368809332E0,5.424597616E0,7.838834813E0
3.311418529E1,-2.138333342E0,-6.280455741E0,3.256119977E0,7.390460818E0
3.312419629E1,-3.292575612E0,-7.602299531E0,2.404799292E0,8.626648941E0
3.313420829E1,-3.597029899E0,-8.946222991E0,3.217387728E0,1.016489615E1
3.314421929E1,-3.609114632E0,-9.663100986E0,3.960520306E0,1.104929637E1
3.315423029E1,-3.545368579E0,-1.037763249E1,3.006599405E0,1.137121517E1
3.316424229E1,-3.709922676E0,-1.152027666E1,1.030555387E0,1.214670100E1
3.317425329E1,-3.581435375E0,-1.237070039E1,-1.012839493E0,1.291846551E1
3.318426529E1,-2.686209701E0,-1.237044194E1,-2.339304337E0,1.287306883E1
3.319427629E1,-2.313389623E0,-1.189249521E1,-3.010811446E0,1.248391763E1
3.320428829E1,-2.320687095E0,-1.162226614E1,-2.981754293E0,1.222102768E1
3.321429929E1,-1.468738419E0,-1.113311264E1,-2.700452642E0,1.154971142E1
3.322431129E1,-5.937539785E-1,-1.030378801E1,-2.309574169E0,1.057613937E1
3.323432229E1,-1.615969408E-1,-9.161908650E0,-1.433045552E0,9.274713108E0
3.324433429E1,-7.210398965E-1,-7.665300356E0,-2.368063867E-1,7.702779066E0
3.325434529E1,-1.835991655E0,-6.682512628E0,6.300807559E-1,6.958724175E0
3.326435629E1,-2.241271381E0,-5.905379076E0,1.028705328E0,6.399612026E0
3.327436829E1,-1.689078607E0,-5.008276446E0,1.348771095E0,5.454814660E0
3.328437929E1,-9.556235372E-1,-4.366578442E0,1.474776253E0,4.706929853E0
3.329439129E1,-4.209976266E-1,-3.755587676E0,1.504040691E0,4.067409027E0
3.330440229E1,2.244491735E-1,-3.105393668E0,1.348019582E0,3.392787063E0
3.331441429E1,9.850754508E-1,-1.977782688E0,1.275990071E0,2.551499297E0
3.332442529E1,1.653295987E0,-4.558945405E-1,1.552977354E0,2.313647794E0
3.333443729E1,2.258233130E0,1.143075112E0,2.003453280E0,3.228012179E0
3.334444804E1,2.602544524E0,2.973274661E0,2.346191772E0,4.595456021E0
3.335446004E1,2.757488430E0,4.681910012E0,2.281103491E0,5.893000673E0
3.336447104E1,2.752447837E0,5.933469685E0,1.907519621E0,6.813271072E0
3.337448204E1,2.698016984E0,6.955139642E0,1.609161349E0,7.631688105E0
3.338449404E1,2.479329949E0,7.783617010E0,1.479746094E0,8.301892511E0
3.339450504E1,2.412626667E0,8.429532026E0,1.352984891E0,8.871772412E0
3.340451704E1,2.393177074E0,8.931107354E0,1.216708513E0,9.325896991E0
3.341452804E1,2.534233550E0,9.179363759E0,1.057795225E0,9.581335472E0
3.342454004E1,2.739257688E0,9.104267383E0,8.031606781E-1,9.541293641E0
3.343455104E1,2.612770427E0,8.822738568E0,7.256943532E-1,9.230055115E0
3.344456304E1,2.629506912E0,8.484961876E0,1.117606321E0,8.953096031E0
3.345457404E1,3.370438598E0,7.635595915E0,1.763917851E0,8.530743667E0
3.346458604E1,3.858882834E0,6.472137410E0,2.048160214E0,7.808617012E0
3.347459704E1,3.456776245E0,5.374396346E0,2.683277907E0,6.930614578E0
3.348460804E1,2.399347202E0,4.211001576E0,3.805718780E0,6.162215242E0
3.349462004E1,1.793547447E0,2.883112350E0,4.282326497E0,5.465113859E0
3.350463104E1,1.357928419E0,1.511937355E0,4.690455133E0,5.111779877E0
3.351464304E1,1.264928308E0,2.378805202E-1,4.426131749E0,4.609476437E0
3.352465404E1,1.540418120E0,-8.002873564E-1,3.603248413E0,3.999593349E0
3.353466604E1,1.485655144E0,-1.792997809E0,2.933840454E0,3.745588359E0
3.354467704E1,1.248576424E0,-2.696361637E0,2.758136301E0,4.054210776E0
3.355468904E1,8.927451383E-1,-3.138805827E0,2.488613573E0,4.103936333E0
3.356470004E1,3.864831206E-1,-2.911787095E0,2.046769600E0,3.580103222E0
3.357471204E1,-9.071955085E-3,-2.300105188E0,1.604784708E0,2.804621211E0
3.358472304E1,-3.322998968E-1,-1.713444686E0,1.252613926E0,2.148338325E0
3.359473404E1,-6.588617747E-1,-1.309787416E0,5.194526052E-1,1.555465500E0
3.360474604E1,-1.008141401E0,-5.716314036E-1,-2.026094137E0,2.334131316E0
3.361475704E1,-2.208948996E0,-2.359141016E-1,-3.415290250E0,4.074226138E0
3.362476904E1,-3.592602972E0,-1.042868453E-1,-4.614265328E0,5.848855989E0
3.363478004E1,-3.896471660E0,8.035600430E-1,-6.121565257E0,7.300805526E0
3.364479204E1,-2.887909113E0,1.775273729E0,-5.997722983E0,6.889433710E0
3.365480304E1,-1.299351744E0,3.241671215E0,-7.525667092E0,8.296530142E0
3.366481504E1,-3.335004763E-1,5.297839336E0,-9.198298797E0,1.062012359E1
3.367482604E1,2.992524572E-1,7.150989207E0,-8.259015523E0,1.092874815E1
3.368483804E1,3.687736586E-1,8.577463658E0,-6.709261301E0,1.089601138E1
3.369484904E1,3.271259880E-1,9.613865676E0,-6.089726583E0,1.138499866E1
3.370486004E1,1.247634876E0,9.937147704E0,-5.406249053E0,1.138116980E1
3.371487204E1,2.189475575E0,9.834061292E0,-4.437292914E0,1.100872986E1
3.372488304E1,2.681991520E0,9.490704018E0,-2.458070642E0,1.016408641E1
3.373489504E1,1.954673322E0,8.798284342E0,1.199085590E0,9.092214330E0
3.374490604E1,2.018817862E0,7.601006711E0,5.457699873E0,9.572743415E0
3.375491804E1,4.444473295E0,6.383605303E0,1.030028786E1,1.290735022E1
3.376492904E1,4.237967180E0,4.359595698E0,1.360364545E1,1.490052381E1
3.377494104E1,1.172127441E0,6.696517879E-1,1.157622282E1,1.165466650E1
3.378495204E1,-2.011167073E0,-3.521210223E0,8.339871991E0,9.273466410E0
3.379496404E1,-4.472154014E0,-6.845506688E0,6.384098808E0,1.037390191E1
3.380497504E1,-4.542667342E0,-8.557791286E0,3.976931686E0,1.047318499E1
3.381498604E1,-4.079033427E0,-9.191319560E0,1.190817335E0,1.012605130E1
3.382499804E1,-2.984753330E0,-9.601977117E0,1.414055550E-1,1.005617783E1
3.383500904E1,-2.177062960E0,-1.008086174E1,4.753529048E-1,1.032421120E1
3.384502104E1,-2.260331842E0,-1.156581127E1,5.590300691E-1,1.179786443E1
3.385503204E1,-2.496347101E0,-1.357232776E1,-1.927479091E-1,1.380133984E1
3.386504404E1,-2.245132298E0,-1.493155748E1,-9.178277931E-1,1.512727456E1
3.387505504E1,-1.850994002E0,-1.557975876E1,-2.265831441E0,1.585209935E1
3.388506704E1,-1.573285465E0,-1.510039466E1,-3.298454695E0,1.553631068E1
3.389507804E1,-1.310980686E0,-1.322312853E1,-3.927817706E0,1.385631807E1
3.390509004E1,-1.379453921E0,-1.135587635E1,-4.276768426E0,1.221268066E1
3.391510104E1,-1.025571951E0,-9.795130531E0,-3.747912036E0,1.053770490E1
3.392511304E1,-7.241758313E-1,-8.735245510E0,-2.601360170E0,9.143085885E0
3.393512404E1,-6.307458767E-1,-8.237208917E0,-9.340669727E-1,8.313960080E0
3.394513504E1,-9.743233714E-1,-7.991204860E0,7.450177199E-1,8.084782777E0
3.395514704E1,-1.615094811E0,-7.650191735E0,2.100704609E0,8.096105526E0
3.396515804E1,-2.143385629E0,-7.067461147E0,2.662277925E0,7.850530731E0
3.397517004E1,-2.344584226E0,-6.326234177E0,2.749416348E0,7.285437826E0
3.398518104E1,-2.260942292E0,-5.406771795E0,2.612590333E0,6.416437449E0
3.399519304E1,-1.746280603E0,-4.282587867E0,2.192937566E0,5.118498799E0
3.400520404E1,-1.227469729E0,-3.035283213E0,1.953657660E0,3.812663685E0
3.401521604E1,-6.626316208E-1,-1.685066394E0,2.111724126E0,2.781709582E0
3.402522704E1,6.100341618E-2,-1.801094449E-1,2.015459075E0,2.024410066E0
3.403523804E1,8.553235428E-1,1.430176324E0,2.021025040E0,2.619451258E0
3.404525004E1,1.566197762E0,2.999834468E0,1.934650117E0,3.898057637E0
3.405526104E1,2.068897510E0,4.355217887E0,1.670532555E0,5.102836346E0
3.406527304E1,2.346154789E0,5.521761968E0,1.350139051E0,6.149566894E0
3.407528404E1,2.376181703E0,6.642015982E0,1.129929986E0,7.144183477E0
3.408529604E1,2.409247561E0,7.609157145E0,1.128936544E0,8.060908385E0
3.409530704E1,2.341372789E0,8.237888948E0,1.203024275E0,8.648243074E0
3.410531904E1,2.390979105E0,8.667866875E0,1.157124217E0,9.065739556E0
3.411533004E1,2.471682960E0,8.964054660E0,9.751962876E-1,9.349572205E0
3.412534204E1,2.846169641E0,9.158658183E0,8.118625045E-1,9.625010237E0
3.413535304E1,3.517257213E0,9.179774818E0,9.856791759E-1,9.879824262E0
3.414536504E1,3.888732285E0,8.958192242E0,1.753213938E0,9.921955762E0
3.415537604E1,3.815773067E0,8.365097464E0,2.764036142E0,9.600774733E0
3.416538704E1,4.045611911E0,7.867820424E0,2.790830423E0,9.276761741E0
3.417539904E1,3.989832982E0,7.086178084E0,2.252870064E0,8.438489829E0
3.418541004E1,3.456305544E0,6.173007306E0,2.046780709E0,7.364874642E0
3.419542204E1,2.909980890E0,5.430354200E0,2.363915998E0,6.598850988E0
3.420543304E1,2.504902454E0,4.288134536E0,2.820462942E0,5.711185981E0
3.421544504E1,2.263532901E0,2.879958361E0,3.136038340E0,4.822082312E0
3.422545604E1,2.006864545E0,1.239507977E0,3.273430367E0,4.034752990E0
3.423546804E1,1.847039092E0,-6.998742914E-1,3.044355168E0,3.628977242E0
3.424547904E1,1.604030417E0,-2.739074378E0,3.002450513E0,4.369227747E0
3.425549104E1,7.178458549E-1,-4.600489873E0,3.066223755E0,5.575081870E0
3.426550204E1,-3.431274784E-1,-5.720518184E0,2.623041061E0,6.302571631E0
3.427551304E1,-1.220378811E0,-5.716205862E0,2.068191751E0,6.200141210E0
3.428552504E1,-2.420288566E0,-4.823167632E0,1.400145024E0,5.575046981E0
3.429553604E1,-3.805984536E0,-3.500917461E0,-1.265166144E0,5.323775608E0
3.430554804E1,-4.413564329E0,-1.580883045E0,-4.645183066E0,6.599732343E0
3.431555904E1,-3.576051843E0,6.729367536E-1,-7.306969532E0,8.162891301E0
3.432557104E1,-2.846104737E0,3.192255810E0,-8.472632437E0,9.490854005E0
3.433558204E1,-1.714031454E0,6.676374806E0,-1.042375884E1,1.249666486E1
3.434559462E1,7.460987239E-1,1.009321808E1,-1.220519495E1,1.585548795E1
3.435560562E1,1.536521974E0,1.217406905E1,-1.040042962E1,1.608532851E1
3.436561763E1,1.181994179E0,1.247767637E1,-8.258155982E0,1.500955222E1
3.437562862E1,1.075805746E0,1.170311325E1,-4.925503846E0,1.274287275E1
3.438564062E1,1.436688368E0,1.077695405E1,-1.532685177E0,1.097979672E1
3.439565163E1,1.683372748E0,1.010006400E1,1.621254707E0,1.036694282E1
3.440566262E1,2.809096540E0,9.132452132E0,5.888927935E0,1.122373278E1
3.441567462E1,5.402738385E0,8.493992901E0,1.152535556E1,1.530265723E1
3.442568562E1,5.632971332E0,6.176008097E0,1.206930916E1,1.468133733E1
3.443569762E1,3.940418163E0,2.955522514E0,9.172555845E0,1.041142590E1
3.444570862E1,4.382572185E-1,-9.375612688E-1,7.410330763E0,7.482251836E0
3.445572063E1,-4.368181164E0,-6.196891428E0,4.868530331E0,9.010275114E0
3.446573162E1,-7.405744792E0,-1.174102894E1,3.152920421E0,1.423508776E1
3.447574362E1,-8.415055490E0,-1.689971857E1,3.207978681E0,1.914953717E1
3.448575462E1,-6.017862548E0,-2.035882610E1,3.786096986E0,2.156457744E1
3.449576662E1,-2.888689131E0,-2.146048597E1,3.811574766E0,2.198692987E1
3.450577762E1,-9.174067935E-1,-2.046846841E1,3.322040609E0,2.075658421E1
3.451578862E1,1.080078672E-1,-1.706209107E1,1.791856140E0,1.715626317E1
3.452580062E1,3.831411445E-1,-1.341632171E1,-1.111317714E0,1.346772113E1
3.453581163E1,7.886202608E-1,-1.048553350E1,-3.823991036E0,1.118888923E1
3.454582362E1,3.745025047E-1,-8.677085595E0,-5.184494569E0,1.011489251E1
3.455583462E1,-9.985168840E-1,-8.422954493E0,-5.502149822E0,1.011023496E1
3.456584662E1,-1.286676735E0,-8.734288906E0,-4.913870811E0,1.010393320E1
3.457585762E1,-6.555380711E-1,-9.004200473E0,-3.863102185E0,9.819822545E0
3.458586962E1,-9.648827494E-1,-9.175146162E0,-2.804405903E0,9.642561811E0
3.459588063E1,-1.567381093E0,-9.206914085E0,-1.890985157E0,9.528891610E0
3.460589262E1,-1.721186546E0,-8.787899687E0,-9.114604676E-1,9.001134608E0
3.461590362E1,-1.427972654E0,-7.612054440E0,1.444654030E-1,7.746182864E0
3.462591463E1,-1.461272986E0,-6.096529818E0,1.156637436E0,6.375014096E0
3.463592662E1,-1.493221880E0,-4.465606302E0,2.001097875E0,5.116223601E0
3.464593762E1,-1.070722396E0,-2.701313059E0,2.320343571E0,3.718539092E0
3.465594963E1,-6.355448328E-1,-1.179598575E0,1.790979350E0,2.236733570E0
3.466596062E1,-2.421530076E-1,1.013006723E-1,1.344163928E0,1.369553420E0
3.467597262E1,2.100967441E-1,1.409885901E0,1.374873943E0,1.980453800E0
3.468598363E1,7.872353478E-1,2.713037896E0,1.453124745E0,3.176772835E0
3.469599562E1,1.191137324E0,3.936146187E0,1.514814624E0,4.382547008E0
3.470600662E1,1.624114141E0,5.090309374E0,1.573092799E0,5.569884848E0
3.471601863E1,1.658702907E0,6.136821227E0,1.520915170E0,6.536440397E0
3.472602962E1,1.708103547E0,7.037407043E0,1.486656334E0,7.392757447E0
3.473604062E1,1.837592476E0,7.795056503E0,1.533197832E0,8.154161366E0
3.474605263E1,1.922206803E0,8.403969169E0,1.490346512E0,8.748869042E0
3.475606362E1,2.102382322E0,8.853300794E0,1.481728885E0,9.219352844E0
3.476607562E1,2.404740820E0,9.099959155E0,1.536794454E0,9.536968712E0
3.477608663E1,2.422141841E0,9.157557153E0,1.710926875E0,9.625741263E0
3.478609862E1,2.197725412E0,8.863174403E0,2.338866380E0,9.426354196E0
3.479610962E1,2.909159356E0,8.214862613E0,3.047953545E0,9.232399294E0
3.480612163E1,3.751595782E0,7.153292425E0,3.317490306E0,8.732113453E0
3.481613262E1,3.711302034E0,6.080770403E0,3.554570342E0,7.961438425E0
3.482614462E1,3.552563870E0,5.098516526E0,3.600514255E0,7.181871881E0
3.483615563E1,3.520405646E0,4.162714684E0,3.368756354E0,6.408585556E0
3.484616762E1,3.143711641E0,2.983913085E0,3.127385923E0,5.344829548E0
3.485617862E1,2.754011383E0,1.757676533E0,3.253864413E0,4.611034495E0
3.486618962E1,2.698147961E0,5.237029463E-1,3.473703350E0,4.429546496E0
3.487620162E1,2.370472189E0,-9.294798321E-1,3.651200259E0,4.451329519E0
3.488621262E1,1.849324622E0,-2.390444085E0,3.683361114E0,4.764595846E0
3.489622463E1,1.372742779E0,-3.547789911E0,3.436992191E0,5.126807126E0
3.490623562E1,4.800026107E-1,-4.030569364E0,3.057944098E0,5.082018695E0
3.491624762E1,-4.209543572E-1,-3.692234849E0,2.374204613E0,4.409835404E0
3.492625862E1,-1.125961919E0,-3.084164767E0,1.676939349E0,3.686731362E0
3.493627062E1,-1.740824127E0,-2.308580727E0,8.233382499E-1,3.006309945E0
3.494628162E1,-2.380253850E0,-9.148179388E-1,-1.630122448E0,3.026516057E0
3.495629363E1,-3.997538736E0,-1.116017121E-1,-4.105715441E0,5.731463179E0
3.496630462E1,-5.204924741E0,5.219885427E-1,-5.356028488E0,7.486705200E0
3.497631563E1,-4.301248087E0,1.934212160E0,-6.305671858E0,7.874224366E0
3.498632762E1,-2.325542769E0,3.655433058E0,-6.856233990E0,8.110381282E0
3.499633862E1,-7.532178551E-1,6.059066123E0,-8.934411031E0,1.082142874E1
3.500635062E1,9.879759622E-1,8.523794405E0,-9.606659567E0,1.288095787E1
3.501636162E1,1.008224870E0,9.742878057E0,-8.517784052E0,1.298047901E1
3.502637362E1,5.817520568E-1,1.025729095E1,-7.905263069E0,1.296316463E1
3.503638463E1,1.885091163E0,1.023323316E1,-6.698152176E0,1.237488878E1
3.504639662E1,3.158898615E0,9.748054013E0,-5.168766729E0,1.147690494E1
3.505640762E1,2.496352363E0,8.816467429E0,-2.396482505E0,9.471272430E0
3.506641963E1,9.117329478E-1,7.488218599E0,9.433517665E-1,7.602275140E0
3.507643062E1,2.056550968E0,6.435535594E0,3.416203001E0,7.570730692E0
3.508644162E1,4.561022629E0,5.135749841E0,7.722003145E0,1.033480461E1
3.509645363E1,4.707713482E0,2.474335842E0,1.099973063E1,1.221797766E1
3.510646462E1,3.449208194E0,-9.273806816E-1,1.008682590E1,1.070052003E1
3.511647662E1,-4.922176635E-1,-5.524034196E0,8.527247186E0,1.017207828E1
3.512648763E1,-4.313321418E0,-1.009428929E1,6.464966969E0,1.273951395E1
3.513649962E1,-5.530936249E0,-1.347725204E1,4.602890155E0,1.527789828E1
3.514651062E1,-5.497848026E0,-1.534046379E1,3.815890596E0,1.673670169E1
3.515652263E1,-3.593488825E0,-1.463199293E1,4.211498004E0,1.564433106E1
3.516653362E1,-1.234204552E0,-1.277526105E1,4.639404555E0,1.364751371E1
3.517654562E1,-1.151852148E0,-1.205647686E1,2.770425102E0,1.242419627E1
3.518655663E1,-1.686921423E0,-1.195777820E1,2.635837108E-1,1.207905790E1
3.519656762E1,-2.028180716E0,-1.162565518E1,-1.439899366E0,1.188876300E1
3.520657962E1,-2.332510018E0,-1.121535022E1,-2.501154097E0,1.172520598E1
3.521659063E1,-2.502473521E0,-1.076692023E1,-3.428751418E0,1.157347317E1
3.522660262E1,-3.008068517E0,-1.059400052E1,-4.045734995E0,1.173240363E1
3.523661362E1,-2.702838013E0,-1.023547616E1,-4.120365055E0,1.135991697E1
3.524662563E1,-2.349849644E0,-9.806445478E0,-3.800229414E0,1.077635884E1
3.525663662E1,-1.981776336E0,-8.852082235E0,-3.502421072E0,9.723875292E0
3.526664862E1,-1.355253318E0,-7.714604078E0,-2.730903771E0,8.295159013E0
3.527665963E1,-9.246705703E-1,-6.869254569E0,-1.635305420E0,7.121509518E0
3.528667162E1,-4.642557666E-1,-5.762495345E0,-3.954413474E-1,5.794675131E0
3.529668262E1,7.453131504E-2,-4.590584105E0,7.320601438E-1,4.649185885E0
3.530669362E1,2.909184938E-1,-3.510939589E0,1.549441689E0,3.848649102E0
3.531670562E1,5.180884498E-1,-2.255906085E0,1.950649707E0,3.026972445E0
3.532671662E1,7.640710182E-1,-8.348391384E-1,1.759475137E0,2.092011870E0
3.533672862E1,8.055203220E-1,5.532191062E-1,1.482748786E0,1.775797942E0
3.534673975E1,8.899333584E-1,1.875478633E0,1.419582192E0,2.514878742E0
3.535675175E1,1.140684770E0,3.177888032E0,1.624665387E0,3.746954992E0
3.536676275E1,1.569731966E0,4.405627903E0,1.883943501E0,5.042108565E0
3.537677475E1,2.006795402E0,5.561082739E0,1.936897786E0,6.221289420E0
3.538678575E1,2.208744928E0,6.554161566E0,1.727326561E0,7.128761817E0
3.539679775E1,2.194177029E0,7.325074850E0,1.455916936E0,7.784011082E0
3.540680875E1,2.217635327E0,8.010934535E0,1.407911881E0,8.430610561E0
3.541681975E1,2.151226745E0,8.695451115E0,1.567897548E0,9.093786303E0
3.542683175E1,2.291320185E0,9.201892496E0,1.572305764E0,9.612342020E0
3.543684275E1,2.672943538E0,9.386590835E0,1.354142640E0,9.853243982E0
3.544685475E1,3.356427207E0,9.393313964E0,1.581982906E0,1.009963468E1
3.545686575E1,3.959784141E0,8.663966782E0,2.073662406E0,9.749065936E0
3.546687775E1,4.117137100E0,7.359725450E0,2.883637429E0,8.912448677E0
3.547688875E1,4.169574053E0,6.056664087E0,3.389338553E0,8.096674840E0
3.548690075E1,3.736057976E0,4.465929068E0,3.725580350E0,6.912495974E0
3.549691175E1,2.946732395E0,2.658585116E0,4.058941809E0,5.676822635E0
3.550692375E1,1.964123884E0,6.133448553E-1,4.189313668E0,4.667367947E0
3.551693475E1,1.649869664E0,-1.389824104E0,4.023057446E0,4.564939448E0
3.552694575E1,1.647286072E0,-2.922091058E0,3.797226284E0,5.066665077E0
3.553695775E1,1.935368301E0,-3.690202357E0,3.504069110E0,5.444423222E0
3.554696875E1,2.090481337E0,-3.418446577E0,3.046382983E0,5.033521481E0
3.555698075E1,1.847631122E0,-1.975518646E0,2.483949834E0,3.672386344E0
3.556699175E1,1.419211917E0,-2.060383379E-1,1.827979946E0,2.323386525E0
3.557700375E1,8.916461541E-1,1.018883759E0,1.332261189E0,1.899493842E0
3.558701475E1,3.358690372E-1,1.597834707E0,1.052982967E0,1.942847624E0
3.559702675E1,-4.356058717E-2,1.647883950E0,8.445145261E-1,1.852194326E0
3.560703775E1,-3.999207531E-1,1.364138455E0,5.328766429E-1,1.518146188E0
3.561704975E1,-9.253533058E-1,1.122074836E0,-1.291696350E-1,1.460142279E0
3.562706075E1,-1.799684393E0,1.740783927E0,-4.390037472E0,5.053871941E0
3.563707175E1,-2.961735765E0,2.209890836E0,-7.214937866E0,8.106221355E0
3.564708375E1,-4.270564823E0,2.385527161E0,-7.414566486E0,8.882806984E0
3.565709475E1,-3.410168674E0,3.622081710E0,-7.878071762E0,9.317335509E0
3.566710675E1,-1.687367858E0,5.499334388E0,-8.968192150E0,1.065449949E1
3.567711775E1,-3.733992447E-1,7.173334342E0,-8.364535546E0,1.102549806E1
3.568712975E1,-2.376308441E-1,8.183146731E0,-6.955036147E0,1.074210811E1
3.569714075E1,-1.338135302E-3,8.115794408E0,-5.684125113E0,9.908349962E0
3.570715275E1,1.427198629E-1,6.971906533E0,-3.914714388E0,7.997051857E0
3.571716375E1,7.056851082E-1,5.635309049E0,-2.559344417E0,6.229361395E0
3.572717575E1,6.905630390E-1,4.759569222E0,-1.871394353E0,5.160667913E0
3.573718675E1,4.691780989E-1,4.574463916E0,-3.005135554E-1,4.608270457E0
3.574719875E1,1.787499818E0,4.487992952E0,3.564839807E0,6.003775411E0
3.575720975E1,3.809578819E0,4.103270720E0,9.109604722E0,1.069273677E1
3.576722075E1,3.226739765E0,2.480544416E0,1.223948068E1,1.289844322E1
3.577723275E1,1.610376693E0,-4.814275771E-1,9.909040139E0,1.005058019E1
3.578724375E1,-1.005156105E-1,-3.725364588E0,7.491010644E0,8.366820494E0
3.579725575E1,-2.103360999E0,-6.258376070E0,4.094342022E0,7.768850308E0
3.580726675E1,-3.838855828E0,-8.026834284E0,1.329783724E0,8.996399693E0
3.581727875E1,-4.365369531E0,-9.316735319E0,3.901306137E-1,1.029612597E1
3.582728975E1,-3.609479790E0,-9.727267161E0,5.809404632E-1,1.039161020E1
3.583730175E1,-2.422768224E0,-9.698564934E0,1.195538085E0,1.006783388E1
3.584731275E1,-1.754566399E0,-9.575299780E0,4.495125970E-1,9.745097778E0
3.585732475E1,-8.596814726E-1,-9.157636090E0,-8.422832286E-1,9.236384142E0
3.586733575E1,-2.103121044E-1,-8.348182054E0,-1.837695095E0,8.550643136E0
3.587734675E1,-1.149947490E0,-8.004775663E0,-2.841831592E0,8.571745414E0
3.588735875E1,-2.504879358E0,-8.433283600E0,-2.539321212E0,9.156573873E0
3.589736975E1,-2.658909344E0,-8.915493534E0,-1.996697553E0,9.515388850E0
3.590738175E1,-2.035333323E0,-9.128728040E0,-1.731252381E0,9.511755473E0
3.591739275E1,-1.529476663E0,-9.334085763E0,-1.213728480E0,9.536120422E0
3.592740475E1,-1.213361129E0,-9.277370110E0,-4.981105605E-1,9.369629422E0
3.593741575E1,-8.334097865E-1,-8.957577699E0,3.063873759E-1,9.001480064E0
3.594742775E1,-9.152633505E-1,-8.623437976E0,1.156863431E0,8.748698333E0
3.595743875E1,-9.964083780E-1,-7.925076944E0,1.788730511E0,8.185305802E0
3.596745075E1,-9.432414734E-1,-7.016481612E0,2.031880542E0,7.365409509E0
3.597746175E1,-8.002614824E-1,-6.018736122E0,2.051887375E0,6.409043981E0
3.598747275E1,-8.250984080E-1,-5.033113664E0,2.010242043E0,5.482161400E0
3.599748475E1,-7.448768751E-1,-4.153244534E0,1.844255525E0,4.604949528E0
3.600749575E1,-5.140141100E-1,-3.254098302E0,1.701847611E0,3.708052259E0
3.601750775E1,-2.727665437E-1,-2.316262799E0,1.475895410E0,2.760025761E0
3.602751875E1,-3.180812225E-3,-1.382489356E0,1.303439532E0,1.900063565E0
3.603753075E1,4.263098951E-1,-3.126009196E-1,1.157211779E0,1.272241550E0
3.604754175E1,8.796467905E-1,7.522045326E-1,9.184576844E-1,1.477550220E0
3.605755375E1,1.074027754E0,1.703120257E0,7.582661949E-1,2.151539414E0
3.606756475E1,1.207044820E0,2.623070882E0,8.025958371E-1,2.996934789E0
3.607757675E1,1.303693594E0,3.577510139E0,9.401480770E-1,3.921998749E0
3.608758775E1,1.434995014E0,4.433130282E0,9.025201479E-1,4.746198205E0
3.609759875E1,1.458254361E0,5.145756181E0,7.115576861E-1,5.395519140E0
3.610761075E1,1.570587706E0,5.722501559E0,4.992663357E-1,5.955084946E0
3.611762175E1,1.833605406E0,6.215492590E0,4.046980014E-1,6.492937501E0
3.612763375E1,2.133913870E0,6.612083500E0,3.297180953E-1,6.955713525E0
3.613764475E1,2.285905663E0,6.925989518E0,3.346858531E-1,7.301144440E0
3.614765675E1,2.395137353E0,7.191530877E0,3.971411330E-1,7.590291191E0
3.615766775E1,2.499865955E0,7.301320537E0,5.570618963E-1,7.737501491E0
3.616767975E1,2.410921473E0,7.123307903E0,9.219901335E-1,7.576550907E0
3.617769075E1,2.464681212E0,6.698124694E0,1.329254551E0,7.259920492E0
3.618770275E1,2.573830894E0,6.068430439E0,1.531736612E0,6.767323733E0
3.619771375E1,2.446277832E0,5.276022790E0,1.694227227E0,6.057317691E0
3.620772575E1,2.331195564E0,4.396750075E0,1.881961441E0,5.320494606E0
3.621773675E1,2.017372723E0,3.601850928E0,2.046590967E0,4.607782265E0
3.622774775E1,1.706631364E0,2.912071270E0,2.267515147E0,4.066248226E0
3.623775975E1,1.700276172E0,2.240256012E0,2.355821113E0,3.668729913E0
3.624777075E1,1.626220162E0,1.705947971E0,2.265042944E0,3.268833130E0
3.625778275E1,1.513765049E0,1.196932645E0,2.197819844E0,2.924815285E0
3.626779375E1,1.288862716E0,7.236192495E-1,2.197279708E0,2.648174850E0
3.627780575E1,9.121157943E-1,5.905798906E-1,2.148005075E0,2.407211173E0
3.628781675E1,6.290620248E-1,9.025083804E-1,1.997778411E0,2.280648808E0
3.629782875E1,4.593892752E-1,1.717582176E0,1.644016017E0,2.421552333E0
3.630783975E1,4.749131942E-1,2.801947734E0,1.211040223E0,3.089186311E0
3.631785175E1,7.196589303E-1,3.926010039E0,8.801954055E-1,4.087322810E0
3.632786275E1,1.063696382E0,4.992671982E0,5.459264588E-1,5.133834747E0
3.633787375E1,1.164976004E0,5.921371211E0,8.607119713E-3,6.034888581E0
3.634788550E1,9.100024644E-1,6.950170678E0,-1.570843960E0,7.183350729E0
3.635789650E1,1.401001787E0,8.225657743E0,-4.143956816E0,9.316470866E0
3.636790850E1,9.820439619E-1,8.248926153E0,-3.022570197E0,8.839973055E0
3.637791950E1,8.624613851E-2,7.021064075E0,-1.224911499E0,7.127635465E0
3.638793150E1,-4.150762975E-1,5.002868357E0,-3.628454590E-1,5.033153778E0
3.639794250E1,-5.681651741E-2,2.948772488E0,-9.751167655E-2,2.950931350E0
3.640795450E1,1.415378190E0,8.342590946E-1,7.507789084E-1,1.806364478E0
3.641796550E1,1.848533494E0,-1.427429302E0,1.946292946E0,3.040178732E0
3.642797750E1,1.256418855E0,-3.617837216E0,2.509942462E0,4.578989585E0
3.643798850E1,-3.370814574E-1,-5.616035457E0,2.487504941E0,6.151516804E0
3.644799950E1,-2.419884816E0,-7.429812516E0,2.322328993E0,8.151758614E0
3.645801150E1,-2.974696996E0,-8.986925460E0,2.197385835E0,9.718135415E0
3.646802250E1,-2.699867043E0,-1.004139537E1,1.467684166E0,1.050109518E1
3.647803450E1,-2.434577699E0,-1.073266373E1,7.114570409E-2,1.100555774E1
3.648804550E1,-2.057141683E0,-1.071959754E1,-1.418884181E0,1.100703574E1
3.649805750E1,-1.646120283E0,-9.784748214E0,-1.699223380E0,1.006669607E1
3.650806850E1,-9.718275605E-1,-8.841225709E0,-1.035976340E0,8.954605956E0
3.651808050E1,-4.700865369E-1,-8.248482934E0,-8.283443436E-1,8.303288891E0
3.652809150E1,-5.878115629E-1,-8.066060330E0,-1.031699102E0,8.152990539E0
3.653810350E1,-1.022271636E0,-8.029187204E0,-1.520059430E0,8.235500417E0
3.654811450E1,-1.618673892E0,-7.862818716E0,-1.905868659E0,8.250839877E0
3.655812550E1,-1.775948205E0,-7.426505916E0,-1.903924752E0,7.869683069E0
3.656813750E1,-1.379592792E0,-6.844649486E0,-1.544182411E0,7.151014066E0
3.657814850E1,-1.769377689E0,-6.270701416E0,-1.304205956E0,6.644798479E0
3.658816050E1,-2.126952175E0,-5.741816667E0,-9.087301102E-1,6.190167575E0
3.659817150E1,-1.859839962E0,-5.247183153E0,-4.432692325E-1,5.584659644E0
3.660818350E1,-1.296093529E0,-4.766382397E0,9.763271391E-2,4.940424247E0
3.661819450E1,-1.213303972E0,-4.238400459E0,5.289929223E-1,4.440267840E0
3.662820650E1,-9.984730299E-1,-3.674347631E0,8.180146524E-1,3.894473890E0
3.663821750E1,-5.458416011E-1,-2.908364135E0,9.063808452E-1,3.094842683E0
3.664822950E1,-2.017915052E-1,-1.992355118E0,7.232635926E-1,2.129156865E0
3.665824050E1,2.887645988E-1,-1.085112832E0,5.020891522E-1,1.230019662E0
3.666825250E1,5.092278716E-1,-8.331346750E-2,5.012087077E-1,7.193499341E-1
3.667826350E1,6.041594642E-1,1.120539358E0,6.966986686E-1,1.451208512E0
3.668827450E1,9.213514714E-1,2.398548911E0,8.469611473E-1,2.705414681E0
3.669828650E1,1.598359934E0,3.585524917E0,9.836232948E-1,4.047006078E0
3.670829750E1,2.171872386E0,4.684795613E0,1.108147865E0,5.281319086E0
3.671830950E1,2.523971979E0,5.712931421E0,1.039903330E0,6.331620560E0
3.672832050E1,2.730704089E0,6.620773632E0,8.321131665E-1,7.209979239E0
3.673833250E1,2.745288799E0,7.343534510E0,7.122510928E-1,7.872192281E0
3.674834350E1,2.783546546E0,7.901102191E0,7.260464287E-1,8.408489199E0
3.675835550E1,2.867055311E0,8.337012702E0,8.466288793E-1,8.856780872E0
3.676836650E1,2.959723738E0,8.531111026E0,1.026857607E0,9.088138230E0
3.677837850E1,2.794292267E0,8.082588070E0,1.297727534E0,8.649878377E0
3.678838950E1,2.578810968E0,7.207637032E0,1.523197339E0,7.805153921E0
3.679840150E1,2.356610633E0,5.970746269E0,1.739405154E0,6.650485319E0
3.680841250E1,2.239460352E0,4.662216005E0,2.014251187E0,5.550553899E0
3.681842350E1,2.360776044E0,3.328015879E0,2.422460514E0,4.745236365E0
3.682843550E1,2.343812686E0,1.930089873E0,2.829291068E0,4.150131658E0
3.683844650E1,2.081183387E0,4.430178022E-1,3.066726615E0,3.732613186E0
3.684845850E1,1.841226375E0,-1.085601659E0,3.196028434E0,3.844898344E0
3.685846950E1,1.572076992E0,-2.418642282E0,3.249094255E0,4.344867091E0
3.686848150E1,9.301494844E-1,-3.393797055E0,3.057931234E0,4.661971680E0
3.687849250E1,2.858718351E-1,-3.564660298E0,2.535212374E0,4.383586149E0
3.688850450E1,-3.276357190E-1,-2.899795625E0,1.874708701E0,3.468528873E0
3.689851550E1,-9.717028686E-1,-1.533225313E0,7.916019022E-1,1.980308031E0
3.690852750E1,-1.627810020E0,-3.597493583E-1,-8.773747087E-1,1.883871397E0
3.691853850E1,-2.096435703E0,4.928425115E-1,-2.024020130E0,2.955434636E0
3.692854950E1,-1.939700503E0,1.619206281E0,-3.052845910E0,3.962844328E0
3.693856150E1,-1.050980149E0,2.748748012E0,-3.615714676E0,4.661927448E0
3.694857250E1,-2.394142449E-3,3.806742627E0,-4.197883347E0,5.666879190E0
3.695858450E1,2.384362981E-1,5.379687492E0,-5.130540556E0,7.437764165E0
3.696859550E1,7.099880742E-1,7.312403349E0,-6.083709213E0,9.538702406E0
3.697860750E1,9.884856932E-1,8.818094709E0,-6.583265498E0,1.104876839E1
3.698861850E1,7.776555620E-1,9.759047948E0,-6.316402668E0,1.165078142E1
3.699863050E1,4.610435987E-1,9.995069053E0,-5.275819307E0,1.131142060E1
3.700864150E1,4.757491998E-1,9.493192009E0,-3.594931918E0,1.016221272E1
3.701865350E1,3.988644536E-1,8.652682825E0,-8.201843349E-1,8.700615798E0
3.702866450E1,6.197427325E-1,7.116633307E0,2.866533739E0,7.697244075E0
3.703867650E1,2.097420082E0,5.278607259E0,6.606106476E0,8.712261955E0
3.704868750E1,1.892469618E0,3.162663052E0,9.258584175E0,9.965202445E0
3.705869850E1,6.317156374E-2,5.425719112E-1,8.901559619E0,8.918303571E0
3.706871050E1,-1.708162165E0,-2.858152340E0,7.942632040E0,8.612331653E0
3.707872150E1,-3.249384862E0,-6.133651451E0,6.310870618E0,9.381219007E0
3.708873350E1,-3.929045328E0,-8.373215153E0,5.162014949E0,1.059219182E1
3.709874450E1,-3.994195590E0,-9.882469221E0,4.019485382E0,1.139179789E1
3.710875650E1,-4.257822863E0,-1.072371866E1,1.951488928E0,1.170194456E1
3.711876750E1,-4.348774256E0,-1.104505123E1,6.011227128E-1,1.188555185E1
3.712877950E1,-3.677586404E0,-1.095418784E1,-2.371958113E-1,1.155747095E1
3.713879050E1,-3.741551143E0,-1.078592134E1,-6.859801376E-1,1.143703952E1
3.714880250E1,-2.832602639E0,-1.045062446E1,-1.049199818E0,1.087841944E1
3.715881350E1,-1.806843870E0,-1.040187154E1,-1.598818209E0,1.067800712E1
3.716882550E1,-1.808660453E0,-1.065779598E1,-2.009035178E0,1.099527581E1
3.717883650E1,-2.019565283E0,-1.074156436E1,-2.237859238E0,1.115651661E1
3.718884750E1,-1.678045496E0,-1.045554781E1,-2.530417949E0,1.088748510E1
3.719885950E1,-1.567070898E0,-9.995440936E0,-2.694539937E0,1.047020039E1
3.720887050E1,-1.925915838E0,-9.446728279E0,-2.312486959E0,9.914505683E0
3.721888250E1,-2.485001748E0,-8.940338354E0,-1.927211581E0,9.477290121E0
3.722889350E1,-2.127076429E0,-7.788526332E0,-1.229661266E0,8.166863743E0
3.723890550E1,-2.281215904E0,-6.535060467E0,-5.365926947E-1,6.942542260E0
3.724891650E1,-2.025204045E0,-5.226702111E0,2.067022893E-1,5.609152540E0
3.725892850E1,-1.617241470E0,-3.968968948E0,8.338649923E-1,4.366178570E0
3.726893950E1,-1.377013439E0,-2.761809522E0,1.172163401E0,3.301170230E0
3.727895150E1,-8.019789559E-1,-1.458144141E0,1.240324833E0,2.075514460E0
3.728896250E1,-2.254133794E-1,-1.660691106E-1,1.025654250E0,1.063182384E0
3.729897350E1,2.142346725E-1,1.123396892E0,6.784097475E-1,1.329720594E0
3.730898550E1,8.819527861E-1,2.343241267E0,4.204469651E-1,2.538778447E0
3.731899650E1,1.389738296E0,3.667822139E0,7.537727559E-1,3.994053723E0
3.732900850E1,1.763537782E0,4.855405086E0,7.664430875E-1,5.222304000E0
3.733901950E1,2.347866707E0,5.874778258E0,6.099114434E-1,6.355901952E0
3.734903204E1,2.792979567E0,6.664742939E0,5.503189603E-1,7.247232870E0
3.735904304E1,3.044054037E0,7.365873213E0,4.715978594E-1,7.984031419E0
3.736905504E1,3.213287953E0,7.886863051E0,3.477152038E-1,8.523422676E0
3.737906604E1,3.409052733E0,8.339077354E0,3.377135414E-1,9.015314864E0
3.738907804E1,3.826196021E0,8.630634729E0,3.826610881E-1,9.448495189E0
3.739908904E1,4.122947770E0,8.849182600E0,4.969712305E-1,9.775157872E0
3.740910104E1,3.796843583E0,8.729071435E0,4.622949393E-1,9.530289918E0
3.741911204E1,4.445685423E0,8.473818253E0,8.006604087E-1,9.602643998E0
3.742912304E1,5.276945481E0,8.050143040E0,1.286887965E0,9.711181041E0
3.743913504E1,5.394486794E0,7.215270572E0,1.474919218E0,9.128855564E0
3.744914604E1,5.381693087E0,5.908209713E0,1.318171738E0,8.099823407E0
3.745915804E1,4.625509231E0,3.984299178E0,1.271274730E0,6.235873237E0
3.746916904E1,3.124394195E0,1.623708637E0,1.692076621E0,3.906583176E0
3.747918104E1,1.655449224E0,-1.348129948E0,2.101871713E0,2.995969157E0
3.748919204E1,3.664119682E-1,-4.082548188E0,3.030896047E0,5.097821916E0
3.749920404E1,-1.059743371E0,-6.476659647E0,3.794064109E0,7.580573768E0
3.750921504E1,-2.087256159E0,-7.972821799E0,3.855477415E0,9.098748915E0
3.751922704E1,-2.623528719E0,-7.374653392E0,2.016059146E0,8.082877586E0
3.752923804E1,-2.677852276E0,-5.456702923E0,1.229622674E-1,6.079606840E0
3.753925004E1,-2.505609383E0,-3.002475656E0,-1.307288901E0,4.123341207E0
3.754926104E1,-2.234844706E0,-4.819690293E-1,-2.857407405E0,3.659453796E0
3.755927204E1,-1.571960194E0,1.927372672E0,-4.388486790E0,5.044268091E0
3.756928404E1,-3.590234265E-1,4.527431837E0,-5.832241518E0,7.391994182E0
3.757929504E1,1.031394754E0,7.243167638E0,-6.734093841E0,9.943604599E0
3.758930704E1,2.362002205E0,9.316161123E0,-6.780800815E0,1.176219249E1
3.759931804E1,3.079924951E0,1.068919787E1,-6.866649635E0,1.307271074E1
3.760933004E1,3.522333473E0,1.089122268E1,-5.896291333E0,1.287601709E1
3.761934104E1,3.505695221E0,1.071907831E1,-2.192885233E0,1.148900711E1
3.762935304E1,3.869972955E0,1.038958069E1,2.827646247E0,1.144183818E1
3.763936404E1,4.938091148E0,9.478860483E0,7.184635255E0,1.287837428E1
3.764937604E1,5.901487169E0,7.498421406E0,7.988630331E0,1.244476151E1
3.765938704E1,5.463527209E0,5.294812818E0,6.565896928E0,1.004968531E1
3.766939904E1,3.681089179E0,3.148425667E0,6.801405818E0,8.349977414E0
3.767941004E1,4.919280070E-1,9.913252473E-2,6.460008531E0,6.479469935E0
3.768942104E1,-2.557335314E0,-3.710165920E0,5.248843178E0,6.917777806E0
3.769943304E1,-4.510452400E0,-7.142044137E0,3.575677037E0,9.172700887E0
3.770944404E1,-5.240552995E0,-9.669700738E0,1.229078152E0,1.106693911E1
3.771945604E1,-4.581432043E0,-1.083612787E1,-6.183548959E-1,1.178106742E1
3.772946704E1,-2.171142508E0,-1.051643253E1,-1.399897979E0,1.082907786E1
3.773947904E1,-8.915151034E-1,-9.695952398E0,-1.504522794E0,9.852404829E0
3.774949004E1,-9.374172811E-1,-9.210910656E0,-1.633332861E0,9.401457468E0
3.775950204E1,-2.704505347E-1,-8.782471132E0,-2.425506914E0,9.115263379E0
3.776951304E1,-1.062139780E-1,-8.760289135E0,-3.792143884E0,9.546428776E0
3.777952504E1,-1.395956225E0,-9.472136185E0,-4.087856290E0,1.041060165E1
3.778953604E1,-2.693001535E0,-1.042788697E1,-3.045711430E0,1.119238322E1
3.779954804E1,-2.790248332E0,-1.070700732E1,-1.890137603E0,1.122488805E1
3.780955904E1,-2.172408430E0,-1.069376455E1,-8.552260405E-1,1.094565531E1
3.781957004E1,-2.032487922E0,-1.078805675E1,2.779766321E-2,1.097788451E1
3.782958204E1,-1.914550751E0,-1.027863796E1,7.985369924E-1,1.048587451E1
3.783959304E1,-1.718340560E0,-9.184947850E0,1.570248713E0,9.475317530E0
3.784960504E1,-2.336030481E0,-7.947743676E0,2.047645659E0,8.533259675E0
3.785961604E1,-3.000665942E0,-6.603429036E0,2.048567618E0,7.536968915E0
3.786962804E1,-2.768709821E0,-5.228310680E0,1.876651000E0,6.206674280E0
3.787963904E1,-2.207341889E0,-3.980373357E0,1.542146410E0,4.805616071E0
3.788965104E1,-1.781719115E0,-2.855598276E0,1.150946048E0,3.557195711E0
3.789966204E1,-1.415959257E0,-1.810185115E0,9.387159477E-1,2.482518560E0
3.790967404E1,-6.599036023E-1,-7.799647737E-1,8.794212341E-1,1.348035430E0
3.791968504E1,2.447454438E-2,2.216404635E-1,6.913788718E-1,7.264490641E-1
3.792969604E1,8.037562171E-1,1.050944628E0,3.699833013E-1,1.373825429E0
3.793970804E1,1.841224036E0,1.977228956E0,1.078251417E-1,2.703916892E0
3.794971904E1,2.609130535E0,2.998240517E0,1.159843464E-1,3.976237005E0
3.795973104E1,2.872856041E0,3.916855638E0,3.905921783E-1,4.873153206E0
3.796974204E1,3.123216566E0,4.879532452E0,5.241889230E-1,5.817137844E0
3.797975404E1,3.083999583E0,5.774693806E0,5.137538358E-1,6.566740819E0
3.798976504E1,2.660614100E0,6.435933205E0,4.169257718E-1,6.976670460E0
3.799977704E1,2.568115241E0,6.992792788E0,2.530189981E-1,7.453749759E0
3.800978804E1,2.712591754E0,7.426869612E0,1.193995589E-1,7.907642033E0
3.801980004E1,2.335843370E0,7.615884367E0,-1.314190954E-1,7.967128084E0
3.802981104E1,2.389216462E0,7.898215420E0,-3.527496564E-1,8.259212701E0
3.803982304E1,2.725580758E0,8.226521961E0,-2.573803997E-1,8.670103732E0
3.804983404E1,2.938756793E0,8.298754370E0,2.662740147E-1,8.807753257E0
3.805984604E1,3.404230534E0,7.802030477E0,1.141245518E0,8.588533427E0
3.806985704E1,3.564350980E0,6.815311081E0,1.937932159E0,7.931496964E0
3.807986804E1,3.021510682E0,5.443706902E0,2.100118718E0,6.570690242E0
3.808988004E1,2.563140430E0,3.882441266E0,2.071105857E0,5.092398111E0
3.809989104E1,1.910912614E0,1.980010477E0,2.255660356E0,3.558093892E0
3.810990304E1,1.256148129E0,-5.477496207E-2,2.593044845E0,2.881803253E0
3.811991404E1,6.163063239E-1,-1.942598822E0,3.067358115E0,3.682690521E0
3.812992604E1,-1.423899338E-1,-3.674342369E0,3.634564930E0,5.170215563E0
3.813993704E1,-8.853927031E-1,-4.654690053E0,3.790924155E0,6.068044634E0
3.814994904E1,-1.781445027E0,-4.558265374E0,3.139118654E0,5.814240752E0
3.815996004E1,-2.393143744E0,-3.429917060E0,1.553992285E0,4.461654406E0
3.816997204E1,-2.769657655E0,-1.805973365E0,9.475530823E-2,3.307797135E0
3.817998304E1,-2.461478400E0,9.570664108E-2,-1.110375143E0,2.702030464E0
3.818999504E1,-1.264397673E0,2.026536187E0,-2.263906245E0,3.291021404E0
3.820000604E1,-2.771346331E-2,3.727326913E0,-2.987740672E0,4.777062725E0
3.821001704E1,8.590530431E-1,5.276846663E0,-3.517003736E0,6.399406075E0
3.822002904E1,1.775369331E0,6.722027526E0,-4.536278089E0,8.301530535E0
3.823004004E1,2.709315559E0,8.119272916E0,-5.685955877E0,1.027584925E1
3.824005204E1,3.695881465E0,9.155504780E0,-6.017767823E0,1.156271323E1
3.825006304E1,3.954721622E0,9.306179926E0,-5.496799620E0,1.150911004E1
3.826007504E1,2.942514213E0,8.592363533E0,-3.093208070E0,9.594531628E0
3.827008604E1,2.834041054E0,7.439877913E0,-3.300070573E-1,7.968216658E0
3.828009804E1,3.794428976E0,5.925543784E0,1.872652528E0,7.281249060E0
3.829010904E1,4.745218985E0,4.058555893E0,4.329910553E0,7.598493571E0
3.830012104E1,3.318811777E0,2.130069326E0,6.254673028E0,7.394095051E0
3.831013204E1,2.160252507E0,4.186495310E-1,6.629094220E0,6.984758299E0
3.832014404E1,5.213799937E-1,-1.532456405E0,5.918810715E0,6.136169816E0
3.833015504E1,-2.426250533E0,-3.827364002E0,4.278801211E0,6.232459118E0
3.834016604E1,-4.304006218E0,-5.865772961E0,2.382697109E0,7.655651995E0
3.835017729E1,-4.040466946E0,-7.279251391E0,1.547775963E0,8.468086229E0
3.836018829E1,-2.904268160E0,-8.245431272E0,1.649438725E0,8.896210346E0
3.837020029E1,-2.610153798E0,-9.094478559E0,2.119121877E0,9.696036337E0
3.838021129E1,-2.708298728E0,-9.639816788E0,2.520518028E0,1.032540367E1
3.839022329E1,-2.709399174E0,-1.011400259E1,2.587834683E0,1.078567479E1
3.840023429E1,-2.959513239E0,-1.092700764E1,1.202382543E0,1.138437255E1
3.841024629E1,-3.817321410E0,-1.148798015E1,-1.206967052E0,1.216562371E1
3.842025729E1,-4.415747094E0,-1.197091105E1,-3.842724638E0,1.332546684E1
3.843026929E1,-3.879115077E0,-1.183991705E1,-4.388221326E0,1.320937757E1
3.844028029E1,-2.999985034E0,-1.086152818E1,-3.547787572E0,1.181353043E1
3.845029229E1,-2.669635184E0,-9.756777474E0,-2.440739203E0,1.040571317E1
3.846030329E1,-2.402057825E0,-8.786268314E0,-1.479919757E0,9.228139312E0
3.847031529E1,-1.972661988E0,-7.880466782E0,-5.816786742E-1,8.144415393E0
3.848032629E1,-1.520188654E0,-7.041973134E0,1.982594946E-1,7.206917926E0
3.849033729E1,-1.170845878E0,-6.184576607E0,7.877572118E-1,6.343534448E0
3.850034929E1,-1.013686754E0,-5.260217766E0,1.168637384E0,5.482988703E0
3.851036029E1,-9.057147011E-1,-4.181339820E0,1.417049909E0,4.506878327E0
3.852037229E1,-7.304030429E-1,-2.936310902E0,1.418004760E0,3.341578642E0
3.853038329E1,-4.420706995E-1,-1.741061085E0,1.238103914E0,2.181655681E0
3.854039529E1,-9.160847381E-2,-5.890350562E-1,1.062871047E0,1.218625977E0
3.855040629E1,3.875055063E-1,7.005057907E-1,9.421482633E-1,1.236330146E0
3.856041829E1,1.156391560E0,2.059544304E0,9.547380495E-1,2.547643799E0
3.857042929E1,1.917110808E0,3.430946755E0,1.012063421E0,4.058445744E0
3.858044129E1,2.444686512E0,4.714314696E0,9.534961009E-1,5.395406380E0
3.859045229E1,2.984646033E0,5.874532675E0,8.326991306E-1,6.641658974E0
3.860046429E1,3.414405566E0,6.797104606E0,6.957818252E-1,7.638252990E0
3.861047529E1,3.583369634E0,7.559697302E0,5.693001187E-1,8.385324314E0
3.862048629E1,3.553723665E0,8.036338348E0,4.009125505E-1,8.796159208E0
3.863049829E1,3.222505504E0,8.227913014E0,1.181955807E-1,8.837254352E0
3.864050929E1,3.196445925E0,8.473764458E0,1.324920777E-1,9.057566163E0
3.865052129E1,3.449868052E0,8.540464817E0,4.855446017E-1,9.223713050E0
3.866053229E1,3.723903369E0,8.138304434E0,7.462216616E-1,8.980885375E0
3.867054429E1,3.853139114E0,7.409532033E0,9.185671735E-1,8.401881434E0
3.868055529E1,3.579837915E0,6.271745144E0,9.610998201E-1,7.285172579E0
3.869056729E1,3.264788767E0,5.024016566E0,1.179313231E0,6.106583975E0
3.870057829E1,2.454759656E0,3.604009720E0,1.481524233E0,4.605393044E0
3.871059029E1,1.790281193E0,2.043168007E0,2.003149663E0,3.375240855E0
3.872060129E1,1.447948351E0,4.214731514E-1,2.584817812E0,2.992570328E0
3.873061329E1,1.145247060E0,-1.087186255E0,2.923960998E0,3.323117918E0
3.874062429E1,6.764599934E-1,-2.443487102E0,2.995743756E0,3.924628389E0
3.875063629E1,3.718096791E-1,-3.465902579E0,2.979164561E0,4.585427418E0
3.876064729E1,1.849825144E-1,-3.655712555E0,2.650078586E0,4.519000922E0
3.877065829E1,-2.216315465E-1,-2.919746910E0,1.999339617E0,3.545617219E0
3.878067029E1,-8.050212622E-1,-1.416789123E0,1.480400398E0,2.201575797E0
3.879068129E1,-1.551106099E0,-1.566235185E-1,4.976880991E-1,1.636506798E0
3.880069329E1,-2.075420372E0,6.687366986E-1,-3.128137583E-1,2.202823402E0
3.881070429E1,-1.999912645E0,1.736869801E0,-9.499111730E-1,2.814018218E0
3.882071629E1,-1.580970607E0,3.048021957E0,-1.722609027E0,3.841521544E0
3.883072729E1,-1.143525786E0,4.341492718E0,-2.520775598E0,5.148836748E0
3.884073929E1,-5.512790000E-1,5.571376762E0,-3.184998831E0,6.441146258E0
3.885075029E1,4.120746294E-1,6.832177375E0,-4.058657050E0,7.957458780E0
3.886076229E1,1.305172501E0,7.958031267E0,-4.995794980E0,9.486395753E0
3.887077329E1,2.149262519E0,8.619151382E0,-5.235262434E0,1.031101705E1
3.888078529E1,3.090669502E0,8.642193505E0,-5.117044598E0,1.050827731E1
3.889079629E1,2.613609502E0,7.334536230E0,-4.566588009E0,9.026632948E0
3.890080829E1,1.787394715E0,5.890202628E0,-3.653314612E0,7.157930882E0
3.891081929E1,2.074792819E0,4.518963899E0,-2.194504327E0,5.435223013E0
3.892083029E1,1.989873706E0,2.805551373E0,-4.864849801E-1,3.473813971E0
3.893084229E1,1.074794689E0,1.036977383E0,2.167670870E0,2.632356875E0
3.894085329E1,-3.811948988E-1,-7.343062055E-1,4.619331356E0,4.692838941E0
3.895086529E1,-1.329908270E0,-2.346066642E0,5.580555137E0,6.198006157E0
3.896087629E1,-4.577580482E-2,-3.474876886E0,4.741013668E0,5.878271463E0
3.897088829E1,7.261924629E-1,-3.904412178E0,3.253864413E0,5.134142925E0
3.898089929E1,-3.167677917E-1,-4.453746979E0,2.580023680E0,5.156813568E0
3.899091129E1,-1.633915244E0,-5.716898757E0,2.149336486E0,6.322361723E0
3.900092229E1,-2.633996989E0,-7.061642582E0,2.272172454E0,7.871944090E0
3.901093429E1,-3.348483472E0,-8.513593937E0,3.221976038E0,9.699214034E0
3.902094529E1,-3.715238380E0,-1.006136361E1,3.878065209E0,1.140497364E1
3.903095729E1,-3.866990291E0,-1.138120298E1,3.330781904E0,1.247315130E1
3.904096829E1,-4.109434855E0,-1.237278200E1,1.969075014E0,1.318523589E1
3.905097929E1,-5.006984797E0,-1.286316108E1,2.047104353E-1,1.380480771E1
3.906099129E1,-5.355858918E0,-1.250486943E1,-1.344986777E0,1.366989296E1
3.907100229E1,-4.236027659E0,-1.104431448E1,-2.289434604E0,1.204833281E1
3.908101429E1,-3.075453585E0,-9.462282457E0,-1.975843458E0,1.014382381E1
3.909102529E1,-2.589677726E0,-8.293430480E0,-1.478060927E0,8.813176723E0
3.910103729E1,-2.235114702E0,-7.347303041E0,-1.173010224E0,7.768819259E0
3.911104829E1,-1.910088741E0,-6.682668748E0,-7.203377920E-1,6.987516521E0
3.912106029E1,-1.634380244E0,-6.077193076E0,-2.233414185E-1,6.297091063E0
3.913107129E1,-1.368586870E0,-5.319592148E0,2.839448851E-1,5.500155938E0
3.914108329E1,-1.138070772E0,-4.512341927E0,7.454194236E-1,4.712969856E0
3.915109429E1,-8.085383624E-1,-3.511538928E0,9.827973756E-1,3.735040911E0
3.916110629E1,-6.380959730E-1,-2.323445519E0,1.045059990E0,2.626350306E0
3.917111729E1,-3.697390339E-1,-9.198202318E-1,9.646654522E-1,1.383240994E0
3.918112929E1,2.870709528E-1,5.143795609E-1,8.011391495E-1,9.943942888E-1
3.919114029E1,1.079247490E0,2.021505243E0,5.864212047E-1,2.365406608E0
3.920115129E1,1.912185406E0,3.534186949E0,7.578523582E-1,4.089165026E0
3.921116329E1,2.577368460E0,4.954146432E0,1.423089498E0,5.762948791E0
3.922117429E1,3.015369059E0,6.134834343E0,1.297560303E0,6.957895207E0
3.923118629E1,3.682329958E0,6.920709482E0,9.513782394E-1,7.896891427E0
3.924119729E1,4.347541955E0,7.391979277E0,6.989738202E-1,8.604129420E0
3.925120929E1,4.271826067E0,7.546473239E0,3.948759216E-1,8.680649935E0
3.926122029E1,4.209039542E0,7.870071017E0,3.364850779E-1,8.931251530E0
3.927123229E1,4.269485134E0,8.134419544E0,4.329909968E-1,9.196997653E0
3.928124329E1,4.096539113E0,7.913104185E0,2.952066225E-1,8.915491995E0
3.929125529E1,4.106861788E0,7.434914796E0,2.034854436E-1,8.496215516E0
3.930126629E1,4.242561922E0,6.932680487E0,7.878246009E-1,8.165908278E0
3.931127829E1,3.858509781E0,6.099205504E0,1.323348863E0,7.337551208E0
3.932128929E1,3.580855331E0,5.154903565E0,1.517108048E0,6.457334783E0
3.933130129E1,3.010376121E0,4.170514870E0,1.846529653E0,5.464909005E0
3.934131229E1,2.466439470E0,3.073217025E0,2.115426729E0,4.472473229E0
3.935132450E1,1.870334107E0,1.672934006E0,2.387286004E0,3.463523109E0
3.936133550E1,1.620499539E0,1.297380209E-1,2.714429533E0,3.164013022E0
3.937134650E1,1.634355978E0,-1.238870630E0,2.866859429E0,3.524883386E0
3.938135850E1,1.448869141E0,-2.426492169E0,2.883312324E0,4.037397181E0
3.939136950E1,1.066273396E0,-3.360206555E0,2.992782726E0,4.624356765E0
3.940138150E1,7.420293541E-1,-3.461988453E0,2.667497442E0,4.433002844E0
3.941139250E1,3.454257265E-2,-2.547247698E0,1.741955709E0,3.086109803E0
3.942140450E1,-6.798757906E-1,-9.971578449E-1,8.414353824E-1,1.471247213E0
3.943141550E1,-1.110898468E0,6.975143552E-1,-1.038099464E0,1.672803689E0
3.944142750E1,-1.927378665E0,1.586199333E0,-2.825146562E0,3.769916437E0
3.945143850E1,-2.064424098E0,2.747294978E0,-3.688611329E0,5.041361928E0
3.946145050E1,-1.521207677E0,4.266551878E0,-4.009666153E0,6.049376860E0
3.947146150E1,-7.261032929E-1,5.866499770E0,-4.593257452E0,7.486057678E0
3.948147350E1,9.596435711E-2,7.694928197E0,-5.635909558E0,9.538585098E0
3.949148450E1,7.202049141E-1,9.204149521E0,-5.446426442E0,1.071907760E1
3.950149550E1,8.345344985E-1,1.005266179E1,-4.782128657E0,1.116338709E1
3.951150750E1,8.067127155E-1,1.030127604E1,-3.597885346E0,1.094129117E1
3.952151850E1,1.143455765E0,9.211193077E0,-2.184547981E0,9.535503074E0
3.953153050E1,1.160724640E0,7.838856241E0,-6.825367123E-1,7.953666150E0
3.954154150E1,1.017881108E0,6.394825525E0,1.798968401E0,6.720577561E0
3.955155350E1,1.590254377E0,4.213398349E0,4.165890307E0,6.134841211E0
3.956156450E1,2.472665877E0,1.820468613E0,6.702007245E0,7.371911802E0
3.957157650E1,1.128691546E0,-7.768265730E-1,8.095263664E0,8.210401812E0
3.958158750E1,-1.006363994E0,-4.086910211E0,7.999475162E0,9.039203860E0
3.959159950E1,-2.640408461E0,-7.604760039E0,6.520894418E0,1.035983572E1
3.960161050E1,-4.570211236E0,-1.019648224E1,3.667596436E0,1.176037178E1
3.961162250E1,-4.966553054E0,-1.139554035E1,1.813370532E0,1.256237644E1
3.962163350E1,-4.307792875E0,-1.149620251E1,8.101378682E-1,1.230349848E1
3.963164550E1,-3.133093975E0,-1.077965079E1,1.794194734E-1,1.122716974E1
3.964165650E1,-2.397504890E0,-1.044190041E1,-7.412167373E-1,1.073921394E1
3.965166750E1,-1.611263131E0,-1.057006319E1,-1.910021352E0,1.086142653E1
3.966167950E1,-1.054437316E0,-1.100907448E1,-3.623624790E0,1.163796441E1
3.967169050E1,-1.416455832E0,-1.132962820E1,-5.038424106E0,1.248008572E1
3.968170250E1,-2.155195981E0,-1.123395138E1,-4.836099919E0,1.241911413E1
3.969171350E1,-2.345704261E0,-1.057374226E1,-3.799338590E0,1.147786250E1
3.970172550E1,-2.226838991E0,-9.515685078E0,-2.810939582E0,1.016899482E1
3.971173650E1,-2.127065611E0,-8.515811201E0,-1.708282179E0,8.942129307E0
3.972174850E1,-1.834710968E0,-7.588435197E0,-5.900591961E-1,7.829347542E0
3.973175950E1,-1.721461219E0,-6.833695312E0,5.211290020E-1,7.066427371E0
3.974177150E1,-1.471721960E0,-6.189853719E0,1.450367929E0,6.525628071E0
3.975178250E1,-1.098461295E0,-5.536757153E0,2.169072009E0,6.047079490E0
3.976179450E1,-8.724637784E-1,-4.832447748E0,2.319927834E0,5.431004459E0
3.977180550E1,-4.447738673E-1,-4.027915313E0,2.163832026E0,4.593919307E0
3.978181750E1,-9.095300093E-2,-3.004770688E0,1.942093622E0,3.578917011E0
3.979182850E1,-3.144033238E-2,-1.914766075E0,1.697382385E0,2.558988975E0
3.980183950E1,3.311462411E-1,-6.904520881E-1,1.552740980E0,1.731296182E0
3.981185150E1,8.492232889E-1,6.403642541E-1,1.555610209E0,1.884454747E0
3.982186250E1,1.256645143E0,1.882812211E0,1.673829215E0,2.815287388E0
3.983187450E1,1.720667605E0,3.054004244E0,1.756099539E0,3.920653583E0
3.984188550E1,2.176891052E0,4.128947598E0,1.772982205E0,4.993048049E0
3.985189750E1,2.302416738E0,5.068992764E0,1.492411163E0,5.763948435E0
3.986190850E1,2.486425253E0,5.880917249E0,1.195783668E0,6.495952341E0
3.987192050E1,2.774146855E0,6.660739936E0,1.037737522E0,7.289598509E0
3.988193150E1,2.747967701E0,7.286374469E0,8.789546263E-1,7.836781266E0
3.989194350E1,2.724103459E0,7.734443096E0,7.626008821E-1,8.235527291E0
3.990195450E1,3.023606908E0,8.317536796E0,1.064371077E0,8.913837719E0
3.991196650E1,3.473024488E0,8.656594028E0,1.687718107E0,9.478761083E0
3.992197750E1,3.626830818E0,8.301694350E0,2.222015623E0,9.327882091E0
3.993198950E1,3.646732401E0,7.355906049E0,2.516773764E0,8.587325613E0
3.994200050E1,3.488143634E0,6.039353405E0,2.542445379E0,7.423271790E0
3.995201150E1,3.352881748E0,4.841565312E0,2.847474740E0,6.541458788E0
3.996202350E1,2.597212155E0,3.518061497E0,3.276451038E0,5.464192446E0
3.997203450E1,1.848428390E0,2.264735965E0,3.579182442E0,4.621283746E0
3.998204650E1,1.527920281E0,1.197213897E0,3.586944036E0,4.078483667E0
3.999205750E1,1.890125616E0,3.163758820E-1,3.186310362E0,3.718231066E0
4.000206950E1,2.088044803E0,-3.397922266E-1,2.774027864E0,3.488641633E0
4.001208050E1,1.973107546E0,-8.988415915E-1,2.466989400E0,3.284373045E0
4.002209250E1,1.540112603E0,-1.230536594E0,2.284461547E0,3.017437936E0
4.003210350E1,9.195135453E-1,-1.131064931E0,2.070232430E0,2.531931150E0
4.004211550E1,5.578579947E-2,-6.767210716E-1,1.730284667E0,1.858749174E0
4.005212650E1,-7.404064594E-1,-1.174237847E-1,1.276746554E0,1.480564701E0
4.006213850E1,-1.178253861E0,4.850739008E-1,5.633757198E-1,1.393187372E0
4.007214950E1,-1.276542779E0,1.878921474E0,-2.615457222E0,3.464177226E0
4.008216150E1,-1.135640377E0,3.434479643E0,-4.650137996E0,5.891444039E0
4.009217250E1,-1.498625438E0,4.250400115E0,-3.874092611E0,5.943094556E0
4.010218450E1,-1.015233343E0,5.304448444E0,-3.995515891E0,6.718036862E0
4.011219550E1,-2.235229746E-2,6.515426102E0,-4.360108498E0,7.839759118E0
4.012220650E1,7.701848669E-1,7.572694493E0,-5.073440741E0,9.147605565E0
4.013221850E1,9.275202839E-1,8.329528266E0,-5.249538411E0,9.889337114E0
4.014222950E1,1.001499256E0,8.551476878E0,-3.819184332E0,9.418966319E0
4.015224150E1,1.016811214E0,7.503436562E0,-2.192121733E0,7.882947607E0
4.016225250E1,9.483910431E-1,5.848058821E0,-1.898623082E0,6.221254468E0
4.017226450E1,1.143493480E0,4.475119137E0,-1.695351939E0,4.920212071E0
4.018227550E1,1.700228371E0,2.813592464E0,-7.323929965E-1,3.368008101E0
4.019228750E1,2.074747942E0,7.860640043E-1,9.885220921E-1,2.428919836E0
4.020229850E1,1.281661578E0,-1.445111867E0,3.342054459E0,3.860094910E0
4.021231050E1,-3.898055086E-1,-3.962288504E0,5.158296704E0,6.516111065E0
4.022232150E1,-2.326389153E0,-6.906588457E0,4.959503651E0,8.815312080E0
4.023233350E1,-3.411243392E0,-9.961717705E0,4.086937693E0,1.129493076E1
4.024234450E1,-3.934497857E0,-1.286653726E1,3.385356307E0,1.387402940E1
4.025235650E1,-4.843913261E0,-1.488738176E1,2.871555912E0,1.591676678E1
4.026236750E1,-4.956510462E0,-1.517068755E1,3.072797487E0,1.625296407E1
4.027237850E1,-4.022377123E0,-1.348327233E1,3.066125229E0,1.440066923E1
4.028239050E1,-2.855469930E0,-1.099206259E1,2.124178841E0,1.155384284E1
4.029240150E1,-2.580649040E0,-8.925588167E0,5.526101187E-1,9.307591071E0
4.030241350E1,-2.672294790E0,-7.806922258E0,-6.778887606E-1,8.279415906E0
4.031242450E1,-2.168730239E0,-7.447638338E0,-1.143160188E0,7.840760350E0
4.032243650E1,-1.538531077E0,-7.425358107E0,-1.333442912E0,7.699421465E0
4.033244750E1,-1.292347364E0,-7.204340957E0,-1.407262255E0,7.453393682E0
4.034245950E1,-1.391615398E0,-6.795269165E0,-1.290521717E0,7.055332929E0
4.035247075E1,-1.592540054E0,-6.356194140E0,-1.039500749E0,6.634602443E0
4.036248275E1,-1.679011895E0,-5.801819040E0,-6.873808381E-1,6.078871402E0
4.037249375E1,-1.556795732E0,-5.016585340E0,-3.501453066E-1,5.264251434E0
4.038250575E1,-1.485476658E0,-3.983471212E0,-1.445984271E-1,4.253891454E0
4.039251675E1,-1.232075727E0,-2.853633612E0,-5.113916337E-2,3.108673447E0
4.040252875E1,-9.718145505E-1,-1.623053749E0,-3.436847180E-2,1.892064529E0
4.041253975E1,-8.109909770E-1,-3.607808071E-1,-8.955917090E-2,8.921266730E-1
4.042255075E1,-4.623374413E-1,9.414075673E-1,-2.062156548E-1,1.068891488E0
4.043256275E1,4.082657531E-2,2.349580234E0,-3.885644370E-1,2.381843069E0
4.044257375E1,6.403054896E-1,3.781388515E0,-5.506422383E-1,3.874544760E0
4.045258575E1,1.176072557E0,5.207475881E0,-6.960350096E-1,5.383810588E0
4.046259675E1,1.799263832E0,6.509238578E0,-7.602795374E-1,6.795996040E0
4.047260875E1,2.389771363E0,7.496747348E0,-6.617907912E-1,7.896213967E0
4.048261975E1,2.835577995E0,8.222725949E0,-5.257447940E-1,8.713789771E0
4.049263175E1,2.980605315E0,8.709257560E0,-3.416808772E-1,9.211510252E0
4.050264275E1,3.142111259E0,8.983761531E0,-1.004113473E-1,9.517926079E0
4.051265475E1,3.115735638E0,8.925478240E0,1.275552370E-1,9.454535457E0
4.052266575E1,3.197790200E0,8.599443342E0,3.790521866E-1,9.182590512E0
4.053267775E1,3.472733004E0,7.923182446E0,5.844058156E-1,8.670537743E0
4.054268875E1,3.393857866E0,6.901142945E0,9.035281348E-1,7.743410634E0
4.055270075E1,3.213991081E0,5.654613047E0,1.254019597E0,6.623968034E0
4.056271175E1,3.017689526E0,4.036182691E0,1.715486534E0,5.323543448E0
4.057272375E1,3.090280370E0,2.110061324E0,2.334410802E0,4.410404216E0
4.058273475E1,2.907231822E0,-5.905804753E-2,2.945078802E0,4.138716452E0
4.059274575E1,2.396698998E0,-2.067740931E0,3.389254353E0,4.637538540E0
4.060275775E1,1.881481531E0,-3.457221803E0,3.486704049E0,5.258275428E0
4.061276875E1,8.592147186E-1,-3.958883085E0,3.815517544E0,5.564995898E0
4.062278075E1,1.780101483E-1,-3.029920732E0,3.210728334E0,4.418244413E0
4.063279175E1,9.059968293E-2,-1.391426826E0,2.037878616E0,2.469256197E0
4.064280375E1,3.475937279E-1,1.328861618E-1,1.243857136E0,1.298329968E0
4.065281475E1,4.394137247E-1,1.425491534E0,8.792388010E-1,1.731522857E0
4.066282675E1,3.317014343E-1,2.739575484E0,-5.080856546E-1,2.805966983E0
4.067283775E1,-9.294323234E-1,3.218095826E0,-2.686936510E0,4.294137049E0
4.068284975E1,-1.939461352E0,3.973718641E0,-3.725142978E0,5.781750633E0
4.069286075E1,-2.086683278E0,5.451786584E0,-4.140963042E0,7.157080339E0
4.070287275E1,-1.305795376E0,6.972458510E0,-4.335780573E0,8.313800119E0
4.071288375E1,-4.676684940E-1,8.387202863E0,-3.926654987E0,9.272675184E0
4.072289575E1,2.091306379E-1,8.928065633E0,-3.484223076E0,9.586130711E0
4.073290675E1,5.587175354E-2,8.467160613E0,-3.103605005E0,9.018220142E0
4.074291775E1,-2.907153761E-1,7.084584133E0,-2.142516440E0,7.407173851E0
4.075292975E1,6.877644154E-1,5.802696707E0,-5.552299637E-1,5.869632806E0
4.076294075E1,1.882437258E0,4.220751223E0,2.038889599E0,5.051275256E0
4.077295275E1,1.818513743E0,2.080703039E0,6.057892002E0,6.658406181E0
4.078296375E1,4.253953175E-1,-7.477553862E-1,7.574305401E0,7.623004762E0
4.079297575E1,3.334236585E-1,-3.426519243E0,6.053587282E0,6.964059480E0
4.080298675E1,2.272371259E-1,-6.037291676E0,4.677481915E0,7.640639016E0
4.081299875E1,-9.184304217E-1,-8.736903196E0,3.980512521E0,9.644763959E0
4.082300975E1,-2.361003354E0,-1.098484011E1,2.904775699E0,1.160511831E1
4.083302175E1,-3.277493304E0,-1.290987565E1,2.154112785E0,1.349248137E1
4.084303275E1,-3.201538265E0,-1.366495000E1,2.100621286E0,1.419131127E1
4.085304475E1,-1.965725437E0,-1.257317426E1,1.403151078E0,1.280303169E1
4.086305575E1,-5.139361958E-1,-1.034582364E1,1.513779813E-1,1.035968689E1
4.087306775E1,-8.515409790E-2,-8.594066827E0,-1.064287097E0,8.660135269E0
4.088307875E1,-7.068685846E-1,-7.752255469E0,-1.943242892E0,8.023298635E0
4.089309075E1,-1.584900374E0,-7.224208041E0,-2.238018867E0,7.727212918E0
4.090310175E1,-1.777205064E0,-6.673942949E0,-2.169973065E0,7.239389161E0
4.091311275E1,-1.964811078E0,-6.544358125E0,-2.069677821E0,7.139514838E0
4.092312475E1,-1.855265978E0,-6.605567363E0,-1.929285004E0,7.127248604E0
4.093313575E1,-1.755302418E0,-6.623397862E0,-1.794332436E0,7.083086524E0
4.094314775E1,-1.747424318E0,-6.210647002E0,-1.562999043E0,6.638418030E0
4.095315875E1,-1.613868942E0,-5.390360414E0,-1.088761787E0,5.731139554E0
4.096317075E1,-1.283317071E0,-4.463566208E0,-5.075541061E-1,4.672037796E0
4.097318175E1,-8.616128080E-1,-3.406698352E0,6.989103779E-2,3.514662864E0
4.098319375E1,-5.860281256E-1,-2.307262180E0,4.984306955E-1,2.432143271E0
4.099320475E1,-4.613492619E-1,-1.217423043E0,6.656365049E-1,1.462201752E0
4.100321675E1,-3.794651462E-1,-2.100828570E-1,6.397391868E-1,7.729132106E-1
4.101322775E1,-9.217784643E-2,7.452317280E-1,4.352883679E-1,8.679533668E-1
4.102323975E1,1.234005162E-1,1.703226092E0,2.383506364E-1,1.724244134E0
4.103325075E1,3.044984329E-1,2.743400733E0,1.446115834E-1,2.764033174E0
4.104326275E1,5.417066695E-1,3.785232475E0,2.827866979E-1,3.834240384E0
4.105327375E1,8.574747334E-1,4.624504387E0,2.952954271E-1,4.712589854E0
4.106328575E1,1.180700044E0,5.392844896E0,3.231795560E-1,5.530033788E0
4.107329675E1,1.510464442E0,6.122719497E0,3.979094571E-1,6.318823372E0
4.108330775E1,1.903011125E0,6.708743237E0,2.772930926E-1,6.978938216E0
4.109331975E1,2.063811310E0,7.101180870E0,3.286252141E-1,7.402302439E0
4.110333075E1,2.120958341E0,7.299150635E0,5.106449443E-1,7.618190240E0
4.111334275E1,2.371565618E0,7.174555240E0,7.582698494E-1,7.594309682E0
4.112335375E1,2.537938346E0,6.515990358E0,9.290845603E-1,7.054251166E0
4.113336575E1,2.763688817E0,5.729566165E0,1.177739160E0,6.469387440E0
4.114337675E1,2.704052480E0,4.986532406E0,1.538015352E0,5.877320518E0
4.115338875E1,2.286179751E0,4.038375397E0,1.419809210E0,4.852932299E0
4.116339975E1,2.190570320E0,3.077679035E0,1.537528864E0,4.078566118E0
4.117341175E1,1.834160453E0,2.148876311E0,1.700749211E0,3.297629731E0
4.118342275E1,1.659367443E0,1.335808695E0,1.925315037E0,2.871362598E0
4.119343475E1,1.355509280E0,7.207821804E-1,2.052339950E0,2.563012218E0
4.120344575E1,7.143233460E-1,3.762923008E-1,2.053089563E0,2.206134740E0
4.121345775E1,8.806038335E-2,3.497640681E-1,1.898792067E0,1.932744382E0
4.122346875E1,-3.164185667E-1,7.134205359E-1,1.599654361E0,1.779883043E0
4.123348075E1,-4.691561718E-1,1.351725985E0,1.162253394E0,1.843394588E0
4.124349175E1,-2.952113003E-2,2.285936215E0,3.999092048E-1,2.320841065E0
4.125350275E1,1.243518582E0,3.836128394E0,-1.950227099E0,4.479464840E0
4.126351475E1,1.693050036E0,4.786852330E0,-2.905263357E0,5.849865710E0
4.127352575E1,1.714133488E0,5.451393651E0,-3.941733202E0,6.942132741E0
4.128353775E1,2.770548186E0,6.091250952E0,-4.763758167E0,8.214174778E0
4.129354875E1,3.092408756E0,6.899395797E0,-4.349710979E0,8.722650966E0
4.130356075E1,2.693493870E0,7.505156813E0,-2.732354758E0,8.429000566E0
4.131357175E1,1.978678920E0,7.525931386E0,-2.926566517E-1,7.787198560E0
4.132358375E1,2.038679831E0,6.959229185E0,2.041421444E0,7.533557447E0
4.133359475E1,3.148301706E0,5.820226074E0,3.449267836E0,7.462190281E0
4.134360675E1,4.456582879E0,4.890599477E0,4.164063637E0,7.817833471E0
4.135361762E1,4.024352605E0,3.646057048E0,3.702277442E0,6.572366708E0
4.136362963E1,1.895542330E0,1.447830822E0,2.341827410E0,3.342671153E0
4.137364062E1,-1.998540303E-1,-1.172342765E0,2.227937098E0,2.525476768E0
4.138365262E1,-2.370260812E0,-4.032003686E0,2.288173798E0,5.206815666E0
4.139366363E1,-4.844277250E0,-6.752561687E0,2.716305320E0,8.743135936E0
4.140367462E1,-6.005223792E0,-9.611333247E0,3.812233747E0,1.195715542E1
4.141368662E1,-6.029692635E0,-1.259279518E1,4.442748074E0,1.465174714E1
4.142369762E1,-4.863851389E0,-1.467113887E1,4.035576043E0,1.597451846E1
4.143370962E1,-2.683283755E0,-1.497044614E1,2.493681940E0,1.541209651E1
4.144372062E1,-1.847255293E0,-1.323091586E1,1.629513752E-1,1.336024100E1
4.145373262E1,-2.350167879E0,-1.096920816E1,-2.065695575E0,1.140674866E1
4.146374362E1,-3.186852691E0,-9.811843042E0,-3.926657910E0,1.103842997E1
4.147375562E1,-3.088867682E0,-9.206722296E0,-4.398510672E0,1.066075678E1
4.148376662E1,-2.402393455E0,-9.215434647E0,-3.318187586E0,1.008494417E1
4.149377862E1,-1.863633636E0,-9.326185589E0,-2.067077272E0,9.732608922E0
4.150378963E1,-1.518155577E0,-9.349724725E0,-1.192367139E0,9.546930826E0
4.151380162E1,-1.287774695E0,-9.153343064E0,-4.236734587E-1,9.253191456E0
4.152381262E1,-1.166313189E0,-8.618847327E0,3.128994200E-1,8.703029458E0
4.153382462E1,-1.178841945E0,-7.727822878E0,8.146685833E-1,7.859554674E0
4.154383562E1,-1.025581014E0,-6.504108231E0,1.222929951E0,6.697073836E0
4.155384762E1,-8.339053380E-1,-5.232124234E0,1.531344849E0,5.515028482E0
4.156385863E1,-7.113952066E-1,-4.061065518E0,1.586618871E0,4.417657266E0
4.157386962E1,-4.534888498E-1,-2.640340049E0,1.402282766E0,3.023812935E0
4.158388162E1,-1.271919970E-1,-1.095586950E0,1.161275593E0,1.601577214E0
4.159389263E1,2.434524782E-1,6.224945784E-1,9.803155249E-1,1.186502060E0
4.160390462E1,5.100774720E-1,2.322925701E0,9.951196517E-1,2.578066322E0
4.161391562E1,1.020337377E0,3.836242999E0,8.544267261E-1,4.060528752E0
4.162392763E1,1.711540248E0,5.250203240E0,8.359957176E-1,5.585059796E0
4.163393862E1,2.437103404E0,6.517281423E0,8.803492603E-1,7.013518730E0
4.164395062E1,3.137916466E0,7.503725415E0,7.805203322E-1,8.170778839E0
4.165396163E1,3.530728905E0,8.173247979E0,6.293866915E-1,8.925477956E0
4.166397362E1,3.549721831E0,8.592898554E0,4.370267451E-1,9.307492842E0
4.167398462E1,3.319200909E0,8.767796375E0,2.729339933E-1,9.379010658E0
4.168399663E1,3.340354673E0,8.667554634E0,1.359033251E-1,9.289937695E0
4.169400762E1,3.411650358E0,8.535902819E0,2.375571875E-1,9.195511325E0
4.170401962E1,3.530233646E0,8.280682381E0,6.312501991E-1,9.023897556E0
4.171403063E1,3.762419563E0,7.738167188E0,1.246686019E0,8.694208326E0
4.172404262E1,3.551064644E0,6.582939223E0,1.450756184E0,7.619044719E0
4.173405362E1,3.348085277E0,5.265115394E0,1.668543917E0,6.458726960E0
4.174406563E1,3.021693699E0,3.920544646E0,1.903928261E0,5.303418328E0
4.175407662E1,2.463286066E0,2.505241885E0,2.339943584E0,4.221297327E0
4.176408762E1,2.298343422E0,1.131553758E0,2.752950990E0,3.760523307E0
4.177409963E1,2.161827747E0,-1.710714036E-1,3.097654878E0,3.781300091E0
4.178411062E1,2.042816882E0,-1.490537716E0,3.528801663E0,4.341341345E0
4.179412262E1,1.877934756E0,-2.754826192E0,3.392024764E0,4.756210497E0
4.180413363E1,1.661023521E0,-3.710129083E0,2.816561680E0,4.945409654E0
4.181414562E1,1.335242246E0,-4.068128954E0,2.173041537E0,4.801526275E0
4.182415662E1,4.943450998E-1,-3.702395555E0,1.780473658E0,4.137897579E0
4.183416863E1,-4.362199755E-1,-2.662361832E0,1.800415002E0,3.243447637E0
4.184417962E1,-1.817233202E0,-1.755548732E0,3.683009112E-1,2.553416030E0
4.185419162E1,-3.071649971E0,-1.030200461E0,-1.657837665E0,3.639336788E0
4.186420263E1,-3.742524412E0,5.159875453E-2,-3.345513087E0,5.020120439E0
4.187421462E1,-3.328336306E0,1.463438795E0,-4.773664520E0,6.000612354E0
4.188422562E1,-1.950246980E0,3.083537360E0,-5.511705927E0,6.609884126E0
4.189423763E1,-1.017145528E0,5.295213937E0,-6.094892598E0,8.137664987E0
4.190424862E1,-1.836269836E-1,7.664264814E0,-5.800517449E0,9.613567324E0
4.191426062E1,6.101170461E-1,9.722179499E0,-5.537358246E0,1.120514852E1
4.192427163E1,1.335485344E0,1.091001680E1,-5.230924970E0,1.217269747E1
4.193428362E1,1.718666103E0,1.081165143E1,-4.114980939E0,1.169524211E1
4.194429462E1,2.201985109E0,1.018246179E1,-2.178255646E0,1.064312286E1
4.195430562E1,2.703811575E0,9.858859334E0,2.427482542E-1,1.022578267E1
4.196431762E1,2.867078992E0,9.667684618E0,3.651052909E0,1.072447925E1
4.197432862E1,2.748076167E0,8.364357206E0,7.127918433E0,1.132791310E1
4.198434063E1,3.176329165E0,6.373560371E0,8.357551047E0,1.097998171E1
4.199435162E1,4.236831651E0,3.975216113E0,9.665433440E0,1.127713125E1
4.200436362E1,3.058846908E0,4.975120980E-1,8.536486371E0,9.081611215E0
4.201437462E1,-9.913777260E-1,-5.561676232E0,6.372485068E0,8.516081155E0
4.202438662E1,-5.450822963E0,-1.200258191E1,4.621092537E0,1.396882027E1
4.203439762E1,-7.373313210E0,-1.755883309E1,3.414489474E0,1.934779330E1
4.204440962E1,-6.969171790E0,-1.977240417E1,2.336194788E0,2.109443358E1
4.205442062E1,-5.156360106E0,-1.767354494E1,1.131101768E0,1.844509776E1
4.206443262E1,-2.903248991E0,-1.324040238E1,5.367404830E-1,1.356558883E1
4.207444362E1,-5.420819145E-1,-9.721501806E0,-5.209810674E-1,9.750531855E0
4.208445562E1,2.822450265E-1,-7.954444585E0,-2.693476036E0,8.402836668E0
4.209446663E1,-8.210911649E-1,-7.611550995E0,-5.220581245E0,9.266302811E0
4.210447762E1,-2.734952091E0,-8.459866796E0,-5.773208613E0,1.060090783E1
4.211448962E1,-4.010768353E0,-9.692251695E0,-4.196288812E0,1.129755927E1
4.212450063E1,-4.123985943E0,-1.002039217E1,-2.751254713E0,1.117966555E1
4.213451262E1,-3.394658934E0,-9.804400706E0,-1.781634623E0,1.052730756E1
4.214452362E1,-2.929654140E0,-9.371222599E0,-1.256055889E0,9.898503057E0
4.215453563E1,-2.141435436E0,-8.555193368E0,-8.923877272E-1,8.864165790E0
4.216454662E1,-1.604436068E0,-7.743629656E0,-4.578019023E-1,7.921338140E0
4.217455862E1,-1.056389847E0,-6.659339527E0,1.449872670E-1,6.744166647E0
4.218456963E1,-4.369527778E-1,-5.341485878E0,1.058010403E0,5.462763506E0
4.219458162E1,7.801808283E-2,-3.872147827E0,1.921168484E0,4.323251549E0
4.220459262E1,2.809679215E-1,-2.321008984E0,2.035955320E0,3.100183824E0
4.221460463E1,4.350325522E-1,-6.841546369E-1,1.433916203E0,1.647251215E0
4.222461562E1,5.898925504E-1,9.004460675E-1,1.035813203E0,1.493882637E0
4.223462762E1,6.643768685E-1,2.483746351E0,1.118154863E0,2.803687368E0
4.224463863E1,9.900676574E-1,3.907699483E0,1.134413777E0,4.187749256E0
4.225465062E1,1.696939166E0,5.112030026E0,1.193362920E0,5.516934708E0
4.226466162E1,2.540930951E0,6.254889960E0,1.427309434E0,6.900521047E0
4.227467363E1,2.629933174E0,7.156920623E0,1.336066557E0,7.741003497E0
4.228468462E1,2.597115676E0,7.745520061E0,1.021308600E0,8.232931562E0
4.229469562E1,2.920157969E0,8.123292877E0,8.159538013E-1,8.670697223E0
4.230470763E1,3.369041406E0,8.426754014E0,8.256771362E-1,9.112758415E0
4.231471862E1,3.647939851E0,8.601286969E0,1.034387652E0,9.399976622E0
4.232473062E1,3.699961944E0,8.450444008E0,1.497027540E0,9.345630732E0
4.233474163E1,3.607341171E0,7.657273883E0,1.988061508E0,8.694776719E0
4.234475362E1,3.646823618E0,6.773937353E0,2.586921641E0,8.116508691E0
4.235476450E1,3.158343129E0,5.530819305E0,2.915778404E0,7.004773887E0
4.236477650E1,2.294823983E0,4.091130731E0,3.239748065E0,5.700836368E0
4.237478750E1,1.686270628E0,2.685154279E0,3.708839772E0,4.879452283E0
4.238479950E1,1.206898347E0,1.337724828E0,4.035496813E0,4.419428228E0
4.239481050E1,1.180900457E0,3.243175703E-1,3.953582000E0,4.138903043E0
4.240482250E1,1.137519233E0,-4.678263688E-1,3.708603544E0,3.907243500E0
4.241483350E1,1.039432483E0,-1.107252730E0,3.317335939E0,3.648444357E0
4.242484550E1,6.118218018E-1,-1.437502300E0,2.836877246E0,3.238612556E0
4.243485650E1,-9.996399879E-2,-1.341286367E0,2.402605709E0,2.753462567E0
4.244486850E1,-8.657945904E-1,-8.856707382E-1,1.937906431E0,2.299890055E0
4.245487950E1,-1.537113566E0,-3.456084520E-1,1.461150194E0,2.148749219E0
4.246489150E1,-1.852610465E0,2.947505397E-1,8.266173685E-1,2.049960899E0
4.247490250E1,-1.496060995E0,1.748860102E0,-1.283760874E0,2.635289764E0
4.248491350E1,-7.919091734E-1,3.150754613E0,-2.855625173E0,4.325386676E0
4.249492550E1,-8.285877340E-1,3.908884129E0,-2.814927383E0,4.887714081E0
4.250493650E1,-4.510147467E-1,4.976948234E0,-3.126741267E0,5.894907886E0
4.251494850E1,1.310692419E0,6.385857650E0,-3.626892799E0,7.459989539E0
4.252495950E1,2.595831335E0,7.693460546E0,-4.606020754E0,9.335047010E0
4.253497150E1,3.178435916E0,8.963642431E0,-5.595214106E0,1.103429932E1
4.254498250E1,4.044241324E0,9.614049863E0,-5.401251438E0,1.174561023E1
4.255499450E1,3.792815144E0,9.704305730E0,-4.042462601E0,1.117588924E1
4.256500550E1,3.213894309E0,9.284734093E0,-2.174075471E0,1.006290256E1
4.257501750E1,3.017096618E0,8.210480710E0,-3.135917303E-1,8.752896964E0
4.258502850E1,3.119342201E0,6.987571809E0,1.315302363E0,7.764436609E0
4.259504050E1,3.530435375E0,5.214032949E0,2.730569603E0,6.863390116E0
4.260505150E1,3.558366062E0,2.663764579E0,3.787238654E0,5.839587947E0
4.261506350E1,2.754912439E0,-5.646357948E-1,4.567225063E0,5.363571655E0
4.262507450E1,3.059535125E-1,-4.837467583E0,4.143983713E0,6.377091906E0
4.263508650E1,-2.952462081E0,-9.950045493E0,2.811651480E0,1.075294479E1
4.264509750E1,-5.410826254E0,-1.552273437E1,2.017674732E0,1.656210537E1
4.265510950E1,-5.560545380E0,-1.964915656E1,2.060420802E0,2.052448178E1
4.266512050E1,-3.827587951E0,-2.144876347E1,2.496779210E0,2.193020270E1
4.267513150E1,-1.369369374E0,-1.991339457E1,2.638294985E0,2.013402732E1
4.268514350E1,3.118488215E-2,-1.542871582E1,1.405780863E0,1.549265840E1
4.269515450E1,-4.803725933E-1,-1.107644610E1,-5.213766316E-1,1.109911031E1
4.270516650E1,-1.717426201E0,-8.779756270E0,-1.972036044E0,9.160927850E0
4.271517750E1,-2.913129031E0,-8.815634201E0,-3.003848290E0,9.758321149E0
4.272518950E1,-3.524803044E0,-9.222742497E0,-3.335521072E0,1.042156018E1
4.273520050E1,-3.952829463E0,-9.632377376E0,-2.877613043E0,1.080223178E1
4.274521250E1,-3.824285443E0,-9.813805368E0,-1.873561623E0,1.069795158E1
4.275522350E1,-3.391466647E0,-9.600894213E0,-9.300587064E-1,1.022468703E1
4.276523550E1,-3.071785626E0,-8.932231774E0,-2.436251172E-1,9.448808633E0
4.277524650E1,-2.675499356E0,-7.915157728E0,3.312687403E-1,8.361683900E0
4.278525850E1,-2.642214666E0,-6.708128110E0,8.022034889E-1,7.254227148E0
4.279526950E1,-2.440383838E0,-5.522829670E0,1.118364778E0,6.140672652E0
4.280528150E1,-1.710734501E0,-4.165780964E0,1.279376486E0,4.681575351E0
4.281529250E1,-7.572392777E-1,-2.531744390E0,1.308380576E0,2.948728660E0
4.282530450E1,7.783243373E-2,-8.257338542E-1,1.000216670E0,1.299356638E0
4.283531550E1,7.947747476E-1,1.073237137E0,7.392376010E-1,1.526426245E0
4.284532750E1,1.556962962E0,3.103044257E0,8.235936271E-1,3.568098063E0
4.285533850E1,2.099009648E0,4.964927529E0,1.172541497E0,5.516448171E0
4.286534950E1,2.436741169E0,6.644471228E0,1.344936199E0,7.203857217E0
4.287536150E1,2.539429093E0,7.976185702E0,1.078841620E0,8.439913371E0
4.288537250E1,2.476473584E0,8.831206505E0,8.098089623E-1,9.207546921E0
4.289538450E1,2.550635282E0,9.379044419E0,7.021067584E-1,9.745007360E0
4.290539550E1,2.683327901E0,9.619337500E0,5.917241907E-1,1.000410116E1
4.291540750E1,2.958979388E0,9.680714554E0,5.359733284E-1,1.013701439E1
4.292541850E1,3.310909265E0,9.716671422E0,1.083231783E0,1.032226791E1
4.293543050E1,3.600259316E0,9.755869401E0,1.764377443E0,1.054760080E1
4.294544150E1,3.951458876E0,9.732920834E0,2.303401848E0,1.075404274E1
4.295545350E1,4.031250273E0,9.329150128E0,2.626311994E0,1.049673928E1
4.296546450E1,3.324934396E0,8.659331110E0,2.717660705E0,9.665654852E0
4.297547650E1,3.050642387E0,8.104213412E0,3.207284324E0,9.234249658E0
4.298548750E1,2.716126980E0,7.177289398E0,3.566379379E0,8.462262744E0
4.299549950E1,2.759871755E0,5.262504612E0,3.452853348E0,6.872630002E0
4.300551050E1,2.809978300E0,1.551340572E0,3.467228143E0,4.724860486E0
4.301552250E1,3.315703982E0,-1.413012407E0,4.141492800E0,5.490214892E0
4.302553350E1,3.129618098E0,-3.895846592E0,4.540654145E0,6.752012306E0
4.303554550E1,2.387508637E0,-6.258612297E0,4.873264822E0,8.283666785E0
4.304555650E1,1.529812878E0,-7.640597039E0,4.797315338E0,9.150589325E0
4.305556750E1,6.672275323E-1,-7.499743461E0,4.008359885E0,8.529847216E0
4.306557950E1,-2.000516662E-1,-5.992194441E0,2.584069369E0,6.528692778E0
4.307559050E1,-6.622288938E-1,-3.845618425E0,1.518562835E0,4.187285668E0
4.308560250E1,-9.523626181E-1,-1.844096627E0,1.430041838E-1,2.080417535E0
4.309561350E1,-1.461234687E0,5.984414721E-1,-3.329993992E0,3.685403504E0
4.310562550E1,-2.332814805E0,1.944741826E0,-5.169866005E0,5.995961991E0
4.311563650E1,-2.858958671E0,3.109156936E0,-5.734373161E0,7.122045850E0
4.312564850E1,-1.908654273E0,4.585116958E0,-6.165298337E0,7.916890945E0
4.313565950E1,-7.515139765E-1,6.262646291E0,-6.618782070E0,9.142963848E0
4.314567150E1,-2.421736921E-1,8.445753372E0,-7.163360161E0,1.107714435E1
4.315568250E1,3.254586545E-1,1.014681950E1,-6.397496533E0,1.199965963E1
4.316569450E1,7.325302599E-1,1.081529658E1,-4.233534991E0,1.163744213E1
4.317570550E1,1.028799322E0,1.085701062E1,-2.080334225E0,1.110229247E1
4.318571750E1,1.295312780E0,1.053132422E1,-2.746214998E-1,1.061423770E1
4.319572850E1,1.618608695E0,9.887667396E0,1.137631938E0,1.008365346E1
4.320574050E1,1.316772354E0,8.552407755E0,1.792903669E0,8.836971846E0
4.321575150E1,1.604868177E0,7.034688088E0,2.843251880E0,7.755418726E0
4.322576350E1,3.087000374E0,5.209786116E0,6.187670953E0,8.657870091E0
4.323577450E1,1.871372572E0,2.083322591E0,8.412765720E0,8.866616907E0
4.324578650E1,-1.346385431E0,-2.697974884E0,7.735002090E0,8.301932277E0
4.325579750E1,-4.434220787E0,-8.455923434E0,5.731895111E0,1.113640771E1
4.326580850E1,-6.669202611E0,-1.390533137E1,4.983027000E0,1.620700657E1
4.327582050E1,-7.700514042E0,-1.788533928E1,3.992252560E0,1.987765977E1
4.328583150E1,-7.818685686E0,-1.946749994E1,3.001390997E0,2.119253990E1
4.329584350E1,-6.280982575E0,-1.838205089E1,2.601825609E0,1.959898042E1
4.330585450E1,-5.153217228E0,-1.593197865E1,1.745218748E0,1.683536100E1
4.331586650E1,-4.096484734E0,-1.324378909E1,-2.790203601E-2,1.386289707E1
4.332587750E1,-2.121715117E0,-1.075127776E1,-1.766476008E0,1.110009396E1
4.333588950E1,-9.103416760E-1,-9.424922258E0,-4.335649595E0,1.041420851E1
4.334590050E1,-9.462745703E-1,-9.914414899E0,-5.388988073E0,1.132396798E1
4.335591275E1,-1.877232359E0,-1.091303513E1,-5.319776920E0,1.228488354E1
4.336592375E1,-2.178611010E0,-1.086490787E1,-5.119143748E0,1.220648195E1
4.337593575E1,-1.727761593E0,-9.762720584E0,-5.171400315E0,1.118209527E1
4.338594675E1,-1.130932491E0,-8.386728069E0,-4.050639055E0,9.382104921E0
4.339595875E1,-1.232378613E0,-7.233811508E0,-2.413559298E0,7.724768894E0
4.340596975E1,-7.832674272E-1,-5.810357144E0,-1.227743379E0,5.990084457E0
4.341598175E1,-4.378474018E-1,-4.283691822E0,-2.299704069E-1,4.312147071E0
4.342599275E1,-3.386661990E-1,-2.800471312E0,6.596349227E-1,2.896973005E0
4.343600475E1,1.957966474E-1,-1.418560245E0,1.173012271E0,1.851109744E0
4.344601575E1,4.196942823E-1,-9.824140906E-2,1.486350524E0,1.547589269E0
4.345602675E1,4.705285133E-1,1.347662171E0,1.398795925E0,1.998554590E0
4.346603875E1,6.692325425E-1,2.960481538E0,1.622423419E0,3.441595688E0
4.347604975E1,8.486970395E-1,4.547798274E0,2.067942075E0,5.067458952E0
4.348606175E1,1.162407907E0,6.026160332E0,2.083921931E0,6.481398854E0
4.349607275E1,1.636011617E0,7.299810201E0,2.010444649E0,7.746331433E0
4.350608475E1,2.005414144E0,8.340042145E0,1.867113606E0,8.778616183E0
4.351609575E1,2.463132285E0,9.143853033E0,1.802080874E0,9.639738815E0
4.352610775E1,2.954827572E0,9.590385597E0,1.617953807E0,1.016485496E1
4.353611875E1,3.089866679E0,9.690257794E0,1.029636789E0,1.022294107E1
4.354613075E1,3.623105265E0,9.674634034E0,6.838552594E-1,1.035340975E1
4.355614175E1,4.305253722E0,9.589332513E0,8.306800139E-1,1.054421818E1
4.356615375E1,4.190835114E0,8.821589005E0,1.093444530E0,9.827469281E0
4.357616475E1,4.341459681E0,7.928187078E0,1.308050208E0,9.133204140E0
4.358617675E1,4.170797875E0,7.032121745E0,1.397931268E0,8.294606861E0
4.359618775E1,4.087191462E0,5.812803034E0,1.768099780E0,7.322567172E0
4.360619975E1,4.099090253E0,3.924103262E0,2.230911577E0,6.097384175E0
4.361621075E1,3.796938308E0,1.210648459E0,2.808297225E0,4.875340348E0
4.362622275E1,3.611891767E0,-1.410770584E0,3.468056109E0,5.202254218E0
4.363623375E1,3.082218521E0,-3.804855731E0,4.254411889E0,6.486680096E0
4.364624575E1,1.538124988E0,-6.047523719E0,4.699119537E0,7.811536087E0
4.365625675E1,2.199392161E-1,-7.572738932E0,4.684181070E0,8.907092707E0
4.366626775E1,-3.623303193E-1,-7.111251529E0,3.727072560E0,8.036930474E0
4.367627975E1,-4.479056360E-1,-4.976234289E0,2.290763822E0,5.496464869E0
4.368629075E1,-4.236322358E-1,-2.991199300E0,1.257792220E0,3.272427049E0
4.369630275E1,-7.090589516E-1,-1.492300066E0,1.545115042E-1,1.659396845E0
4.370631375E1,-1.259037092E0,3.338830304E-1,-3.219894429E0,3.473380546E0
4.371632575E1,-2.550354908E0,9.040842050E-1,-4.026750548E0,4.851432611E0
4.372633675E1,-3.447642894E0,1.525849636E0,-4.504014907E0,5.873721897E0
4.373634875E1,-2.893424207E0,2.688841533E0,-4.797643951E0,6.214431584E0
4.374635975E1,-1.723119489E0,4.221530657E0,-5.334884956E0,7.017938398E0
4.375637175E1,-1.309171266E0,6.504178982E0,-6.098825435E0,9.011878013E0
4.376638275E1,-4.367582117E-1,8.379524884E0,-6.151415877E0,1.040418725E1
4.377639475E1,4.115632904E-1,9.880209857E0,-5.846623330E0,1.148786035E1
4.378640575E1,7.379265091E-1,1.073999848E1,-5.366096224E0,1.202859475E1
4.379641775E1,1.412976885E0,1.061260987E1,-4.327035477E0,1.154760702E1
4.380642875E1,2.516675531E0,1.007376088E1,-2.758432755E0,1.074352201E1
4.381644075E1,3.313727623E0,9.391466244E0,-7.819417173E-1,9.989587670E0
4.382645175E1,2.417211030E0,8.377585947E0,1.417255731E0,8.833768690E0
4.383646375E1,2.777088589E0,6.848143197E0,3.843446769E0,8.329547968E0
4.384647475E1,4.037496853E0,4.858914000E0,6.982651377E0,9.416360568E0
4.385648675E1,4.092995116E0,1.900008287E0,9.629536214E0,1.063440681E1
4.386649775E1,1.906778925E0,-2.388395805E0,9.570265912E0,1.004640384E1
4.387650875E1,-1.777559259E0,-7.128230674E0,7.564763330E0,1.054500041E1
4.388652075E1,-5.651690024E0,-1.161715684E1,5.779603128E0,1.415287058E1
4.389653175E1,-6.055912135E0,-1.550123767E1,4.555378019E0,1.725438813E1
4.390654375E1,-4.257192240E0,-1.772658269E1,3.374803544E0,1.854035379E1
4.391655475E1,-2.720155127E0,-1.767894660E1,1.575624059E0,1.795625206E1
4.392656675E1,-2.120939191E0,-1.576990202E1,6.990083188E-2,1.591204195E1
4.393657775E1,-6.062337640E-1,-1.289381920E1,-7.312326166E-1,1.292875841E1
4.394658975E1,-3.541055527E-1,-1.134857318E1,-2.456892428E0,1.161687670E1
4.395660075E1,-1.331736402E0,-1.068700049E1,-4.246238944E0,1.157652998E1
4.396661275E1,-1.476978900E0,-9.260119069E0,-6.782409968E0,1.157291479E1
4.397662375E1,-2.732763186E0,-8.136598216E0,-6.867783995E0,1.099266493E1
4.398663575E1,-3.661421484E0,-7.988985842E0,-4.638479525E0,9.937071720E0
4.399664675E1,-3.088059889E0,-7.881890579E0,-2.771323527E0,8.907331085E0
4.400665875E1,-2.492284455E0,-7.418516865E0,-2.083940350E0,8.098683946E0
4.401666975E1,-1.828670210E0,-6.608251820E0,-1.372577449E0,6.992638679E0
4.402668175E1,-1.207029471E0,-5.652962962E0,-3.679366297E-1,5.792088377E0
4.403669275E1,-7.587477131E-1,-4.568351821E0,7.075404297E-1,4.684671804E0
4.404670475E1,-2.195443828E-1,-3.471483162E0,1.575287552E0,3.818497866E0
4.405671575E1,3.983370347E-1,-2.330307811E0,2.018845344E0,3.108817044E0
4.406672675E1,5.159482227E-1,-1.164772959E0,2.048620536E0,2.412414706E0
4.407673875E1,4.715064602E-1,2.086035115E-1,1.825823347E0,1.897225517E0
4.408674975E1,5.978805779E-1,1.700864986E0,1.562829182E0,2.385966877E0
4.409676175E1,9.845168956E-1,3.114800084E0,1.395685937E0,3.552350252E0
4.410677275E1,1.514433678E0,4.265312853E0,1.442540846E0,4.750508099E0
4.411678475E1,2.102004007E0,5.376205475E0,1.545763498E0,5.975900848E0
4.412679575E1,2.836225281E0,6.321632418E0,1.526047856E0,7.094789097E0
4.413680775E1,3.297060427E0,6.994584959E0,1.230486308E0,7.830001454E0
4.414681875E1,3.055005872E0,7.462757483E0,8.193627280E-1,8.105378795E0
4.415683075E1,2.959005116E0,7.920636569E0,7.912516540E-1,8.492247883E0
4.416684175E1,3.102044090E0,8.205163836E0,9.188338065E-1,8.819957295E0
4.417685375E1,3.228257117E0,8.320009584E0,9.661658478E-1,8.976507112E0
4.418686475E1,3.366176562E0,8.317635030E0,1.168659604E0,9.048754743E0
4.419687675E1,3.361987032E0,7.813210353E0,1.516152613E0,8.639903447E0
4.420688775E1,3.642652507E0,7.043243734E0,2.201861440E0,8.229483178E0
4.421689975E1,3.437114983E0,6.051025032E0,2.747437066E0,7.481782794E0
4.422691075E1,3.180560210E0,4.739216233E0,2.713428490E0,6.319717393E0
4.423692275E1,2.777412817E0,3.274882230E0,2.727368252E0,5.086984683E0
4.424693375E1,2.369914803E0,1.680053576E0,3.071105011E0,4.227382426E0
4.425694575E1,1.914348438E0,8.038108885E-2,3.450361265E0,3.946667445E0
4.426695675E1,1.299900944E0,-1.614118034E0,3.602374839E0,4.155986522E0
4.427696875E1,6.895919627E-1,-3.372890335E0,3.442462846E0,4.868518947E0
4.428697975E1,-7.217072099E-2,-4.751862007E0,3.141965078E0,5.697134867E0
4.429699075E1,-4.268059583E-1,-4.722518924E0,2.393774074E0,5.311732546E0
4.430700275E1,-4.299178465E-1,-3.239634629E0,1.513701460E0,3.601576599E0
4.431701375E1,-3.527237825E-1,-1.303816824E0,7.299921298E-1,1.535330872E0
4.432702575E1,-3.065572375E-1,6.410273284E-1,-5.333157688E-1,8.884363145E-1
4.433703675E1,-2.004669647E-1,2.749671872E0,-3.592578998E0,4.528521421E0
4.434704875E1,-9.902442433E-1,3.609102060E0,-5.526889976E0,6.674781955E0
4.435705987E1,-1.525680066E0,4.777330724E0,-6.714054848E0,8.380281679E0
4.436707187E1,-1.852707383E0,6.805712877E0,-7.245355666E0,1.011164829E1
4.437708287E1,-1.224012051E0,8.905353293E0,-6.519965295E0,1.110465984E1
4.438709487E1,-4.289060589E-1,1.017865642E1,-4.332585070E0,1.107069557E1
4.439710587E1,4.120795264E-1,1.069639228E1,-2.502255127E0,1.099290217E1
4.440711788E1,7.351310284E-1,1.048689006E1,-9.430360168E-1,1.055483764E1
4.441712887E1,5.580295374E-1,1.000835159E1,6.551791982E-1,1.004528537E1
4.442714087E1,-2.020724639E-3,9.134351308E0,1.625310774E0,9.277823722E0
4.443715187E1,-6.224426843E-1,7.636439084E0,2.416375902E0,8.033773041E0
4.444716387E1,-5.182645972E-1,5.474078509E0,3.159282777E0,6.341545662E0
4.445717487E1,9.080538066E-1,2.160364335E0,5.475307009E0,5.955730234E0
4.446718688E1,6.754735681E-1,-3.368656366E0,6.887949872E0,7.697269886E0
4.447719787E1,-3.161420519E0,-1.035289526E1,5.892588292E0,1.232475626E1
4.448720987E1,-5.958912089E0,-1.696433148E1,5.044019306E0,1.867456309E1
4.449722087E1,-7.171045157E0,-2.139884930E1,4.643273365E0,2.304115074E1
4.450723187E1,-6.818560964E0,-2.271313030E1,3.649622972E0,2.399372438E1
4.451724387E1,-4.039319138E0,-1.937255051E1,2.649038074E0,1.996570097E1
4.452725487E1,-2.191569756E0,-1.400541816E1,1.620259072E0,1.426814478E1
4.453726687E1,-1.189730191E0,-1.010510430E1,1.030162454E-2,1.017490525E1
4.454727788E1,-9.704275178E-1,-7.869712583E0,-2.558931312E0,8.332000670E0
4.455728987E1,-7.727694093E-1,-7.002125528E0,-4.395085081E0,8.303234752E0
4.456730087E1,-5.330036006E-1,-7.500491905E0,-4.836887539E0,8.940746765E0
4.457731287E1,-3.890979955E-1,-8.307997649E0,-4.518891686E0,9.465442634E0
4.458732387E1,-1.223362645E0,-9.155284340E0,-4.440986016E0,1.024881478E1
4.459733587E1,-2.063967138E0,-9.313360891E0,-4.801682623E0,1.067964454E1
4.460734688E1,-1.794656518E0,-8.284852615E0,-4.319033563E0,9.513864924E0
4.461735887E1,-1.594334564E0,-6.649983982E0,-2.851755778E0,7.409230776E0
4.462736987E1,-1.302132241E0,-4.876653283E0,-1.758595716E0,5.345086951E0
4.463738188E1,-8.864848168E-1,-3.345549340E0,-8.618544441E-1,3.566699987E0
4.464739287E1,-2.970878179E-1,-1.877532175E0,-4.897393942E-2,1.901522203E0
4.465740487E1,2.854449883E-1,-4.260082519E-1,5.103031746E-1,7.234439868E-1
4.466741588E1,7.666392615E-1,9.664880294E-1,9.057722962E-1,1.530443831E0
4.467742787E1,1.178457929E0,2.380175790E0,1.324337627E0,2.967805592E0
4.468743887E1,1.563712842E0,3.812544819E0,1.629017324E0,4.431071348E0
4.469745088E1,1.834714184E0,5.140692492E0,1.883191110E0,5.774019761E0
4.470746187E1,2.192676926E0,6.338303415E0,1.871182684E0,6.962991233E0
4.471747387E1,2.502791902E0,7.282984253E0,1.734290594E0,7.893895794E0
4.472748488E1,2.882808879E0,8.040257737E0,1.523835855E0,8.676312997E0
4.473749587E1,3.088505447E0,8.587112149E0,1.368896334E0,9.227742851E0
4.474750787E1,3.279196891E0,8.949127303E0,1.358269604E0,9.627300144E0
4.475751888E1,3.554633200E0,8.947707599E0,1.438056616E0,9.734726257E0
4.476753087E1,3.891383412E0,8.611993806E0,1.707052510E0,9.603297894E0
4.477754187E1,3.916338159E0,8.053673004E0,1.978432313E0,9.171343841E0
4.478755388E1,4.000177876E0,7.187115644E0,2.548506603E0,8.611094021E0
4.479756487E1,3.850110841E0,5.954121466E0,2.997424246E0,7.698017149E0
4.480757687E1,3.480658028E0,4.394871365E0,3.172638402E0,6.441700789E0
4.481758788E1,3.763103687E0,2.688377264E0,3.450513293E0,5.770126832E0
4.482759987E1,3.969630268E0,7.988559580E-1,3.799654047E0,5.552792647E0
4.483761087E1,3.547287635E0,-8.702071917E-1,4.170014348E0,5.543422209E0
4.484762288E1,2.930301719E0,-2.231537229E0,4.432353187E0,5.763001070E0
4.485763387E1,2.076326251E0,-3.183834066E0,4.450874827E0,5.853051921E0
4.486764587E1,1.085162387E0,-3.801863126E0,4.232623994E0,5.791963960E0
4.487765688E1,2.831710061E-1,-3.563641713E0,3.433693192E0,4.956811174E0
4.488766887E1,1.230488062E-2,-2.614437468E0,2.157060074E0,3.389445802E0
4.489767987E1,-3.173335098E-1,-1.712351841E0,1.345486422E0,2.200723312E0
4.490769188E1,-7.148571968E-1,-9.622973299E-1,8.160923803E-1,1.450187483E0
4.491770287E1,-1.109898448E0,-3.555031103E-1,1.604809266E-1,1.176440035E0
4.492771487E1,-2.068575329E0,1.054993240E0,-3.831265849E0,4.480023732E0
4.493772588E1,-3.223073561E0,1.961979418E0,-5.180324335E0,6.408847527E0
4.494773787E1,-4.380174096E0,2.346533834E0,-5.557991901E0,7.455428902E0
4.495774887E1,-3.852305886E0,3.459196993E0,-5.748907585E0,7.736681646E0
4.496775987E1,-3.020398541E0,5.450582058E0,-5.100830269E0,8.052957317E0
4.497777187E1,-1.917476844E0,7.650685240E0,-5.673217717E0,9.715714146E0
4.498778287E1,-6.687861076E-1,9.149377483E0,-4.590145563E0,1.025806119E1
4.499779488E1,2.303940377E-1,9.909716077E0,-2.731515682E0,1.028186423E1
4.500780587E1,1.072526993E0,9.949537954E0,-2.129107313E0,1.023116404E1
4.501781787E1,2.187343534E0,9.503117657E0,-2.066042315E0,9.968061386E0
4.502782887E1,2.702985363E0,8.588335387E0,-1.381698374E0,9.109046327E0
4.503784087E1,1.679246368E0,7.360153466E0,1.747254749E-1,7.551308258E0
4.504785187E1,9.203247003E-1,5.490393995E0,1.308617388E0,5.718732661E0
4.505786388E1,1.602574022E0,2.908313264E0,2.997008509E0,4.473096192E0
4.506787487E1,1.606355124E0,-7.929105091E-1,5.278602582E0,5.574291800E0
4.507788687E1,-8.161105067E-3,-5.182651527E0,6.508480194E0,8.319871267E0
4.508789787E1,-2.378856512E0,-9.414690800E0,6.554064503E0,1.171542243E1
4.509790987E1,-4.388040940E0,-1.327482143E1,6.204779322E0,1.529624378E1
4.510792087E1,-5.900912388E0,-1.645789126E1,5.550978751E0,1.834383594E1
4.511793288E1,-6.352913852E0,-1.791186692E1,4.809097477E0,1.960412991E1
4.512794387E1,-5.179315106E0,-1.694830660E1,3.357978766E0,1.803736186E1
4.513795587E1,-2.862604410E0,-1.406203675E1,1.349162566E0,1.441373030E1
4.514796687E1,-9.818770239E-1,-1.110110381E1,-5.369658932E-1,1.115737069E1
4.515797887E1,-1.278161873E0,-9.503762605E0,-2.474632881E0,9.903484706E0
4.516798987E1,-2.132154882E0,-8.832783499E0,-4.362354999E0,1.007939928E1
4.517800087E1,-1.501035514E0,-8.629796823E0,-6.049386642E0,1.064526090E1
4.518801287E1,-8.295153947E-1,-8.474460862E0,-6.144353610E0,1.050036494E1
4.519802388E1,-1.305681793E0,-7.606441113E0,-4.667843073E0,9.019507210E0
4.520803587E1,-1.651101380E0,-6.744354535E0,-4.233489675E0,8.132335992E0
4.521804687E1,-1.902134920E0,-5.902099957E0,-3.384946125E0,7.064754874E0
4.522805888E1,-1.619696424E0,-5.146338564E0,-1.082889867E0,5.502805428E0
4.523806987E1,-1.395424859E0,-4.150072419E0,2.270606862E-1,4.384275103E0
4.524808187E1,-9.668628359E-1,-2.830517229E0,9.007426675E-1,3.123777982E0
4.525809288E1,-4.762424125E-1,-1.410067164E0,1.259693150E0,1.949852065E0
4.526810487E1,-2.492567168E-1,-5.494336188E-2,1.360573992E0,1.384308229E0
4.527811587E1,3.392134984E-1,1.362265007E0,1.361606026E0,1.955710284E0
4.528812788E1,8.996217562E-1,2.747094419E0,1.186829095E0,3.124805650E0
4.529813887E1,1.225537809E0,4.043806291E0,9.715137112E-1,4.335683468E0
4.530815087E1,1.551577531E0,5.293405977E0,7.998598518E-1,5.573806191E0
4.531816188E1,2.054903661E0,6.433964447E0,6.719058164E-1,6.787487384E0
4.532817387E1,2.621444187E0,7.370980756E0,5.091924229E-1,7.839808917E0
4.533818487E1,3.021606576E0,8.049780512E0,4.395679085E-1,8.609430442E0
4.534819688E1,3.358915198E0,8.560147714E0,5.508509473E-1,9.212050638E0
4.535820812E1,3.583342152E0,8.788417751E0,5.692235202E-1,9.507925271E0
4.536822012E1,3.846833769E0,8.806212582E0,5.514655262E-1,9.625571376E0
4.537823113E1,3.975506719E0,8.590073764E0,6.393474233E-1,9.486979818E0
4.538824312E1,3.897671801E0,8.120972702E0,7.177468908E-1,9.036437555E0
4.539825412E1,3.672634397E0,7.165150579E0,8.888294041E-1,8.100471834E0
4.540826513E1,3.584587316E0,5.975308852E0,1.271484060E0,7.083096344E0
4.541827712E1,3.748413727E0,4.477803594E0,1.984484181E0,6.167617689E0
4.542828812E1,3.564923715E0,2.519933015E0,2.673665085E0,5.119299608E0
4.543830013E1,2.922145730E0,2.681293362E-1,2.726858375E0,4.005818968E0
4.544831112E1,2.304706508E0,-1.876548089E0,3.021670310E0,4.238348297E0
4.545832312E1,1.966629562E0,-3.736173751E0,3.375575377E0,5.405657708E0
4.546833413E1,1.396998199E0,-5.285833833E0,3.568563899E0,6.528881342E0
4.547834612E1,6.833358805E-1,-5.783324296E0,3.489049952E0,6.788759637E0
4.548835712E1,-2.156435591E-1,-4.405356592E0,2.971873083E0,5.318430076E0
4.549836913E1,-7.117429698E-1,-2.206825726E0,1.988167927E0,3.054418037E0
4.550838012E1,-7.112539963E-1,-4.961467731E-1,1.196782372E0,1.477948549E0
4.551839212E1,-5.898039651E-1,7.885905862E-1,1.515469658E-1,9.963484896E-1
4.552840313E1,-4.720387030E-1,2.695062386E0,-2.565572287E0,3.750778980E0
4.553841512E1,-1.087794511E0,3.637373933E0,-2.880613834E0,4.765681702E0
4.554842612E1,-1.340956584E0,4.632365384E0,-3.059891805E0,5.711384374E0
4.555843813E1,-8.314990626E-1,6.077043972E0,-3.520368809E0,7.072117835E0
4.556844912E1,-4.643493220E-1,7.570081957E0,-4.808429725E0,8.980131266E0
4.557846112E1,-3.102591097E-2,9.136169792E0,-6.298774483E0,1.109707714E1
4.558847213E1,7.414534034E-1,1.004860382E1,-6.760838420E0,1.213396588E1
4.559848412E1,9.793003021E-1,1.006518652E1,-5.381482002E0,1.145545099E1
4.560849512E1,4.591033463E-1,9.043211342E0,-3.147519348E0,9.586309264E0
4.561850713E1,-3.058105481E-1,7.315539796E0,-1.325674301E0,7.440971371E0
4.562851812E1,-2.444868506E-1,5.762631000E0,1.858595967E-2,5.767844944E0
4.563853012E1,1.050565728E0,4.240533523E0,1.151973843E0,4.518058946E0
4.564854113E1,2.480751992E0,2.348961014E0,3.135941861E0,4.637443223E0
4.565855212E1,1.610543046E0,-4.123889172E-1,5.690900282E0,5.928765432E0
4.566856412E1,2.928211047E-1,-4.013210151E0,6.284294438E0,7.462168351E0
4.567857512E1,-8.216855344E-1,-8.071883572E0,6.036694676E0,1.011296960E1
4.568858712E1,-2.594788485E0,-1.215928729E1,5.227495578E0,1.348732385E1
4.569859812E1,-3.961079884E0,-1.511121669E1,4.033296798E0,1.613401707E1
4.570861013E1,-3.824105934E0,-1.643068768E1,2.797644183E0,1.710023675E1
4.571862112E1,-2.420873434E0,-1.551311921E1,1.300507592E0,1.575464426E1
4.572863312E1,-1.346296407E0,-1.336324302E1,3.280662203E-1,1.343489507E1
4.573864412E1,-5.515576930E-1,-1.145741325E1,-3.960757703E-1,1.147751760E1
4.574865612E1,-7.663371798E-1,-1.029261281E1,-1.807842428E0,1.047823675E1
4.575866712E1,-1.324138530E0,-9.433006033E0,-3.169837586E0,1.003906450E1
4.576867913E1,-1.637547534E0,-8.557167388E0,-3.594467649E0,9.424800970E0
4.577869012E1,-2.363007487E0,-7.854513915E0,-3.644767737E0,8.975607226E0
4.578870212E1,-3.063550700E0,-7.618013923E0,-3.347217550E0,8.866980565E0
4.579871312E1,-3.214830741E0,-7.583730528E0,-2.513141181E0,8.611851369E0
4.580872512E1,-2.931425554E0,-7.495014233E0,-1.585702612E0,8.202618296E0
4.581873612E1,-2.358374007E0,-7.019754299E0,-8.868711716E-1,7.458245025E0
4.582874813E1,-1.844070314E0,-6.278949498E0,-2.524836490E-1,6.549011384E0
4.583875912E1,-1.094500098E0,-5.230151968E0,2.724431196E-1,5.350387400E0
4.584877112E1,-2.961785759E-1,-3.925118338E0,5.631929943E-1,3.976362920E0
4.585878212E1,2.078331408E-1,-2.439833177E0,7.004397172E-1,2.546879727E0
4.586879412E1,6.545726958E-1,-1.008875665E0,6.851207431E-1,1.384083073E0
4.587880512E1,1.009003281E0,4.558021545E-1,4.068090655E-1,1.179549422E0
4.588881612E1,1.335916430E0,1.925223235E0,5.402955902E-1,2.404802807E0
4.589882812E1,1.610521704E0,3.391240067E0,9.673339753E-1,3.876857538E0
4.590883913E1,1.829496860E0,4.754208494E0,1.159175420E0,5.224293715E0
4.591885112E1,1.863189248E0,5.972946576E0,1.063028995E0,6.346463237E0
4.592886212E1,1.943529844E0,7.029244915E0,8.357636563E-1,7.340714762E0
4.593887412E1,2.141954523E0,7.949727636E0,7.471484452E-1,8.267065348E0
4.594888512E1,2.265294374E0,8.746512510E0,8.074437636E-1,9.071108263E0
4.595889712E1,2.489699986E0,9.277092367E0,9.441048878E-1,9.651651819E0
4.596890813E1,2.718173213E0,9.512073838E0,9.692625332E-1,9.940195379E0
4.597892012E1,2.941659935E0,9.539876179E0,9.839975166E-1,1.003149300E1
4.598893112E1,3.251217671E0,9.475408872E0,1.255959703E0,1.009609947E1
4.599894313E1,3.341835481E0,8.785566648E0,1.766634468E0,9.564258625E0
4.600895412E1,3.045209154E0,7.662566782E0,2.175554817E0,8.527676544E0
4.601896612E1,3.288112140E0,6.675740967E0,2.530224699E0,7.859976841E0
4.602897713E1,3.547093800E0,5.385316021E0,2.515002058E0,6.921613860E0
4.603898912E1,3.287780018E0,3.534326112E0,2.950378718E0,5.657357431E0
4.604900012E1,2.758960174E0,1.133371072E0,3.448241065E0,4.559249682E0
4.605901213E1,1.936279151E0,-1.351523672E0,3.771206174E0,4.449470664E0
4.606902312E1,1.067843812E0,-3.915268119E0,4.267447672E0,5.889034257E0
4.607903512E1,9.719314948E-2,-6.353596222E0,4.764173319E0,7.941975754E0
4.608904613E1,-8.570380926E-1,-7.907130085E0,4.598321725E0,9.187044311E0
4.609905812E1,-1.259647542E0,-7.267359324E0,3.117755266E0,8.007597728E0
4.610906912E1,-1.402502037E0,-4.893887951E0,1.533144622E0,5.316736186E0
4.611908013E1,-1.214599715E0,-2.429495884E0,3.335380447E-1,2.736594662E0
4.612909212E1,-1.210842148E0,4.292037553E-1,-4.129256916E0,4.324478841E0
4.613910312E1,-1.505515943E0,2.737019666E0,-6.720208458E0,7.410739277E0
4.614911513E1,-1.914441993E0,3.458429253E0,-6.003135751E0,7.187729815E0
4.615912612E1,-1.134952598E0,5.035166037E0,-6.788998026E0,8.528277002E0
4.616913812E1,-3.892074846E-1,7.222576668E0,-7.431556740E0,1.037039690E1
4.617914913E1,-1.756234610E-1,9.130764626E0,-6.824695863E0,1.140079733E1
4.618916112E1,4.619358838E-2,1.030520888E1,-5.015727553E0,1.146110757E1
4.619917212E1,2.221148188E-1,1.082392941E1,-3.138212335E0,1.127187472E1
4.620918413E1,8.545967339E-1,1.075766526E1,-4.829577935E-1,1.080235834E1
4.621919512E1,1.116435928E0,1.037156191E1,1.316129306E0,1.051417719E1
4.622920712E1,1.025529559E0,9.966478508E0,2.650561566E0,1.036377737E1
4.623921813E1,1.817821725E0,9.070731847E0,4.054642351E0,1.010063249E1
4.624923012E1,3.196847629E0,7.541985501E0,6.048800166E0,1.018279743E1
4.625924112E1,3.615115629E0,5.636247527E0,8.224957246E0,1.060595441E1
4.626925313E1,2.405430206E0,2.587666576E0,8.732735885E0,9.420339104E0
4.627926412E1,-2.136477582E-2,-2.383142667E0,7.688896794E0,8.049780080E0
4.628927612E1,-3.252064056E0,-7.363424984E0,5.534114796E0,9.768437679E0
4.629928713E1,-5.282396840E0,-1.126942527E1,4.073927638E0,1.309582180E1
4.630929912E1,-5.551736550E0,-1.427234239E1,3.282297084E0,1.566189676E1
4.631931012E1,-4.478055609E0,-1.582071082E1,3.260355408E0,1.676239214E1
4.632932213E1,-2.706296057E0,-1.569432676E1,2.359715797E0,1.609981955E1
4.633933312E1,-1.989696536E0,-1.465815103E1,8.149653295E-1,1.481500768E1
4.634934512E1,-1.488753438E0,-1.363641792E1,-5.293855628E-1,1.372765565E1
4.635935567E1,-1.317582047E0,-1.307420346E1,-1.932394845E0,1.328175321E1
4.636936667E1,-1.522898546E0,-1.254923927E1,-3.636466445E0,1.315395433E1
4.637937867E1,-9.858690642E-1,-1.201384598E1,-4.427088354E0,1.284147750E1
4.638938967E1,-9.507758300E-1,-1.137944414E1,-4.391873497E0,1.223455256E1
4.639940167E1,-2.123266383E0,-1.039438710E1,-4.827898030E0,1.165590592E1
4.640941267E1,-2.652654285E0,-9.228483294E0,-5.136444490E0,1.088965292E1
4.641942467E1,-2.459087181E0,-8.250323637E0,-3.825871793E0,9.420840985E0
4.642943567E1,-2.232873902E0,-7.444425293E0,-2.249950111E0,8.091197025E0
4.643944767E1,-2.201587206E0,-6.741501094E0,-1.168208783E0,7.187456781E0
4.644945867E1,-1.890402774E0,-6.138261396E0,9.286255538E-3,6.422769017E0
4.645947067E1,-1.186566044E0,-5.311824707E0,9.675384817E-1,5.528069410E0
4.646948167E1,-6.139079422E-1,-4.102680151E0,1.497777153E0,4.410465257E0
4.647949367E1,-3.030205491E-1,-2.699861196E0,1.707492513E0,3.208831970E0
4.648950467E1,-5.280722782E-2,-1.201419214E0,1.692730340E0,2.076423062E0
4.649951667E1,1.249685933E-1,3.592219394E-1,1.513689766E0,1.560741573E0
4.650952767E1,4.803220148E-1,1.848020693E0,1.223198777E0,2.267620993E0
4.651953967E1,8.921892142E-1,3.278883480E0,1.445022404E0,3.692582865E0
4.652955067E1,1.126431597E0,4.621483131E0,1.685910147E0,5.046706599E0
4.653956267E1,1.384548892E0,5.699002184E0,1.755380332E0,6.121842994E0
4.654957367E1,1.816938356E0,6.654478152E0,1.699237121E0,7.104276970E0
4.655958567E1,2.384478902E0,7.481838117E0,1.720793467E0,8.038953377E0
4.656959667E1,2.490108414E0,8.062405236E0,1.468052832E0,8.564940001E0
4.657960867E1,2.441900898E0,8.505638216E0,1.152425394E0,8.923947879E0
4.658961967E1,3.031639813E0,8.927998974E0,1.360159425E0,9.526281504E0
4.659963167E1,3.494668542E0,9.183887749E0,1.639868002E0,9.962212077E0
4.660964267E1,3.492114185E0,9.155305390E0,1.849137511E0,9.971649202E0
4.661965367E1,3.435511091E0,8.618158525E0,2.068513348E0,9.505479488E0
4.662966567E1,3.756664733E0,7.668939078E0,2.396180788E0,8.869432838E0
4.663967667E1,3.674373359E0,6.337861365E0,2.373063236E0,7.700710057E0
4.664968867E1,3.283295496E0,4.763797928E0,2.251334732E0,6.208245170E0
4.665969967E1,3.080655853E0,2.810678796E0,2.517033380E0,4.870914987E0
4.666971167E1,2.858307584E0,8.276330298E-1,2.876771629E0,4.138926634E0
4.667972267E1,2.706699807E0,-8.646295327E-1,3.227423304E0,4.300008053E0
4.668973467E1,2.211740457E0,-2.179380065E0,3.467263227E0,4.654396588E0
4.669974567E1,1.425903909E0,-3.089513215E0,3.609989083E0,4.960878455E0
4.670975767E1,5.040963551E-1,-3.421835039E0,3.648571351E0,5.027438818E0
4.671976867E1,-2.858250573E-1,-2.798242938E0,3.299732312E0,4.335907383E0
4.672978067E1,-1.119953613E0,-1.564395066E0,2.680532055E0,3.299527256E0
4.673979167E1,-1.691242516E0,-3.564643925E-1,2.107527140E0,2.725626306E0
4.674980367E1,-1.844161823E0,6.810491806E-1,1.482004874E0,2.461929987E0
4.675981467E1,-1.764919479E0,1.636250914E0,9.340190256E-1,2.581598219E0
4.676982667E1,-1.537636014E0,3.071254699E0,-1.681169225E0,3.824037121E0
4.677983767E1,-9.060921389E-1,4.511145002E0,-3.251257725E0,5.634013577E0
4.678984967E1,-5.038580811E-1,5.097414325E0,-2.201360334E0,5.575257222E0
4.679986067E1,8.013609052E-2,5.857268186E0,-1.664866749E0,6.089810644E0
4.680987267E1,1.171401071E0,6.770164145E0,-1.348873714E0,7.001911404E0
4.681988367E1,2.912268029E0,7.703944019E0,-1.483443874E0,8.368552100E0
4.682989567E1,3.975645298E0,8.622100133E0,-1.823043873E0,9.667980927E0
4.683990667E1,4.606925903E0,8.856936593E0,-2.256649120E0,1.023530934E1
4.684991767E1,5.278732975E0,8.165876395E0,-2.239439741E0,9.978058401E0
4.685992967E1,4.551063359E0,6.430407001E0,-1.508245423E0,8.021042087E0
4.686994067E1,2.852348394E0,4.737902949E0,-1.172985958E0,5.653274429E0
4.687995267E1,2.569310119E0,2.991953006E0,-9.077657582E-1,4.046872367E0
4.688996367E1,2.133833471E0,1.278527616E0,-8.576087809E-1,2.631229935E0
4.689997567E1,1.203078946E0,-4.139945626E-1,-3.867716807E-1,1.329805543E0
4.690998667E1,3.298810498E-1,-2.107395578E0,1.021672735E0,2.365111584E0
4.691999867E1,-6.038212028E-1,-3.693393767E0,1.635816466E0,4.084317945E0
4.693000967E1,-2.336324888E0,-5.615376475E0,1.662007315E0,6.305008744E0
4.694002167E1,-2.623336638E0,-7.828588530E0,1.465207870E0,8.385435445E0
4.695003267E1,-2.440092793E0,-9.936805058E0,1.664207037E0,1.036647156E1
4.696004467E1,-1.928248877E0,-1.189785360E1,1.846041995E0,1.219364322E1
4.697005567E1,-1.393173096E0,-1.372694685E1,2.280898839E0,1.398472383E1
4.698006767E1,-1.699785005E0,-1.528280440E1,2.659024534E0,1.560524883E1
4.699007867E1,-2.317840962E0,-1.535330779E1,2.444813835E0,1.571857377E1
4.700009067E1,-2.567156882E0,-1.333352163E1,9.206508288E-1,1.360958087E1
4.701010167E1,-3.247536264E0,-1.092428985E1,-3.895885769E-1,1.140343719E1
4.702011367E1,-3.569412915E0,-9.588137342E0,-8.575710663E-1,1.026686488E1
4.703012467E1,-3.186871694E0,-8.906389419E0,-1.297427571E0,9.547944386E0
4.704013667E1,-2.710308416E0,-8.540129187E0,-1.566737168E0,9.095836607E0
4.705014767E1,-2.411341157E0,-8.333002682E0,-1.489979306E0,8.801905373E0
4.706015967E1,-2.276262874E0,-7.960882369E0,-1.111872615E0,8.354237337E0
4.707017067E1,-2.037925978E0,-7.323986099E0,-6.399876934E-1,7.629121766E0
4.708018267E1,-1.586127120E0,-6.527928033E0,-2.968947136E-1,6.724417456E0
4.709019367E1,-9.183651522E-1,-5.615710351E0,4.835735053E-2,5.690512783E0
4.710020467E1,-1.971416532E-1,-4.680461072E0,3.783923283E-1,4.699868235E0
4.711021667E1,-1.579762718E-1,-3.711365769E0,7.123779774E-1,3.782416523E0
4.712022767E1,-3.137947749E-1,-2.586822823E0,9.180871171E-1,2.762789067E0
4.713023967E1,9.567199633E-2,-1.203133618E0,7.769451253E-1,1.435384046E0
4.714025067E1,6.638513499E-1,2.517752588E-1,5.090287739E-1,8.736130084E-1
4.715026267E1,1.080651407E0,1.707016257E0,3.628939909E-1,2.052657793E0
4.716027367E1,1.630102859E0,3.183256946E0,3.281303935E-1,3.591382696E0
4.717028567E1,2.259979840E0,4.618586420E0,2.476716097E-1,5.147833586E0
4.718029667E1,2.626275741E0,6.056232562E0,2.255130013E-1,6.605008193E0
4.719030867E1,2.981575953E0,7.298018029E0,3.754519828E-1,7.892517121E0
4.720031967E1,3.334248426E0,8.204889602E0,7.283508164E-1,8.886389641E0
4.721033167E1,3.616936452E0,8.915963650E0,8.836388308E-1,9.662166149E0
4.722034267E1,3.625349718E0,9.371644183E0,9.466636294E-1,1.009292065E1
4.723035467E1,3.528609874E0,9.594796152E0,9.731959552E-1,1.026928971E1
4.724036567E1,3.466712419E0,9.632889007E0,1.094066674E0,1.029600056E1
4.725037767E1,3.375430658E0,9.533039029E0,1.261337972E0,1.019133646E1
4.726038867E1,2.771013624E0,8.975321075E0,1.504579804E0,9.513078644E0
4.727040067E1,2.528842125E0,8.343672681E0,1.823040218E0,8.907041705E0
4.728041167E1,2.668445860E0,7.575120503E0,2.161074772E0,8.317048642E0
4.729042367E1,2.694125662E0,6.555168457E0,2.533108546E0,7.526299588E0
4.730043467E1,2.666572120E0,4.563758833E0,2.562125938E0,5.873924657E0
4.731044667E1,2.653422024E0,1.623824412E0,2.522148525E0,4.004832998E0
4.732045767E1,2.304062583E0,-1.157816527E0,2.951335323E0,3.919135579E0
4.733046867E1,2.165412236E0,-3.585028489E0,3.674961004E0,5.571963550E0
4.734048067E1,1.579172442E0,-5.742800168E0,4.462126039E0,7.442049997E0
4.735049167E1,6.433856566E-1,-7.251695802E0,4.685132997E0,8.657453916E0
4.736050404E1,-3.691243453E-1,-6.927150190E0,3.974513862E0,7.994899811E0
4.737051504E1,-1.427390564E0,-4.749962831E0,2.602798001E0,5.601263085E0
4.738052704E1,-1.813203740E0,-2.298189640E0,1.656144458E0,3.363361100E0
4.739053804E1,-1.806877637E0,-5.601872331E-1,1.085844319E0,2.181209393E0
4.740055004E1,-1.875638262E0,1.175396181E0,-9.722691715E-1,2.417619162E0
4.741056104E1,-1.490310113E0,3.174268606E0,-3.476488379E0,4.937912196E0
4.742057304E1,-1.392309755E0,3.684774386E0,-2.741131428E0,4.798946784E0
4.743058404E1,-9.142400877E-1,4.260186599E0,-2.499537342E0,5.023217268E0
4.744059604E1,-1.081699812E-1,5.271473072E0,-2.401281899E0,5.793641674E0
4.745060704E1,7.568863982E-1,6.377033617E0,-2.461061786E0,6.877227631E0
4.746061904E1,1.573569786E0,7.566996381E0,-3.171467789E0,8.354266218E0
4.747063004E1,2.287843430E0,8.868013558E0,-4.297785950E0,1.011666230E1
4.748064204E1,2.998454525E0,9.717677727E0,-4.702630790E0,1.120440656E1
4.749065304E1,2.934240988E0,9.970273350E0,-4.479488177E0,1.131732898E1
4.750066504E1,2.150786596E0,9.860245124E0,-4.108002287E0,1.089614609E1
4.751067604E1,1.802375427E0,8.980196484E0,-3.236278328E0,9.714215536E0
4.752068804E1,2.110669873E0,7.617912181E0,-2.098378587E0,8.178673854E0
4.753069904E1,1.946995928E0,6.186431344E0,-3.755024882E-1,6.496439643E0
4.754071104E1,7.609781335E-1,3.862333860E0,2.019582678E0,4.424412364E0
4.755072204E1,-4.419324128E-1,9.032246643E-1,4.085267143E0,4.207199387E0
4.756073304E1,-1.258622963E0,-2.122863218E0,5.290349638E0,5.837677560E0
4.757074504E1,-2.742692343E0,-5.146326284E0,5.939108739E0,8.323463710E0
4.758075604E1,-2.741331403E0,-8.038881302E0,6.230400066E0,1.053358417E1
4.759076804E1,-2.409800854E0,-1.038664539E1,5.929033402E0,1.220012212E1
4.760077904E1,-3.295443379E0,-1.193336023E1,4.428230315E0,1.314816554E1
4.761079104E1,-3.805377595E0,-1.181621594E1,2.927531308E0,1.275438346E1
4.762080204E1,-3.030675315E0,-9.902458513E0,1.774763852E0,1.050682941E1
4.763081404E1,-1.925334333E0,-8.237401875E0,9.699811560E-1,8.514843827E0
4.764082504E1,-2.004070015E0,-7.932974194E0,4.789273077E-1,8.196203240E0
4.765083704E1,-2.166347206E0,-8.786141430E0,-1.914840335E-1,9.051298668E0
4.766084804E1,-2.339549920E0,-1.067004356E1,-1.026419943E0,1.097163895E1
4.767086004E1,-2.908558555E0,-1.276356194E1,-1.945105523E0,1.323448759E1
4.768087104E1,-3.280873872E0,-1.417987452E1,-2.373602350E0,1.474676110E1
4.769088304E1,-3.251248954E0,-1.434775276E1,-2.113330502E0,1.486252989E1
4.770089404E1,-2.520672103E0,-1.285621692E1,-1.830755912E0,1.322829424E1
4.771090604E1,-1.916553861E0,-1.042679471E1,-1.367499142E0,1.068930683E1
4.772091704E1,-1.645579562E0,-8.474820465E0,-7.967588541E-1,8.669794616E0
4.773092904E1,-1.359935769E0,-7.196986329E0,-2.933887231E-1,7.330219264E0
4.774094004E1,-1.222008284E0,-6.088930192E0,1.517533726E-1,6.212198018E0
4.775095204E1,-1.128403278E0,-5.004964584E0,4.580597645E-1,5.150998271E0
4.776096304E1,-8.534161811E-1,-3.973788223E0,7.073063949E-1,4.125481106E0
4.777097404E1,-6.477606896E-1,-2.881568100E0,8.613473444E-1,3.076515541E0
4.778098604E1,-4.360720409E-1,-1.833588011E0,8.515031183E-1,2.068154099E0
4.779099704E1,-4.853364408E-2,-7.267381543E-1,6.661668473E-1,9.870573074E-1
4.780100904E1,2.230543202E-1,6.636350030E-1,6.159164608E-1,9.324793475E-1
4.781102004E1,7.068454881E-1,2.152800962E0,6.762549023E-1,2.364635959E0
4.782103204E1,8.198810837E-1,3.679415998E0,6.912945988E-1,3.832518141E0
4.783104304E1,1.036424968E0,5.138785130E0,8.054593648E-1,5.303777344E0
4.784105504E1,1.298118858E0,6.496169466E0,8.062053233E-1,6.673477154E0
4.785106604E1,1.561940989E0,7.515486504E0,6.714211553E-1,7.705387947E0
4.786107804E1,1.735710152E0,8.264782632E0,5.238603095E-1,8.461309078E0
4.787108904E1,1.735932785E0,8.828731964E0,4.545427008E-1,9.009249679E0
4.788110104E1,2.254360958E0,9.170401146E0,5.894648266E-1,9.461811100E0
4.789111204E1,2.975721136E0,9.336771389E0,8.482941663E-1,9.836148598E0
4.790112404E1,3.694548300E0,9.344934102E0,1.099014587E0,1.010867516E1
4.791113504E1,4.049618424E0,8.646430398E0,1.159106423E0,9.617884159E0
4.792114704E1,4.233506924E0,7.570481907E0,1.332450639E0,8.775545674E0
4.793115804E1,4.936067426E0,6.931029233E0,1.795801549E0,8.696483834E0
4.794117004E1,5.442348593E0,6.095608882E0,2.070949298E0,8.429972529E0
4.795118104E1,5.373743212E0,4.820171519E0,1.938189436E0,7.474473083E0
4.796119304E1,5.442317019E0,3.311831955E0,2.101161861E0,6.708347531E0
4.797120404E1,4.475375538E0,1.773233635E0,2.447666692E0,5.400408870E0
4.798121604E1,3.356583913E0,2.042789108E-1,2.561611383E0,4.227320465E0
4.799122704E1,1.975897107E0,-1.604234485E0,2.444329101E0,3.528807506E0
4.800123804E1,1.626672006E-1,-3.196987962E0,2.299690036E0,3.941543721E0
4.801125004E1,-1.161202796E0,-3.794212629E0,2.556844733E0,4.720370366E0
4.802126104E1,-1.662012431E0,-3.144978733E0,2.826050541E0,4.543097865E0
4.803127304E1,-1.309506019E0,-1.210522744E0,2.114375399E0,2.765999757E0
4.804128404E1,-9.201625863E-1,1.077402694E0,1.062768867E0,1.771150308E0
4.805129604E1,-1.939157443E-1,3.051522685E0,2.833432066E-1,3.070777978E0
4.806130704E1,4.721395674E-1,4.752264880E0,-4.465653080E-1,4.796494328E0
4.807131904E1,4.136925539E-1,6.653915650E0,-2.410684807E0,7.089226774E0
4.808133004E1,6.581219557E-1,8.172089061E0,-3.469467042E0,8.902435941E0
4.809134204E1,1.447532760E0,8.839581472E0,-3.050026968E0,9.462357856E0
4.810135304E1,1.825595159E0,9.030812906E0,-2.456434591E0,9.535326441E0
4.811136504E1,1.628245199E0,9.004670590E0,-1.374952880E0,9.253419383E0
4.812137604E1,1.877550009E0,8.220723277E0,-3.087452656E-1,8.438057174E0
4.813138804E1,2.297684002E0,6.679496049E0,3.105462080E-1,7.070463789E0
4.814139904E1,2.323466422E0,4.794354308E0,1.186236334E0,5.458157755E0
4.815141104E1,1.877433065E0,2.640934126E0,2.002707468E0,3.809215821E0
4.816142204E1,1.316292736E0,2.647385359E-1,2.606157811E0,2.931684088E0
4.817143404E1,5.669200096E-1,-2.206857301E0,2.777960116E0,3.592865131E0
4.818144504E1,-6.859712206E-1,-4.634591419E0,2.259312673E0,5.201392880E0
4.819145704E1,-2.115221199E0,-6.876789876E0,1.512983715E0,7.352109863E0
4.820146804E1,-2.954225602E0,-8.771583617E0,6.465628874E-1,9.278263394E0
4.821147904E1,-3.323457389E0,-1.008458525E1,-1.192978173E-1,1.061877868E1
4.822149104E1,-3.038196296E0,-1.030456686E1,-6.197273836E-1,1.076098494E1
4.823150204E1,-2.295239135E0,-9.608224867E0,-2.511680254E-1,9.881760631E0
4.824151404E1,-9.805747759E-1,-8.682561513E0,5.801162982E-1,8.756993561E0
4.825152504E1,-1.029209358E-1,-7.978057396E0,6.996330938E-1,8.009336989E0
4.826153704E1,-3.891252581E-1,-8.159153266E0,1.816037008E-1,8.170445544E0
4.827154804E1,-1.517084513E0,-9.139481655E0,-7.380569020E-1,9.293890376E0
4.828156004E1,-2.772466072E0,-9.899509177E0,-1.293902285E0,1.036151694E1
4.829157104E1,-2.884735244E0,-1.039310656E1,-1.213575283E0,1.085408340E1
4.830158304E1,-3.188763853E0,-1.056139177E1,-8.740768790E-1,1.106685237E1
4.831159404E1,-3.381544214E0,-1.005778161E1,-4.486097869E-1,1.062050201E1
4.832160604E1,-3.181101077E0,-8.967603920E0,-5.108273774E-2,9.515247426E0
4.833161704E1,-3.246933416E0,-7.704027050E0,3.809118935E-1,8.368972653E0
4.834162904E1,-2.911706403E0,-6.769556619E0,7.944436491E-1,7.411887189E0
4.835164004E1,-1.921453974E0,-6.165767283E0,1.100599768E0,6.551335087E0
4.836165187E1,-9.297738739E-1,-5.564424423E0,1.239971515E0,5.776229564E0
4.837166287E1,-4.421127994E-1,-4.823861112E0,1.088038487E0,4.964768625E0
4.838167487E1,2.253439437E-1,-3.819153927E0,8.531166574E-1,3.919760789E0
4.839168587E1,7.489119655E-1,-2.623873120E0,6.487813210E-1,2.804727524E0
4.840169788E1,9.620460458E-1,-1.414184189E0,4.503478718E-1,1.768689549E0
4.841170887E1,1.198575128E0,-2.069797397E-1,2.962379251E-1,1.251870544E0
4.842172087E1,1.507669473E0,1.099656612E0,1.445266525E-1,1.871683695E0
4.843173187E1,1.733180062E0,2.390669788E0,3.432257116E-2,2.953031188E0
4.844174287E1,2.026015931E0,3.678468164E0,-7.609420270E-3,4.199515030E0
4.845175487E1,2.234909610E0,4.876493070E0,-3.958448052E-2,5.364379979E0
4.846176587E1,2.278334981E0,6.003105930E0,-2.629500188E-2,6.420964298E0
4.847177787E1,2.135856315E0,6.973063112E0,4.092115402E-2,7.292953168E0
4.848178888E1,2.136204517E0,7.789596373E0,1.308220947E-1,8.078260692E0
4.849180087E1,2.261876677E0,8.515353364E0,2.961597186E-1,8.815613399E0
4.850181187E1,2.424578814E0,9.041948344E0,5.982292181E-1,9.380473894E0
4.851182387E1,2.520788462E0,9.253320512E0,8.070736349E-1,9.624431558E0
4.852183487E1,2.452470325E0,9.027711543E0,1.120507783E0,9.421768628E0
4.853184687E1,2.675995785E0,8.310834718E0,1.486847538E0,8.856728671E0
4.854185788E1,3.091831928E0,7.446500469E0,2.123453786E0,8.337796465E0
4.855186987E1,2.911851414E0,6.644635534E0,2.598954041E0,7.706141846E0
4.856188087E1,2.731397276E0,5.619772997E0,2.820045451E0,6.855292551E0
4.857189288E1,2.565443063E0,4.295465775E0,2.697720530E0,5.684207983E0
4.858190387E1,2.210798324E0,2.633264918E0,2.485394096E0,4.242510716E0
4.859191587E1,2.052160732E0,7.428144890E-1,2.441711887E0,3.274918927E0
4.860192688E1,1.663083495E0,-1.128581033E0,2.463461190E0,3.179336864E0
4.861193887E1,1.404354873E0,-2.680011068E0,2.493902965E0,3.920997823E0
4.862194987E1,9.602662995E-1,-3.655091581E0,2.555326796E0,4.561962392E0
4.863196188E1,9.088078782E-2,-3.555029933E0,2.627746900E0,4.421713573E0
4.864197287E1,-6.762037392E-1,-2.240989253E0,2.041986870E0,3.106283101E0
4.865198387E1,-1.049416165E0,-5.679488271E-1,1.273965619E0,1.745516702E0
4.866199588E1,-8.435332172E-1,1.126960185E0,9.346073468E-2,1.410787885E0
4.867200687E1,-6.462060611E-1,3.330945334E0,-2.577493005E0,4.261015053E0
4.868201887E1,-1.228922908E0,4.504714819E0,-2.954491650E0,5.525552282E0
4.869202988E1,-1.422263725E0,5.508030367E0,-2.774171705E0,6.329080603E0
4.870204187E1,-8.771525145E-1,6.729162299E0,-2.890474579E0,7.376033153E0
4.871205287E1,1.342845234E-1,7.882410981E0,-3.432774010E0,8.598509906E0
4.872206488E1,6.274169107E-1,8.965381393E0,-3.787395945E0,9.752747487E0
4.873207587E1,1.213568997E0,9.638384805E0,-3.397621719E0,1.029150352E1
4.874208787E1,1.471361626E0,9.764636132E0,-2.556817251E0,1.020050677E1
4.875209888E1,1.841233830E0,9.090055141E0,-1.472593342E0,9.390834661E0
4.876211087E1,2.233172549E0,8.006984741E0,-5.157191581E-1,8.328555128E0
4.877212187E1,2.508378332E0,6.314844970E0,1.082450595E0,6.880474413E0
4.878213388E1,1.779612655E0,3.782267352E0,2.449326716E0,4.844767165E0
4.879214487E1,8.412650822E-1,5.377502972E-1,3.343459545E0,3.489358687E0
4.880215687E1,1.054678367E-1,-3.088232090E0,4.307258440E0,5.301016522E0
4.881216788E1,-6.387460372E-1,-6.719227880E0,5.131403021E0,8.478638851E0
4.882217987E1,-1.714765718E0,-1.067332034E1,5.859673145E0,1.229617656E1
4.883219087E1,-3.941853070E0,-1.439511053E1,5.379102770E0,1.586480883E1
4.884220288E1,-5.618436323E0,-1.690196624E1,4.674779332E0,1.841458257E1
4.885221387E1,-4.875968282E0,-1.740318255E1,4.618925267E0,1.865423009E1
4.886222487E1,-2.943773119E0,-1.594677562E1,4.693380202E0,1.688174371E1
4.887223688E1,-1.524337838E0,-1.328799988E1,3.903790619E0,1.393320236E1
4.888224787E1,-1.588214576E0,-1.088607362E1,2.077394099E0,1.119573984E1
4.889225987E1,-2.215753547E0,-9.293375693E0,2.448404610E-2,9.553899467E0
4.890227087E1,-2.448807483E0,-8.708093380E0,-1.231778250E0,9.129338752E0
4.891228287E1,-1.965264384E0,-8.932655112E0,-2.116157631E0,9.387902565E0
4.892229387E1,-1.731760797E0,-9.070865749E0,-2.819664505E0,9.655573976E0
4.893230588E1,-1.750967584E0,-9.054822158E0,-2.980062401E0,9.692082527E0
4.894231687E1,-1.672143463E0,-8.612269794E0,-2.603660173E0,9.151300512E0
4.895232887E1,-1.142224269E0,-7.631202902E0,-1.931089455E0,7.954183836E0
4.896233987E1,-8.361706956E-1,-6.517118286E0,-1.329651577E0,6.703729223E0
4.897235187E1,-5.469359075E-1,-5.031902121E0,-8.493408179E-1,5.132305298E0
4.898236287E1,-1.299330255E-1,-3.514532703E0,-4.516401064E-1,3.545814645E0
4.899237488E1,2.153425737E-1,-2.076386624E0,-2.517559630E-1,2.102649496E0
4.900238587E1,4.409318081E-1,-6.233242983E-1,-1.132804477E-1,7.718720749E-1
4.901239787E1,6.817112316E-1,7.677230430E-1,2.687000245E-2,1.027059332E0
4.902240887E1,1.042561036E0,2.073610366E0,1.367663741E-3,2.320947077E0
4.903242087E1,1.457633094E0,3.326466367E0,-2.838812967E-1,3.642891889E0
4.904243187E1,1.958993391E0,4.693821375E0,-1.818859752E-1,5.089469197E0
4.905244387E1,2.386100919E0,6.001868659E0,1.688083850E-2,6.458807163E0
4.906245487E1,2.619189500E0,7.230810717E0,7.906071447E-2,7.690970541E0
4.907246588E1,2.656882991E0,8.195662696E0,3.316406963E-1,8.621942925E0
4.908247787E1,2.757779036E0,8.878460779E0,6.287166736E-1,9.318137993E0
4.909248887E1,2.775893418E0,9.311330738E0,7.501077211E-1,9.745210412E0
4.910250087E1,2.740233004E0,9.544759188E0,8.056176782E-1,9.962947592E0
4.911251187E1,2.783333415E0,9.595991907E0,9.281659627E-1,1.003451532E1
4.912252387E1,2.915767295E0,9.483077495E0,1.168737956E0,9.989815119E0
4.913253488E1,2.904677173E0,8.693701043E0,1.389899533E0,9.270890357E0
4.914254687E1,2.966052765E0,7.862823978E0,1.688951869E0,8.571699267E0
4.915255787E1,3.029740053E0,6.969744818E0,2.122867895E0,7.890705654E0
4.916256988E1,3.380568314E0,5.387193562E0,2.507621702E0,6.836538832E0
4.917258087E1,3.735232641E0,2.764582856E0,2.369025149E0,5.216048448E0
4.918259287E1,3.588074888E0,-7.918299437E-3,2.332613368E0,4.279652933E0
4.919260388E1,3.274598055E0,-2.044002990E0,2.946282159E0,4.856080643E0
4.920261587E1,3.085410224E0,-3.554032398E0,3.678112653E0,5.973224860E0
4.921262687E1,2.769114448E0,-4.919756618E0,3.647784315E0,6.721482755E0
4.922263888E1,2.127979824E0,-5.573957139E0,3.566258926E0,6.950935120E0
4.923264987E1,6.526898924E-1,-4.971542484E0,3.251144289E0,5.975966696E0
4.924266187E1,-6.103295924E-1,-3.279260041E0,2.587489990E0,4.221510757E0
4.925267288E1,-1.288863008E0,-1.699177480E0,1.971692812E0,2.904469747E0
4.926268487E1,-1.910306111E0,-5.400710571E-1,1.207238363E0,2.323439401E0
4.927269587E1,-2.580939354E0,1.036630644E0,-1.510463272E0,3.165019801E0
4.928270788E1,-3.138589481E0,2.591649699E0,-3.480611835E0,5.355562607E0
4.929271887E1,-3.638944495E0,3.521285652E0,-2.701375040E0,5.739233118E0
4.930273087E1,-3.310089777E0,4.686223503E0,-1.972183540E0,6.066868465E0
4.931274188E1,-2.035584461E0,5.842426783E0,-1.399159184E0,6.343122357E0
4.932275287E1,-7.555722365E-1,7.157223508E0,-1.462971602E0,7.344182981E0
4.933276487E1,3.886761189E-2,8.269090276E0,-1.727162400E0,8.447630120E0
4.934277588E1,1.582122070E0,8.797516018E0,-2.492548165E0,9.279665656E0
4.935278787E1,2.979924114E0,8.604949080E0,-3.519040906E0,9.762619797E0
4.936279875E1,3.536972562E0,7.909940842E0,-4.398935180E0,9.717405505E0
4.937281075E1,3.702112550E0,6.878836402E0,-4.462861034E0,8.996730305E0
4.938282175E1,3.920266319E0,5.795263726E0,-4.084837958E0,8.101818981E0
4.939283375E1,3.123859760E0,4.414023920E0,-3.122339191E0,6.244286107E0
4.940284475E1,2.131427781E0,2.482315537E0,-2.916948725E0,4.383316629E0
4.941285675E1,-2.336671628E-1,-4.562781179E-1,-6.123759132E0,6.145178270E0
4.942286775E1,-1.570319757E0,-1.966698121E0,-5.251082661E0,5.823029688E0
4.943287975E1,-1.471824287E0,-1.966354305E0,-1.760917060E0,3.022192065E0
4.944289075E1,1.499430746E-2,-1.350910299E0,2.215767142E0,2.595150765E0
4.945290275E1,1.395128552E0,-2.053557925E0,4.661107373E0,5.281042110E0
4.946291375E1,1.436151009E0,-3.823111323E0,6.290939798E0,7.500308890E0
4.947292575E1,1.216406066E0,-6.493491442E0,5.044650221E0,8.312254247E0
4.948293675E1,-1.738852665E-1,-9.956973274E0,4.279030714E0,1.083889555E1
4.949294875E1,-2.478594077E0,-1.360935701E1,3.932047289E0,1.438120380E1
4.950295975E1,-4.737880729E0,-1.667333309E1,4.026913100E0,1.779504367E1
4.951297175E1,-6.254130406E0,-1.816846263E1,5.429657797E0,1.996718220E1
4.952298275E1,-5.779590849E0,-1.650015728E1,6.434700612E0,1.862966002E1
4.953299475E1,-5.229164373E0,-1.314506353E1,4.695146646E0,1.490574578E1
4.954300575E1,-4.328429453E0,-1.068288872E1,2.542536888E0,1.180355484E1
4.955301675E1,-2.411545517E0,-9.527104690E0,1.408063323E0,9.927936235E0
4.956302875E1,-1.005363462E0,-8.960088494E0,5.924843287E-1,9.035761129E0
4.957303975E1,-3.760765751E-1,-8.568674709E0,-2.294026423E-1,8.579990992E0
4.958305175E1,1.634970301E-1,-8.201485353E0,-6.160965550E-1,8.226218344E0
4.959306275E1,5.387507558E-1,-7.826209883E0,-7.041275561E-1,7.876268731E0
4.960307475E1,7.696715545E-1,-6.986347986E0,-8.521311092E-1,7.080083327E0
4.961308575E1,1.085618543E0,-5.585303661E0,-8.818527988E-1,5.757764233E0
4.962309775E1,1.238954538E0,-3.819463245E0,-7.018649760E-1,4.076263273E0
4.963310875E1,1.285913234E0,-2.017509840E0,-5.737435640E-1,2.460304956E0
4.964312075E1,9.054114499E-1,-5.411142004E-1,-4.838120717E-1,1.160451891E0
4.965313175E1,7.129628451E-1,7.178264129E-1,-2.200111368E-1,1.035372241E0
4.966314375E1,6.804755688E-1,1.971523828E0,5.708563551E-2,2.086435231E0
4.967315475E1,8.453440998E-1,3.369572625E0,2.363795400E-1,3.482025504E0
4.968316675E1,1.124200446E0,4.757056088E0,2.578242034E-1,4.894883307E0
4.969317775E1,1.598239920E0,6.003545641E0,1.341753998E-1,6.214091578E0
4.970318975E1,2.126086203E0,7.001685233E0,-9.789993167E-2,7.318020432E0
4.971320075E1,2.486090500E0,7.794090543E0,-3.994595540E-1,8.190730205E0
4.972321275E1,2.682133023E0,8.410771235E0,-5.484307482E-1,8.845093928E0
4.973322375E1,2.843864669E0,8.921139606E0,-4.934365156E-1,9.376448033E0
4.974323575E1,2.900320705E0,9.247272152E0,-4.390878521E-1,9.701376221E0
4.975324675E1,2.883247420E0,9.438186666E0,-3.452237052E-1,9.874799372E0
4.976325875E1,2.956107236E0,9.456596625E0,-1.380597873E-1,9.908826884E0
4.977326975E1,3.180939109E0,9.482824895E0,2.922134328E-1,1.000638448E1
4.978328175E1,3.500166678E0,9.446814818E0,9.894588161E-1,1.012287043E1
4.979329275E1,3.346374382E0,8.755176914E0,1.817746149E0,9.547541326E0
4.980330475E1,3.345098519E0,7.912610680E0,2.508808687E0,8.949481153E0
4.981331575E1,3.723377412E0,6.881667624E0,2.948228112E0,8.361395675E0
4.982332775E1,4.154491745E0,5.052479643E0,2.947293727E0,7.174530822E0
4.983333875E1,4.081158012E0,2.163475639E0,2.760821342E0,5.381320660E0
4.984334975E1,3.264076576E0,-1.057327448E0,2.872135956E0,4.474516977E0
4.985336175E1,1.928438619E0,-4.479937828E0,3.185828551E0,5.825652067E0
4.986337275E1,9.712576032E-2,-7.879157006E0,3.605351071E0,8.665396983E0
4.987338475E1,-1.581911716E0,-9.845314844E0,4.710588266E0,1.102825058E1
4.988339575E1,-2.330638032E0,-9.348445355E0,4.296557450E0,1.054920424E1
4.989340775E1,-2.537600669E0,-7.060914019E0,2.426981581E0,7.885820410E0
4.990341875E1,-2.386145212E0,-4.069924634E0,4.229910886E-1,4.736760176E0
4.991343075E1,-2.693994099E0,-1.466937768E0,-2.444042003E0,3.922097900E0
4.992344175E1,-3.596327063E0,4.418506980E-2,-4.840532109E0,6.030445403E0
4.993345375E1,-3.771460528E0,1.937038704E0,-7.474660075E0,8.593403092E0
4.994346475E1,-3.095987837E0,4.272384476E0,-8.850207617E0,1.030361998E1
4.995347675E1,-2.627620016E0,7.308468758E0,-9.586819965E0,1.233795848E1
4.996348775E1,-1.670110386E0,9.629088902E0,-7.918865447E0,1.257843598E1
4.997349975E1,-9.153900889E-1,1.117986580E1,-6.365097696E0,1.289735659E1
4.998351075E1,-3.032041517E-1,1.170044692E1,-5.251122422E0,1.282835444E1
4.999352275E1,1.901518916E-1,1.152307982E1,-3.749011897E0,1.211910131E1
5.000353375E1,8.023144399E-1,1.101638935E1,-9.648168951E-1,1.108762438E1
5.001354575E1,1.231629877E0,1.036576381E1,2.582835606E0,1.075346509E1
5.002355675E1,1.099541568E0,9.685140896E0,6.064097652E0,1.147973110E1
5.003356875E1,2.819533235E0,8.384717211E0,9.564287134E0,1.302800210E1
5.004357975E1,4.082395576E0,6.572145263E0,1.141596351E1,1.379069504E1
5.005359175E1,3.548356214E0,4.518283868E0,1.027844734E1,1.177506691E1
5.006360275E1,1.652676035E0,1.634086860E0,8.530799369E0,8.841725840E0
5.007361475E1,-1.096378955E0,-2.927141883E0,6.710682759E0,7.402936546E0
5.008362575E1,-4.039057183E0,-7.973186665E0,5.193389938E0,1.033716535E1
5.009363775E1,-5.029308881E0,-1.252942539E1,4.575531910E0,1.425538287E1
5.010364875E1,-4.775961891E0,-1.589534702E1,3.367267360E0,1.693547632E1
5.011365975E1,-3.129092140E0,-1.756823074E1,1.928236890E0,1.794859455E1
5.012367175E1,-5.977675074E-1,-1.741570261E1,1.238695214E0,1.746992814E1
5.013368275E1,1.319037857E0,-1.724905346E1,1.426341135E0,1.735811496E1
5.014369475E1,1.694507309E0,-1.667303138E1,8.877418220E-2,1.675915306E1
5.015370575E1,8.014766070E-1,-1.532899974E1,-1.992165376E0,1.547867309E1
5.016371775E1,-4.490387533E-2,-1.329037268E1,-3.576394490E0,1.376323436E1
5.017372875E1,-8.423723256E-1,-1.143733274E1,-4.560823239E0,1.234193178E1
5.018374075E1,-9.897885990E-1,-1.038576948E1,-4.709821403E0,1.144667230E1
5.019375175E1,-1.118033899E0,-9.569377720E0,-4.699395233E0,1.071948251E1
5.020376375E1,-9.078106356E-1,-8.782768171E0,-3.857397933E0,9.635385602E0
5.021377475E1,-8.959635188E-1,-8.103668452E0,-2.382862000E0,8.494128815E0
5.022378675E1,-1.088614730E0,-7.231093138E0,-1.114755877E0,7.397058244E0
5.023379775E1,-1.030705952E0,-6.106095278E0,1.498927885E-1,6.194289479E0
5.024380975E1,-8.980497323E-1,-4.750275657E0,1.216895040E0,4.985222731E0
5.025382075E1,-6.784731167E-1,-3.347923309E0,1.741868878E0,3.834452170E0
5.026383275E1,-3.911420359E-1,-1.968166357E0,1.791782758E0,2.690196340E0
5.027384375E1,-9.166731142E-2,-4.472734058E-1,1.505642682E0,1.573345569E0
5.028385575E1,4.475678131E-3,9.468109792E-1,1.427084755E0,1.712612612E0
5.029386675E1,1.299852850E-1,2.339727675E0,1.472878978E0,2.767777855E0
5.030387875E1,3.706038371E-1,3.767927055E0,1.435332983E0,4.049049552E0
5.031388975E1,7.364452632E-1,5.008256566E0,1.420827795E0,5.257731172E0
5.032390175E1,1.226715146E0,6.125870562E0,1.382779378E0,6.398687287E0
5.033391275E1,1.687166422E0,6.975011989E0,1.184855806E0,7.273321529E0
5.034392375E1,1.886512037E0,7.645658973E0,1.137680397E0,7.956717004E0
5.035393575E1,2.036594129E0,8.241178592E0,1.112760807E0,8.561715765E0
5.036394650E1,2.566248225E0,8.595150901E0,1.101537661E0,9.037457285E0
5.037395850E1,2.964683931E0,8.826566740E0,1.129245862E0,9.379383106E0
5.038396950E1,2.996388704E0,9.051943574E0,1.044623787E0,9.592041836E0
5.039398150E1,3.209498080E0,9.175191770E0,1.094491181E0,9.781765326E0
5.040399250E1,3.439558826E0,9.023227898E0,1.326580034E0,9.747257112E0
5.041400450E1,3.577080368E0,8.050656425E0,1.512141423E0,8.938408389E0
5.042401550E1,3.610162745E0,6.850759242E0,1.725100526E0,7.933608829E0
5.043402750E1,3.628204329E0,5.656287689E0,2.345971917E0,7.117657010E0
5.044403850E1,3.884845056E0,4.105979735E0,3.084456543E0,6.439329380E0
5.045405050E1,3.841827967E0,2.468553531E0,3.169845772E0,5.558895653E0
5.046406150E1,3.073657613E0,4.581275922E-1,2.984099611E0,4.308375854E0
5.047407350E1,2.245968888E0,-1.737607720E0,3.098264158E0,4.202725024E0
5.048408450E1,1.401210241E0,-3.723784670E0,3.260677589E0,5.144120989E0
5.049409650E1,6.630821487E-1,-5.154712946E0,3.274350718E0,6.142647321E0
5.050410750E1,-1.260886274E-1,-5.539356240E0,2.971014712E0,6.287073589E0
5.051411950E1,-7.964126989E-1,-4.391486412E0,2.048246899E0,4.910676272E0
5.052413050E1,-1.272307056E0,-2.664164529E0,1.005876628E0,3.119026398E0
5.053414250E1,-1.618174393E0,-1.058819658E0,-1.822110255E-2,1.933887133E0
5.054415350E1,-1.914240849E0,1.248185830E0,-4.754517812E0,5.275199098E0
5.055416550E1,-2.078661483E0,2.762410616E0,-5.479994722E0,6.479358620E0
5.056417650E1,-2.032656175E0,3.719831368E0,-4.280372357E0,6.024153389E0
5.057418850E1,-1.382785372E0,4.784920410E0,-3.630229220E0,6.163288319E0
5.058419950E1,-9.819754033E-1,5.737276888E0,-3.202579654E0,6.643578722E0
5.059421150E1,-7.838801423E-1,6.576838823E0,-3.021281471E0,7.279932603E0
5.060422250E1,-3.684723808E-1,7.180555653E0,-2.649365226E0,7.662590129E0
5.061423450E1,-3.021088220E-1,7.647403783E0,-2.175563588E0,7.956577862E0
5.062424550E1,-8.689744525E-2,8.234488792E0,-2.180721416E0,8.518797024E0
5.063425750E1,4.691444043E-1,8.300857029E0,-2.371797607E0,8.645793646E0
5.064426850E1,6.312733687E-1,7.550463964E0,-2.169065138E0,7.881170960E0
5.065427950E1,6.155812691E-1,6.228741796E0,-1.618916259E0,6.465064154E0
5.066429150E1,4.870528179E-1,4.816360304E0,-1.156040727E0,4.977045026E0
5.067430250E1,1.258062946E0,3.280777393E0,-3.871802549E-1,3.534986737E0
5.068431450E1,1.680992931E0,1.269415900E0,1.039914001E0,2.349164765E0
5.069432550E1,1.825357470E0,-1.104337308E0,3.247467560E0,3.885554829E0
5.070433750E1,1.028073024E0,-3.737558956E0,5.286030300E0,6.555028407E0
5.071434850E1,-8.683944087E-1,-6.695548995E0,6.238376838E0,9.192487736E0
5.072436050E1,-2.073544877E0,-1.004963761E1,6.356474807E0,1.207060795E1
5.073437150E1,-2.798714224E0,-1.279168822E1,5.450367465E0,1.418332099E1
5.074438350E1,-3.267171215E0,-1.400107368E1,4.316162287E0,1.501112017E1
5.075439450E1,-3.939761228E0,-1.402330830E1,2.964627798E0,1.486485494E1
5.076440650E1,-3.441440460E0,-1.341425296E1,1.510022685E0,1.393075244E1
5.077441750E1,-2.048953242E0,-1.254573679E1,4.549507999E-1,1.272009045E1
5.078442950E1,-9.912996657E-1,-1.195301389E1,-1.765900058E-1,1.199534911E1
5.079444050E1,-1.042673083E0,-1.171462291E1,-5.621419573E-1,1.177436031E1
5.080445250E1,-1.312559727E0,-1.110087694E1,-1.115308731E0,1.123370800E1
5.081446350E1,-1.210335852E0,-1.002224457E1,-1.759819538E0,1.024730520E1
5.082447550E1,-1.079626390E0,-8.650235181E0,-2.211812524E0,8.993568617E0
5.083448650E1,-1.099305413E0,-7.434019003E0,-2.575595876E0,7.943979169E0
5.084449850E1,-7.838695443E-1,-6.539932952E0,-2.802076373E0,7.157988997E0
5.085450950E1,-4.247311104E-1,-6.002082667E0,-2.569805963E0,6.542881288E0
5.086452150E1,-2.987316895E-1,-5.382269037E0,-1.949664305E0,5.732298973E0
5.087453250E1,-6.367661700E-2,-4.444011365E0,-1.265030781E0,4.620994980E0
5.088454350E1,3.580689416E-1,-3.229856915E0,-5.560637766E-1,3.296876702E0
5.089455550E1,8.742615779E-1,-1.943970578E0,5.404142886E-2,2.132199660E0
5.090456650E1,1.259941657E0,-6.200311464E-1,3.799602592E-1,1.454737571E0
5.091457850E1,1.258280755E0,7.239344144E-1,4.405746894E-1,1.517055553E0
5.092458950E1,1.244213670E0,2.146808735E0,2.692783141E-1,2.495869831E0
5.093460150E1,1.640212988E0,3.611596482E0,1.155484365E-1,3.968284168E0
5.094461250E1,2.248839286E0,5.061253390E0,1.738609640E-1,5.541100220E0
5.095462450E1,2.721571323E0,6.529379897E0,4.943791598E-1,7.091132706E0
5.096463550E1,2.838251926E0,7.782624153E0,7.958884230E-1,8.322160241E0
5.097464750E1,2.948856688E0,8.881010749E0,1.164202856E0,9.429924495E0
5.098465850E1,3.030291445E0,9.652385378E0,1.392013886E0,1.021219430E1
5.099467050E1,2.905598402E0,9.857675858E0,1.287377962E0,1.035729778E1
5.100468150E1,2.935159585E0,9.894298139E0,1.208696074E0,1.039101745E1
5.101469350E1,3.077304229E0,9.865263205E0,1.320166808E0,1.041806411E1
5.102470450E1,2.706476151E0,9.291402842E0,1.500658661E0,9.793219917E0
5.103471650E1,2.874222243E0,8.422503088E0,1.641135678E0,9.049477227E0
5.104472750E1,3.324352598E0,7.569351640E0,1.764501404E0,8.453393972E0
5.105473950E1,3.532710819E0,6.287344930E0,2.272861841E0,7.561524512E0
5.106475050E1,3.857263155E0,3.908334491E0,2.461025240E0,6.017491402E0
5.107476250E1,4.231035306E0,1.142167624E0,2.625377609E0,5.108699857E0
5.108477350E1,4.239183693E0,-1.432209985E0,2.952729299E0,5.361018013E0
5.109478550E1,3.765928185E0,-3.585694486E0,3.195607435E0,6.103386512E0
5.110479650E1,3.119638070E0,-5.091654233E0,3.396191490E0,6.869585224E0
5.111480850E1,1.668362946E0,-6.060788713E0,3.622464702E0,7.255263279E0
5.112481950E1,1.309656438E-1,-5.830552257E0,3.467010627E0,6.784736864E0
5.113483150E1,-1.102826533E0,-4.615563995E0,2.859516495E0,5.540441493E0
5.114484250E1,-1.666266134E0,-3.324170165E0,1.600419177E0,4.048196099E0
5.115485450E1,-1.999823328E0,-2.374187071E0,6.053855340E-2,3.104790252E0
5.116486550E1,-2.965007867E0,-1.072198087E0,-3.296805781E0,4.561776928E0
5.117487750E1,-3.894792047E0,-3.138335127E-1,-3.764121103E0,5.425541838E0
5.118488850E1,-4.167618159E0,3.420714712E-1,-3.694225826E0,5.579727454E0
5.119490050E1,-3.307647688E0,1.299597473E0,-3.506300992E0,4.992357506E0
5.120491150E1,-2.093157462E0,2.445674545E0,-3.385499271E0,4.671641837E0
5.121492350E1,-1.693877125E0,3.977927467E0,-3.518486005E0,5.574304478E0
5.122493450E1,-1.189760597E0,5.686494405E0,-3.155728839E0,6.611382110E0
5.123494650E1,-3.852967206E-1,7.174840000E0,-2.658584531E0,7.661256704E0
5.124495750E1,5.853828853E-1,8.441197806E0,-2.827676067E0,8.921448619E0
5.125496950E1,1.492709079E0,9.566761091E0,-3.719459485E0,1.037234193E1
5.126498050E1,2.246124570E0,1.032397493E1,-4.551551017E0,1.150417970E1
5.127499250E1,2.785070623E0,1.049916921E1,-3.765391703E0,1.149640584E1
5.128500350E1,3.053019572E0,1.032255523E1,-2.033607225E0,1.095498212E1
5.129501550E1,3.271864482E0,1.018391307E1,3.681406975E-3,1.069659741E1
5.130502650E1,3.025912758E0,9.886710792E0,2.398385773E0,1.061392729E1
5.131503850E1,3.128246925E0,8.797952220E0,3.800653337E0,1.008141150E1
5.132504950E1,4.142989102E0,7.186688797E0,5.992641753E0,1.023350428E1
5.133506150E1,3.636939777E0,4.932142190E0,8.370544730E0,1.037397593E1
5.134507250E1,2.127433694E0,1.360859336E0,8.269205466E0,8.646251864E0
5.135508450E1,-1.112764827E0,-4.696018174E0,6.311542463E0,7.945212427E0
5.136509542E1,-4.263089450E0,-1.123238315E1,5.448342574E0,1.319184596E1
5.137510742E1,-5.645344040E0,-1.642505330E1,4.327233113E0,1.789908466E1
5.138511842E1,-6.853189929E0,-1.893346905E1,2.563473429E0,2.029812451E1
5.139512942E1,-6.206462150E0,-1.802340373E1,1.482070070E0,1.911961784E1
5.140514142E1,-3.751987838E0,-1.511807430E1,1.560024565E0,1.565462424E1
5.141515242E1,-2.179693037E0,-1.373572236E1,1.774293151E0,1.402031549E1
5.142516442E1,-1.836275391E0,-1.331328675E1,1.010167607E0,1.347723822E1
5.143517542E1,-1.884642682E0,-1.223657812E1,-7.279318634E-1,1.240224202E1
5.144518742E1,-1.063647630E0,-1.088279099E1,-2.261636064E0,1.116608632E1
5.145519942E1,8.567095522E-2,-9.921135689E0,-3.429266265E0,1.049743492E1
5.146521042E1,-2.753613187E-1,-9.619141034E0,-4.219172475E0,1.050738381E1
5.147522142E1,-8.494994967E-1,-9.300831478E0,-4.926655748E0,1.055931117E1
5.148523342E1,-6.378699050E-1,-8.478931643E0,-4.405989261E0,9.576633082E0
5.149524442E1,-4.517504726E-1,-7.549430176E0,-2.774165273E0,8.055679204E0
5.150525642E1,-4.705724405E-1,-6.793833089E0,-1.355390435E0,6.943679838E0
5.151526742E1,-4.227604891E-1,-6.053917065E0,-1.627186561E-1,6.070841426E0
5.152527942E1,-1.983837479E-1,-5.160525663E0,1.076232666E0,5.275287478E0
5.153529042E1,5.076998480E-2,-4.066028634E0,2.008137046E0,4.535171534E0
5.154530242E1,-2.635734782E-1,-2.907468342E0,2.314843533E0,3.725767534E0
5.155531342E1,-6.668173501E-1,-1.596109194E0,2.030823365E0,2.667668173E0
5.156532542E1,-5.476633742E-1,-1.519586098E-1,1.825844104E0,1.912258687E0
5.157533642E1,-1.018978192E-1,1.300194474E0,1.510488854E0,1.995611539E0
5.158534842E1,3.946500729E-1,2.525124173E0,1.131735460E0,2.795143273E0
5.159535942E1,1.009195654E0,3.652176744E0,9.356955685E-1,3.902870358E0
5.160537142E1,1.306339605E0,4.791939408E0,9.910643884E-1,5.064722606E0
5.161538242E1,1.445289914E0,5.760918351E0,1.129260480E0,6.045847535E0
5.162539442E1,2.169095836E0,6.419634091E0,1.092251698E0,6.863650077E0
5.163540542E1,2.786652587E0,6.848690497E0,1.098460271E0,7.475065828E0
5.164541742E1,2.958274214E0,7.187144880E0,1.063621391E0,7.844598672E0
5.165542842E1,3.117087222E0,7.525729072E0,1.029030433E0,8.210464935E0
5.166544042E1,3.329112232E0,7.892823703E0,1.151519076E0,8.643243051E0
5.167545142E1,3.529450996E0,8.210357918E0,1.256975949E0,9.024798614E0
5.168546342E1,3.647446346E0,8.392042018E0,1.286524268E0,9.240420920E0
5.169547442E1,3.463965397E0,8.244114479E0,1.367221692E0,9.046202240E0
5.170548642E1,3.421350304E0,7.910910895E0,1.570274295E0,8.760930913E0
5.171549742E1,3.694119991E0,7.333240487E0,1.769760389E0,8.399701803E0
5.172550942E1,3.332441636E0,6.309736843E0,1.609282386E0,7.314898228E0
5.173552042E1,3.542259907E0,5.054665917E0,1.811549270E0,6.432648252E0
5.174553242E1,3.221452128E0,3.595059972E0,2.491634245E0,5.432352273E0
5.175554342E1,2.464647006E0,1.921848807E0,2.511797783E0,4.009627889E0
5.176555542E1,1.982483703E0,1.037898320E-1,2.391244569E0,3.107903562E0
5.177556642E1,1.033926306E0,-2.164010659E0,2.412922828E0,3.402079117E0
5.178557842E1,-2.220402668E-1,-4.464168472E0,2.835497303E0,5.293217073E0
5.179558942E1,-1.065375410E0,-6.298565737E0,3.261613144E0,7.172522249E0
5.180560142E1,-1.587029492E0,-6.966096740E0,2.770704306E0,7.663026083E0
5.181561242E1,-2.146193023E0,-5.817557990E0,9.973993349E-1,6.280519954E0
5.182562442E1,-2.874253233E0,-3.957808367E0,-8.572374827E-1,4.965927388E0
5.183563542E1,-3.148744925E0,-1.974785990E0,-2.021729191E0,4.231047533E0
5.184564742E1,-2.779623649E0,6.445210397E-2,-3.232664748E0,4.263869496E0
5.185565942E1,-1.857190150E0,1.770631624E0,-3.995027064E0,4.748108344E0
5.186567042E1,-8.538919982E-1,3.573783123E0,-4.776822309E0,6.026532065E0
5.187568242E1,-1.679229704E-1,5.581246862E0,-5.436912437E0,7.793492895E0
5.188569342E1,2.067813729E-1,7.439370959E0,-5.083265818E0,9.012579552E0
5.189570442E1,8.179697751E-1,8.626112493E0,-5.049509842E0,1.002878063E1
5.190571642E1,1.325792707E0,9.286555501E0,-5.406551939E0,1.082721771E1
5.191572842E1,2.162793853E0,9.798145940E0,-5.477762255E0,1.143185114E1
5.192573942E1,2.730452659E0,9.848299263E0,-5.249478185E0,1.148918584E1
5.193575142E1,2.832754959E0,9.641282101E0,-4.374317525E0,1.095962933E1
5.194576242E1,1.522815954E0,9.179463161E0,-2.909644091E0,9.749232846E0
5.195577442E1,3.451079303E-1,7.897530711E0,-8.641927457E-1,7.952164480E0
5.196578542E1,1.281934204E0,6.406486042E0,1.373416232E0,6.676278219E0
5.197579642E1,2.997745843E0,4.122187632E0,4.004042886E0,6.481610174E0
5.198580842E1,2.708557175E0,3.039891404E-1,7.240513002E0,7.736518591E0
5.199581942E1,7.606245963E-1,-4.173046714E0,8.231625411E0,9.260265955E0
5.200583142E1,-8.696068288E-1,-8.606233714E0,7.278519904E0,1.130488066E1
5.201584342E1,-2.730650002E0,-1.250464723E1,6.312326574E0,1.427123396E1
5.202585442E1,-4.448051791E0,-1.517067118E1,4.949250559E0,1.656591409E1
5.203586642E1,-5.242679043E0,-1.539013589E1,2.763713375E0,1.649181851E1
5.204587742E1,-4.138731452E0,-1.289684805E1,9.183136967E-1,1.357575367E1
5.205588942E1,-3.658705745E0,-1.069271672E1,-1.722452322E-1,1.130265399E1
5.206590042E1,-3.952322509E0,-1.040253812E1,-3.400445339E-1,1.113325123E1
5.207591142E1,-3.367041950E0,-1.104971263E1,-4.604389966E-1,1.156049846E1
5.208592342E1,-2.461978337E0,-1.161524246E1,-1.237468176E0,1.193760957E1
5.209593442E1,-1.998982060E0,-1.160894735E1,-2.859878146E0,1.212198378E1
5.210594642E1,-2.051065695E0,-1.083573260E1,-4.969435732E0,1.209608462E1
5.211595742E1,-1.722772164E0,-9.550129271E0,-5.097574539E0,1.096166863E1
5.212596942E1,-1.519800983E0,-8.212509109E0,-3.811269834E0,9.180461788E0
5.213598042E1,-1.276978543E0,-7.022054009E0,-2.402749843E0,7.530811610E0
5.214599242E1,-1.007855691E0,-6.109481986E0,-1.310727648E0,6.329261426E0
5.215600342E1,-6.754112953E-1,-5.406064866E0,-1.493934363E-1,5.450140930E0
5.216601542E1,-8.826152757E-2,-4.748541958E0,9.815066028E-1,4.849721232E0
5.217602642E1,3.730152288E-1,-4.029296426E0,1.806646965E0,4.431517043E0
5.218603842E1,6.217395566E-1,-3.215658122E0,2.055145444E0,3.866605750E0
5.219604942E1,4.051076719E-1,-2.181633582E0,2.005229079E0,2.990749233E0
5.220606142E1,2.902068146E-1,-9.413034868E-1,1.747348743E0,2.005866366E0
5.221607242E1,4.244587398E-1,5.000632381E-1,1.479613216E0,1.618481923E0
5.222608442E1,6.519513890E-1,2.002064420E0,1.386374831E0,2.520979518E0
5.223609542E1,9.942014927E-1,3.408332648E0,1.352774976E0,3.799364182E0
5.224610742E1,1.603909965E0,4.612828082E0,1.260343360E0,5.043726348E0
5.225611842E1,2.442539560E0,5.752665591E0,1.095240794E0,6.344975437E0
5.226613042E1,3.148192363E0,6.713015213E0,9.942014927E-1,7.480917391E0
5.227614142E1,3.438690807E0,7.587479762E0,9.888080209E-1,8.388813081E0
5.228615342E1,3.196590644E0,8.344035208E0,1.070721080E0,8.999308803E0
5.229616442E1,3.078662829E0,8.882221123E0,1.141943675E0,9.469744044E0
5.230617642E1,3.015966352E0,9.195940030E0,1.400354354E0,9.778668539E0
5.231618742E1,2.941225487E0,9.231092906E0,1.544056696E0,9.810606234E0
5.232619942E1,2.817321818E0,8.882617564E0,1.705059779E0,9.473406244E0
5.233621042E1,3.042915876E0,8.361901960E0,2.061116620E0,9.133944556E0
5.234622242E1,3.473450750E0,7.240779051E0,2.161824531E0,8.316683634E0
5.235623342E1,3.777358322E0,6.098505008E0,2.333510331E0,7.543571414E0
5.236624562E1,3.748904893E0,4.642868738E0,2.683197216E0,6.542940112E0
5.237625662E1,3.361118136E0,2.722650719E0,2.792909693E0,5.148814098E0
5.238626862E1,2.820702970E0,5.949582857E-1,2.963351351E0,4.134222035E0
5.239627963E1,2.333086262E0,-1.571643859E0,3.338948418E0,4.365997304E0
5.240629162E1,1.722595578E0,-3.421313467E0,3.903098309E0,5.468719939E0
5.241630262E1,1.410720006E0,-4.770227526E0,4.193587983E0,6.506257124E0
5.242631462E1,8.829513444E-1,-5.556954605E0,4.028652062E0,6.920215676E0
5.243632562E1,9.273187011E-2,-4.889775020E0,3.029540663E0,5.752965807E0
5.244633762E1,-5.057514095E-1,-3.350767980E0,1.745297978E0,3.811757544E0
5.245634863E1,-1.010595477E0,-2.054440269E0,8.021491098E-1,2.425999018E0
5.246636062E1,-1.379646586E0,-7.635136324E-1,-1.119217887E0,1.933656238E0
5.247637162E1,-1.994189390E0,8.222413123E-1,-4.399787704E0,4.900102441E0
5.248638362E1,-2.926124468E0,1.272806116E0,-4.439576837E0,5.467365206E0
5.249639462E1,-2.905560980E0,2.236690965E0,-4.632123894E0,5.907761238E0
5.250640662E1,-1.814105673E0,3.333323396E0,-4.510764933E0,5.894830323E0
5.251641763E1,-7.615882905E-1,4.688958246E0,-4.732544853E0,6.705469927E0
5.252642962E1,-5.193087637E-1,6.477619759E0,-4.795062698E0,8.076005548E0
5.253644062E1,2.513427110E-1,8.266800506E0,-4.920117976E0,9.623446610E0
5.254645263E1,7.388122161E-1,9.711010732E0,-5.725964865E0,1.129762128E1
5.255646362E1,9.099591950E-1,1.053113945E1,-6.038193317E0,1.217344250E1
5.256647562E1,1.433618580E0,1.074858570E1,-5.141416962E0,1.200089685E1
5.257648663E1,1.756052031E0,1.047290586E1,-3.828990698E0,1.128834113E1
5.258649862E1,1.152534591E0,9.545647380E0,-8.270939165E-1,9.650482073E0
5.259650962E1,3.458588590E-1,7.933233810E0,9.082275420E-1,7.992539916E0
5.260652163E1,1.542546214E0,6.336203679E0,2.433410010E0,6.960489219E0
5.261653262E1,2.908579897E0,3.546305888E0,5.507815189E0,7.167436824E0
5.262654462E1,7.948899378E-1,-8.079173881E-1,7.388789620E0,7.475211875E0
5.263655563E1,-9.720841071E-1,-5.498688270E0,8.276232650E0,9.983814255E0
5.264656762E1,-2.300901725E0,-9.783698639E0,7.911397383E0,1.279082157E1
5.265657862E1,-2.373652197E0,-1.271930671E1,6.243739904E0,1.436660279E1
5.266659063E1,-2.897265535E0,-1.436702284E1,4.284781743E0,1.526973633E1
5.267660162E1,-4.483418090E0,-1.488339046E1,2.715332344E0,1.577939729E1
5.268661362E1,-3.619353399E0,-1.371335091E1,1.323936508E0,1.424459617E1
5.269662463E1,-1.909863185E0,-1.167381870E1,-2.750664729E-1,1.183221374E1
5.270663662E1,-1.758474532E0,-1.057826566E1,-1.052357315E0,1.077494283E1
5.271664762E1,-1.868290066E0,-1.034036117E1,-1.504723645E0,1.061497858E1
5.272665963E1,-2.067353261E0,-1.059840464E1,-2.494454065E0,1.108252821E1
5.273667062E1,-2.167480397E0,-1.130716904E1,-2.889711517E0,1.187015062E1
5.274668262E1,-2.443196495E0,-1.140981574E1,-2.904369902E0,1.202449454E1
5.275669363E1,-2.641847169E0,-1.059867362E1,-3.046210782E0,1.133978126E1
5.276670562E1,-2.353480180E0,-9.294294291E0,-2.789381190E0,9.985160126E0
5.277671662E1,-2.113538663E0,-8.036496223E0,-1.996696384E0,8.546292393E0
5.278672863E1,-2.179081419E0,-7.013664424E0,-9.043721804E-1,7.399849561E0
5.279673962E1,-2.141406785E0,-6.108462231E0,9.057804823E-2,6.473572293E0
5.280675162E1,-1.569496762E0,-5.190879729E0,7.691228664E-1,5.477234925E0
5.281676263E1,-8.018687358E-1,-4.185679039E0,1.167236976E0,4.418749217E0
5.282677462E1,-4.519402148E-1,-3.063317689E0,1.347683221E0,3.377042387E0
5.283678562E1,-2.462116331E-3,-1.896439732E0,1.256313459E0,2.274821581E0
5.284679763E1,3.610500714E-1,-5.249916726E-1,1.106316590E0,1.276679211E0
5.285680862E1,6.828268804E-1,9.259241402E-1,1.100337958E0,1.591958443E0
5.286682062E1,9.327614357E-1,2.356688109E0,1.207678220E0,2.807580706E0
5.287683163E1,1.225762781E0,3.690709895E0,1.240777992E0,4.082078386E0
5.288684362E1,1.452353497E0,4.881891219E0,1.537442325E0,5.320330954E0
5.289685462E1,1.747310005E0,5.941023703E0,1.530780593E0,6.379039435E0
5.290686663E1,1.930956869E0,6.794447631E0,1.258876879E0,7.174808990E0
5.291687762E1,2.294338956E0,7.451629062E0,9.830947065E-1,7.858577615E0
5.292688962E1,2.507596267E0,8.039035084E0,8.734670144E-1,8.466231083E0
5.293690063E1,2.477026146E0,8.543507708E0,8.572152632E-1,8.936554173E0
5.294691262E1,2.647949615E0,8.867487894E0,8.899836445E-1,9.297098988E0
5.295692362E1,2.850519969E0,9.055155450E0,1.006944330E0,9.546477947E0
5.296693563E1,2.791878828E0,8.948166021E0,1.139862067E0,9.442645184E0
5.297694662E1,2.699416807E0,8.121742195E0,1.550213814E0,8.697856647E0
5.298695862E1,2.753377252E0,7.084746686E0,2.234033990E0,7.922476239E0
5.299696963E1,3.015946471E0,5.806985639E0,2.490967662E0,7.001566627E0
5.300698162E1,3.112274671E0,4.299291024E0,2.616055977E0,5.917254922E0
5.301699262E1,3.083297625E0,2.468700296E0,2.852966444E0,4.872435010E0
5.302700463E1,2.919063955E0,5.464755124E-1,3.103076416E0,4.295189531E0
5.303701562E1,2.717258416E0,-1.112030489E0,3.367280517E0,4.467514207E0
5.304702762E1,2.140889453E0,-2.418076857E0,3.599115601E0,4.835714677E0
5.305703863E1,1.655833678E0,-3.226459098E0,3.523164947E0,5.056136344E0
5.306705062E1,1.290888630E0,-3.530785623E0,3.191489825E0,4.931373833E0
5.307706162E1,8.955779681E-1,-3.159959884E0,2.663942335E0,4.228947284E0
5.308707363E1,4.747326614E-1,-2.182711224E0,1.894877940E0,2.929191321E0
5.309708462E1,-3.969984609E-1,-1.229466553E0,1.413812306E0,1.915218270E0
5.310709662E1,-1.034011237E0,-5.394892591E-1,1.011658355E0,1.543917267E0
5.311710763E1,-1.536631901E0,-5.050532520E-2,3.186773461E-1,1.570141280E0
5.312711962E1,-2.230773729E0,1.043485919E0,-3.347337418E0,4.155704764E0
5.313713062E1,-2.765690904E0,2.024910076E0,-4.780028629E0,5.882004819E0
5.314714263E1,-2.734797140E0,2.685474122E0,-4.308754742E0,5.766823569E0
5.315715362E1,-1.964159845E0,3.656284413E0,-3.874269782E0,5.677702523E0
5.316716562E1,-1.336188472E0,4.918440410E0,-3.787932719E0,6.350188185E0
5.317717663E1,-4.352450985E-1,6.682116771E0,-4.430418928E0,8.029242475E0
5.318718862E1,7.075905696E-1,8.547424757E0,-5.211242657E0,1.003574633E1
5.319719962E1,1.771501836E0,9.846166198E0,-5.666295784E0,1.149748301E1
5.320721163E1,2.076061665E0,1.035631238E1,-5.395595427E0,1.186067823E1
5.321722262E1,1.989636602E0,1.027677387E1,-4.575010338E0,1.142372332E1
5.322723462E1,2.432380462E0,1.010165444E1,-3.471252197E0,1.095488425E1
5.323724563E1,3.427345162E0,9.879345639E0,-1.476016155E0,1.056062445E1
5.324725762E1,3.734093311E0,8.813947279E0,4.712825118E-1,9.583904564E0
5.325726862E1,3.633810055E0,7.109675705E0,2.207141914E0,8.283932615E0
5.326728063E1,4.117250828E0,4.091316673E0,3.903167306E0,6.994665218E0
5.327729162E1,3.168409111E0,-8.328586864E-1,6.114894168E0,6.937175259E0
5.328730362E1,1.007258325E0,-6.628349869E0,8.291610827E0,1.066303903E1
5.329731463E1,-2.716772220E0,-1.225555936E1,7.848647404E0,1.480475776E1
5.330732662E1,-6.231863040E0,-1.692938267E1,5.201777185E0,1.877494608E1
5.331733762E1,-6.749425240E0,-1.928123338E1,3.428604945E0,2.071415056E1
5.332734862E1,-5.117329942E0,-1.939573355E1,2.478388840E0,2.021197558E1
5.333736062E1,-3.302970500E0,-1.756254023E1,2.389077006E0,1.802942379E1
5.334737162E1,-1.540899345E0,-1.497296512E1,2.774826593E0,1.530567600E1
5.335738362E1,-1.016221230E0,-1.355443996E1,1.928353250E0,1.372858676E1
5.336739475E1,-1.628637547E0,-1.228163677E1,3.987111104E-1,1.239556503E1
5.337740675E1,-2.248623524E0,-1.139353827E1,-9.713488197E-1,1.165386376E1
5.338741775E1,-2.089179162E0,-1.032250144E1,-2.073218018E0,1.073391533E1
5.339742975E1,-1.896616318E0,-9.387332847E0,-2.361994750E0,9.863984521E0
5.340744075E1,-1.781536682E0,-8.756830507E0,-2.265288527E0,9.218865743E0
5.341745275E1,-1.474107040E0,-8.269076827E0,-1.970870402E0,8.627569373E0
5.342746375E1,-1.086566889E0,-7.640733279E0,-1.505922617E0,7.863156845E0
5.343747575E1,-6.953593639E-1,-6.762939325E0,-8.673174977E-1,6.853693355E0
5.344748675E1,-3.712506853E-1,-5.686213739E0,-1.572339678E-1,5.700489126E0
5.345749875E1,1.624040759E-1,-4.390113485E0,5.352090973E-1,4.425598296E0
5.346750975E1,3.906539395E-1,-2.902057328E0,1.019446700E0,3.100615876E0
5.347752175E1,4.631509352E-1,-1.354197603E0,1.130961727E0,1.824125644E0
5.348753275E1,5.546167369E-1,1.780746138E-1,1.117623936E0,1.260314863E0
5.349754475E1,7.303426704E-1,1.726263537E0,1.106484990E0,2.176624738E0
5.350755575E1,1.130959973E0,3.272098956E0,1.013618342E0,3.607370812E0
5.351756775E1,1.597691743E0,4.729346718E0,9.042080929E-1,5.073157948E0
5.352757875E1,2.058088055E0,6.122344106E0,7.526903632E-1,6.502719937E0
5.353759075E1,2.208776942E0,7.398926353E0,6.475779641E-1,7.748687888E0
5.354760175E1,2.177153299E0,8.318667063E0,5.992179823E-1,8.619703034E0
5.355761375E1,2.684072836E0,8.966018740E0,6.618065786E-1,9.382522421E0
5.356762475E1,3.404690710E0,9.387642750E0,8.794188952E-1,1.002462632E1
5.357763675E1,3.941615380E0,9.548983217E0,1.230091621E0,1.040348680E1
5.358764775E1,3.558280108E0,9.572177952E0,1.090432044E0,1.027019913E1
5.359765975E1,3.181807128E0,9.585613099E0,1.022030146E0,1.015147382E1
5.360767075E1,3.933266141E0,9.614142834E0,1.378039041E0,1.047861234E1
5.361768275E1,4.296791047E0,9.476876523E0,1.665789878E0,1.053795321E1
5.362769375E1,4.435405141E0,8.970094249E0,1.652845312E0,1.014235215E1
5.363770575E1,2.627613876E0,8.143715447E0,2.336756705E0,8.870450263E0
5.364771675E1,3.134397027E0,7.560992460E0,2.237613655E0,8.485279405E0
5.365772875E1,5.257357893E0,6.030326473E0,1.466826671E0,8.133648005E0
5.366773975E1,5.324294479E0,2.991051366E0,1.508503286E0,6.290475509E0
5.367775175E1,4.668413469E0,-1.036857516E-1,2.096754230E0,5.118712079E0
5.368776275E1,3.352380934E0,-3.889283093E0,2.784676813E0,5.841181888E0
5.369777475E1,1.507920903E0,-7.855071740E0,3.365755563E0,8.677804330E0
5.370778575E1,4.896787293E-1,-1.030741094E1,4.152065735E0,1.112304614E1
5.371779775E1,-9.687976795E-1,-1.079826598E1,4.683878185E0,1.181015800E1
5.372780875E1,-2.156919448E0,-9.273492821E0,3.748882674E0,1.023250174E1
5.373782075E1,-2.176270224E0,-6.609791976E0,1.952435592E0,7.227551923E0
5.374783175E1,-2.030173301E0,-4.679246020E0,5.322556686E-1,5.128376258E0
5.375784375E1,-2.130796866E0,-2.810198740E0,-2.931391055E0,4.585909480E0
5.376785475E1,-2.887079101E0,-6.303485584E-1,-6.424570895E0,7.071610582E0
5.377786675E1,-4.211223185E0,4.920496291E-1,-6.383880706E0,7.663579218E0
5.378787775E1,-3.859296817E0,2.016542126E0,-6.583910446E0,7.893572754E0
5.379788975E1,-2.069454896E0,3.672549613E0,-7.241484225E0,8.379102458E0
5.380790075E1,-1.465934094E0,6.165208874E0,-9.079901451E0,1.107264077E1
5.381791275E1,-8.557707086E-1,8.322636738E0,-9.096021055E0,1.235864980E1
5.382792375E1,1.057676527E-1,9.836553376E0,-7.526913718E0,1.238641995E1
5.383793475E1,1.828868723E-1,1.099894126E1,-6.370153198E0,1.271176652E1
5.384794675E1,5.747839299E-1,1.160853571E1,-5.071300076E0,1.268095274E1
5.385795775E1,1.179903507E0,1.170882715E1,-3.413038487E0,1.225306644E1
5.386796975E1,1.517650231E0,1.115332646E1,-4.264035237E-1,1.126418099E1
5.387798075E1,2.147287330E0,1.050641625E1,3.238163470E0,1.120184484E1
5.388799275E1,2.618490466E0,9.839707364E0,6.040346262E0,1.183900825E1
5.389800375E1,3.015063542E0,8.201106454E0,9.419488440E0,1.284817176E1
5.390801575E1,2.300195381E0,6.723764150E0,1.121853578E1,1.327988886E1
5.391802675E1,9.809208579E-1,4.766645522E0,1.039057472E1,1.147375955E1
5.392803875E1,2.744402361E-1,1.686973756E0,8.502290100E0,8.672377692E0
5.393804975E1,-1.329488878E0,-4.901071841E0,7.781236024E0,9.291699517E0
5.394806175E1,-4.732767339E0,-1.221319394E1,6.214775137E0,1.449774544E1
5.395807275E1,-8.318839556E0,-1.859707640E1,4.299169986E0,2.082155625E1
5.396808475E1,-8.741041855E0,-2.289512138E1,3.314943551E0,2.473016875E1
5.397809575E1,-6.903478907E0,-2.371409176E1,2.676596294E0,2.484311447E1
5.398810775E1,-4.177708699E0,-2.155646919E1,2.050420893E0,2.205309138E1
5.399811875E1,-2.009511141E0,-1.793488390E1,1.000854162E0,1.807484176E1
5.400813075E1,-6.711443628E-1,-1.462416234E1,-5.780946234E-1,1.465096421E1
5.401814175E1,-6.113922873E-1,-1.179579396E1,-3.176435876E0,1.223128368E1
5.402815375E1,-9.125888340E-1,-1.024840552E1,-5.093845185E0,1.148084896E1
5.403816475E1,-9.048528215E-1,-9.778356038E0,-5.950403806E0,1.148226070E1
5.404817675E1,-6.836403742E-1,-9.217237344E0,-4.955015913E0,1.048699247E1
5.405818775E1,-6.673149481E-1,-8.445132397E0,-3.966505516E0,9.354075927E0
5.406819975E1,-9.858655559E-1,-7.431971308E0,-4.193099155E0,8.590006341E0
5.407821075E1,-9.009398648E-1,-6.338745464E0,-3.272792435E0,7.190449014E0
5.408822275E1,-7.151135972E-1,-5.375930071E0,-1.661561757E0,5.672107109E0
5.409823375E1,-1.465970054E-1,-4.377114540E0,-4.464971879E-1,4.402270110E0
5.410824575E1,-2.083263534E-1,-3.134980579E0,4.794953647E-1,3.178272944E0
5.411825675E1,-1.589723450E-1,-1.612804164E0,1.102464298E0,1.960060460E0
5.412826875E1,3.731985390E-1,3.402962565E-2,1.343457292E0,1.394744657E0
5.413827975E1,7.420470420E-1,1.693909723E0,1.240495425E0,2.226834718E0
5.414829175E1,1.100219260E0,3.414189219E0,9.765323033E-1,3.717631744E0
5.415830275E1,1.709275183E0,5.143293918E0,9.056110592E-1,5.495018232E0
5.416831475E1,2.317504748E0,6.562444147E0,9.625587004E-1,7.025882200E0
5.417832575E1,2.659790812E0,7.758116133E0,1.485145413E0,8.334777141E0
5.418833775E1,3.040833390E0,8.735719720E0,1.549655989E0,9.378747273E0
5.419834875E1,3.262015140E0,9.447638690E0,1.577558903E0,1.011866156E1
5.420835975E1,3.402583081E0,9.824363101E0,1.272014987E0,1.047443097E1
5.421837175E1,3.361228356E0,9.821750565E0,6.813947511E-1,1.040331385E1
5.422838275E1,3.226638608E0,9.709365910E0,3.497570515E-1,1.023744661E1
5.423839475E1,3.180741181E0,9.660058680E0,3.457025921E-1,1.017611706E1
5.424840575E1,3.239191411E0,9.637404227E0,4.637029123E-1,1.017776703E1
5.425841775E1,3.130024771E0,9.496205664E0,7.372800994E-1,1.002589443E1
5.426842875E1,2.816546477E0,8.921937751E0,1.015796941E0,9.410937823E0
5.427844075E1,3.080362322E0,8.663321249E0,1.381818681E0,9.297913205E0
5.428845175E1,3.385383204E0,7.783507082E0,1.860986309E0,8.689480536E0
5.429846375E1,3.796088123E0,4.815034740E0,1.899711249E0,6.419014520E0
5.430847475E1,3.969353402E0,1.260700625E-1,2.392176615E0,4.636180437E0
5.431848675E1,3.791362111E0,-3.980518368E0,2.970806551E0,6.248571412E0
5.432849775E1,3.039648160E0,-8.109662433E0,3.161695923E0,9.219674984E0
5.433850975E1,2.086639863E0,-1.085830169E1,3.866619869E0,1.171356183E1
5.434852075E1,3.674859555E-1,-1.156256373E1,4.158198295E0,1.229302806E1
5.435853275E1,-1.059673351E0,-9.275215995E0,3.040090209E0,9.818079642E0
5.436854342E1,-1.473101026E0,-6.332407082E0,1.356633554E0,6.641525479E0
5.437855542E1,-1.348891694E0,-4.162133471E0,-3.208718061E-2,4.375373517E0
5.438856642E1,-1.575926652E0,-2.239680061E0,-2.714742944E0,3.856104361E0
5.439857842E1,-2.174927703E0,-1.089080168E0,-3.732866566E0,4.455412318E0
5.440858942E1,-2.675904568E0,-3.009175980E-1,-3.828757394E0,4.680854606E0
5.441860142E1,-2.509598061E0,6.915215439E-1,-3.838812851E0,4.638185914E0
5.442861242E1,-1.908206376E0,1.528342304E0,-3.681573620E0,4.419396576E0
5.443862442E1,-1.356811894E0,2.140208398E0,-3.577231811E0,4.383835984E0
5.444863542E1,-9.929224142E-1,2.851515750E0,-3.453864332E0,4.587615483E0
5.445864742E1,-1.089407027E0,3.816820888E0,-3.424911844E0,5.242609131E0
5.446865842E1,-1.071844477E0,4.864463593E0,-3.664753520E0,6.184033877E0
5.447867042E1,-7.500969037E-1,5.902669476E0,-4.128678626E0,7.242246855E0
5.448868142E1,-2.488851263E-1,7.014868950E0,-4.680185083E0,8.436495873E0
5.449869342E1,3.844712399E-1,7.910118012E0,-4.953045402E0,9.340794605E0
5.450870442E1,1.092730292E0,8.699261745E0,-4.434082208E0,9.825085213E0
5.451871642E1,1.381267142E0,9.366624348E0,-2.618866149E0,9.823441887E0
5.452872742E1,1.270200889E0,9.989137638E0,-1.728296614E-1,1.007105512E1
5.453873942E1,2.060420363E0,1.046718728E1,1.937852637E0,1.084262950E1
5.454875042E1,3.376056018E0,1.067250992E1,3.523681256E0,1.173526956E1
5.455876242E1,4.012499714E0,1.036909439E1,5.965358060E0,1.261759760E1
5.456877342E1,3.851411554E0,8.775074989E0,8.473061038E0,1.279171902E1
5.457878542E1,3.388590109E0,6.478498011E0,9.828704073E0,1.224977156E1
5.458879642E1,2.546182335E0,4.232279009E0,9.370322127E0,1.059236361E1
5.459880842E1,1.319701662E0,9.906341064E-1,8.351471112E0,8.512933581E0
5.460881942E1,-6.034895195E-1,-4.769855059E0,6.980386750E0,8.475937474E0
5.461883142E1,-3.384039514E0,-1.049644908E1,5.060078684E0,1.213390140E1
5.462884242E1,-5.379059501E0,-1.450317175E1,2.318489711E0,1.564134478E1
5.463885342E1,-5.949118003E0,-1.674202618E1,5.823233297E-1,1.777713549E1
5.464886542E1,-5.011743261E0,-1.704334022E1,3.747664699E-1,1.776889041E1
5.465887642E1,-4.045055256E0,-1.682388954E1,6.513827473E-1,1.731560079E1
5.466888842E1,-3.536848601E0,-1.674360961E1,9.402091804E-1,1.713889594E1
5.467889942E1,-2.509006907E0,-1.660059607E1,8.426539421E-1,1.681026387E1
5.468891142E1,-1.900212063E0,-1.572206595E1,5.477466971E-2,1.583657677E1
5.469892242E1,-7.879547746E-1,-1.378391745E1,-1.280441702E0,1.386566925E1
5.470893442E1,1.228655252E0,-1.147604599E1,-2.841613783E0,1.188629438E1
5.471894542E1,5.839299984E-1,-9.951832402E0,-4.228386517E0,1.082862849E1
5.472895742E1,-1.185607100E0,-9.211077887E0,-4.708254934E0,1.041236210E1
5.473896842E1,-1.577570012E0,-8.376601276E0,-4.143860337E0,9.477750502E0
5.474898042E1,-1.406263404E0,-7.487098272E0,-2.889383196E0,8.147561142E0
5.475899142E1,-1.277131886E0,-6.398251408E0,-1.612259496E0,6.720719279E0
5.476900342E1,-1.197506111E0,-5.141092442E0,-3.946510962E-1,5.293448958E0
5.477901442E1,-8.496008728E-1,-3.945326900E0,7.528021181E-1,4.105379035E0
5.478902642E1,-1.976731651E-1,-2.671067752E0,1.509586775E0,3.074496681E0
5.479903742E1,9.567784354E-2,-1.343469132E0,1.793046195E0,2.242560638E0
5.480904942E1,1.426369786E-1,4.120298982E-2,1.827318041E0,1.833339635E0
5.481906042E1,6.052610797E-1,1.506494767E0,1.643622499E0,2.310273226E0
5.482907242E1,1.063293801E0,2.872832360E0,1.362367918E0,3.352581963E0
5.483908342E1,1.261312390E0,3.962147586E0,9.928162873E-1,4.274951066E0
5.484909542E1,1.679428217E0,5.002432154E0,7.983945396E-1,5.336875531E0
5.485910642E1,2.184205188E0,6.016690766E0,7.517783437E-1,6.444880973E0
5.486911842E1,2.786784734E0,7.045783179E0,8.406664735E-1,7.623381788E0
5.487912942E1,3.215294425E0,7.883331333E0,1.000470877E0,8.572395996E0
5.488914142E1,3.469341619E0,8.534366171E0,1.112485988E0,9.279513041E0
5.489915242E1,3.705031480E0,9.030086097E0,1.193089271E0,9.833268795E0
5.490916442E1,4.061840566E0,9.377629393E0,1.356253484E0,1.030911758E1
5.491917542E1,4.094926744E0,9.566940016E0,1.212440046E0,1.047686867E1
5.492918742E1,3.787711694E0,9.520433017E0,9.148249555E-1,1.028699710E1
5.493919842E1,3.508438150E0,9.272080718E0,7.926976705E-1,9.945299829E0
5.494921042E1,3.279995036E0,8.901968924E0,7.081013238E-1,9.513402422E0
5.495922142E1,3.208041831E0,8.329024236E0,8.522223258E-1,8.966072719E0
5.496923242E1,3.309001318E0,7.754059335E0,1.161544712E0,8.510235720E0
5.497924442E1,3.057190684E0,6.725834064E0,1.195078493E0,7.484081195E0
5.498925542E1,3.228054219E0,4.966477041E0,1.559686303E0,6.125263227E0
5.499926742E1,3.436795725E0,2.613607748E0,2.127301254E0,4.813306653E0
5.500927842E1,2.959744204E0,-4.122895145E-1,2.556468172E0,3.932632440E0
5.501929042E1,2.218908266E0,-4.353084823E0,2.879640273E0,5.671439806E0
5.502930142E1,6.922104920E-1,-8.463953415E0,3.675213604E0,9.253370079E0
5.503931342E1,-1.177449577E0,-1.134249324E1,4.574853340E0,1.228689642E1
5.504932442E1,-2.492050567E0,-1.105338819E1,3.887576290E0,1.197918845E1
5.505933642E1,-3.494553059E0,-7.647589139E0,2.072183061E0,8.659761161E0
5.506934742E1,-3.218799246E0,-4.210342594E0,-2.413443925E-1,5.305271008E0
5.507935942E1,-2.706344004E0,-1.558249642E0,-1.840187763E0,3.624738724E0
5.508937042E1,-1.991999608E0,1.081993343E0,-3.441361815E0,4.120891066E0
5.509938242E1,-1.431469728E0,3.600598454E0,-5.317899964E0,6.579777719E0
5.510939342E1,-6.936727345E-1,6.208469499E0,-7.593044558E0,9.832629406E0
5.511940542E1,5.346229139E-1,8.890134160E0,-9.575362930E0,1.307699821E1
5.512941642E1,1.919210690E0,1.097069102E1,-9.435510396E0,1.459685882E1
5.513942842E1,2.438395785E0,1.177270681E1,-7.693934755E0,1.427371822E1
5.514943942E1,2.530808251E0,1.123386016E1,-6.034783806E0,1.300089305E1
5.515945142E1,2.240551589E0,1.037705362E1,-4.324402768E0,1.146314846E1
5.516946242E1,2.030297116E0,9.487800876E0,-2.001120387E0,9.906813546E0
5.517947442E1,3.151663270E0,8.435832401E0,1.886933036E-1,9.007322289E0
5.518948542E1,4.523992504E0,6.908926173E0,2.469427105E0,8.619619439E0
5.519949742E1,4.556269427E0,4.791858131E0,4.728501796E0,8.128974393E0
5.520950842E1,3.063265648E0,2.206715798E0,6.366711527E0,7.401905614E0
5.521952042E1,1.726693161E0,-5.440606123E-1,6.344855220E0,6.598079947E0
5.522953142E1,-1.032323877E0,-3.466312469E0,3.849351872E0,5.281905391E0
5.523954342E1,-2.618281428E0,-5.793569788E0,1.750528751E0,6.594330855E0
5.524955442E1,-2.638637339E0,-7.079976527E0,7.791876787E-1,7.595762508E0
5.525956642E1,-2.335611235E0,-7.926185576E0,3.419267526E-1,8.270212303E0
5.526957742E1,-2.628924530E0,-8.772951280E0,3.506449512E-1,9.165089756E0
5.527958942E1,-3.174207795E0,-9.951724813E0,7.765979469E-1,1.047451795E1
5.528960042E1,-3.682734000E0,-1.169182929E1,1.372599961E0,1.233472467E1
5.529961142E1,-4.922963816E0,-1.363466142E1,1.932781346E0,1.462447293E1
5.530962342E1,-5.802722434E0,-1.507476281E1,1.941000193E0,1.626922073E1
5.531963442E1,-4.847027780E0,-1.534479892E1,1.234906510E0,1.613944009E1
5.532964642E1,-3.543491623E0,-1.455570430E1,-3.504899999E-1,1.498491588E1
5.533965742E1,-3.003328180E0,-1.335916868E1,-8.735555997E-1,1.372043977E1
5.534966942E1,-2.737768695E0,-1.175562359E1,-5.087156555E-1,1.208092939E1
5.535968042E1,-1.849258841E0,-1.021325206E1,-3.118752801E-1,1.038400414E1
5.536969200E1,-1.110288969E0,-9.276553838E0,-1.034600490E-1,9.343334345E0
5.537970300E1,-6.800126155E-1,-8.700898966E0,3.683903736E-1,8.735202999E0
5.538971500E1,-6.002329858E-1,-8.079143475E0,8.308036825E-1,8.143897942E0
5.539972600E1,-5.793275088E-1,-7.321474135E0,1.115815100E0,7.428636968E0
5.540973800E1,-5.374782555E-1,-6.413413239E0,1.344960172E0,6.574927384E0
5.541974900E1,-3.551056458E-1,-5.256277912E0,1.595551808E0,5.504574741E0
5.542976100E1,-4.141657399E-1,-4.133813651E0,1.614941175E0,4.457351631E0
5.543977200E1,-3.728551613E-1,-2.874931510E0,1.340773566E0,3.194045384E0
5.544978400E1,-6.583175451E-2,-1.514491419E0,1.055127726E0,1.846973902E0
5.545979500E1,5.020166467E-1,1.211250722E-2,1.135260308E0,1.241363522E0
5.546980700E1,1.081000778E0,1.604999301E0,1.670010983E0,2.556075531E0
5.547981800E1,1.633252608E0,3.158301614E0,1.717285722E0,3.948601451E0
5.548983000E1,2.053262640E0,4.664872980E0,1.460406429E0,5.301859515E0
5.549984100E1,2.211322673E0,6.137667904E0,1.328529496E0,6.657770339E0
5.550985300E1,2.285686539E0,7.507295140E0,1.343452175E0,7.961702520E0
5.551986400E1,2.323695633E0,8.511432806E0,1.405332674E0,8.934148518E0
5.552987600E1,2.417257808E0,9.220237550E0,1.405130360E0,9.634848578E0
5.553988700E1,2.550512198E0,9.615950208E0,1.366852148E0,1.004190697E1
5.554989900E1,2.805691706E0,9.717542072E0,1.207603229E0,1.018630627E1
5.555991000E1,2.945549503E0,9.688593677E0,9.772357965E-1,1.017349985E1
5.556992200E1,3.031306814E0,9.643559591E0,6.798581028E-1,1.013159759E1
5.557993300E1,3.088944573E0,9.567394930E0,4.734969620E-1,1.006483103E1
5.558994500E1,3.179910876E0,9.294056894E0,4.748020605E-1,9.834468146E0
5.559995600E1,3.255718858E0,8.920360172E0,3.719215437E-1,9.503202435E0
5.560996700E1,3.488194212E0,8.221833664E0,1.482935750E-1,8.932415051E0
5.561997900E1,3.770516202E0,7.119552237E0,4.361298187E-1,8.068148840E0
5.562999000E1,4.308712935E0,5.436869752E0,1.011595278E0,7.010555246E0
5.564000200E1,4.563783099E0,3.018650224E0,1.780980027E0,5.754324913E0
5.565001300E1,4.118110661E0,3.157923299E-1,2.500669363E0,4.828240619E0
5.566002500E1,3.564444243E0,-2.420268978E0,3.402982446E0,5.490287262E0
5.567003600E1,2.533017914E0,-4.993267229E0,4.159556018E0,6.975012805E0
5.568004800E1,1.180678117E0,-6.996578275E0,4.596367586E0,8.454153024E0
5.569005900E1,-1.961751084E-1,-7.614275213E0,4.774685444E0,8.989621392E0
5.570007100E1,-1.099138841E0,-5.618744472E0,3.821666476E0,6.883569588E0
5.571008200E1,-1.396037209E0,-2.719063452E0,2.291619709E0,3.820176283E0
5.572009400E1,-1.298926213E0,-4.508828920E-1,1.105363494E0,1.764180587E0
5.573010500E1,-1.281393629E0,1.861075187E0,-1.376686580E0,2.645909375E0
5.574011700E1,-1.281945314E0,3.738387507E0,-3.576655276E0,5.330233381E0
5.575012800E1,-1.526906666E0,4.430328881E0,-3.252092707E0,5.703977992E0
5.576014000E1,-8.952278660E-1,5.765343524E0,-2.758959004E0,6.453872765E0
5.577015100E1,2.220497686E-1,7.073562716E0,-2.142443204E0,7.394231433E0
5.578016300E1,1.293583027E0,8.042371505E0,-2.669622320E0,8.572046419E0
5.579017400E1,1.881408002E0,8.935579889E0,-3.386671930E0,9.739293136E0
5.580018600E1,2.144078670E0,9.122157524E0,-4.146543332E0,1.024717780E1
5.581019700E1,2.409651750E0,7.562801004E0,-4.529022864E0,9.138622910E0
5.582020900E1,2.669603024E0,6.011884940E0,-4.279048548E0,7.847279612E0
5.583022000E1,3.075620230E0,4.742340401E0,-3.880750543E0,6.856344293E0
5.584023200E1,1.661696535E0,2.944219846E0,-2.990036874E0,4.513312130E0
5.585024300E1,-3.714809194E-1,1.084223471E0,-1.635127664E0,1.996792700E0
5.586025500E1,-1.038719854E0,-1.349794650E-1,-4.728233993E-1,1.149225982E0
5.587026600E1,-1.158521847E0,-1.006119288E0,7.416413914E-1,1.704253750E0
5.588027800E1,-1.223675252E0,-9.787894017E-1,2.454902621E0,2.912379902E0
5.589028900E1,2.600904380E-1,-7.871615267E-1,3.054311807E0,3.164820835E0
5.590030100E1,6.915149657E-1,-1.323317288E0,1.847411998E0,2.375351065E0
5.591031200E1,-4.785093049E-1,-3.022031668E0,1.305067543E0,3.326386606E0
5.592032300E1,-2.057723481E0,-6.129236804E0,2.059740478E0,6.785595078E0
5.593033500E1,-4.080866529E0,-1.038734706E1,3.614936120E0,1.173107896E1
5.594034600E1,-5.323779924E0,-1.490009127E1,5.183860146E0,1.665015792E1
5.595035800E1,-4.966264787E0,-1.830707555E1,5.630567542E0,1.978676558E1
5.596036900E1,-3.405240641E0,-1.958097802E1,4.720113672E0,2.042767332E1
5.597038100E1,-2.069790672E0,-1.772359828E1,2.898134724E0,1.807786365E1
5.598039200E1,-2.393348982E0,-1.340916004E1,1.250704518E0,1.367837542E1
5.599040400E1,-2.161287903E0,-9.628879572E0,7.714816332E-2,9.868760765E0
5.600041500E1,-1.419248462E0,-7.610476277E0,-6.305888790E-1,7.767319853E0
5.601042700E1,-1.670746855E0,-6.957207218E0,-6.394734308E-1,7.183526543E0
5.602043800E1,-1.722063482E0,-6.658658912E0,-5.783369905E-1,6.902008027E0
5.603045000E1,-1.100394530E0,-6.503659165E0,-5.289288953E-1,6.617266538E0
5.604046100E1,-4.800673686E-1,-6.508442772E0,-3.204972920E-1,6.533988867E0
5.605047300E1,-2.264945295E-1,-6.487985703E0,1.152576837E-1,6.492961003E0
5.606048400E1,-4.610587283E-1,-6.264976991E0,5.228688410E-1,6.303642096E0
5.607049600E1,-5.664091091E-1,-5.580664480E0,8.693546677E-1,5.676302745E0
5.608050700E1,-2.685880503E-1,-4.500294324E0,1.099281074E0,4.640388715E0
5.609051900E1,-2.098191476E-1,-3.308781463E0,1.132826697E0,3.503620295E0
5.610053000E1,5.443787009E-2,-2.148800882E0,1.141722504E0,2.433893791E0
5.611054200E1,4.989342870E-1,-6.730566216E-1,9.920818770E-1,1.298524967E0
5.612055300E1,1.055513349E0,1.036131876E0,8.860291725E-1,1.724159329E0
5.613056500E1,1.617087104E0,2.892145713E0,7.150261813E-1,3.389799399E0
5.614057600E1,2.207728536E0,4.754513134E0,6.226553768E-1,5.278935513E0
5.615058800E1,2.851475112E0,6.429459752E0,5.940707514E-1,7.058454723E0
5.616059900E1,3.293634835E0,7.789217473E0,6.105638465E-1,8.478957925E0
5.617061100E1,3.491291775E0,8.814986914E0,7.281677985E-1,9.509118828E0
5.618062200E1,3.341793673E0,9.378359710E0,7.647240061E-1,9.985290111E0
5.619063300E1,2.992432186E0,9.583980557E0,6.698266196E-1,1.006260411E1
5.620064500E1,2.816440350E0,9.600227045E0,3.543909699E-1,1.001110826E1
5.621065600E1,2.798197330E0,9.561262370E0,1.452916145E-1,9.963370717E0
5.622066800E1,2.834496844E0,9.550731534E0,4.501139832E-1,9.972634948E0
5.623067900E1,2.863294674E0,9.538454720E0,8.793452203E-1,9.997690876E0
5.624069100E1,2.765305865E0,9.320605592E0,1.173950164E0,9.792791436E0
5.625070200E1,2.814915396E0,8.819794495E0,1.475334370E0,9.374920539E0
5.626071400E1,3.116114830E0,8.585945629E0,2.059295797E0,9.363190331E0
5.627072500E1,3.341204858E0,7.777860426E0,2.162592709E0,8.737022945E0
5.628073700E1,3.662737692E0,5.493531026E0,2.022940149E0,6.905564234E0
5.629074800E1,3.835740724E0,1.700609463E0,2.474450448E0,4.871127638E0
5.630076000E1,3.195762386E0,-1.701257919E0,3.204574724E0,4.834922429E0
5.631077100E1,2.420360487E0,-4.733149163E0,3.868059454E0,6.574399579E0
5.632078300E1,1.796613727E0,-7.151683856E0,4.424979848E0,8.599700548E0
5.633079400E1,1.067074318E0,-8.567349730E0,4.304198592E0,9.646981627E0
5.634080600E1,3.233532183E-1,-8.138083994E0,3.341328235E0,8.803263188E0
5.635081700E1,-2.708621787E-1,-6.022695857E0,1.954208468E0,6.337599107E0
5.636082900E1,-6.735261530E-1,-3.979519079E0,9.345534611E-1,4.142897506E0
5.637084054E1,-1.288630289E0,-2.722699251E0,-6.517306566E-2,3.012956482E0
5.638085254E1,-2.245696846E0,-1.167555649E0,-4.117374789E0,4.833126904E0
5.639086354E1,-3.497436029E0,-1.574590856E-1,-5.619482390E0,6.620833367E0
5.640087554E1,-4.601576870E0,4.178361833E-1,-4.949583850E0,6.771076506E0
5.641088654E1,-4.374388568E0,1.142626045E0,-4.152358680E0,6.138644169E0
5.642089854E1,-3.275212890E0,1.862752753E0,-3.630595840E0,5.232407997E0
5.643090954E1,-3.028523832E0,3.164506679E0,-3.819748589E0,5.811758633E0
5.644092154E1,-3.084134361E0,5.287087476E0,-4.265252919E0,7.460399534E0
5.645093254E1,-2.540454403E0,7.176939735E0,-4.081879267E0,8.638524809E0
5.646094454E1,-1.413826632E0,8.648666958E0,-3.447797261E0,9.417305976E0
5.647095554E1,1.159931172E-1,9.728984488E0,-3.007625883E0,1.018392886E1
5.648096754E1,1.249816472E0,1.046438646E1,-3.122721307E0,1.099167019E1
5.649097854E1,2.378989097E0,1.050489714E1,-3.756307468E0,1.140711615E1
5.650098954E1,2.611868201E0,1.003423370E1,-3.080078148E0,1.081640342E1
5.651100154E1,3.068811733E0,9.645586236E0,-1.723874364E0,1.026774961E1
5.652101254E1,4.055138195E0,9.382920538E0,6.319838785E-2,1.022190480E1
5.653102454E1,5.913204989E0,8.785911634E0,2.906811115E0,1.098215768E1
5.654103554E1,6.947998438E0,7.038460711E0,6.341469682E0,1.174856796E1
5.655104754E1,4.911258860E0,3.963229321E0,7.628887990E0,9.900887950E0
5.656105854E1,2.108915562E0,-8.672730589E-1,6.588458995E0,6.971906434E0
5.657107054E1,-3.263028462E-1,-5.702795858E0,5.275003036E0,7.775217757E0
5.658108154E1,-2.106593340E0,-1.011576377E1,4.819631236E0,1.140154627E1
5.659109354E1,-3.005917912E0,-1.470988369E1,5.119351909E0,1.586266007E1
5.660110454E1,-4.450471954E0,-1.831706494E1,4.580722775E0,1.939857185E1
5.661111654E1,-5.318490533E0,-2.017120299E1,3.063170047E0,2.108427808E1
5.662112754E1,-4.641077735E0,-1.952552654E1,2.122994195E0,2.018149879E1
5.663113954E1,-2.886758381E0,-1.627493423E1,1.484402232E0,1.659549059E1
5.664115054E1,-1.064389130E0,-1.274044439E1,5.692127028E-1,1.279749392E1
5.665116254E1,-9.469669537E-1,-1.058265809E1,-6.535117185E-1,1.064502120E1
5.666117354E1,-1.850713921E0,-9.517764348E0,-1.297239291E0,9.782423523E0
5.667118554E1,-2.272468615E0,-9.061903136E0,-1.714768788E0,9.498559578E0
5.668119654E1,-1.968680619E0,-8.995172372E0,-2.070029531E0,9.437894450E0
5.669120854E1,-1.873628866E0,-8.787221410E0,-2.468215854E0,9.317608853E0
5.670121954E1,-2.113882625E0,-8.191065615E0,-2.713024448E0,8.883836858E0
5.671123154E1,-2.173165352E0,-7.135298789E0,-2.300685524E0,7.805657585E0
5.672124254E1,-1.849468610E0,-5.833466510E0,-1.410093769E0,6.279986473E0
5.673125454E1,-1.632536324E0,-4.558133227E0,-6.907223757E-1,4.890690214E0
5.674126554E1,-1.315029737E0,-3.409034899E0,-1.075498840E-1,3.655460180E0
5.675127754E1,-6.354125395E-1,-2.312227635E0,3.367415880E-1,2.421474887E0
5.676128854E1,-2.030474871E-1,-1.192609799E0,5.306950468E-1,1.321053991E0
5.677129954E1,9.487809062E-2,-3.762157023E-2,5.825879163E-1,5.914608312E-1
5.678131154E1,6.674472414E-1,1.213163931E0,5.452927668E-1,1.488152125E0
5.679132254E1,1.468953011E0,2.414652143E0,3.557253045E-1,2.848667831E0
5.680133454E1,2.059485101E0,3.557807361E0,5.627230243E-1,4.149232375E0
5.681134554E1,2.264577798E0,4.638878013E0,8.309775641E-1,5.228577773E0
5.682135754E1,2.433726052E0,5.741071731E0,8.143123417E-1,6.288563565E0
5.683136854E1,2.753854970E0,6.724822496E0,5.759372932E-1,7.289626778E0
5.684138054E1,2.998793372E0,7.492906312E0,5.101666421E-1,8.086821173E0
5.685139154E1,3.053411336E0,8.122501164E0,5.137941816E-1,8.692659570E0
5.686140354E1,3.171697293E0,8.652344272E0,6.176530838E-1,9.236028391E0
5.687141454E1,3.174634349E0,9.093579842E0,5.207120955E-1,9.645861221E0
5.688142654E1,3.172589870E0,9.331002526E0,3.439478427E-1,9.861604065E0
5.689143754E1,3.417945178E0,9.407175958E0,3.709602249E-1,1.001573363E1
5.690144954E1,3.107500420E0,8.940347709E0,4.618703949E-1,9.476270378E0
5.691146054E1,2.727006894E0,7.943094555E0,5.304161346E-1,8.414906950E0
5.692147254E1,2.891216298E0,7.004899448E0,7.985355306E-1,7.620066072E0
5.693148354E1,3.161320239E0,5.760017880E0,1.292318859E0,6.696404980E0
5.694149554E1,3.206165167E0,3.876720935E0,1.815523038E0,5.348325363E0
5.695150654E1,2.928355181E0,1.295982140E0,1.904030002E0,3.725609215E0
5.696151854E1,2.378499393E0,-1.483155021E0,2.301250073E0,3.626673417E0
5.697152954E1,1.756610878E0,-4.015781756E0,3.001969872E0,5.312627222E0
5.698154154E1,7.887467068E-1,-6.272332789E0,3.675962048E0,7.312795427E0
5.699155254E1,2.135327142E-1,-7.464725071E0,3.936095316E0,8.441597180E0
5.700156454E1,-5.012993395E-2,-6.698902958E0,3.002500799E0,7.341173264E0
5.701157554E1,-7.953368112E-1,-4.403263873E0,2.032485144E0,4.914497863E0
5.702158754E1,-1.368769450E0,-2.151535040E0,1.447231482E0,2.932083184E0
5.703159854E1,-1.552865672E0,-4.325156182E-1,8.017900908E-1,1.800369103E0
5.704161054E1,-1.901529294E0,1.130096047E0,-6.421716285E-1,2.303326971E0
5.705162154E1,-2.392544405E0,1.995101556E0,-1.422786028E0,3.424765543E0
5.706163254E1,-2.569636686E0,2.937884388E0,-1.688219798E0,4.252561988E0
5.707164454E1,-2.330927908E0,4.191202319E0,-1.860468246E0,5.144000766E0
5.708165554E1,-1.475921577E0,5.463894998E0,-1.854614160E0,5.955844754E0
5.709166754E1,-4.631098585E-1,6.618259329E0,-1.990405072E0,6.926582104E0
5.710167854E1,3.543608567E-1,7.715602198E0,-2.247901247E0,8.044199706E0
5.711169054E1,1.513538908E0,8.540568312E0,-2.539410090E0,9.037738142E0
5.712170154E1,2.742132764E0,9.019265825E0,-3.637351128E0,1.010429470E1
5.713171354E1,3.654363018E0,9.271756783E0,-5.170687539E0,1.122745975E1
5.714172454E1,4.744233145E0,8.919163831E0,-6.351332181E0,1.193309063E1
5.715173654E1,5.117895368E0,7.683391641E0,-5.971645571E0,1.099490386E1
5.716174754E1,4.285452711E0,6.599818965E0,-3.578631050E0,8.644611935E0
5.717175954E1,3.293891236E0,4.899059814E0,-5.995115125E-1,5.933794788E0
5.718177054E1,1.735353764E0,2.524534189E0,2.930718040E-1,3.077436699E0
5.719178254E1,5.404246674E-1,3.815115255E-1,1.096628777E0,1.280704705E0
5.720179354E1,5.635398804E-1,-1.337479829E0,2.067208250E0,2.525822527E0
5.721180554E1,1.020404035E0,-2.947110125E0,3.934920611E0,5.020984236E0
5.722181654E1,3.841451114E-1,-4.600401580E0,5.679787649E0,7.319238341E0
5.723182854E1,-7.532913838E-1,-6.522801195E0,5.393642457E0,8.497397383E0
5.724183954E1,-2.534017788E0,-9.251590320E0,4.646850399E0,1.065862975E1
5.725185154E1,-5.000575079E0,-1.214507154E1,3.591674726E0,1.361648417E1
5.726186254E1,-5.614866014E0,-1.469512648E1,2.941966914E0,1.600401925E1
5.727187454E1,-4.244072550E0,-1.634237835E1,2.419265011E0,1.705691429E1
5.728188554E1,-3.091833098E0,-1.642554564E1,2.509304531E0,1.690131920E1
5.729189754E1,-1.800895936E0,-1.474521841E1,3.454888179E0,1.525126042E1
5.730190854E1,-1.162203839E0,-1.213911673E1,2.828910122E0,1.251845060E1
5.731192054E1,-2.119269811E0,-9.765154195E0,8.545851856E-1,1.002895093E1
5.732193154E1,-3.147613488E0,-8.112769643E0,-8.242369670E-1,8.740930644E0
5.733194354E1,-3.089208283E0,-7.250535715E0,-1.556384380E0,8.033418220E0
5.734195454E1,-2.855029927E0,-7.000370194E0,-1.789546490E0,7.769096175E0
5.735196554E1,-2.636840490E0,-7.006969362E0,-1.742770519E0,7.686858688E0
5.736197754E1,-2.391970793E0,-7.104241303E0,-1.151857922E0,7.584098195E0
5.737198862E1,-1.910001033E0,-6.868722473E0,-4.245736375E-1,7.141968575E0
5.738200062E1,-1.033678677E0,-6.104746326E0,1.370180967E-1,6.193156971E0
5.739201162E1,-4.325407612E-1,-5.041147154E0,4.611117187E-1,5.080637771E0
5.740202362E1,1.596471137E-1,-3.929358155E0,5.801200989E-1,3.975158115E0
5.741203463E1,7.729590784E-1,-2.595772571E0,4.349831432E-1,2.743120725E0
5.742204662E1,1.170687272E0,-1.146676996E0,3.279538076E-1,1.671206307E0
5.743205762E1,1.349084213E0,1.500828230E-1,2.713825808E-1,1.384269328E0
5.744206962E1,1.365472351E0,1.440887253E0,2.536083609E-1,2.001246616E0
5.745208062E1,1.695607170E0,2.889215088E0,2.622131234E-1,3.360268326E0
5.746209262E1,2.220886233E0,4.430846359E0,9.767115936E-2,4.957244676E0
5.747210363E1,2.533626609E0,5.933503014E0,2.441639382E-1,6.456418344E0
5.748211562E1,2.655767342E0,7.106857932E0,3.006480414E-1,7.592820232E0
5.749212662E1,2.695286334E0,8.004672752E0,2.529517186E-1,8.450049637E0
5.750213862E1,2.835373050E0,8.708581038E0,2.217655208E-1,9.161217384E0
5.751214962E1,2.921021895E0,9.198702840E0,9.892370604E-2,9.651854161E0
5.752216162E1,3.013421936E0,9.417738953E0,1.155000508E-2,9.888106601E0
5.753217263E1,3.176289403E0,9.439720976E0,7.364219109E-2,9.960048677E0
5.754218462E1,3.245104407E0,9.405534060E0,2.744653791E-1,9.953396647E0
5.755219562E1,3.378139381E0,9.388050300E0,4.372395837E-1,9.986916069E0
5.756220762E1,3.434888071E0,9.387683680E0,6.940539730E-1,1.002041775E1
5.757221862E1,3.290545167E0,9.153969886E0,1.190260388E0,9.799978161E0
5.758223062E1,3.159036317E0,8.702239732E0,1.683124534E0,9.409643723E0
5.759224163E1,3.352529453E0,8.160725582E0,2.367371557E0,9.134623356E0
5.760225362E1,3.591142045E0,6.272759051E0,2.702350355E0,7.716638176E0
5.761226462E1,3.318499535E0,1.784779547E0,2.567981340E0,4.559869007E0
5.762227563E1,1.834666822E0,-2.978489208E0,3.006700269E0,4.612769972E0
5.763228762E1,-1.357665002E-2,-7.019623906E0,4.118392789E0,8.138578701E0
5.764229862E1,-2.052102845E0,-9.349392604E0,5.508898094E0,1.104401315E1
5.765231063E1,-2.861373864E0,-8.824750594E0,5.341804551E0,1.070507166E1
5.766232162E1,-2.190779504E0,-5.956085545E0,4.272289166E0,7.650289183E0
5.767233362E1,-1.814290737E0,-2.728829471E0,3.146752778E0,4.543150252E0
5.768234463E1,-1.754027579E0,-2.307966185E-1,2.010841091E0,2.678313222E0
5.769235662E1,-9.455146515E-1,2.115586358E0,1.170280452E0,2.596008461E0
5.770236762E1,-2.830420750E-1,4.203183264E0,4.080689943E-1,4.232420427E0
5.771237963E1,3.959939092E-2,6.032411005E0,-2.570178723E-1,6.038013650E0
5.772239062E1,4.960546795E-1,7.483892829E0,-1.009784907E0,7.567984387E0
5.773240262E1,1.719658522E0,8.478755057E0,-1.557264386E0,8.790425764E0
5.774241363E1,2.963507764E0,9.077661383E0,-2.445672791E0,9.857364244E0
5.775242562E1,3.670161902E0,9.301990981E0,-3.117927759E0,1.047466458E1
5.776243662E1,4.626710249E0,8.348733446E0,-3.741623356E0,1.025219699E1
5.777244863E1,4.391720300E0,6.174039339E0,-3.835682836E0,8.492257166E0
5.778245962E1,2.808441067E0,3.377200318E0,-4.371990041E0,6.197347830E0
5.779247162E1,5.876644689E-1,-1.527351201E-2,-4.468077335E0,4.506583837E0
5.780248263E1,-8.366546988E-1,-2.989827543E0,-3.810698853E0,4.915331685E0
5.781249462E1,-1.161253520E0,-4.977386191E0,-3.807180876E0,6.373186742E0
5.782250562E1,-6.720624487E-1,-5.181256381E0,-4.535169750E0,6.918442764E0
5.783251763E1,3.293099231E-1,-3.239646324E0,-4.153913455E0,5.278138907E0
5.784252862E1,1.612462687E0,-9.802652389E-1,-2.214742564E0,2.909646109E0
5.785254062E1,2.383878685E0,-2.777579463E-1,2.613506591E-1,2.414193702E0
5.786255163E1,2.384505507E0,-1.571961363E0,1.876209243E0,3.417175758E0
5.787256262E1,7.921654277E-1,-4.199760888E0,1.899757150E0,4.677028417E0
5.788257462E1,-1.956268004E0,-7.406727709E0,1.803844979E0,7.870225953E0
5.789258562E1,-4.837653524E0,-1.032391178E1,1.764517776E0,1.153687866E1
5.790259762E1,-6.683784982E0,-1.299010647E1,2.090427543E0,1.475756535E1
5.791260862E1,-7.185463806E0,-1.471635655E1,3.351757329E0,1.671634881E1
5.792262063E1,-6.437497920E0,-1.449067274E1,5.678095465E0,1.684226066E1
5.793263162E1,-5.015383737E0,-1.270159666E1,5.891998892E0,1.487280346E1
5.794264362E1,-3.623436509E0,-1.057255878E1,4.435161897E0,1.202409882E1
5.795265462E1,-2.910285530E0,-8.890803666E0,3.441373510E0,9.967908674E0
5.796266662E1,-2.266331816E0,-7.402268037E0,2.268110101E0,8.066855362E0
5.797267762E1,-1.668078479E0,-6.231410465E0,1.112904063E0,6.546107061E0
5.798268963E1,-1.830707380E0,-5.388931355E0,4.794167197E-1,5.711559424E0
5.799270062E1,-1.984162000E0,-4.934976920E0,2.227374011E-1,5.323580374E0
5.800271262E1,-1.598602739E0,-4.692488210E0,-2.888641477E-2,4.957399595E0
5.801272362E1,-9.544643998E-1,-4.470219170E0,-3.104453436E-1,4.581510453E0
5.802273562E1,-5.267271262E-1,-4.026554081E0,-5.432221216E-1,4.097031793E0
5.803274662E1,-3.811655165E-1,-3.241434402E0,-6.575568223E-1,3.329349052E0
5.804275863E1,-1.871013992E-1,-2.134626646E0,-5.819991016E-1,2.220441579E0
5.805276962E1,-2.961614728E-4,-8.814221513E-1,-3.389177755E-1,9.443359334E-1
5.806278162E1,6.851458861E-1,2.300224471E-1,-2.038077714E-1,7.509146550E-1
5.807279262E1,1.446090837E0,1.434293348E0,-2.977636099E-1,2.058406977E0
5.808280462E1,1.968631795E0,2.576583763E0,-3.585430777E-1,3.262337839E0
5.809281562E1,2.325840100E0,3.526710114E0,-3.086651587E-1,4.235857714E0
5.810282662E1,2.548219213E0,4.377876433E0,-1.466158627E-1,5.067614767E0
5.811283862E1,2.661312257E0,5.201795896E0,8.127980590E-2,5.843617876E0
5.812284963E1,2.820675196E0,5.958299301E0,2.606355447E-1,6.597383573E0
5.813286162E1,2.891330611E0,6.714436086E0,4.584697274E-1,7.324864446E0
5.814287262E1,2.806914359E0,7.407267407E0,7.491511166E-1,7.956607697E0
5.815288462E1,2.521802954E0,7.894693642E0,9.829771775E-1,8.345772701E0
5.816289562E1,2.089695472E0,8.254542403E0,9.858464062E-1,8.571825394E0
5.817290762E1,1.762644036E0,8.444203860E0,8.826003653E-1,8.671244214E0
5.818291863E1,1.661572282E0,8.371342875E0,7.987027609E-1,8.571938525E0
5.819293062E1,2.261223835E0,7.755010677E0,9.369730389E-1,8.132111799E0
5.820294162E1,2.500522890E0,6.797166002E0,1.522547128E0,7.400826314E0
5.821295363E1,2.254969068E0,5.465601216E0,2.305768801E0,6.346199801E0
5.822296462E1,2.140387031E0,3.876354899E0,2.903327343E0,5.294968707E0
5.823297662E1,1.905155591E0,2.127070874E0,2.919141723E0,4.083556872E0
5.824298763E1,1.830471445E0,3.863793325E-1,2.942504858E0,3.486868156E0
5.825299962E1,1.774425590E0,-1.145422769E0,3.305524564E0,3.922635866E0
5.826301062E1,1.616353717E0,-2.342046681E0,3.635749576E0,4.616974872E0
5.827302263E1,1.010521364E0,-3.153766513E0,3.371905664E0,4.726218833E0
5.828303362E1,-7.736158669E-3,-2.862010918E0,2.838015114E0,4.030570199E0
5.829304562E1,-4.695182607E-1,-1.119493876E0,2.180439581E0,2.495602272E0
5.830305663E1,-3.644224530E-1,6.438141114E-1,1.570776132E0,1.736271290E0
5.831306862E1,-1.902312675E-1,1.825534641E0,1.100831902E0,2.140232589E0
5.832307962E1,1.500290287E-1,2.796097594E0,6.198317564E-1,2.867901999E0
5.833309063E1,3.973159647E-1,3.983147861E0,-5.299384171E-1,4.037841203E0
5.834310262E1,4.967782724E-1,5.506451619E0,-2.689326267E0,6.148192731E0
5.835311362E1,-9.552771628E-2,6.096142733E0,-2.508263142E0,6.592682743E0
5.836312563E1,-4.586240208E-1,6.542419773E0,-1.885753945E0,6.824196687E0
5.837313625E1,2.518799239E-1,7.203440486E0,-1.780540316E0,7.424508209E0
5.838314825E1,1.104372099E0,7.983007064E0,-1.840185570E0,8.266457672E0
5.839315925E1,2.083818289E0,8.672114877E0,-1.791449028E0,9.097096500E0
5.840317125E1,2.862221417E0,8.843226627E0,-1.326453004E0,9.389059920E0
5.841318225E1,2.657175937E0,7.854470061E0,-1.139447645E0,8.369684871E0
5.842319425E1,3.191631913E0,6.146119469E0,-7.152857977E-1,6.962250539E0
5.843320525E1,2.763534451E0,4.194810051E0,-7.344336748E-2,5.023837970E0
5.844321725E1,1.248338296E0,1.812517569E0,5.765799022E-1,2.275085234E0
5.845322825E1,3.062512819E-1,-8.689517945E-1,1.225300266E0,1.533045274E0
5.846324025E1,3.515536085E-2,-3.211579689E0,1.241779328E0,3.443471489E0
5.847325125E1,-3.115750256E-1,-4.805134819E0,7.448803103E-1,4.872498979E0
5.848326325E1,-1.073786922E0,-6.326345274E0,1.390219375E-2,6.416841602E0
5.849327425E1,-1.657019055E0,-7.471863937E0,-5.359259659E-1,7.672136565E0
5.850328625E1,-1.728466329E0,-8.411898578E0,-3.685207665E-1,8.595547748E0
5.851329725E1,-1.895978386E0,-9.200099155E0,7.578468034E-1,9.423953007E0
5.852330925E1,-2.246714554E0,-9.888622831E0,3.003555636E0,1.057610203E1
5.853332025E1,-3.305341254E0,-1.075850024E1,4.787713040E0,1.223081372E1
5.854333225E1,-3.950350828E0,-1.143295552E1,5.048116450E0,1.310729656E1
5.855334325E1,-3.267968482E0,-1.161926535E1,3.365866952E0,1.253060276E1
5.856335425E1,-2.905739028E0,-1.146318913E1,1.726796511E0,1.195114432E1
5.857336625E1,-3.767305204E0,-1.151009666E1,1.136453140E0,1.216414565E1
5.858337725E1,-4.698564051E0,-1.137328000E1,6.761486292E-1,1.232417052E1
5.859338925E1,-4.471535963E0,-1.078457414E1,2.849865666E-1,1.167830855E1
5.860340025E1,-4.020709497E0,-9.683891346E0,2.810739022E-1,1.048917818E1
5.861341225E1,-3.297446635E0,-8.589561548E0,4.188664627E-1,9.210275295E0
5.862342325E1,-2.690889813E0,-7.678733164E0,3.927001727E-1,8.146044710E0
5.863343525E1,-2.268555366E0,-6.765301015E0,4.247592866E-2,7.135646115E0
5.864344625E1,-1.339474168E0,-5.778988001E0,-1.006940237E-1,5.933045816E0
5.865345825E1,-1.002982256E0,-4.870638252E0,-6.834459543E-2,4.973304875E0
5.866346925E1,-6.081928736E-1,-3.965935997E0,5.678172648E-2,4.012701218E0
5.867348125E1,-2.177606897E-1,-3.170581936E0,2.516884276E-1,3.188001976E0
5.868349225E1,-1.281499171E-1,-2.306831825E0,3.555022332E-1,2.337579369E0
5.869350425E1,9.530756861E-2,-1.301748664E0,3.875631014E-1,1.361557297E0
5.870351525E1,5.017677015E-1,-1.157257533E-1,2.740812171E-1,5.833384865E-1
5.871352725E1,8.223358910E-1,1.234479371E0,1.170853771E-1,1.487912841E0
5.872353825E1,1.220728474E0,2.672204450E0,8.392347828E-2,2.939030075E0
5.873355025E1,1.604329502E0,4.191704594E0,7.627575874E-2,4.488883887E0
5.874356125E1,1.926887207E0,5.581025838E0,6.567468368E-2,5.904663993E0
5.875357325E1,2.370388281E0,6.725901892E0,-5.997606039E-2,7.131626321E0
5.876358425E1,2.656616943E0,7.665745913E0,-3.019355983E-1,8.118647615E0
5.877359525E1,2.859211563E0,8.389759850E0,-3.939947462E-1,8.872338641E0
5.878360725E1,3.006238631E0,8.953555400E0,-3.615468289E-1,9.451684565E0
5.879361825E1,3.064075780E0,9.324973462E0,-2.957433969E-1,9.819936589E0
5.880363025E1,3.022474595E0,9.452557953E0,-2.426881009E-1,9.926988569E0
5.881364125E1,3.034615461E0,9.471539769E0,-1.108123289E-1,9.946418248E0
5.882365325E1,3.237733407E0,9.437690238E0,9.366070032E-2,9.978060281E0
5.883366425E1,3.671445073E0,9.247811850E0,3.619753933E-1,9.956533489E0
5.884367625E1,3.736587734E0,8.712512705E0,9.447299552E-1,9.526934461E0
5.885368725E1,3.461589673E0,8.022403849E0,1.385448632E0,8.846526691E0
5.886369925E1,3.449349697E0,6.481236262E0,1.484529701E0,7.490545057E0
5.887371025E1,3.800659769E0,4.031759273E0,1.715576581E0,5.800284520E0
5.888372225E1,3.425727530E0,8.716882914E-1,2.042112000E0,4.082360960E0
5.889373325E1,2.427232135E0,-2.584841786E0,2.347796248E0,4.252647425E0
5.890374525E1,1.781686224E0,-5.318864170E0,2.976610497E0,6.350191486E0
5.891375625E1,6.484170395E-1,-7.365494313E0,3.722115290E0,8.277988486E0
5.892376825E1,-2.428070918E-1,-8.277547688E0,4.186659032E0,9.279270708E0
5.893377925E1,-4.765758500E-1,-6.866005272E0,3.375273660E0,7.665613166E0
5.894379125E1,-6.718903944E-1,-3.978430327E0,2.371074014E0,4.679886382E0
5.895380225E1,-6.323918679E-1,-1.395685937E0,1.667538196E0,2.264628523E0
5.896381425E1,-5.887172601E-1,7.610928851E-1,5.115764058E-1,1.089752638E0
5.897382525E1,-8.035299298E-1,2.558843896E0,-1.136910392E0,2.913058130E0
5.898383725E1,-1.130485179E0,3.623276880E0,-1.825594867E0,4.211760761E0
5.899384825E1,-9.428212778E-1,4.735673406E0,-2.285594738E0,5.342233416E0
5.900385925E1,-5.393372315E-1,5.839569249E0,-2.270239365E0,6.288516552E0
5.901387125E1,-4.643633553E-1,6.922512764E0,-1.924226870E0,7.199962871E0
5.902388225E1,1.256873623E-1,7.935613042E0,-1.733428276E0,8.123701450E0
5.903389425E1,6.893142200E-1,9.005012067E0,-2.170936832E0,9.288614706E0
5.904390525E1,1.406911276E0,9.685182411E0,-2.721340942E0,1.015814226E1
5.905391725E1,1.986491384E0,9.920168560E0,-3.108990290E0,1.058403103E1
5.906392825E1,2.354143547E0,9.939693582E0,-3.131251225E0,1.068383052E1
5.907394025E1,2.806246607E0,9.831135346E0,-2.636869434E0,1.055837689E1
5.908395125E1,3.217628633E0,9.491726112E0,-1.835195703E0,1.018891269E1
5.909396325E1,3.647246956E0,8.615285788E0,-4.080058444E-1,9.364402188E0
5.910397425E1,3.872156598E0,6.768676613E0,1.677558569E0,7.976389068E0
5.911398625E1,4.236874043E0,3.126567020E0,1.976747584E0,5.624415881E0
5.912399725E1,2.278614331E0,-2.320685633E0,2.340211825E0,4.006776318E0
5.913400925E1,-1.030951682E0,-8.722326087E0,3.276755678E0,9.374377927E0
5.914402025E1,-4.203870896E0,-1.568849124E1,5.111162299E0,1.702719202E1
5.915403225E1,-5.200594878E0,-2.137549318E1,6.625274234E0,2.297503329E1
5.916404325E1,-4.060743044E0,-2.359830286E1,6.486656631E0,2.480818909E1
5.917405425E1,-3.103167633E0,-2.205315273E1,4.654319925E0,2.275156893E1
5.918406625E1,-2.432675600E0,-1.745780022E1,2.379423838E0,1.778635311E1
5.919407725E1,-8.713290531E-1,-1.178367385E1,-2.306837672E-1,1.181809624E1
5.920408925E1,-5.277079967E-1,-7.743947745E0,-2.324745355E0,8.102570171E0
5.921410025E1,-1.661965507E0,-6.125386412E0,-3.517361585E0,7.256329690E0
5.922411225E1,-2.773362158E0,-6.386776832E0,-3.520972826E0,7.802544816E0
5.923412325E1,-3.146754240E0,-7.437885767E0,-2.543672418E0,8.467259078E0
5.924413525E1,-2.912071562E0,-8.160949531E0,-1.553327164E0,8.803072379E0
5.925414625E1,-3.004450845E0,-8.370988533E0,-8.551871565E-1,8.934848571E0
5.926415825E1,-3.270340698E0,-8.128268273E0,-4.108183551E-1,8.771125647E0
5.927416925E1,-3.353432848E0,-7.324169701E0,3.490232259E-2,8.055444858E0
5.928418125E1,-2.877228881E0,-6.188963188E0,4.856726557E-1,6.842338000E0
5.929419225E1,-2.136092251E0,-5.484066138E0,9.735766089E-1,5.965377015E0
5.930420425E1,-2.097894291E0,-4.974856685E0,1.314043019E0,5.556713827E0
5.931421525E1,-1.124475411E0,-4.059407832E0,1.366999351E0,4.428535212E0
5.932422725E1,1.273906562E-1,-2.803482043E0,9.403907365E-1,2.959742334E0
5.933423825E1,6.313547181E-1,-1.319983791E0,4.198268679E-1,1.522241960E0
5.934425025E1,9.101319802E-1,1.979943234E-1,1.946888924E-1,9.515491255E-1
5.935426125E1,1.487572739E0,1.812565516E0,2.605665475E-1,2.359271356E0
5.936427325E1,2.182342557E0,3.500768942E0,5.494074525E-1,4.161712480E0
5.937428487E1,2.838366532E0,5.029303619E0,8.584273911E-1,5.838417341E0
5.938429587E1,3.143089205E0,6.493938754E0,1.025123908E0,7.287052169E0
5.939430787E1,3.225804503E0,7.708580861E0,9.487323743E-1,8.410001587E0
5.940431887E1,3.161721066E0,8.594968468E0,8.088832750E-1,9.193707371E0
5.941433087E1,3.180249723E0,9.235623913E0,7.797800016E-1,9.798918013E0
5.942434188E1,3.264691118E0,9.586064504E0,7.654455525E-1,1.015562640E1
5.943435387E1,3.426782660E0,9.678335906E0,8.966576564E-1,1.030616419E1
5.944436487E1,3.739522451E0,9.687311382E0,1.156665795E0,1.044824893E1
5.945437687E1,3.929641744E0,9.729009631E0,1.677179085E0,1.062584784E1
5.946438787E1,3.998757588E0,9.635761160E0,2.121202608E0,1.064600657E1
5.947439987E1,3.042762387E0,8.920717437E0,1.916426100E0,9.618227047E0
5.948441088E1,2.824141425E0,8.386656733E0,2.217208042E0,9.122927022E0
5.949442287E1,2.817385553E0,7.749576859E0,2.723133699E0,8.683839012E0
5.950443387E1,2.887601842E0,5.951159851E0,2.697488980E0,7.143598167E0
5.951444587E1,2.557518332E0,2.097179908E0,2.340946820E0,4.052048321E0
5.952445687E1,2.485288554E0,-2.105444362E0,2.936300962E0,4.385364124E0
5.953446887E1,2.219149172E0,-5.186852751E0,3.713628641E0,6.754191454E0
5.954447988E1,1.531065498E0,-7.717679129E0,4.620908350E0,9.124665839E0
5.955449187E1,2.969995250E-1,-8.729126399E0,5.161642481E0,1.014536394E1
5.956450287E1,-1.152268250E0,-7.478905739E0,4.305446388E0,8.706240392E0
5.957451488E1,-1.602605889E0,-4.610989133E0,3.013214067E0,5.736638862E0
5.958452587E1,-1.691828261E0,-2.067332795E0,2.006075610E0,3.340731522E0
5.959453687E1,-1.729106307E0,-1.428591728E-1,8.489899850E-1,1.931580016E0
5.960454888E1,-1.961611774E0,2.162120839E0,-1.878772370E0,3.471667163E0
5.961455987E1,-2.050571898E0,3.650310313E0,-2.889389336E0,5.087060174E0
5.962457187E1,-1.579802187E0,4.579645134E0,-2.236107413E0,5.335644372E0
5.963458288E1,-7.207802801E-1,5.723473366E0,-1.842417306E0,6.055755372E0
5.964459487E1,5.457986972E-1,6.783488195E0,-2.032855127E0,7.102542381E0
5.965460587E1,1.763978662E0,7.618695708E0,-2.425620203E0,8.187782263E0
5.966461788E1,2.623258285E0,8.200356840E0,-2.962960172E0,9.105298970E0
5.967462887E1,3.585819617E0,8.498333874E0,-3.535202610E0,9.878129299E0
5.968464087E1,4.359544242E0,8.177192511E0,-3.460030805E0,9.891608390E0
5.969465188E1,4.457115853E0,7.274928544E0,-3.524116874E0,9.230919065E0
5.970466387E1,3.817433968E0,5.961011240E0,-3.183759806E0,7.761622486E0
5.971467487E1,2.817970566E0,4.291991944E0,-2.995739956E0,5.944460518E0
5.972468688E1,1.285532581E0,2.589669247E0,-2.643572389E0,3.917582903E0
5.973469787E1,-4.979474232E-1,8.453372294E-1,-1.942039974E0,2.175790874E0
5.974470987E1,-1.930954092E0,-7.522583270E-1,-9.521877864E-1,2.280600332E0
5.975472088E1,-2.040293662E0,-2.262832112E0,7.642492121E-1,3.141223369E0
5.976473287E1,-1.812550021E0,-3.808903758E0,2.794304253E0,5.059764982E0
5.977474387E1,-2.626898177E0,-5.584512532E0,4.090240785E0,7.403880330E0
5.978475487E1,-3.567806684E0,-7.890261453E0,4.121302949E0,9.590130777E0
5.979476687E1,-4.710609023E0,-1.039878655E1,3.962921172E0,1.208426015E1
5.980477787E1,-5.233283737E0,-1.257196272E1,3.448743048E0,1.404760954E1
5.981478988E1,-5.076998772E0,-1.408768965E1,3.019463571E0,1.527599675E1
5.982480087E1,-4.656405627E0,-1.429465536E1,2.163861263E0,1.518886371E1
5.983481287E1,-4.517748848E0,-1.336021767E1,1.303050254E0,1.416345335E1
5.984482387E1,-4.066178323E0,-1.211850647E1,9.192112443E-1,1.281549665E1
5.985483587E1,-3.710590136E0,-1.094450485E1,5.274814171E-1,1.156844424E1
5.986484687E1,-3.464835170E0,-9.801066624E0,-2.051095077E-1,1.039750257E1
5.987485888E1,-3.288671134E0,-8.616494408E0,-8.631069177E-1,9.263060361E0
5.988486987E1,-3.016983182E0,-7.510696465E0,-1.223536307E0,8.185950770E0
5.989488187E1,-2.394748659E0,-6.455186917E0,-1.187826777E0,6.986786938E0
5.990489287E1,-1.691354490E0,-5.518732526E0,-8.658875611E-1,5.836681418E0
5.991490487E1,-1.184052691E0,-4.667477914E0,-5.841614020E-1,4.850626289E0
5.992491587E1,-9.290449454E-1,-3.841879131E0,-3.830904199E-1,3.971135610E0
5.993492788E1,-9.121023457E-1,-3.014667685E0,-3.208930023E-1,3.165931815E0
5.994493887E1,-5.204632965E-1,-2.161443146E0,-2.106805886E-1,2.233182668E0
5.995495087E1,-4.136875838E-2,-1.202847689E0,-1.152126601E-1,1.209060749E0
5.996496187E1,3.747737789E-1,-2.262960166E-1,-1.301221830E-1,4.567242658E-1
5.997497287E1,7.904888847E-1,6.858146614E-1,-2.257405311E-1,1.070594795E0
5.998498487E1,1.339806144E0,1.729597034E0,-2.608075990E-1,2.203317274E0
5.999499587E1,1.826246539E0,2.826799570E0,-4.200424840E-1,3.391520001E0
6.000500787E1,2.258206672E0,3.956761131E0,-3.644620679E-1,4.570370731E0
6.001501888E1,2.584978319E0,5.185454682E0,-1.511505246E-1,5.796024469E0
6.002503087E1,3.000760960E0,6.335358172E0,-1.971931086E-1,7.012860659E0
6.003504187E1,3.273597597E0,7.290593235E0,-1.500424042E-1,7.993228613E0
6.004505387E1,3.275424559E0,8.082340733E0,3.534641862E-2,8.720887979E0
6.005506487E1,3.244640138E0,8.729529272E0,2.296528300E-1,9.315852691E0
6.006507687E1,3.499945946E0,9.198196471E0,3.789317340E-1,9.848859284E0
6.007508788E1,3.621057277E0,9.369899958E0,5.454147909E-1,1.006004763E1
6.008509987E1,3.204548120E0,8.991133701E0,6.663083500E-1,9.568363533E0
6.009511087E1,2.968146945E0,8.226424897E0,8.435789716E-1,8.786102000E0
6.010512287E1,3.055097673E0,7.278654390E0,1.214093639E0,7.986642278E0
6.011513387E1,3.056146371E0,6.003971318E0,1.507641406E0,6.903671837E0
6.012514587E1,2.895490028E0,4.172544438E0,1.814898555E0,5.393314969E0
6.013515688E1,2.537593652E0,1.596576387E0,2.084330066E0,3.651420207E0
6.014516887E1,2.257759360E0,-1.134228274E0,1.806783789E0,3.106190394E0
6.015517987E1,1.669229503E0,-3.490138704E0,1.905508178E0,4.312581213E0
6.016519088E1,1.167241654E0,-5.077440237E0,2.249020404E0,5.674587669E0
6.017520287E1,1.274052450E0,-5.676165884E0,2.413103800E0,6.298026574E0
6.018521387E1,1.106202862E0,-5.438680050E0,2.160211723E0,5.955622566E0
6.019522588E1,7.895571309E-1,-3.970162364E0,1.579520059E0,4.345166657E0
6.020523687E1,2.693560821E-1,-2.316650469E0,9.314697126E-1,2.511385658E0
6.021524887E1,-3.762589717E-1,-1.088689574E0,5.435163096E-1,1.273666275E0
6.022525988E1,-9.059079516E-1,-3.301466596E-1,3.342431458E-1,1.020482491E0
6.023527187E1,-1.111475004E0,1.925874031E-1,1.224523902E-1,1.134663466E0
6.024528287E1,-1.167145759E0,7.480155873E-1,-1.005483695E0,1.712528541E0
6.025529488E1,-1.361613335E0,1.217825916E0,-1.671982080E0,2.476411701E0
6.026530587E1,-1.654800329E0,1.081874644E0,-1.454173297E0,2.454269107E0
6.027531787E1,-1.577806240E0,1.296517745E0,-1.657209089E0,2.629975809E0
6.028532888E1,-1.268113140E0,1.882158492E0,-1.849108860E0,2.927428070E0
6.029534087E1,-6.763662918E-1,2.600572550E0,-2.242272717E0,3.499747975E0
6.030535187E1,-7.542601213E-2,3.707372121E0,-2.677297375E0,4.573643882E0
6.031536388E1,5.264771578E-1,5.246828227E0,-3.507212573E0,6.333002817E0
6.032537487E1,9.069543108E-1,7.079765443E0,-4.450311155E0,8.411356265E0
6.033538687E1,1.538330225E0,8.831813446E0,-5.411341978E0,1.047139010E1
6.034539788E1,2.148480454E0,1.015410396E1,-5.184215072E0,1.160163271E1
6.035540887E1,2.078869498E0,1.100221219E1,-3.218354858E0,1.165024375E1
6.036542087E1,1.922640082E0,1.124454887E1,6.681964159E-2,1.140793097E1
6.037543129E1,2.880446896E0,1.119090418E1,2.491455905E0,1.182119550E1
6.038544329E1,4.248284300E0,1.094057786E1,3.995770245E0,1.239799755E1
6.039545429E1,3.454276268E0,9.460147054E0,5.339728205E0,1.139908348E1
6.040546629E1,2.346659111E0,7.205529696E0,6.350262140E0,9.886976101E0
6.041547729E1,2.458528772E0,4.921489148E0,7.996388417E0,9.706062377E0
6.042548929E1,1.788903589E0,3.356225771E-1,7.818181071E0,8.027251947E0
6.043550029E1,-1.216875305E0,-6.501148955E0,6.611491762E0,9.351873960E0
6.044551229E1,-5.373930908E0,-1.342314073E1,5.959873372E0,1.563905148E1
6.045552329E1,-7.375198352E0,-2.071339424E1,6.185201089E0,2.284064282E1
6.046553529E1,-7.732877212E0,-2.563984885E1,5.694818501E0,2.737937539E1
6.047554629E1,-6.927195799E0,-2.687427092E1,3.951381985E0,2.803258637E1
6.048555829E1,-5.151820328E0,-2.287799372E1,1.288047176E0,2.348622819E1
6.049556929E1,-2.881885896E0,-1.662451820E1,-1.008415489E0,1.690256707E1
6.050558129E1,-1.673132373E0,-1.182300690E1,-3.586960116E0,1.246792473E1
6.051559229E1,-1.974865365E0,-9.206384912E0,-6.692865708E0,1.155214559E1
6.052560429E1,-2.766578219E0,-8.556466307E0,-6.831932961E0,1.129346619E1
6.053561529E1,-1.872008895E0,-8.388253022E0,-5.975017076E0,1.046747511E1
6.054562629E1,-2.180023844E0,-7.499842279E0,-5.228552755E0,9.398824505E0
6.055563829E1,-2.061012832E0,-6.318242202E0,-3.893491041E0,7.702417212E0
6.056564929E1,-2.325589400E0,-5.514234263E0,-2.329244202E0,6.421878550E0
6.057566129E1,-2.041060524E0,-4.646026234E0,-1.022400275E0,5.176561615E0
6.058567229E1,-1.363790107E0,-3.670449293E0,-2.094574973E-1,3.921223522E0
6.059568429E1,-1.137661175E0,-2.803841647E0,3.222428320E-1,3.042965884E0
6.060569529E1,-7.058749965E-1,-2.190771611E0,8.811075711E-1,2.464566963E0
6.061570729E1,-1.550436008E-1,-1.293447956E0,1.350909860E0,1.876700185E0
6.062571829E1,2.179711895E-1,-1.793574929E-2,1.579831131E0,1.594897969E0
6.063573029E1,7.678430571E-1,1.463939901E0,1.507520223E0,2.237257298E0
6.064574129E1,1.531429341E0,3.154184589E0,1.688269353E0,3.891581897E0
6.065575329E1,1.996451970E0,4.819263446E0,1.801498637E0,5.518742427E0
6.066576429E1,2.414126478E0,6.245217496E0,1.673465518E0,6.901538601E0
6.067577629E1,3.168778070E0,7.541415982E0,1.613873035E0,8.337787215E0
6.068578729E1,3.430834488E0,8.500518978E0,1.480116808E0,9.285482968E0
6.069579929E1,3.371502206E0,9.183602990E0,1.258738300E0,9.863569998E0
6.070581029E1,3.388736874E0,9.678257554E0,1.203676824E0,1.032477819E1
6.071582229E1,3.641547090E0,9.803482109E0,1.261558412E0,1.053378642E1
6.072583329E1,3.972868456E0,9.720993683E0,1.275822110E0,1.057871089E1
6.073584429E1,4.325914274E0,9.529341250E0,1.145476563E0,1.052777258E1
6.074585629E1,4.015874727E0,8.604087785E0,1.028916997E0,9.550719692E0
6.075586729E1,4.005481009E0,7.860911939E0,1.111911206E0,8.892365329E0
6.076587929E1,4.150326773E0,6.895141363E0,1.484822062E0,8.183696187E0
6.077589029E1,4.413625432E0,5.308155579E0,1.847929476E0,7.146429070E0
6.078590229E1,4.847515731E0,2.738096724E0,2.047873846E0,5.932062855E0
6.079591329E1,4.472641380E0,-3.286901182E-1,2.208680463E0,4.999082665E0
6.080592529E1,3.644620095E0,-3.089826041E0,2.522389430E0,5.403029616E0
6.081593629E1,2.257922497E0,-5.486153010E0,2.892481928E0,6.600192463E0
6.082594829E1,1.574480782E0,-6.993633617E0,3.452076838E0,7.956552985E0
6.083595929E1,4.869644518E-1,-7.348032773E0,3.670984898E0,8.228417231E0
6.084597129E1,-8.336908914E-1,-5.855167866E0,3.032539115E0,6.646376812E0
6.085598229E1,-1.553476560E0,-3.424240583E0,2.086339170E0,4.300177220E0
6.086599429E1,-1.896545859E0,-1.565191457E0,1.293628635E0,2.778522186E0
6.087600529E1,-2.311947992E0,-1.141364801E-1,1.611293828E-1,2.320364914E0
6.088601729E1,-2.621082536E0,1.838803142E0,-2.047003781E0,3.800196723E0
6.089602829E1,-2.696890225E0,2.735558447E0,-2.212556582E0,4.433046755E0
6.090604029E1,-2.434278760E0,3.711197954E0,-1.833335996E0,4.802064578E0
6.091605129E1,-1.730623513E0,5.054254857E0,-1.390479138E0,5.520324460E0
6.092606229E1,-4.482086679E-1,6.487782805E0,-1.438485217E0,6.660439659E0
6.093607429E1,7.243992680E-1,7.934443014E0,-2.118041165E0,8.244163913E0
6.094608529E1,2.362248811E0,8.777469424E0,-2.484953216E0,9.423331758E0
6.095609729E1,3.897831430E0,8.969829955E0,-3.205009757E0,1.029189131E1
6.096610829E1,5.093425940E0,8.509905514E0,-3.989349418E0,1.069001349E1
6.097612029E1,5.501785541E0,7.399744964E0,-3.653743505E0,9.918453068E0
6.098613129E1,5.333248905E0,5.624355460E0,-2.800464295E0,8.241329898E0
6.099614329E1,4.591835409E0,3.400677474E0,-2.598861655E0,6.277232002E0
6.100615429E1,1.867752415E0,1.070474913E0,-2.726562798E0,3.473983350E0
6.101616629E1,-1.491975546E0,-1.737675548E0,-4.702728438E0,5.230789816E0
6.102617729E1,-3.291239816E0,-3.307295101E0,-4.630296347E0,6.573439333E0
6.103618929E1,-2.909903707E0,-2.742635332E0,-1.521422709E0,4.278354264E0
6.104620029E1,-7.419689816E-1,-1.155111605E0,3.727583022E0,3.972364028E0
6.105621229E1,6.724515809E-1,-9.165510535E-1,6.977354384E0,7.069351538E0
6.106622329E1,-1.057483569E-2,-2.867618397E0,4.420739447E0,5.269372293E0
6.107623529E1,-9.964598335E-1,-5.356154203E0,1.946677547E0,5.785401759E0
6.108624629E1,-3.215164617E0,-8.616727712E0,2.121388842E0,9.438515275E0
6.109625829E1,-6.256117875E0,-1.265703269E1,3.369527894E0,1.451527491E1
6.110626929E1,-8.515857394E0,-1.643133087E1,4.549633422E0,1.905800686E1
6.111628129E1,-8.724829280E0,-1.867544195E1,4.965128088E0,2.120252992E1
6.112629229E1,-6.493227732E0,-1.793591535E1,4.523684356E0,1.960415227E1
6.113630329E1,-5.018827747E0,-1.450774661E1,3.270641537E0,1.569587333E1
6.114631529E1,-4.307864211E0,-1.129355439E1,1.604586195E0,1.219330807E1
6.115632629E1,-3.114079414E0,-8.977511442E0,2.152553040E-1,9.504711313E0
6.116633829E1,-2.065467826E0,-7.170294959E0,-7.254728168E-1,7.497039279E0
6.117634929E1,-1.658746907E0,-5.754864728E0,-1.456627373E0,6.163738529E0
6.118636129E1,-1.325426086E0,-4.578936451E0,-1.758324405E0,5.080858003E0
6.119637229E1,-8.015148331E-1,-3.652855021E0,-1.618581798E0,4.074994830E0
6.120638429E1,-1.844454476E-1,-2.831417701E0,-1.191308209E0,3.077362762E0
6.121639529E1,3.068751799E-1,-2.067867231E0,-7.109619279E-1,2.208101928E0
6.122640729E1,7.373966052E-1,-1.363509294E0,-4.519308592E-1,1.614668031E0
6.123641829E1,1.047733629E0,-5.842964727E-1,-2.765640910E-1,1.231111620E0
6.124643029E1,1.249576005E0,2.813294256E-1,-1.962705642E-1,1.295804218E0
6.125644129E1,1.579307220E0,1.238989913E0,-1.829090917E-1,2.015629687E0
6.126645329E1,1.970437415E0,2.298225893E0,-2.063441473E-1,3.034311086E0
6.127646429E1,2.431049197E0,3.473785796E0,-1.780031316E-1,4.243686259E0
6.128647629E1,2.871660578E0,4.723925765E0,-7.872544974E-3,5.528288259E0
6.129648729E1,3.110509689E0,5.972364779E0,1.701235700E-1,6.735974585E0
6.130649829E1,3.497241316E0,7.013461525E0,1.438935453E-1,7.838370031E0
6.131651029E1,3.897472411E0,7.856113713E0,6.310088553E-2,8.769994047E0
6.132652129E1,4.013896906E0,8.551835312E0,1.817349708E-1,9.448718600E0
6.133653329E1,4.050396688E0,8.976857724E0,2.664891922E-1,9.851939119E0
6.134654429E1,3.994860418E0,9.239720473E0,1.975242438E-1,1.006828486E1
6.135655629E1,3.709083308E0,9.344163439E0,1.785821521E-1,1.005497792E1
6.136656729E1,3.161097460E0,9.064893987E0,3.058064550E-1,9.605121433E0
6.137657963E1,2.477134027E0,8.375388563E0,6.749429333E-1,8.760072747E0
6.138659062E1,2.428247796E0,7.371419882E0,1.074101940E0,7.835043931E0
6.139660262E1,2.469811267E0,5.938011802E0,1.411195092E0,6.584179785E0
6.140661363E1,2.755343378E0,3.871595850E0,1.733396555E0,5.058244278E0
6.141662562E1,2.452292424E0,1.414125717E0,2.220137497E0,3.597568649E0
6.142663662E1,1.775738583E0,-1.021916710E0,2.747749307E0,3.427489975E0
6.143664863E1,9.862004551E-1,-3.277818117E0,3.348843076E0,4.788677573E0
6.144665962E1,3.100193739E-3,-5.112462720E0,4.302621013E0,6.682052997E0
6.145667162E1,-9.226868293E-1,-5.705140007E0,4.789278924E0,7.505808824E0
6.146668263E1,-1.545809983E0,-4.604844294E0,3.880490634E0,6.217099568E0
6.147669462E1,-1.591051060E0,-2.539403658E0,2.602821389E0,3.969218260E0
6.148670562E1,-1.407690856E0,-5.549533904E-1,1.757013459E0,2.318763271E0
6.149671763E1,-8.724434593E-1,1.197581102E0,7.471572161E-1,1.659398081E0
6.150672862E1,-2.852327344E-1,3.539646494E0,-2.507081419E0,4.346942863E0
6.151673962E1,-3.258056867E-1,4.997959034E0,-3.479628918E0,6.098652414E0
6.152675163E1,-4.637543678E-2,5.933120021E0,-3.173651724E0,6.728753907E0
6.153676262E1,8.284922782E-1,7.077611328E0,-3.542065487E0,7.957713835E0
6.154677462E1,1.629019078E0,8.183028032E0,-4.014232829E0,9.259034298E0
6.155678562E1,1.583490172E0,9.084121386E0,-4.685268068E0,1.034313489E1
6.156679762E1,2.075802049E0,9.262960231E0,-3.747241945E0,1.020554793E1
6.157680862E1,2.555546066E0,8.403268088E0,-1.625801355E0,8.932466641E0
6.158682063E1,1.919842335E0,6.772948004E0,6.757130116E-2,7.040112580E0
6.159683162E1,1.898754498E0,4.878523223E0,-5.090612260E-1,5.259695886E0
6.160684362E1,2.216499360E0,3.116907420E0,-4.271372031E-1,3.848431819E0
6.161685462E1,2.568074895E0,9.555847263E-1,4.903334713E-1,2.783626726E0
6.162686662E1,2.195891287E0,-1.472352875E0,1.284634448E0,2.939395720E0
6.163687762E1,3.705012184E-1,-4.114026673E0,2.012483866E0,4.594842536E0
6.164688963E1,-2.221592577E0,-6.509575962E0,2.155904664E0,7.208188240E0
6.165690062E1,-4.441818367E0,-8.976603954E0,2.792516175E0,1.039746679E1
6.166691262E1,-5.679256722E0,-1.162538855E1,3.905772533E0,1.351512763E1
6.167692362E1,-6.147646177E0,-1.384106462E1,4.763747642E0,1.587645789E1
6.168693562E1,-5.798848069E0,-1.533092582E1,4.639426189E0,1.703491123E1
6.169694662E1,-5.118064352E0,-1.539690931E1,3.234928790E0,1.654461130E1
6.170695762E1,-4.213779295E0,-1.419705013E1,1.184734769E0,1.485650581E1
6.171696962E1,-3.500564874E0,-1.215979249E1,-2.838367116E-1,1.265681915E1
6.172698063E1,-2.871335180E0,-1.008458992E1,-1.149082541E0,1.054817095E1
6.173699262E1,-2.593856438E0,-8.467781003E0,-1.812381914E0,9.039697701E0
6.174700362E1,-2.794862663E0,-7.379135283E0,-2.123153824E0,8.171332632E0
6.175701562E1,-2.383108753E0,-6.771118995E0,-2.072020216E0,7.471313643E0
6.176702662E1,-2.016067917E0,-6.505646049E0,-1.708699378E0,7.021938046E0
6.177703862E1,-1.943566682E0,-6.399446579E0,-1.017181343E0,6.764985281E0
6.178704963E1,-1.630319645E0,-6.017067912E0,-1.962001052E-1,6.237110138E0
6.179706162E1,-8.400272267E-1,-5.262688215E0,3.921965812E-1,5.343720721E0
6.180707262E1,-3.305713136E-1,-4.184455801E0,5.929841195E-1,4.239171843E0
6.181708463E1,-1.529995604E-1,-2.807161696E0,5.544499451E-1,2.865480831E0
6.182709562E1,1.202140760E-1,-1.353420509E0,2.549250077E-1,1.382456240E0
6.183710762E1,5.573795463E-1,2.062429905E-2,-3.376664713E-2,5.587821640E-1
6.184711863E1,1.132593247E0,1.376142204E0,-2.487019622E-1,1.799552026E0
6.185713062E1,1.701622201E0,2.704623753E0,-3.734803748E-1,3.217140865E0
6.186714162E1,2.160690464E0,3.960426750E0,-3.594546586E-1,4.525789542E0
6.187715363E1,2.647812790E0,5.195960374E0,-3.128786623E-1,5.840103582E0
6.188716462E1,3.185864804E0,6.354965640E0,3.399103403E-2,7.108901338E0
6.189717562E1,3.373012250E0,7.370496606E0,4.645910313E-1,8.118945540E0
6.190718763E1,3.401930824E0,8.195745726E0,3.450926545E-1,8.880454396E0
6.191719862E1,3.273236824E0,8.832549611E0,3.728225265E-1,9.426929965E0
6.192721062E1,3.277547683E0,9.252693690E0,2.213369930E-1,9.818536011E0
6.193722163E1,3.345650789E0,9.447093730E0,2.220485991E-1,1.002448326E1
6.194723362E1,3.168507052E0,9.435545479E0,3.176675320E-1,9.958406905E0
6.195724462E1,2.918175763E0,9.051822537E0,5.247700632E-1,9.525052474E0
6.196725663E1,2.978828931E0,8.364798671E0,9.902902901E-1,8.934425189E0
6.197726762E1,3.073359697E0,7.293597534E0,1.550561138E0,8.065131410E0
6.198727962E1,3.112013885E0,5.683746214E0,2.100156140E0,6.811773430E0
6.199729063E1,2.880280251E0,3.069076611E0,2.290812793E0,4.791979635E0
6.200730262E1,2.085617331E0,2.214632928E-2,2.253162571E0,3.070347160E0
6.201731362E1,1.229834636E0,-2.863223630E0,2.158355817E0,3.790652004E0
6.202732563E1,7.535341895E-1,-4.855407425E0,2.531439750E0,5.527294297E0
6.203733662E1,2.289082602E-1,-6.247436514E0,3.289797893E0,7.064391846E0
6.204734862E1,1.758456552E-1,-6.632511917E0,3.249890646E0,7.388025801E0
6.205735963E1,1.860771132E-1,-5.320837605E0,2.161432621E0,5.746105506E0
6.206737162E1,-1.432608765E-1,-2.892999991E0,1.161916595E0,3.120900960E0
6.207738262E1,-7.511938414E-1,-9.278519672E-1,5.766430521E-1,1.325789829E0
6.208739463E1,-1.255739263E0,6.185822064E-1,-4.604062521E-1,1.473600678E0
6.209740562E1,-1.650625125E0,2.024813597E0,-2.154535831E0,3.386215890E0
6.210741662E1,-2.258345836E0,2.411067215E0,-2.374192334E0,4.068188819E0
6.211742863E1,-2.086628022E0,3.167020982E0,-2.553778453E0,4.572288572E0
6.212743962E1,-1.505622655E0,4.220468802E0,-2.419627392E0,5.092529156E0
6.213745162E1,-7.870252866E-1,5.439556548E0,-1.965606007E0,5.837104695E0
6.214746262E1,3.853812128E-1,6.822427728E0,-2.133814468E0,7.158715175E0
6.215747462E1,1.108929711E0,8.147156534E0,-2.889413894E0,8.715193477E0
6.216748562E1,1.989556349E0,9.234259758E0,-3.667762497E0,1.013323095E1
6.217749763E1,3.309148376E0,9.857755380E0,-4.326435553E0,1.126249744E1
6.218750862E1,3.950790539E0,9.806843088E0,-3.880604655E0,1.126241580E1
6.219752062E1,5.022677554E0,9.156518687E0,-2.341490172E0,1.070288281E1
6.220753162E1,5.938415844E0,8.214238715E0,5.792602658E-2,1.013616574E1
6.221754362E1,5.405707601E0,6.215473879E0,9.869573772E-2,8.237932451E0
6.222755462E1,5.172676177E0,3.891729568E0,1.306790718E0,6.603774666E0
6.223756663E1,4.324968779E0,7.231883097E-1,3.090469819E0,5.364639780E0
6.224757762E1,1.524627568E0,-2.615789344E0,5.197820374E0,6.015328732E0
6.225758962E1,-2.071823457E0,-5.699910842E0,7.263167455E0,9.462295573E0
6.226760062E1,-3.718074279E0,-8.389389136E0,6.371717913E0,1.117160309E1
6.227761262E1,-4.927870799E0,-1.042218711E1,4.350101573E0,1.232190239E1
6.228762362E1,-5.900047000E0,-1.181533418E1,2.381941064E0,1.341962442E1
6.229763563E1,-5.409997119E0,-1.193251238E1,8.352285630E-1,1.312823398E1
6.230764662E1,-3.479477475E0,-1.105694447E1,2.202391782E-1,1.159358830E1
6.231765862E1,-2.717349925E0,-1.077000756E1,7.734173539E-1,1.113441637E1
6.232766962E1,-2.962055316E0,-1.126455804E1,1.128665818E0,1.170204795E1
6.233768062E1,-3.418619655E0,-1.165033862E1,6.120055506E-1,1.215696924E1
6.234769262E1,-3.692795012E0,-1.162248366E1,-5.649342951E-1,1.220811255E1
6.235770362E1,-3.382050876E0,-1.101312309E1,-1.572049948E0,1.162748853E1
6.236771562E1,-2.757571460E0,-9.924444044E0,-1.641260224E0,1.043036553E1
6.237772692E1,-2.069438085E0,-8.857496172E0,-1.107345116E0,9.163188617E0
6.238773892E1,-1.735725501E0,-8.070887207E0,-7.597100186E-1,8.290302928E0
6.239774992E1,-1.656991865E0,-7.549164128E0,-4.055283791E-1,7.739506078E0
6.240776192E1,-1.386736189E0,-6.977901099E0,1.584490192E-1,7.116125849E0
6.241777292E1,-6.584678185E-1,-6.228110297E0,7.165312546E-1,6.303677877E0
6.242778492E1,1.202627541E-1,-5.277192818E0,1.001421050E0,5.372715448E0
6.243779592E1,3.080626032E-1,-4.100890319E0,9.769111298E-1,4.226885299E0
6.244780792E1,3.899791709E-1,-2.745867088E0,8.971827364E-1,2.914928247E0
6.245781892E1,4.441691190E-1,-1.382189394E0,1.018828211E0,1.773624721E0
6.246783092E1,6.250448415E-1,9.776719987E-2,8.603768528E-1,1.067936238E0
6.247784192E1,1.032960931E0,1.519313618E0,7.059746915E-1,1.968177436E0
6.248785392E1,1.693682705E0,2.785576115E0,5.604999129E-1,3.307892917E0
6.249786492E1,2.324689514E0,3.995325272E0,5.291981596E-1,4.652618194E0
6.250787692E1,2.887819650E0,5.125443538E0,5.385624754E-1,5.907598779E0
6.251788792E1,3.382263714E0,6.172275819E0,7.605058978E-1,7.079199520E0
6.252789892E1,3.650591856E0,7.093798760E0,8.361839980E-1,8.021720852E0
6.253791092E1,3.687312955E0,7.805047640E0,7.438681573E-1,8.664201367E0
6.254792192E1,3.550394553E0,8.354194745E0,5.658134240E-1,9.094944539E0
6.255793392E1,3.586895797E0,8.783593798E0,4.694121337E-1,9.499352042E0
6.256794492E1,3.804531795E0,9.088014463E0,5.707513976E-1,9.868749982E0
6.257795692E1,3.936273656E0,9.262504148E0,1.024420488E0,1.011620832E1
6.258796792E1,3.751219514E0,9.038438260E0,1.679416230E0,9.929020742E0
6.259797992E1,3.323666720E0,8.101257060E0,2.338536597E0,9.063436425E0
6.260799092E1,3.496086491E0,7.028083658E0,2.642966033E0,8.282623383E0
6.261800292E1,3.592073506E0,5.793316019E0,2.399638832E0,7.226601490E0
6.262801392E1,3.216590168E0,4.079203581E0,2.547187471E0,5.785716738E0
6.263802592E1,2.737102989E0,1.887994013E0,2.934349161E0,4.434710720E0
6.264803692E1,2.156878225E0,-5.279480249E-1,3.326891459E0,3.999882445E0
6.265804892E1,1.303844891E0,-2.782779976E0,3.476259753E0,4.639855360E0
6.266805992E1,4.699275658E-1,-4.541925915E0,3.481889452E0,5.742253659E0
6.267807192E1,-1.576944360E-1,-5.536278850E0,3.424211347E0,6.511564666E0
6.268808292E1,-5.671556523E-1,-5.112408341E0,2.971926877E0,5.940600470E0
6.269809492E1,-8.467329597E-1,-3.353025005E0,2.184192324E0,4.090284769E0
6.270810592E1,-1.248653314E0,-1.559459431E0,1.591914986E0,2.554455351E0
6.271811792E1,-1.617593034E0,-4.724304664E-1,1.083798963E0,2.003601248E0
6.272812892E1,-1.847562856E0,2.939699364E-1,3.575771177E-1,1.904670109E0
6.273814092E1,-1.958178143E0,1.782954631E0,-2.894814967E0,3.923435045E0
6.274815192E1,-2.031057839E0,2.767119378E0,-3.705570009E0,5.051078567E0
6.275816292E1,-2.832553230E0,3.119580767E0,-2.710929390E0,5.010417160E0
6.276817492E1,-2.824058103E0,3.957574478E0,-2.366298593E0,5.407131305E0
6.277818592E1,-1.558333842E0,4.945949221E0,-1.811185135E0,5.492832571E0
6.278819792E1,-1.118581125E-1,5.928596615E0,-1.952464244E0,6.242826819E0
6.279820892E1,6.880889359E-1,6.809736346E0,-2.633618090E0,7.333615734E0
6.280822092E1,2.266421717E0,7.325390600E0,-3.006555258E0,8.236345632E0
6.281823192E1,3.679031251E0,6.896479205E0,-3.804949871E0,8.693350326E0
6.282824392E1,3.621309877E0,5.567034620E0,-4.462565165E0,8.001265371E0
6.283825492E1,3.154911106E0,4.105965117E0,-4.511128630E0,6.867510113E0
6.284826692E1,2.433311192E0,2.887921684E0,-4.975907430E0,6.246659088E0
6.285827792E1,2.128290311E0,1.296666849E0,-7.054746376E0,7.482005814E0
6.286828992E1,5.985092998E-2,2.830251181E-1,-4.879875099E0,4.888442117E0
6.287830092E1,-1.802410364E0,4.625615358E-1,-1.377364272E0,2.315119572E0
6.288831292E1,-2.384283897E0,1.347822384E0,1.110318279E0,2.955375029E0
6.289832392E1,-1.983716296E0,1.237504136E0,2.347079964E0,3.312903740E0
6.290833592E1,-1.800096329E0,1.886539811E-1,3.217852582E0,3.691952377E0
6.291834692E1,-1.127119814E0,-1.430415475E0,3.876895766E0,4.283317440E0
6.292835892E1,-8.338848728E-1,-3.670922917E0,3.776131284E0,5.331998360E0
6.293836992E1,-1.528546956E0,-6.623362194E0,3.986802078E0,7.880353632E0
6.294838192E1,-3.234511884E0,-1.003899451E1,3.932524422E0,1.125647485E1
6.295839292E1,-5.117470860E0,-1.317569475E1,3.678944420E0,1.460554936E1
6.296840392E1,-6.123625231E0,-1.546261564E1,3.240531885E0,1.694379872E1
6.297841592E1,-6.906590796E0,-1.599010466E1,3.225016298E0,1.771398243E1
6.298842692E1,-6.196204380E0,-1.455289413E1,3.172189628E0,1.613203221E1
6.299843892E1,-3.932563598E0,-1.228025799E1,1.961530644E0,1.304290594E1
6.300844992E1,-2.170892832E0,-1.030315885E1,4.246353257E-1,1.053793970E1
6.301846192E1,-1.420080083E0,-8.714650447E0,-8.358659095E-1,8.869071636E0
6.302847292E1,-1.496405689E0,-7.396115597E0,-1.733022918E0,7.742423674E0
6.303848492E1,-1.773890862E0,-6.376412643E0,-2.220999084E0,6.981272371E0
6.304849592E1,-1.881598183E0,-5.692349807E0,-2.257621365E0,6.406255714E0
6.305850792E1,-1.403515505E0,-5.150881850E0,-1.752793231E0,5.619050073E0
6.306851892E1,-1.251764618E0,-4.506193580E0,-8.078785041E-1,4.746089223E0
6.307853092E1,-1.198983410E0,-3.888668550E0,-7.398365021E-2,4.069984999E0
6.308854192E1,-5.654862723E-1,-3.190197591E0,2.418244672E-1,3.248940514E0
6.309855392E1,-2.442668492E-1,-2.253068431E0,8.717818469E-2,2.267947020E0
6.310856492E1,-8.562136352E-2,-1.019564375E0,1.777378142E-1,1.038476415E0
6.311857692E1,2.052934027E-1,3.039710140E-1,2.876596212E-1,4.661457028E-1
6.312858792E1,7.809275177E-1,1.690493780E0,2.022633755E-1,1.873106372E0
6.313859992E1,1.544076869E0,3.138832725E0,9.056401491E-2,3.499235072E0
6.314861092E1,2.317148652E0,4.594122840E0,9.724489734E-2,5.146318987E0
6.315862292E1,2.873010407E0,5.924576070E0,1.951326229E-1,6.587326252E0
6.316863392E1,3.161624002E0,7.040192657E0,3.596931519E-1,7.725901768E0
6.317864492E1,3.424147028E0,7.929246009E0,4.473997056E-1,8.648577434E0
6.318865692E1,3.628203744E0,8.566200167E0,5.318545496E-1,9.318074746E0
6.319866792E1,3.965223514E0,8.938080744E0,4.701758531E-1,9.789450966E0
6.320867992E1,4.418082180E0,9.175698139E0,3.999682252E-1,1.019180362E1
6.321869092E1,4.203738457E0,8.840120001E0,4.295528340E-1,9.798145451E0
6.322870292E1,3.879192845E0,8.146290561E0,6.571007395E-1,9.046655095E0
6.323871392E1,4.374777993E0,7.458056906E0,1.197712079E0,8.729021110E0
6.324872592E1,4.541845516E0,6.585289804E0,1.789885336E0,8.197444236E0
6.325873692E1,4.392290404E0,5.313716281E0,2.034777253E0,7.188053573E0
6.326874892E1,4.071299022E0,3.676184242E0,2.154710662E0,5.893435700E0
6.327875992E1,3.761079089E0,1.767232638E0,2.241281029E0,4.721458224E0
6.328877192E1,3.312689742E0,-3.490700036E-1,2.429893495E0,4.123123281E0
6.329878292E1,2.304943174E0,-2.427155828E0,2.570918981E0,4.220601007E0
6.330879492E1,1.302050380E0,-4.075331554E0,2.848771652E0,5.139957431E0
6.331880592E1,7.920971614E-1,-5.115841241E0,3.226411736E0,6.099916574E0
6.332881792E1,3.496614495E-1,-5.413529422E0,3.382353469E0,6.392877202E0
6.333882892E1,1.333153474E-1,-4.491452165E0,2.890503230E0,5.342838614E0
6.334884092E1,-2.011705309E-2,-2.804930398E0,1.925730189E0,3.402422078E0
6.335885192E1,-4.849237736E-1,-1.375004336E0,1.259079777E0,1.926413734E0
6.336886392E1,-1.080042127E0,-4.853352714E-1,7.560882533E-1,1.404888169E0
6.337887462E1,-1.758162729E0,3.808040124E-1,-7.779673648E-1,1.959944157E0
6.338888663E1,-2.545352907E0,1.396098751E0,-2.257814616E0,3.677722119E0
6.339889762E1,-3.222295881E0,1.708918941E0,-2.122430524E0,4.219988865E0
6.340890962E1,-2.968232899E0,2.386290808E0,-2.140065141E0,4.368600367E0
6.341892063E1,-1.989651366E0,3.277080783E0,-2.014985597E0,4.331066609E0
6.342893162E1,-9.165159702E-1,4.496984215E0,-1.666646642E0,4.882681598E0
6.343894362E1,1.284416932E-1,6.176960608E0,-1.752455116E0,6.422027605E0
6.344895462E1,7.624307281E-1,7.633469868E0,-1.982114890E0,7.923379473E0
6.345896662E1,1.788864705E0,8.527522590E0,-2.384176455E0,9.033436545E0
6.346897762E1,3.278198771E0,8.855247917E0,-2.928262795E0,9.886188641E0
6.347898963E1,4.482319399E0,8.347382739E0,-3.136399114E0,9.980329914E0
6.348900062E1,4.842571910E0,7.358806268E0,-2.890924814E0,9.271460439E0
6.349901262E1,4.561320837E0,6.365719839E0,-2.330986673E0,8.170773263E0
6.350902362E1,4.417693925E0,5.195589661E0,-1.047236323E0,6.899773580E0
6.351903562E1,3.601138737E0,3.189909323E0,-5.493671067E-1,4.842058024E0
6.352904662E1,1.092279472E0,9.307931167E-1,6.247188592E-1,1.565159393E0
6.353905862E1,-6.801242973E-1,-1.072618502E0,1.827336752E0,2.225362693E0
6.354906962E1,-1.829315889E0,-2.692047561E0,2.947595444E0,4.391108698E0
6.355908162E1,-2.582985880E0,-4.118484591E0,4.229012754E0,6.443468030E0
6.356909262E1,-3.394415983E0,-5.354470205E0,4.441597050E0,7.740813613E0
6.357910462E1,-3.230202194E0,-6.450596268E0,3.700580580E0,8.107940247E0
6.358911563E1,-3.500961900E0,-7.622689356E0,2.788427802E0,8.839539403E0
6.359912762E1,-4.289587569E0,-8.876941087E0,1.675559991E0,1.000040728E1
6.360913862E1,-4.876146914E0,-1.027886483E1,9.769302794E-1,1.141868047E1
6.361915062E1,-5.027047763E0,-1.126381896E1,6.794619539E-1,1.235340015E1
6.362916162E1,-4.148942152E0,-1.159136010E1,8.264486763E-1,1.233922069E1
6.363917262E1,-2.969901987E0,-1.187389873E1,1.262801530E0,1.230465182E1
6.364918463E1,-2.979858626E0,-1.212196685E1,1.400713666E0,1.256119566E1
6.365919562E1,-2.991013359E0,-1.173620615E1,4.644756219E-1,1.212024890E1
6.366920762E1,-2.120742140E0,-1.024798101E1,-6.485985956E-1,1.048519633E1
6.367921863E1,-1.685530078E0,-8.363202966E0,-1.505498986E0,8.663180864E0
6.368923062E1,-1.763783950E0,-6.866432118E0,-2.366969268E0,7.474046252E0
6.369924162E1,-1.356709129E0,-5.792373447E0,-2.672650593E0,6.521910073E0
6.370925363E1,-1.152519680E0,-5.011826291E0,-1.848416257E0,5.464736686E0
6.371926462E1,-7.431031953E-1,-4.279565442E0,-6.531680484E-1,4.392437959E0
6.372927662E1,-6.710353853E-1,-3.495940311E0,3.136504948E-2,3.559897599E0
6.373928763E1,-5.363829258E-1,-2.635547671E0,4.627584408E-1,2.729095737E0
6.374929962E1,-3.800336418E-1,-1.639844028E0,6.354923540E-1,1.799267778E0
6.375931062E1,-1.342786762E-1,-5.604445106E-1,5.557560669E-1,8.006207705E-1
6.376932263E1,1.636080176E-1,5.461656100E-1,4.274535374E-1,7.125875270E-1
6.377933362E1,6.456700176E-1,1.626628736E0,2.896893360E-1,1.773902683E0
6.378934562E1,1.546113454E0,2.725151573E0,3.026607992E-1,3.147780403E0
6.379935663E1,2.524346201E0,3.826102758E0,6.381734486E-1,4.628028890E0
6.380936862E1,2.779241534E0,4.902368168E0,6.548076077E-1,5.673285658E0
6.381937962E1,2.847796044E0,5.891220043E0,4.493835928E-1,6.558838428E0
6.382939163E1,3.120769506E0,6.733062977E0,2.537001622E-1,7.425476626E0
6.383940262E1,3.323175261E0,7.448582078E0,2.022545316E-1,8.158785185E0
6.384941362E1,3.758282366E0,8.033533439E0,2.993037665E-1,8.874228338E0
6.385942563E1,4.117025710E0,8.446474918E0,4.654792964E-1,9.407949310E0
6.386943662E1,4.062509780E0,8.479417546E0,6.445520300E-1,9.424433933E0
6.387944862E1,3.629323194E0,7.825772511E0,8.346666455E-1,8.666681640E0
6.388945963E1,3.538926994E0,6.785235928E0,1.093867868E0,7.730457799E0
6.389947162E1,3.287252892E0,5.560026732E0,1.361927623E0,6.601119275E0
6.390948262E1,3.191540404E0,4.204021754E0,1.630639926E0,5.524374682E0
6.391949463E1,3.236162553E0,2.707204129E0,2.060708485E0,4.695553399E0
6.392950562E1,2.842847545E0,1.070618169E0,1.998353777E0,3.636127507E0
6.393951762E1,2.349217122E0,-5.294881815E-1,1.965487747E0,3.108427400E0
6.394952863E1,1.851473474E0,-1.891411126E0,2.318472462E0,3.518622547E0
6.395954062E1,1.096154714E0,-2.931213300E0,2.713679920E0,4.142176394E0
6.396955162E1,4.763609648E-1,-3.467163824E0,2.901762629E0,4.546248025E0
6.397956363E1,4.127426738E-1,-2.972812146E0,2.680097022E0,4.023790330E0
6.398957462E1,1.936404866E-1,-1.716177675E0,2.149856304E0,2.757652004E0
6.399958662E1,-1.993956086E-1,-3.984509093E-1,1.667560415E0,1.726058943E0
6.400959763E1,-6.619948590E-1,4.858673680E-1,1.406705600E0,1.628841594E0
6.401960962E1,-1.147399127E0,1.066677146E0,1.184236586E0,1.963858748E0
6.402962062E1,-1.488292677E0,1.556356314E0,7.673827350E-1,2.286074437E0
6.403963263E1,-1.720089754E0,2.683880755E0,-1.495693206E0,3.521224622E0
6.404964362E1,-2.173353632E0,3.997072420E0,-2.807644091E0,5.346299588E0
6.405965562E1,-2.290770108E0,4.678112245E0,-1.873297622E0,5.535486053E0
6.406966663E1,-1.464110347E0,5.616326648E0,-1.354324342E0,5.959944509E0
6.407967762E1,-2.491521978E-1,6.440316278E0,-1.083246986E0,6.535531700E0
6.408968962E1,9.470609477E-1,6.982180676E0,-1.209163705E0,7.149115211E0
6.409970062E1,2.139844409E0,7.455939045E0,-2.071490750E0,8.028762985E0
6.410971262E1,3.847535727E0,7.466041279E0,-3.221152166E0,8.995616979E0
6.411972362E1,5.057367330E0,6.883318292E0,-3.837563301E0,9.363969624E0
6.412973562E1,5.209561583E0,5.752732249E0,-3.396518349E0,8.471705679E0
6.413974662E1,4.781694501E0,3.843276030E0,-1.717779958E0,6.370725306E0
6.414975862E1,3.206241181E0,2.127353879E0,-1.235293450E0,4.041233345E0
6.415976962E1,7.349672332E-1,8.449203229E-1,-7.791771537E-1,1.364252258E0
6.416978162E1,-6.478890359E-1,-4.532293797E-2,-2.572573158E-1,6.985668888E-1
6.417979262E1,-4.710992016E-1,-4.463267416E-1,1.298076028E-1,6.618096643E-1
6.418980462E1,8.307314694E-2,-7.041795963E-1,1.645321992E0,1.791606684E0
6.419981562E1,-3.574620737E-1,-1.301390814E0,3.131350920E0,3.409802893E0
6.420982762E1,-8.142386667E-1,-2.315533066E0,2.919541088E0,3.814236247E0
6.421983862E1,-1.416959424E0,-4.065400643E0,1.254024128E0,4.484175834E0
6.422985062E1,-2.655193438E0,-6.849970452E0,5.686633569E-1,7.368549749E0
6.423986163E1,-3.780589786E0,-1.024065445E1,9.323107615E-1,1.095596030E1
6.424987362E1,-5.610380030E0,-1.356297689E1,1.873479762E0,1.479664262E1
6.425988462E1,-7.373290991E0,-1.579334000E1,2.665106515E0,1.763229427E1
6.426989662E1,-7.378174585E0,-1.555534078E1,2.650083264E0,1.741921435E1
6.427990762E1,-5.452406974E0,-1.255427489E1,1.686572637E0,1.379068842E1
6.428991962E1,-3.560298275E0,-9.748499570E0,2.604042873E-1,1.038155952E1
6.429993063E1,-2.376488389E0,-8.679950731E0,-7.244565707E-1,9.028514777E0
6.430994162E1,-1.847269764E0,-8.216955332E0,-1.001197686E0,8.481341716E0
6.431995362E1,-1.853411387E0,-7.616105976E0,-7.046140444E-1,7.869986338E0
6.432996463E1,-2.139105467E0,-6.866041524E0,-9.411970675E-2,7.192159407E0
6.433997662E1,-2.299062337E0,-6.157274787E0,2.761692578E-1,6.578296884E0
6.434998762E1,-2.096703944E0,-5.477102689E0,3.578010660E-1,5.875614257E0
6.435999963E1,-1.743746565E0,-4.863278362E0,3.871698761E-1,5.180929359E0
6.437001062E1,-1.329588719E0,-4.292028197E0,3.572425108E-1,4.507431022E0
6.438002267E1,-8.263837722E-1,-3.693721796E0,3.762709585E-1,3.803691717E0
6.439003367E1,-2.447935371E-1,-3.083063151E0,4.708806619E-1,3.128407082E0
6.440004567E1,1.335793492E-1,-2.172463979E0,6.041331518E-1,2.258853702E0
6.441005667E1,6.358200905E-1,-1.077247742E0,6.086477870E-1,1.391108197E0
6.442006867E1,1.082009422E0,5.518836021E-2,5.395639573E-1,1.210338552E0
6.443007967E1,1.568348368E0,1.200367300E0,4.381067258E-1,2.023001671E0
6.444009167E1,2.183802607E0,2.368542169E0,3.516209976E-1,3.240775086E0
6.445010267E1,2.833230045E0,3.554451059E0,2.743161289E-1,4.553741776E0
6.446011467E1,3.257682938E0,4.727822349E0,1.887690251E-1,5.744600598E0
6.447012567E1,3.450849800E0,5.765614834E0,7.446999237E-2,6.719838133E0
6.448013767E1,3.649560992E0,6.612029121E0,-1.662370719E-2,7.552383788E0
6.449014867E1,3.884500947E0,7.303794494E0,-6.223666705E-2,8.272764654E0
6.450016067E1,3.963342464E0,7.827260628E0,-6.040641546E-2,8.773695992E0
6.451017167E1,3.868818130E0,8.110079924E0,-6.059988521E-2,8.985812286E0
6.452018367E1,3.595910157E0,8.187765446E0,-9.864899654E-2,8.943142875E0
6.453019467E1,3.346248959E0,8.145665494E0,-1.685150009E-1,8.807817308E0
6.454020567E1,3.164835293E0,7.778506544E0,6.009183526E-3,8.397701030E0
6.455021767E1,2.842919466E0,6.891918377E0,5.202981126E-1,7.473382108E0
6.456022867E1,2.462587032E0,5.694437848E0,1.128147755E0,6.305844483E0
6.457024067E1,2.382633959E0,4.378333100E0,1.712053049E0,5.270471607E0
6.458025167E1,2.344982568E0,2.988646991E0,2.116461686E0,4.348604851E0
6.459026367E1,1.923939479E0,1.400371311E0,2.283296782E0,3.297882218E0
6.460027467E1,1.098015006E0,-1.976043141E-1,2.416612129E0,2.661709714E0
6.461028667E1,7.423458347E-1,-1.268937598E0,2.554342124E0,2.947192504E0
6.462029767E1,2.114704013E-1,-1.635976095E0,2.977675860E0,3.404069776E0
6.463030967E1,1.266770035E-2,-1.052783577E0,3.134418662E0,3.306522959E0
6.464032067E1,-3.445503983E-1,2.664786673E-1,2.707629222E0,2.742440858E0
6.465033267E1,-5.174475950E-1,1.747542139E0,2.107028958E0,2.785897803E0
6.466034367E1,-9.222082347E-2,3.075164732E0,1.674840199E0,3.502889165E0
6.467035567E1,5.896212396E-1,4.067530784E0,1.232444540E0,4.290848335E0
6.468036667E1,9.576262817E-1,4.930207347E0,7.851793206E-1,5.083355107E0
6.469037867E1,1.209561754E0,5.820216719E0,1.297321737E-1,5.945989634E0
6.470038967E1,2.025444219E0,6.612184072E0,-5.956593668E-1,6.941052699E0
6.471040167E1,2.824956820E0,7.403078461E0,-1.578661687E0,8.079487884E0
6.472041267E1,3.976354273E0,7.765827441E0,-1.768921899E0,8.902165682E0
6.473042467E1,4.785547524E0,7.159557717E0,-7.058244181E-1,8.640539330E0
6.474043567E1,4.324677880E0,5.306820075E0,6.418266428E-1,6.875835914E0
6.475044767E1,2.605095956E0,2.902042710E0,8.235814941E-1,3.985807736E0
6.476045867E1,1.316638891E0,1.034551374E0,7.825619607E-1,1.848306721E0
6.477046967E1,7.407697177E-1,-2.758926845E-1,1.096341094E0,1.351599180E0
6.478048167E1,2.640136273E-1,-1.387329097E0,1.424313321E0,2.005755133E0
6.479049267E1,-6.354495232E-1,-2.480530967E0,9.824801642E-1,2.742644207E0
6.480050467E1,-2.568150324E0,-3.325542507E0,-3.348193158E-1,4.215060264E0
6.481051567E1,-3.573493686E0,-4.418541479E0,-1.472414563E0,5.870380786E0
6.482052767E1,-4.188004184E0,-6.121257108E0,-2.052294049E0,7.695523276E0
6.483053867E1,-4.445851192E0,-8.005960309E0,-1.824783566E0,9.337602923E0
6.484055067E1,-4.151469027E0,-1.038813058E1,-5.050745943E-1,1.119835043E1
6.485056167E1,-3.950008181E0,-1.293489004E1,1.911354225E0,1.365896116E1
6.486057367E1,-4.222685482E0,-1.522441411E1,4.289082370E0,1.637101356E1
6.487058467E1,-4.181306491E0,-1.615366765E1,4.123099798E0,1.718791013E1
6.488059667E1,-3.266762202E0,-1.499741116E1,2.076747397E0,1.548893013E1
6.489060767E1,-2.116533460E0,-1.218292992E1,5.045752421E-1,1.237570570E1
6.490061967E1,-2.357879041E0,-9.565603927E0,-2.632483730E-1,9.855438690E0
6.491063067E1,-2.556637741E0,-7.775373021E0,-5.912485197E-1,8.206241342E0
6.492064267E1,-2.379507745E0,-6.662826807E0,-6.274652964E-1,7.102748121E0
6.493065367E1,-2.375257404E0,-5.891256881E0,-3.866050351E-1,6.363821087E0
6.494066567E1,-2.067607761E0,-5.227750517E0,-3.062011421E-2,5.621860449E0
6.495067667E1,-1.911307301E0,-4.630743366E0,3.099568087E-1,5.019258207E0
6.496068867E1,-2.005129823E0,-4.126536791E0,5.442377830E-1,4.620069941E0
6.497069967E1,-1.752400883E0,-3.559157483E0,7.126454875E-1,4.030679153E0
6.498071067E1,-1.266965478E0,-2.812454596E0,6.109621149E-1,3.144578999E0
6.499072267E1,-8.303454070E-1,-2.028852269E0,3.313106941E-1,2.217088587E0
6.500073367E1,-4.251111428E-1,-1.037364469E0,1.216108297E-1,1.127667380E0
6.501074567E1,2.272369798E-1,9.837881863E-2,-2.744829208E-3,2.476339456E-1
6.502075667E1,9.191736759E-1,1.347532947E0,-1.226460792E-1,1.635777293E0
6.503076867E1,1.514241451E0,2.688643312E0,-1.385962602E-1,3.088841038E0
6.504077967E1,2.163161351E0,4.005783017E0,-1.068707299E-1,4.553788089E0
6.505079167E1,2.766021564E0,5.227011428E0,3.664172307E-2,5.913870677E0
6.506080267E1,3.144989258E0,6.319905735E0,1.785394675E-1,7.061447605E0
6.507081467E1,3.340113768E0,7.321889287E0,2.401667815E-1,8.051341677E0
6.508082567E1,3.481457635E0,8.155602252E0,2.888184663E-1,8.872305871E0
6.509083767E1,3.541414399E0,8.777502168E0,3.589470838E-1,9.471800424E0
6.510084867E1,3.537542373E0,9.150867938E0,4.159837488E-1,9.819655418E0
6.511086067E1,3.553840317E0,9.196392605E0,3.251700944E-1,9.864540209E0
6.512087167E1,3.212204464E0,8.801312615E0,3.325264764E-1,9.375069873E0
6.513088367E1,3.276505125E0,8.281552446E0,6.414079821E-1,8.929221744E0
6.514089467E1,3.511650318E0,7.411506638E0,1.286865746E0,8.301695131E0
6.515090667E1,3.445007554E0,6.227414478E0,1.937457365E0,7.375805663E0
6.516091767E1,3.053630899E0,4.552471368E0,2.429050326E0,5.995827108E0
6.517092967E1,2.661258755E0,2.306831825E0,2.700356455E0,4.437983350E0
6.518094067E1,2.365403676E0,-1.682162082E-1,2.654400848E0,3.559392519E0
6.519095267E1,1.764039766E0,-2.372496057E0,2.602744206E0,3.938889594E0
6.520096367E1,1.591322225E0,-3.771509060E0,2.830794972E0,4.976945568E0
6.521097567E1,1.589705762E0,-4.744054804E0,3.112745372E0,5.892571947E0
6.522098667E1,1.238011236E0,-5.128162494E0,3.145368158E0,6.141991797E0
6.523099767E1,6.911033218E-1,-4.223719854E0,2.665017053E0,5.041800185E0
6.524100967E1,3.928155090E-1,-2.400734015E0,1.872695943E0,3.069986634E0
6.525102067E1,2.982401580E-2,-1.032251664E0,1.245531778E0,1.617956236E0
6.526103267E1,-4.078552786E-1,-3.389443803E-1,7.202600241E-1,8.944292725E-1
6.527104367E1,-8.852476922E-1,-7.252886295E-3,9.385952393E-2,8.902391202E-1
6.528105567E1,-1.675335019E0,6.370348495E-1,-2.448105233E0,3.034102842E0
6.529106667E1,-2.420945355E0,1.165174663E0,-3.435129853E0,4.361046378E0
6.530107867E1,-3.050766640E0,1.274421117E0,-3.261004449E0,4.643864370E0
6.531108967E1,-2.899950576E0,1.901361333E0,-3.487119201E0,4.917813395E0
6.532110167E1,-2.130376013E0,2.814580643E0,-3.540400785E0,4.999480360E0
6.533111267E1,-1.206501468E0,4.167460869E0,-3.670673826E0,5.683064510E0
6.534112467E1,-4.688848610E-1,5.978448222E0,-4.058476955E0,7.241058717E0
6.535113567E1,4.158226946E-1,7.831586983E0,-4.695929296E0,9.141029216E0
6.536114767E1,1.605457869E0,9.346461394E0,-5.684802221E0,1.105670891E1
6.537115867E1,2.380779076E0,1.025646064E1,-5.919397776E0,1.207900509E1
6.538117062E1,2.865860140E0,1.062164499E1,-4.420565200E0,1.185638618E1
6.539118162E1,3.201473361E0,1.060862207E1,-1.471882759E0,1.117849421E1
6.540119363E1,4.459023507E0,1.059491853E1,2.544739242E0,1.177331250E1
6.541120462E1,5.526424538E0,1.034465186E1,5.691430040E0,1.303631720E1
6.542121662E1,5.288577347E0,7.897211453E0,7.029814433E0,1.182172957E1
6.543122762E1,4.144127263E0,4.970656630E0,7.440091336E0,9.860840593E0
6.544123962E1,2.829895670E0,1.741973836E0,8.015307083E0,8.676861759E0
6.545125062E1,-1.147406437E-1,-3.665829992E0,7.436049156E0,8.291338975E0
6.546126162E1,-4.393882601E0,-9.324219171E0,6.878148184E0,1.239177913E1
6.547127362E1,-7.146099181E0,-1.403739892E1,5.882691879E0,1.681432026E1
6.548128463E1,-8.373487633E0,-1.683426367E1,3.500490907E0,1.912488340E1
6.549129662E1,-7.573284477E0,-1.651701597E1,1.262322643E0,1.821427772E1
6.550130762E1,-4.591665255E0,-1.363013801E1,-1.320774919E-1,1.438337570E1
6.551131962E1,-2.197210857E0,-1.182885996E1,-8.576757315E-1,1.206172754E1
6.552133062E1,-1.322334371E0,-1.186433502E1,-1.233893480E0,1.200139603E1
6.553134262E1,-1.882792623E0,-1.241011413E1,-2.249438480E0,1.275209058E1
6.554135363E1,-2.653618198E0,-1.317474049E1,-3.525562305E0,1.389406586E1
6.555136562E1,-2.909198533E0,-1.406789449E1,-4.411883546E0,1.502776790E1
6.556137662E1,-2.196367981E0,-1.308182823E1,-5.067825660E0,1.420003940E1
6.557138862E1,-1.871936097E0,-1.114332421E1,-4.494126389E0,1.216038615E1
6.558139962E1,-1.997535459E0,-9.487671068E0,-3.443266253E0,1.028893253E1
6.559141162E1,-1.702723231E0,-7.936458549E0,-2.434425087E0,8.474259036E0
6.560142263E1,-1.400383444E0,-6.899726749E0,-1.294036479E0,7.158340130E0
6.561143462E1,-1.263474837E0,-6.167388716E0,-7.993494630E-2,6.295986169E0
6.562144562E1,-9.375647771E-1,-5.414150981E0,1.089949649E0,5.601789785E0
6.563145762E1,-3.742473833E-1,-4.503396272E0,1.964861510E0,4.927607923E0
6.564146862E1,6.784860536E-2,-3.291064984E0,2.067950261E0,3.887432372E0
6.565148062E1,4.443546219E-1,-1.930426088E0,1.901676937E0,2.745973613E0
6.566149163E1,8.803737456E-1,-3.787311745E-1,1.762844303E0,2.006518196E0
6.567150362E1,1.473434317E0,1.321328650E0,1.707613842E0,2.613974584E0
6.568151462E1,2.005103510E0,2.894823153E0,1.643167732E0,3.885928637E0
6.569152663E1,1.901524032E0,4.111365606E0,1.248087012E0,4.698600002E0
6.570153762E1,2.138004583E0,5.318837857E0,1.230695053E0,5.863080254E0
6.571154862E1,3.239375598E0,6.608103300E0,1.586454856E0,7.528440908E0
6.572156063E1,3.898090754E0,7.737345069E0,1.809733710E0,8.850805406E0
6.573157162E1,3.664630436E0,8.646120495E0,1.898630099E0,9.580694761E0
6.574158362E1,3.497564083E0,9.275694298E0,1.853207758E0,1.008493124E1
6.575159463E1,3.470724486E0,9.641324785E0,1.678590603E0,1.038358023E1
6.576160662E1,3.379697371E0,9.728965777E0,1.454190838E0,1.040143261E1
6.577161762E1,3.526745782E0,9.736501669E0,1.378552426E0,1.044690420E1
6.578162963E1,3.573585488E0,9.586111282E0,1.315575575E0,1.031478462E1
6.579164062E1,3.377203242E0,9.011415353E0,1.550214983E0,9.747526604E0
6.580165262E1,3.703338419E0,8.412714264E0,2.273439546E0,9.468738253E0
6.581166363E1,3.794940607E0,7.649823360E0,2.547765176E0,8.911367967E0
6.582167562E1,3.588968635E0,6.523760138E0,2.386848632E0,7.819027343E0
6.583168662E1,3.533110768E0,4.690299012E0,2.393684027E0,6.341253799E0
6.584169863E1,2.715286443E0,1.451630343E0,2.344062216E0,3.869707843E0
6.585170962E1,1.213646327E0,-2.267822126E0,2.692778463E0,3.723843505E0
6.586172162E1,5.052890410E-1,-5.350732080E0,3.403123949E0,6.361360186E0
6.587173263E1,1.631883337E-1,-7.642029022E0,4.119590299E0,8.683217275E0
6.588174462E1,-1.475737828E-1,-8.785284812E0,4.213625221E0,9.744621325E0
6.589175562E1,-6.779574654E-1,-8.263823104E0,3.112303323E0,8.856457000E0
6.590176763E1,-1.293531864E0,-6.211649215E0,2.013837204E0,6.656827393E0
6.591177862E1,-2.139825552E0,-4.056070241E0,1.280760083E0,4.761397440E0
6.592179062E1,-2.476678821E0,-2.439682903E0,-1.315588073E-1,3.478979502E0
6.593180163E1,-2.382509413E0,-8.739798152E-1,-3.102554845E0,4.008246298E0
6.594181362E1,-3.104380638E0,-4.700734538E-1,-4.227521714E0,5.265936577E0
6.595182462E1,-3.577323028E0,1.242240965E-2,-5.578451309E0,6.626953551E0
6.596183562E1,-3.405765428E0,1.044306868E0,-6.056612631E0,7.026547627E0
6.597184762E1,-2.827465860E0,2.159955030E0,-5.817088459E0,6.818979913E0
6.598185862E1,-1.453184533E0,3.294583839E0,-5.539898862E0,6.607307118E0
6.599187063E1,-6.137322333E-1,4.479664178E0,-5.292497320E0,6.960932860E0
6.600188162E1,6.480849177E-2,5.622886639E0,-5.060344732E0,7.564928493E0
6.601189362E1,8.267151631E-1,6.426644318E0,-4.772238969E0,8.047327502E0
6.602190462E1,1.208478411E0,7.038109294E0,-4.976034315E0,8.703810660E0
6.603191662E1,1.653673570E0,7.786403208E0,-5.019675593E0,9.410624542E0
6.604192762E1,1.916125114E0,8.581830944E0,-3.926659080E0,9.630057597E0
6.605193963E1,2.109149304E0,9.314733233E0,-1.552051740E0,9.675827127E0
6.606195062E1,3.295860870E0,9.933575056E0,1.427052156E0,1.056291106E1
6.607196262E1,6.532992892E0,1.047040676E1,4.685094405E0,1.320073950E1
6.608197362E1,8.034932093E0,1.074791210E1,7.649929780E0,1.544665575E1
6.609198562E1,6.518873620E0,9.417978689E0,8.704333620E0,1.438608563E1
6.610199662E1,5.180847076E0,7.109688569E0,8.750985630E0,1.240840834E1
6.611200863E1,3.595247083E0,4.554762892E0,9.381340036E0,1.103092052E1
6.612201962E1,1.485253879E0,1.669909827E0,9.369195954E0,9.632051221E0
6.613203162E1,-1.539785158E0,-2.529015495E0,8.410553718E0,8.916516784E0
6.614204262E1,-4.099183517E0,-7.199744461E0,6.777577829E0,1.070397996E1
6.615205462E1,-5.466768320E0,-1.129066001E1,4.906198094E0,1.346979358E1
6.616206562E1,-5.838971078E0,-1.443600361E1,2.711272622E0,1.580641587E1
6.617207763E1,-4.560940475E0,-1.659493597E1,1.578410549E0,1.728251884E1
6.618208862E1,-3.378535237E0,-1.827565963E1,3.763434640E-1,1.858913311E1
6.619210062E1,-2.485059343E0,-1.921136616E1,-1.075345351E0,1.940124938E1
6.620211162E1,-1.035757581E0,-1.829589568E1,-5.517001165E0,1.913765645E1
6.621212262E1,6.930131686E-1,-1.541130398E1,-1.139204606E1,1.917725922E1
6.622213462E1,-1.357626265E0,-1.198366500E1,-1.313210961E1,1.782985358E1
6.623214562E1,-3.690496472E0,-9.774423201E0,-7.146102104E0,1.265803651E1
6.624215762E1,-2.427130101E0,-8.980699929E0,-3.006780961E0,9.776740944E0
6.625216863E1,-1.498175641E0,-9.012487147E0,-8.810464677E-1,9.178545512E0
6.626218062E1,-1.912540625E0,-8.909942772E0,6.999976677E-1,9.139742260E0
6.627219162E1,-2.221432217E0,-8.581088932E0,1.883570887E0,9.061881021E0
6.628220363E1,-2.541436442E0,-8.015342166E0,2.680851313E0,8.825620261E0
6.629221462E1,-2.580516601E0,-7.223154373E0,2.843399230E0,8.180338881E0
6.630222662E1,-2.140570487E0,-6.283339003E0,2.440289260E0,7.072298262E0
6.631223763E1,-1.413299651E0,-5.202047911E0,2.111665069E0,5.789460055E0
6.632224962E1,-5.970382865E-1,-3.826866404E0,2.169566683E0,4.439412212E0
6.633226062E1,-2.407955034E-1,-2.340695390E0,2.081720454E0,3.141718866E0
6.634227263E1,3.076196766E-1,-7.454983610E-1,1.645598712E0,1.832591824E0
6.635228362E1,8.505851054E-1,1.100634851E0,1.684557102E0,2.184633774E0
6.636229562E1,1.641090362E0,3.055356120E0,2.131846880E0,4.071013352E0
6.637230663E1,2.481581712E0,4.830402977E0,2.282929577E0,5.890908942E0
6.638231887E1,2.824433202E0,6.323780685E0,1.969037007E0,7.200328590E0
6.639232987E1,2.884984920E0,7.468770760E0,1.568572317E0,8.158804677E0
6.640234187E1,3.109067473E0,8.382196476E0,1.319243533E0,9.037030587E0
6.641235287E1,3.217497948E0,9.151035753E0,1.284491192E0,9.784869239E0
6.642236487E1,3.369477023E0,9.637177940E0,1.254801954E0,1.028606348E1
6.643237588E1,3.950501686E0,9.763697069E0,1.302107098E0,1.061280957E1
6.644238787E1,4.454126464E0,9.667657721E0,1.388801426E0,1.073459910E1
6.645239887E1,4.854545253E0,9.529485676E0,1.560107303E0,1.080794345E1
6.646240988E1,5.041812567E0,9.159016618E0,1.799599900E0,1.060877086E1
6.647242187E1,4.732339031E0,8.668466799E0,2.042397344E0,1.008507493E1
6.648243287E1,4.675921293E0,8.203537141E0,2.344137061E0,9.729195246E0
6.649244488E1,4.284441435E0,7.030034289E0,2.345892249E0,8.560434040E0
6.650245587E1,3.523880354E0,5.308677151E0,2.627739884E0,6.892372794E0
6.651246787E1,2.567621736E0,2.185655882E0,2.998908269E0,4.512562888E0
6.652247888E1,1.903214900E0,-9.739976084E-1,3.692923651E0,4.267151672E0
6.653249087E1,1.410214222E0,-3.885466615E0,4.194293157E0,5.888773221E0
6.654250187E1,1.067290811E0,-6.307534781E0,4.267598530E0,7.690026132E0
6.655251388E1,7.637144843E-1,-7.848084902E0,4.146688635E0,8.909024811E0
6.656252487E1,4.010662226E-1,-7.782992527E0,3.318376744E0,8.470386710E0
6.657253687E1,1.025952458E-2,-6.035514123E0,2.174805204E0,6.415396610E0
6.658254788E1,-7.279665081E-1,-3.797967126E0,1.418007098E0,4.118887429E0
6.659255987E1,-1.455392441E0,-2.118238070E0,7.734626698E-1,2.683904652E0
6.660257087E1,-1.779915833E0,-9.485078412E-1,-2.871298452E-1,2.037206678E0
6.661258288E1,-2.135478585E0,4.321139145E-1,-3.640006349E0,4.242244388E0
6.662259387E1,-3.264964768E0,8.081448448E-1,-4.697823209E0,5.777770844E0
6.663260587E1,-4.305396101E0,9.932022035E-1,-4.935894933E0,6.624646783E0
6.664261688E1,-4.028225800E0,1.601100962E0,-4.667063931E0,6.369585004E0
6.665262887E1,-2.916209052E0,2.385079265E0,-3.811567165E0,5.359190478E0
6.666263987E1,-1.828777214E0,3.487181182E0,-3.680792432E0,5.390091987E0
6.667265188E1,-1.094337692E0,4.860202727E0,-3.839201691E0,6.289563987E0
6.668266287E1,1.381457323E-1,6.156748538E0,-3.649201680E0,7.158303550E0
6.669267487E1,1.714391058E0,7.180587228E0,-3.292475917E0,8.083338871E0
6.670268588E1,1.825998325E0,8.069279807E0,-3.205745337E0,8.872674324E0
6.671269687E1,2.952001905E0,8.185449364E0,-3.235936266E0,9.283705082E0
6.672270887E1,3.645131434E0,7.958019572E0,-3.069035681E0,9.275561368E0
6.673271987E1,4.457243907E0,7.643148179E0,-2.796207522E0,9.279197909E0
6.674273187E1,6.314476011E0,7.048762336E0,-2.262576004E0,9.730205955E0
6.675274287E1,6.963066713E0,6.057899019E0,-1.992272234E0,9.442011820E0
6.676275488E1,5.971810462E0,4.749185151E0,-4.791395617E-1,7.645054252E0
6.677276587E1,2.937235932E0,2.232840573E0,1.584066269E0,4.015245682E0
6.678277787E1,-4.372328594E-2,-8.163952661E-1,2.889768235E0,3.003193868E0
6.679278887E1,-2.041986723E0,-3.432965798E0,4.356112511E0,5.910218284E0
6.680280087E1,-3.112361795E0,-5.226321457E0,6.323870147E0,8.774540760E0
6.681281187E1,-3.241128008E0,-6.186148923E0,6.660621822E0,9.650763302E0
6.682282388E1,-3.106218710E0,-6.177373422E0,4.246997035E0,8.114525302E0
6.683283487E1,-2.611286988E0,-5.737745250E0,1.391411038E0,6.455738918E0
6.684284687E1,-2.426433551E0,-5.598462235E0,-9.290787131E-2,6.102375852E0
6.685285787E1,-2.480665453E0,-5.834806691E0,-9.444425645E-1,6.410198279E0
6.686286987E1,-2.751351777E0,-7.063707234E0,-2.471217522E-1,7.584653298E0
6.687288087E1,-2.410024364E0,-8.810862288E0,1.051347793E0,9.194827017E0
6.688289288E1,-2.497034441E0,-1.090761593E1,2.312814988E0,1.142630209E1
6.689290387E1,-3.770913228E0,-1.316679646E1,2.502738400E0,1.392293127E1
6.690291587E1,-5.165125083E0,-1.469265662E1,1.579384696E0,1.565398134E1
6.691292687E1,-5.042004356E0,-1.422083543E1,-5.000664541E-1,1.509649081E1
6.692293887E1,-3.848674765E0,-1.145242324E1,-3.465957836E0,1.256913518E1
6.693294987E1,-3.183612164E0,-9.015250542E0,-3.748850807E0,1.026956723E1
6.694296188E1,-3.098945358E0,-8.120993167E0,-2.507957917E0,9.046758827E0
6.695297287E1,-2.483879083E0,-7.185401241E0,-1.775655260E0,7.807214477E0
6.696298487E1,-1.850489826E0,-6.501730753E0,-1.313383161E0,6.886348140E0
6.697299587E1,-1.023195789E0,-5.950647050E0,-7.879196182E-1,6.089166385E0
6.698300687E1,-4.187505417E-1,-5.435838304E0,-8.987009659E-2,5.452684358E0
6.699301887E1,-5.597904995E-2,-4.649463812E0,6.585379851E-1,4.696202686E0
6.700302987E1,6.420554151E-1,-3.248724126E0,1.178067481E0,3.514866512E0
6.701304187E1,1.398621093E0,-1.625680903E0,1.408879010E0,2.565914929E0
6.702305288E1,1.514191311E0,-9.296780527E-2,1.295028020E0,1.994621747E0
6.703306487E1,1.409809448E0,1.355867568E0,1.024913554E0,2.208254364E0
6.704307587E1,1.979999806E0,2.870975869E0,1.013417124E0,3.631792386E0
6.705308788E1,2.656570750E0,4.344988768E0,1.133373338E0,5.217358591E0
6.706309887E1,3.184157709E0,5.679247951E0,1.184562276E0,6.617847489E0
6.707311087E1,3.627271113E0,6.932393389E0,1.332608514E0,7.936688181E0
6.708312188E1,3.800296072E0,8.012875811E0,1.470629116E0,8.989503823E0
6.709313387E1,3.740178509E0,8.813397641E0,1.655460187E0,9.716247304E0
6.710314487E1,3.748432146E0,9.348372265E0,1.771429769E0,1.022647402E1
6.711315688E1,3.873703479E0,9.627394379E0,1.890793076E0,1.054833634E1
6.712316787E1,3.926427822E0,9.675873644E0,1.897946559E0,1.061327317E1
6.713317987E1,3.777939243E0,9.415747976E0,1.681866213E0,1.028386157E1
6.714319088E1,3.309606797E0,8.269439355E0,1.612742769E0,9.051964628E0
6.715320287E1,3.463208475E0,7.312074736E0,1.832207483E0,8.295615356E0
6.716321387E1,3.701524905E0,6.162432032E0,2.296131420E0,7.546461069E0
6.717322588E1,3.707632614E0,4.438475221E0,2.415618103E0,6.267520459E0
6.718323687E1,2.852533166E0,1.786617327E0,2.748719945E0,4.345619435E0
6.719324887E1,2.211012625E0,-7.222439843E-1,3.504256221E0,4.205951125E0
6.720325988E1,1.820637305E0,-2.698505811E0,3.989377484E0,5.148959751E0
6.721327187E1,1.217061978E0,-4.313585127E0,4.201298121E0,6.143220850E0
6.722328287E1,8.611425456E-1,-5.391763746E0,4.095720795E0,6.825511821E0
6.723329388E1,6.142342168E-1,-5.582068396E0,3.640743098E0,6.692666252E0
6.724330587E1,2.568024024E-1,-4.516166006E0,2.810912100E0,5.325685844E0
6.725331687E1,-4.058134308E-1,-2.763247937E0,2.033807784E0,3.454938177E0
6.726332888E1,-1.151958494E0,-1.337263482E0,1.416884433E0,2.263369941E0
6.727333987E1,-1.742105691E0,-5.218973261E-1,8.883744907E-1,2.023985744E0
6.728335187E1,-2.211675991E0,2.481681114E-1,-8.243053794E-1,2.373305177E0
6.729336288E1,-2.572297170E0,1.301519453E0,-4.110189146E0,5.020390466E0
6.730337487E1,-3.360474650E0,1.277192697E0,-3.707254592E0,5.164082461E0
6.731338587E1,-3.575620903E0,1.437236837E0,-3.401456907E0,5.140099577E0
6.732339788E1,-3.027313458E0,2.111592125E0,-2.885841830E0,4.685246113E0
6.733340887E1,-2.125817523E0,2.873862054E0,-2.279086787E0,4.239389087E0
6.734342087E1,-1.332895904E0,3.754475536E0,-1.899843981E0,4.413853780E0
6.735343188E1,-5.515941650E-1,4.945401921E0,-1.963457594E0,5.349431933E0
6.736344387E1,6.404630721E-1,6.144358288E0,-1.924087706E0,6.470351244E0
6.737345487E1,1.832506568E0,7.171987728E0,-2.169550896E0,7.713782430E0
6.738346613E1,2.178072920E0,8.197368913E0,-2.714307911E0,8.905522230E0
6.739347712E1,3.645017998E0,8.472124314E0,-2.753949695E0,9.625345995E0
6.740348912E1,4.856478635E0,7.980312667E0,-2.838751279E0,9.763671636E0
6.741350012E1,6.031552050E0,6.915135332E0,-2.565025572E0,9.527752776E0
6.742351212E1,7.015652477E0,5.538392034E0,-2.316069256E0,9.233490283E0
6.743352312E1,6.678638263E0,3.368251154E0,-1.601457204E0,7.649443775E0
6.744353512E1,3.592089586E0,6.116444850E-1,-3.985112818E-1,3.665518765E0
6.745354612E1,-5.867724761E-1,-2.414274997E0,-3.515546317E-1,2.509305952E0
6.746355812E1,-4.415993847E0,-5.704358234E0,-1.556069946E0,7.379841339E0
6.747356912E1,-5.523165885E0,-6.634180128E0,-1.946116068E0,8.849015488E0
6.748358112E1,-3.123403677E0,-3.157574220E0,-2.746250081E-1,4.449870153E0
6.749359213E1,3.332563551E-1,-9.660594285E-2,3.740762646E0,3.756820155E0
6.750360412E1,2.687406042E0,1.638448883E0,6.854947017E0,7.543007662E0
6.751361512E1,3.085583301E0,2.350435681E0,3.736506165E0,5.385800825E0
6.752362712E1,-4.598487201E-1,5.942145199E-1,1.922982582E-1,7.755838840E-1
6.753363812E1,-3.204444916E0,-1.849570790E0,-4.651489288E-1,3.729040474E0
6.754364912E1,-4.417080844E0,-4.893479231E0,5.254664665E-1,6.613082275E0
6.755366113E1,-5.260232384E0,-8.422171551E0,2.508783251E0,1.024192422E1
6.756367212E1,-5.259536566E0,-1.238057166E1,4.211893276E0,1.409543630E1
6.757368412E1,-6.175285381E0,-1.611119114E1,5.036249526E0,1.797410467E1
6.758369513E1,-7.560545148E0,-1.837279241E1,5.290323325E0,2.055988484E1
6.759370712E1,-6.963461984E0,-1.801129532E1,4.496909663E0,1.982722266E1
6.760371812E1,-4.132683384E0,-1.509634137E1,2.519529557E0,1.585328433E1
6.761373013E1,-2.108454655E0,-1.179092674E1,2.449281693E-1,1.198046427E1
6.762374112E1,-1.051160828E0,-8.984440393E0,-1.568710019E0,9.180738499E0
6.763375312E1,-7.496434522E-1,-6.834501643E0,-2.457863066E0,7.301607280E0
6.764376413E1,-9.288655820E-1,-5.260390259E0,-2.590768524E0,5.936882893E0
6.765377612E1,-6.895160951E-1,-4.054043596E0,-2.417654103E0,4.770299077E0
6.766378712E1,-3.620069683E-2,-3.295973137E0,-2.024946329E0,3.868482525E0
6.767379913E1,7.843117400E-1,-3.038295699E0,-1.529281366E0,3.490714419E0
6.768381012E1,1.260911417E0,-2.833481768E0,-1.018651333E0,3.264378512E0
6.769382212E1,1.140152965E0,-2.318088300E0,-4.364075249E-1,2.619911006E0
6.770383313E1,1.154345327E0,-1.469584218E0,1.340114585E-1,1.873539426E0
6.771384512E1,1.153290197E0,-5.336473060E-1,4.382306868E-1,1.344211241E0
6.772385612E1,1.515269976E0,6.419400787E-1,4.489841549E-1,1.705789241E0
6.773386813E1,2.085126750E0,1.918953266E0,3.955805111E-1,2.861226859E0
6.774387912E1,2.436826246E0,3.275404387E0,3.845571940E-1,4.100521953E0
6.775389112E1,2.736564461E0,4.737466747E0,2.811376369E-1,5.478267481E0
6.776390213E1,3.154682772E0,6.174828129E0,3.088581169E-1,6.940887490E0
6.777391412E1,3.537965127E0,7.342693096E0,5.262844920E-1,8.167577028E0
6.778392512E1,3.713209396E0,8.190224785E0,7.396751189E-1,9.023016421E0
6.779393613E1,3.706802017E0,8.733939827E0,8.800696903E-1,9.528725453E0
6.780394812E1,3.716551664E0,9.080019565E0,9.302616048E-1,9.855196509E0
6.781395912E1,3.936387385E0,9.283357074E0,1.074888391E0,1.014057440E1
6.782397113E1,4.182721517E0,9.296012203E0,1.113534978E0,1.025431433E1
6.783398212E1,4.223060288E0,8.963327267E0,1.164139706E0,9.976507161E0
6.784399412E1,3.828768211E0,7.921544641E0,1.402457013E0,8.909389496E0
6.785400513E1,3.814703026E0,6.885880542E0,1.549799831E0,8.023041165E0
6.786401712E1,3.661168592E0,5.345973031E0,2.034681358E0,6.791429256E0
6.787402812E1,2.786297953E0,3.146058714E0,2.537127922E0,4.908987656E0
6.788404013E1,1.832059841E0,8.104316908E-1,3.098465302E0,3.689678850E0
6.789405112E1,1.365885603E0,-1.275462506E0,3.746841996E0,4.187036306E0
6.790406312E1,5.834436563E-1,-3.259036276E0,3.968679510E0,5.168378953E0
6.791407413E1,-4.794000551E-1,-5.264904894E0,3.958424664E0,6.604405634E0
6.792408612E1,-1.126307051E0,-6.447622958E0,3.545736369E0,7.443967745E0
6.793409712E1,-1.336016271E0,-6.226339760E0,2.831591363E0,6.969229221E0
6.794410913E1,-1.456236779E0,-4.593086128E0,2.007738558E0,5.219969335E0
6.795412012E1,-1.670944491E0,-2.721180144E0,1.348831029E0,3.466442270E0
6.796413212E1,-1.823919055E0,-1.235985029E0,7.564378437E-1,2.329493061E0
6.797414313E1,-1.644715051E0,-2.685275316E-2,-6.860772014E-1,1.782276801E0
6.798415512E1,-1.340749007E0,1.902195146E0,-4.633204460E0,5.184837301E0
6.799416612E1,-1.753420638E0,2.358424732E0,-4.437489966E0,5.322402497E0
6.800417813E1,-2.153201788E0,2.519964589E0,-4.185574958E0,5.339057708E0
6.801418912E1,-1.824974770E0,3.041906939E0,-4.087613046E0,5.412237167E0
6.802420112E1,-9.498392522E-1,3.709440866E0,-3.784900938E0,5.384015346E0
6.803421212E1,-1.063973978E-1,4.828163493E0,-3.703828123E0,6.086117473E0
6.804422412E1,6.160784286E-1,6.394801551E0,-4.027765625E0,7.582607430E0
6.805423512E1,1.362888612E0,7.852273847E0,-4.221599069E0,9.018734315E0
6.806424713E1,2.082349030E0,8.930937200E0,-4.276523135E0,1.011861981E1
6.807425812E1,2.224907948E0,9.590090312E0,-4.026590919E0,1.063642243E1
6.808427012E1,2.484222314E0,9.912017541E0,-2.327019922E0,1.048019437E1
6.809428112E1,3.199189731E0,9.898554912E0,5.505661514E-1,1.041726103E1
6.810429212E1,4.838752801E0,9.779951743E0,2.545706956E0,1.120453518E1
6.811430412E1,4.843674695E0,8.960589015E0,3.668858850E0,1.082653524E1
6.812431512E1,3.850920680E0,7.105042956E0,5.192914560E0,9.606122377E0
6.813432712E1,3.043471362E0,5.466636173E0,6.951573426E0,9.352604026E0
6.814433813E1,2.888640892E0,2.869605281E0,8.180747033E0,9.138025098E0
6.815435012E1,2.067521514E0,-1.714604189E0,7.928779986E0,8.371383685E0
6.816436112E1,-1.211469701E0,-7.075551939E0,6.907497699E0,9.962159331E0
6.817437312E1,-5.345372522E0,-1.185865854E1,5.921181176E0,1.429199693E1
6.818438412E1,-7.518658619E0,-1.544197847E1,4.844488335E0,1.784527932E1
6.819439612E1,-7.477835698E0,-1.713744648E1,3.420993624E0,1.900824284E1
6.820440713E1,-6.386634745E0,-1.688797503E1,1.789636245E0,1.814374828E1
6.821441912E1,-4.559686832E0,-1.523162255E1,-8.412155271E-2,1.589969012E1
6.822443012E1,-2.873932221E0,-1.374634090E1,-1.516810425E0,1.412522879E1
6.823444212E1,-2.042787207E0,-1.276382624E1,-2.757350728E0,1.321708072E1
6.824445312E1,-2.084293375E0,-1.225143473E1,-5.269239435E0,1.349840050E1
6.825446512E1,-1.434316006E0,-1.183627540E1,-7.290869808E0,1.397538766E1
6.826447613E1,-1.088858705E0,-1.102427022E1,-7.675317221E0,1.347704128E1
6.827448812E1,-2.571069547E0,-9.639942504E0,-6.706079831E0,1.202124772E1
6.828449912E1,-3.411841562E0,-8.078714874E0,-4.627688196E0,9.915734714E0
6.829451112E1,-2.757311844E0,-7.010727952E0,-2.698128958E0,8.002060666E0
6.830452212E1,-2.371000777E0,-6.121632500E0,-1.167313282E0,6.667731957E0
6.831453412E1,-2.167282761E0,-5.535587125E0,4.063294476E-1,5.958602437E0
6.832454513E1,-1.725458229E0,-5.049184737E0,1.733873688E0,5.610507158E0
6.833455712E1,-9.732842481E-1,-4.477269743E0,2.217474968E0,5.090228071E0
6.834456812E1,-2.264208546E-1,-3.624481992E0,2.073874952E0,4.181996345E0
6.835457913E1,1.912134536E-1,-2.504888713E0,1.743291798E0,3.057792724E0
6.836459112E1,2.124816772E-1,-1.215842541E0,1.580198920E0,2.005106026E0
6.837460212E1,3.462735727E-1,3.049779046E-1,1.228354998E0,1.312163446E0
6.838461475E1,6.938396725E-1,1.873468945E0,9.788670234E-1,2.224742688E0
6.839462575E1,1.203047371E0,3.339299836E0,9.558601302E-1,3.675855677E0
6.840463775E1,1.795812366E0,4.775894063E0,1.127476640E0,5.225448280E0
6.841464875E1,2.553209226E0,6.034637040E0,1.252326243E0,6.671135030E0
6.842466075E1,3.460983902E0,7.116633307E0,1.381291262E0,8.033233766E0
6.843467175E1,3.981379955E0,7.988283591E0,1.446089521E0,9.041860206E0
6.844468375E1,4.122304577E0,8.577510436E0,1.335509318E0,9.609925361E0
6.845469475E1,4.390685343E0,8.942051588E0,1.185950405E0,1.003219232E1
6.846470675E1,4.609291394E0,9.214141243E0,1.230752941E0,1.037596833E1
6.847471775E1,4.541347918E0,9.298950428E0,1.407442349E0,1.044390798E1
6.848472975E1,4.132187541E0,8.724187841E0,1.494706196E0,9.768345508E0
6.849474075E1,4.172492983E0,7.694017786E0,1.746785510E0,8.925181623E0
6.850475275E1,4.393398744E0,6.773930336E0,2.127931584E0,8.349621401E0
6.851476375E1,3.953496338E0,5.557857415E0,2.274421878E0,7.189777967E0
6.852477575E1,3.499844204E0,3.869315436E0,2.214323026E0,5.667780682E0
6.853478675E1,3.050128709E0,1.750941126E0,2.428913502E0,4.274190071E0
6.854479875E1,2.800056744E0,-6.361068964E-1,2.957453849E0,4.122072661E0
6.855480975E1,2.438520769E0,-2.830112017E0,3.451761088E0,5.086312238E0
6.856482175E1,1.790297857E0,-4.399380738E0,3.866114670E0,6.124259950E0
6.857483275E1,6.475516516E-1,-5.262825624E0,4.005211744E0,6.645177034E0
6.858484475E1,-8.188089967E-2,-4.756297705E0,3.700202265E0,6.026654888E0
6.859485575E1,-4.096436495E-1,-3.196683322E0,2.730067327E0,4.223725819E0
6.860486775E1,-9.181452969E-1,-1.788788399E0,1.772248964E0,2.680227810E0
6.861487875E1,-1.327311521E0,-8.254923642E-1,1.179938883E0,1.958430311E0
6.862489075E1,-1.512125051E0,-1.351361704E-1,5.272340798E-1,1.607096677E0
6.863490175E1,-1.907153877E0,9.561133146E-1,-2.633361397E0,3.389097347E0
6.864491275E1,-2.245979267E0,1.968656938E0,-4.211889183E0,5.163336469E0
6.865492475E1,-3.194025470E0,2.120100408E0,-3.394723254E0,5.120622073E0
6.866493575E1,-3.739315752E0,2.783340139E0,-3.521617774E0,5.842196194E0
6.867494775E1,-3.516053563E0,3.915812495E0,-3.171894051E0,6.144683233E0
6.868495875E1,-2.174176920E0,5.314087579E0,-2.832335421E0,6.402241484E0
6.869497075E1,-8.973917744E-1,6.453530985E0,-2.514203328E0,6.983880909E0
6.870498175E1,1.221715777E0,7.180845090E0,-2.596163165E0,7.732864206E0
6.871499375E1,2.725367043E0,7.611805349E0,-3.097244988E0,8.657951993E0
6.872500475E1,2.600464377E0,7.419869910E0,-3.421360245E0,8.574531497E0
6.873501675E1,2.659863902E0,6.565022770E0,-3.362278808E0,7.840874870E0
6.874502775E1,2.297212863E0,5.572097724E0,-3.292917967E0,6.867952294E0
6.875503975E1,2.597366522E0,4.643311957E0,-3.711195615E0,6.486881506E0
6.876505075E1,2.147289376E0,3.146662731E0,-3.458348562E0,5.145144583E0
6.877506275E1,9.109622848E-1,1.442258425E0,-2.421322646E0,2.961885380E0
6.878507375E1,-2.890965745E-1,3.771062332E-1,-2.378477758E-1,5.313732257E-1
6.879508575E1,-8.625347677E-1,-7.515835583E-2,2.494904593E0,2.640864239E0
6.880509675E1,-3.966131294E-1,-1.041461028E0,3.948296701E0,4.102558944E0
6.881510875E1,4.034096405E-1,-2.503646765E0,4.092240533E0,4.814293202E0
6.882511975E1,1.030201191E0,-4.119253500E0,4.227993000E0,5.992118882E0
6.883513175E1,8.001360597E-1,-6.121124961E0,4.258841740E0,7.499741427E0
6.884514275E1,-1.410391977E0,-8.428593548E0,3.673396874E0,9.301840642E0
6.885515475E1,-3.979129654E0,-1.075506091E1,2.301673996E0,1.169626056E1
6.886516575E1,-4.916689169E0,-1.253124973E1,1.051586652E0,1.350229190E1
6.887517775E1,-5.007210499E0,-1.335071829E1,7.874883860E-2,1.425903353E1
6.888518875E1,-4.664935545E0,-1.312415622E1,-5.805913845E-1,1.394066665E1
6.889520075E1,-3.866432174E0,-1.228683377E1,-2.579101574E-1,1.288340404E1
6.890521175E1,-3.189763727E0,-1.123968633E1,4.130414665E-1,1.169084020E1
6.891522275E1,-2.802377504E0,-9.924228866E0,1.068286300E-2,1.031231072E1
6.892523475E1,-2.563535702E0,-8.821548074E0,-6.681274188E-1,9.210744811E0
6.893524575E1,-2.393856228E0,-7.778881935E0,-9.605884811E-1,8.195381750E0
6.894525775E1,-2.163296568E0,-6.763793018E0,-9.409336504E-1,7.163386362E0
6.895526875E1,-1.904068740E0,-5.795211101E0,-6.080481550E-1,6.130226100E0
6.896528075E1,-1.759878741E0,-4.889163401E0,-1.206151950E-1,5.197657162E0
6.897529175E1,-1.471746226E0,-3.986424640E0,3.276879054E-1,4.262041498E0
6.898530375E1,-1.147562996E0,-3.248607767E0,5.651790011E-1,3.491386623E0
6.899531475E1,-8.835243715E-1,-2.599616531E0,5.197891125E-1,2.794423401E0
6.900532675E1,-5.771868432E-1,-1.819582760E0,4.906141376E-1,1.970971411E0
6.901533775E1,-1.024274307E-1,-8.712748933E-1,4.980902414E-1,1.008813762E0
6.902534975E1,4.280579934E-1,2.146881241E-1,4.712257938E-1,6.718469953E-1
6.903536075E1,9.982521513E-1,1.349718052E0,4.039342819E-1,1.726675731E0
6.904537275E1,1.631379014E0,2.528619638E0,3.717985694E-1,3.032086565E0
6.905538375E1,2.438961357E0,3.755161414E0,4.342025399E-1,4.498699989E0
6.906539575E1,3.051771777E0,4.877277181E0,4.546648711E-1,5.771296546E0
6.907540675E1,3.713161741E0,5.908994409E0,5.577887052E-1,7.001065154E0
6.908541875E1,4.291260165E0,6.825470619E0,6.922548578E-1,8.092044226E0
6.909542975E1,4.423923841E0,7.497163669E0,6.504016576E-1,8.729352069E0
6.910544175E1,4.434675116E0,7.918654363E0,6.817017299E-1,9.101436565E0
6.911545275E1,4.561766687E0,8.127596428E0,9.031919199E-1,9.363935852E0
6.912546475E1,4.874395089E0,8.162182708E0,1.110741763E0,9.571556891E0
6.913547575E1,4.943105720E0,7.811980684E0,1.472478590E0,9.361064553E0
6.914548775E1,4.737091355E0,6.949294181E0,1.799274795E0,8.600587998E0
6.915549875E1,4.441091266E0,5.860649046E0,2.033730601E0,7.629322318E0
6.916551075E1,4.139854117E0,4.564844661E0,2.160890000E0,6.530363274E0
6.917552175E1,3.788240867E0,2.925591202E0,2.026407548E0,5.197709140E0
6.918553375E1,3.111373031E0,1.013635299E0,1.875074590E0,3.771472308E0
6.919554475E1,2.783870774E0,-7.206248903E-1,2.294721072E0,3.678991916E0
6.920555575E1,2.447941511E0,-1.981789784E0,2.815748917E0,4.224730802E0
6.921556775E1,1.934695432E0,-2.915418801E0,2.889898628E0,4.538086302E0
6.922557875E1,1.485139274E0,-3.435456128E0,2.869722226E0,4.716280645E0
6.923559075E1,1.065388420E0,-3.250616870E0,2.877646372E0,4.470169031E0
6.924560175E1,6.433966202E-1,-2.125456458E0,2.494567208E0,3.339818846E0
6.925561375E1,9.068388283E-2,-8.224161440E-1,1.814104503E0,1.993882401E0
6.926562475E1,-3.311710918E-1,1.025005209E-1,1.284125741E0,1.330097578E0
6.927563675E1,-6.991697019E-1,7.091011977E-1,1.024048605E0,1.428404119E0
6.928564775E1,-1.101815111E0,1.140166706E0,7.447271132E-1,1.751740600E0
6.929565975E1,-1.453344454E0,1.633717316E0,-5.246911258E-1,2.248675865E0
6.930567075E1,-1.812933306E0,2.605867789E0,-2.966208301E0,4.344613422E0
6.931568275E1,-2.280743303E0,2.845944523E0,-2.321796604E0,4.323416440E0
6.932569375E1,-2.454578685E0,3.174238785E0,-1.838077064E0,4.413533242E0
6.933570575E1,-2.108314760E0,3.903516385E0,-1.462285870E0,4.671264418E0
6.934571675E1,-1.016593113E0,4.702630205E0,-1.361752937E0,5.000256340E0
6.935572875E1,1.408778438E-1,5.650377324E0,-1.871044251E0,5.953773346E0
6.936573975E1,1.290882491E0,6.553756939E0,-2.776952056E0,7.233918049E0
6.937575175E1,2.238015651E0,7.041328186E0,-3.389432693E0,8.128792694E0
6.938576300E1,3.611488309E0,7.034930162E0,-3.472783875E0,8.636742328E0
6.939577500E1,4.000670504E0,6.699955457E0,-3.415619448E0,8.518287611E0
6.940578600E1,1.573350369E0,5.876153523E0,-3.120345583E0,6.836751287E0
6.941579800E1,-2.482540655E-1,4.960971302E0,-2.105725613E0,5.395085421E0
6.942580900E1,-6.772803578E-1,3.780900273E0,-8.073468460E-1,3.925012673E0
6.943582100E1,-1.185595187E0,2.602966985E0,6.803263186E-1,2.940053906E0
6.944583200E1,-1.823533431E0,1.569351166E0,2.399082031E0,3.397606782E0
6.945584400E1,-2.388329732E0,4.682608169E-1,3.612057828E0,4.355496396E0
6.946585500E1,-2.746724875E0,-1.219087746E0,4.448299128E0,5.368243438E0
6.947586700E1,-2.747653120E0,-3.468929683E0,4.527947561E0,6.331301599E0
6.948587800E1,-2.425794012E0,-6.054121132E0,3.742688718E0,7.519612897E0
6.949588900E1,-2.708650438E0,-9.044961998E0,2.990494126E0,9.904099145E0
6.950590100E1,-3.478082914E0,-1.210560166E1,2.733056424E0,1.288845413E1
6.951591200E1,-4.261432056E0,-1.465284644E1,2.198668129E0,1.541751774E1
6.952592400E1,-4.232719304E0,-1.596484001E1,1.728436655E0,1.660661080E1
6.953593500E1,-3.617161278E0,-1.601991961E1,1.740098926E0,1.651513319E1
6.954594700E1,-3.199076295E0,-1.486825435E1,1.276897997E0,1.526202952E1
6.955595800E1,-3.260162157E0,-1.308989973E1,-2.224196050E-1,1.349161231E1
6.956597000E1,-2.486354502E0,-1.041508508E1,-2.314962671E0,1.095513615E1
6.957598100E1,-8.949407677E-1,-7.491245118E0,-3.318557715E0,8.242117307E0
6.958599300E1,-6.519157210E-1,-5.684609263E0,-3.262955080E0,6.586854517E0
6.959600400E1,-6.242102976E-1,-5.095011120E0,-2.715287320E0,5.807026953E0
6.960601600E1,-5.964871864E-1,-5.022172939E0,-1.538765550E0,5.286380370E0
6.961602700E1,-4.489357692E-1,-4.676686109E0,-3.624713834E-1,4.712146198E0
6.962603900E1,-3.048299700E-2,-4.072763457E0,3.444097728E-1,4.087413545E0
6.963605000E1,-3.545283794E-2,-3.262096124E0,7.195124575E-1,3.340692473E0
6.964606200E1,-1.193904957E-1,-2.317865521E0,7.918287742E-1,2.452294328E0
6.965607300E1,-1.008837658E-1,-1.373084110E0,6.437117851E-1,1.519836297E0
6.966608500E1,1.028335199E-1,-2.896424121E-1,4.108282954E-1,5.130763568E-1
6.967609600E1,4.987560931E-1,9.480716389E-1,2.784790541E-1,1.106864064E0
6.968610800E1,1.274106829E0,2.337056082E0,9.533256546E-2,2.663506644E0
6.969611900E1,2.218008234E0,3.813697890E0,3.463089484E-1,4.425356710E0
6.970613100E1,2.726268099E0,5.221627312E0,3.291612576E-1,5.899684455E0
6.971614200E1,2.789788741E0,6.428141790E0,1.047867823E-1,7.008202934E0
6.972615400E1,2.792987460E0,7.416248730E0,-9.125405945E-2,7.925266650E0
6.973616500E1,3.108401768E0,8.187056764E0,-4.074581064E-2,8.757380900E0
6.974617700E1,3.486568394E0,8.701265586E0,1.366670445E-1,9.374799190E0
6.975618800E1,3.909804773E0,9.000076432E0,4.675153700E-1,9.823773194E0
6.976619900E1,4.310587844E0,9.018296941E0,8.180400878E-1,1.002895991E1
6.977621100E1,4.264328475E0,8.500492666E0,1.131844364E0,9.577261851E0
6.978622200E1,3.695006137E0,7.292328689E0,1.299770551E0,8.277712941E0
6.979623400E1,3.492352459E0,6.311420256E0,1.322553642E0,7.333464358E0
6.980624500E1,3.370576300E0,4.985971073E0,1.619180553E0,6.232370159E0
6.981625700E1,2.986933464E0,3.170010663E0,1.949212607E0,4.771809815E0
6.982626800E1,2.782193208E0,1.067274147E0,2.136197208E0,3.666471282E0
6.983628000E1,2.557258716E0,-9.549736923E-1,2.349101347E0,3.601364190E0
6.984629100E1,1.791171139E0,-2.525566222E0,2.711774898E0,4.115884095E0
6.985630300E1,1.319568931E0,-3.698717072E0,3.116220957E0,5.013242782E0
6.986631400E1,9.539597851E-1,-4.214407579E0,3.152774241E0,5.348949049E0
6.987632600E1,7.331379318E-1,-3.779126227E0,2.932199725E0,4.839119909E0
6.988633700E1,6.018971765E-1,-2.477309151E0,2.330962114E0,3.454377689E0
6.989634900E1,3.224467537E-1,-1.352645752E0,1.698892136E0,2.195417256E0
6.990636000E1,-2.061155212E-1,-6.755644923E-1,1.272923645E0,1.455749153E0
6.991637200E1,-7.080352503E-1,-2.885659397E-1,9.400849271E-1,1.211752403E0
6.992638300E1,-1.186743287E0,-2.452263772E-2,3.767384434E-1,1.245348483E0
6.993639500E1,-1.594719019E0,6.667375356E-1,-1.856640658E0,2.536687254E0
6.994640600E1,-1.951234867E0,1.437194737E0,-2.780844548E0,3.688623404E0
6.995641800E1,-2.350954622E0,1.535236171E0,-2.283956348E0,3.619446689E0
6.996642900E1,-2.366363789E0,2.123545588E0,-2.672518446E0,4.153489893E0
6.997644100E1,-2.363022105E0,3.177584562E0,-3.130506290E0,5.047869526E0
6.998645200E1,-2.044589173E0,4.644227046E0,-3.658178911E0,6.255514582E0
6.999646400E1,-1.338303702E0,6.563035301E0,-4.487272575E0,8.062264218E0
7.000647500E1,-7.101874642E-1,8.289656103E0,-4.759530630E0,9.585191514E0
7.001648700E1,1.281180206E0,9.648195264E0,-5.110025015E0,1.099279083E1
7.002649800E1,2.282906480E0,1.051723243E1,-4.453197341E0,1.164709434E1
7.003651000E1,2.861900990E0,1.075976090E1,-2.708522384E0,1.145857868E1
7.004652100E1,2.944300245E0,1.037261909E1,-1.867453330E0,1.094292066E1
7.005653300E1,2.925930340E0,9.996084130E0,-1.127275350E0,1.047633123E1
7.006654400E1,3.281065953E0,9.137950854E0,-7.670786798E-2,9.709450226E0
7.007655500E1,4.041852736E0,7.957359422E0,2.740532674E0,9.336308791E0
7.008656700E1,4.954795473E0,5.815099820E0,7.075223325E0,1.041269270E1
7.009657800E1,4.044595373E0,2.209886159E0,9.194590493E0,1.028507865E1
7.010659000E1,7.343601461E-1,-2.906028172E0,8.148566297E0,8.682362424E0
7.011660100E1,-2.383361060E0,-7.898282079E0,6.150471552E0,1.029036297E1
7.012661300E1,-4.815713017E0,-1.240028730E1,4.555482100E0,1.406096135E1
7.013662400E1,-7.209386519E0,-1.623760794E1,2.636713606E0,1.796071892E1
7.014663600E1,-8.413755654E0,-1.944775389E1,2.101132479E0,2.129368858E1
7.015664700E1,-7.748707379E0,-2.088306173E1,2.595076168E0,2.242496719E1
7.016665900E1,-6.881929579E0,-1.940507389E1,2.345104775E0,2.072238799E1
7.017667000E1,-5.106686840E0,-1.619385673E1,6.858514988E-1,1.699381178E1
7.018668200E1,-3.840853821E0,-1.295683932E1,-1.624352123E0,1.361140562E1
7.019669300E1,-3.094283373E0,-1.059128391E1,-3.189011775E0,1.148562930E1
7.020670500E1,-2.581819360E0,-9.694537956E0,-4.389924328E0,1.095085809E1
7.021671600E1,-2.000277803E0,-9.463793963E0,-4.989925545E0,1.088411064E1
7.022672800E1,-1.856308975E0,-9.178263313E0,-5.232990206E0,1.072709592E1
7.023673900E1,-2.126517289E0,-8.586443228E0,-4.905670676E0,1.011507231E1
7.024675100E1,-2.273667295E0,-7.963833459E0,-2.727288438E0,8.719536029E0
7.025676200E1,-2.031894868E0,-7.244003790E0,-5.880053616E-1,7.546518268E0
7.026677400E1,-1.599004443E0,-6.302861102E0,7.657680264E-1,6.547463169E0
7.027678500E1,-1.052810328E0,-5.002892915E0,1.805454717E0,5.421901312E0
7.028679700E1,-4.520777705E-1,-3.447784982E0,2.633869520E0,4.362208642E0
7.029680800E1,-1.005490127E-1,-1.882690004E0,2.483496090E0,3.118073858E0
7.030682000E1,-1.096314928E-1,-5.455727023E-1,1.773550408E0,1.858803295E0
7.031683100E1,7.988553733E-2,6.164912421E-1,1.309635827E0,1.449685880E0
7.032684300E1,6.337510532E-1,1.808956615E0,9.371880703E-1,2.133608659E0
7.033685400E1,1.345953029E0,3.070629632E0,5.802174550E-1,3.402500285E0
7.034686600E1,1.983184053E0,4.263960392E0,2.816913682E-1,4.711021890E0
7.035687700E1,2.905913859E0,5.409741595E0,1.382447695E-1,6.142373410E0
7.036688900E1,4.041910332E0,6.606721603E0,4.531118141E-1,7.758293613E0
7.037690000E1,4.827167712E0,7.660001609E0,8.016854256E-1,9.089547420E0
7.038691175E1,4.966293438E0,8.427443985E0,9.230806392E-1,9.825373301E0
7.039692275E1,4.742651765E0,8.961301791E0,8.375159937E-1,1.017345116E1
7.040693475E1,4.476408448E0,9.296373560E0,8.084582555E-1,1.034960863E1
7.041694575E1,4.332366968E0,9.400050541E0,9.443685973E-1,1.039337220E1
7.042695675E1,4.433919948E0,9.412632580E0,1.255148109E0,1.048010949E1
7.043696875E1,4.446217520E0,9.416325681E0,1.441184292E0,1.051251881E1
7.044697975E1,4.002450104E0,9.079156516E0,1.633568212E0,1.005580603E1
7.045699175E1,3.789957317E0,8.558369576E0,1.955441061E0,9.562071742E0
7.046700275E1,3.889239823E0,8.221244849E0,2.493274974E0,9.430348528E0
7.047701475E1,4.061252336E0,7.569390231E0,2.847950703E0,9.049876365E0
7.048702575E1,4.247334712E0,5.374831379E0,2.817429407E0,7.407197376E0
7.049703775E1,3.743523701E0,1.568455372E0,2.940809165E0,5.012223110E0
7.050704875E1,2.521158006E0,-2.805368355E0,3.922803426E0,5.441940464E0
7.051706075E1,1.627158202E0,-6.593453102E0,4.889923539E0,8.368549446E0
7.052707175E1,2.853061169E-1,-9.229893057E0,5.287377498E0,1.064089687E1
7.053708375E1,-6.715503788E-1,-9.776311267E0,5.014320713E0,1.100775427E1
7.054709475E1,-9.606495845E-1,-7.193780885E0,3.719891009E0,8.155422746E0
7.055710675E1,-1.540474399E0,-3.994620683E0,2.653073530E0,5.036750433E0
7.056711775E1,-1.516922984E0,-1.478048063E0,1.358406429E0,2.516137803E0
7.057712975E1,-1.314534478E0,1.030631985E0,-1.304086965E0,2.119161626E0
7.058714075E1,-1.324153001E0,3.307568750E0,-4.334321108E0,5.610680144E0
7.059715275E1,-2.111823674E0,4.458161627E0,-4.585068426E0,6.734824185E0
7.060716375E1,-1.845058494E0,6.084531332E0,-5.110562375E0,8.157426687E0
7.061717575E1,-3.867577936E-1,7.856610727E0,-5.895819463E0,9.830391693E0
7.062718675E1,6.220599841E-1,9.428608342E0,-6.414196181E0,1.142048714E1
7.063719875E1,1.357374980E0,1.030788574E1,-5.791274171E0,1.190100129E1
7.064720975E1,2.086759292E0,1.021573829E1,-3.770322075E0,1.108743441E1
7.065722175E1,2.197781253E0,9.754853155E0,-2.459115540E0,1.029731284E1
7.066723275E1,2.524607863E0,9.189389979E0,-1.737426456E0,9.686959469E0
7.067724475E1,3.188451904E0,8.471365930E0,-6.316302681E-1,9.073545232E0
7.068725575E1,3.448984830E0,6.895138439E0,3.194269592E-1,7.716246758E0
7.069726775E1,3.769008206E0,5.025053278E0,6.801861316E-1,6.318167176E0
7.070727875E1,3.227281802E0,2.161143769E0,1.239217370E0,4.076953508E0
7.071729075E1,2.238204516E0,-1.229869426E0,1.925972118E0,3.198672672E0
7.072730175E1,4.726900828E-1,-4.776815584E0,3.102160742E0,5.715313142E0
7.073731375E1,-1.603984517E0,-8.015841519E0,3.970171427E0,9.087834877E0
7.074732475E1,-4.314199085E0,-1.114941000E1,4.534285943E0,1.278598475E1
7.075733575E1,-6.280251088E0,-1.379354898E1,5.039228683E0,1.597176800E1
7.076734775E1,-6.600907717E0,-1.520732737E1,4.346834149E0,1.713854590E1
7.077735875E1,-5.957706978E0,-1.528015210E1,2.798833507E0,1.663763174E1
7.078737075E1,-4.441226044E0,-1.375225127E1,1.119923646E0,1.449493472E1
7.079738175E1,-4.018615901E0,-1.239663162E1,2.707377791E-1,1.303453291E1
7.080739375E1,-4.167789190E0,-1.158686593E1,-2.146223429E-1,1.231551832E1
7.081740475E1,-3.862613942E0,-1.091677267E1,-8.241325942E-1,1.160925952E1
7.082741675E1,-3.903961358E0,-1.065511328E1,-1.425215254E0,1.143693979E1
7.083742775E1,-3.467454430E0,-1.042524988E1,-2.147527358E0,1.119468396E1
7.084743975E1,-2.723205619E0,-1.001917361E1,-2.236019997E0,1.062070968E1
7.085745075E1,-2.558642752E0,-9.295699961E0,-1.726384282E0,9.794748245E0
7.086746275E1,-2.366489797E0,-8.371918826E0,-1.084292760E0,8.767268079E0
7.087747375E1,-1.905280576E0,-7.474132072E0,-4.604737875E-1,7.726886851E0
7.088748575E1,-1.282792137E0,-6.546572465E0,1.146580517E-2,6.671079236E0
7.089749675E1,-6.052619568E-1,-5.563683581E0,4.769895405E-1,5.616799449E0
7.090750875E1,-4.998273030E-2,-4.572799214E0,8.840592456E-1,4.657741048E0
7.091751975E1,1.391377124E-1,-3.533595795E0,1.096616060E0,3.702462063E0
7.092753175E1,6.147411704E-2,-2.383685288E0,1.021604469E0,2.594110698E0
7.093754275E1,2.293931405E-1,-1.243464788E0,8.069701391E-1,1.500008899E0
7.094755475E1,5.152429023E-1,3.077565014E-2,5.989431632E-1,7.906676304E-1
7.095756575E1,9.130403852E-1,1.405104048E0,3.439817566E-1,1.710638354E0
7.096757775E1,1.430896408E0,2.879947252E0,2.121874161E-1,3.222822397E0
7.097758875E1,2.026496718E0,4.364508528E0,1.808789384E-1,4.815427378E0
7.098760075E1,2.594124241E0,5.681825404E0,1.731325471E-1,6.248407427E0
7.099761175E1,2.978746485E0,6.863631887E0,1.502973428E-1,7.483646343E0
7.100762375E1,3.407359672E0,7.867709327E0,2.092934098E-1,8.576406807E0
7.101763475E1,3.641805245E0,8.566649818E0,3.508984280E-1,9.315222179E0
7.102764675E1,3.788460723E0,9.017770692E0,5.488588009E-1,9.796625382E0
7.103765775E1,3.944951802E0,9.260715485E0,7.306008250E-1,1.009243645E1
7.104766975E1,4.092344905E0,9.395013165E0,9.325893813E-1,1.028996026E1
7.105768075E1,4.200889108E0,9.319066020E0,1.345626755E0,1.031034297E1
7.106769275E1,4.050107251E0,8.704378059E0,1.948708577E0,9.796276397E0
7.107770375E1,4.377372403E0,7.919529691E0,2.323683500E0,9.342368259E0
7.108771575E1,4.493320350E0,6.942170518E0,2.444875231E0,8.623286738E0
7.109772675E1,3.675714418E0,5.788099717E0,2.449320284E0,7.280943941E0
7.110773775E1,3.710129668E0,4.253751739E0,2.674261501E0,6.245889895E0
7.111774975E1,3.464059537E0,2.222887443E0,2.538105576E0,4.835588586E0
7.112776075E1,2.631913626E0,-1.031641799E-1,2.320951681E0,3.510616597E0
7.113777275E1,1.885134140E0,-2.158756351E0,2.467150784E0,3.781638890E0
7.114778375E1,1.523005550E0,-3.636959365E0,2.967742610E0,4.935029435E0
7.115779575E1,1.346562017E0,-4.553088250E0,3.565972413E0,5.938013230E0
7.116780675E1,9.730836886E-1,-4.666175739E0,4.024836169E0,6.238541022E0
7.117781875E1,1.388818967E-1,-3.972535749E0,4.212324800E0,5.791718975E0
7.118782975E1,-5.539459151E-1,-2.845790741E0,3.543110969E0,4.578101829E0
7.119784175E1,-9.562410763E-1,-1.886704118E0,2.433286049E0,3.224116999E0
7.120785275E1,-1.500841971E0,-1.211631961E0,1.537986116E0,2.466977893E0
7.121786475E1,-1.895934532E0,-8.593986136E-1,6.331190423E-1,2.175769622E0
7.122787575E1,-2.244282405E0,-3.321148324E-1,-1.567591739E0,2.757616296E0
7.123788775E1,-3.074104632E0,-1.791376376E-1,-2.668898435E0,4.074951342E0
7.124789875E1,-4.004581122E0,-4.527580941E-1,-2.338299785E0,4.659324601E0
7.125791075E1,-3.948784944E0,-2.834016788E-1,-2.525046405E0,4.695644619E0
7.126792175E1,-3.171911008E0,2.650104314E-1,-2.510537708E0,4.053893136E0
7.127793375E1,-2.118788001E0,9.701811308E-1,-2.556961092E0,3.459561251E0
7.128794475E1,-1.275709258E0,1.767320931E0,-2.538316076E0,3.345729500E0
7.129795675E1,-5.185550576E-1,2.852260686E0,-2.711101298E0,3.969176315E0
7.130796775E1,2.087993932E-1,4.173296390E0,-3.380037972E0,5.374444775E0
7.131797975E1,9.029176855E-1,5.549126937E0,-4.175010209E0,7.002769478E0
7.132799075E1,1.834802477E0,6.624484860E0,-5.063245536E0,8.537374019E0
7.133800275E1,3.025584144E0,7.266875759E0,-5.826017742E0,9.793065170E0
7.134801375E1,4.625257509E0,7.991409513E0,-7.676579050E0,1.200772663E1
7.135802575E1,4.956730317E0,8.620926597E0,-7.224210965E0,1.229141061E1
7.136803675E1,3.208028675E0,8.904831136E0,-3.930824051E0,1.024884595E1
7.137804875E1,2.015172269E0,8.909922892E0,-2.055615560E0,9.363396849E0
7.138805925E1,1.509277165E0,8.529879017E0,-1.245328441E0,8.751433970E0
7.139807125E1,1.937349191E0,7.326650090E0,4.107518430E-1,7.589587638E0
7.140808225E1,3.144253094E0,5.693620992E0,3.262155181E0,7.276352378E0
7.141809425E1,4.316463127E0,2.818351513E0,6.639454316E0,8.405790432E0
7.142810525E1,3.596777299E0,-1.162783152E0,8.304018034E0,9.123901967E0
7.143811725E1,1.420187233E0,-5.933439864E0,7.828063450E0,9.924777971E0
7.144812825E1,-1.363518065E0,-1.071499812E1,6.211723475E0,1.246017154E1
7.145814025E1,-5.182514702E0,-1.438631164E1,5.129403273E0,1.612870730E1
7.146815125E1,-7.361498911E0,-1.607646803E1,5.041362916E0,1.838640342E1
7.147816325E1,-6.516262838E0,-1.555748554E1,4.989020981E0,1.758941068E1
7.148817425E1,-5.306963332E0,-1.361407103E1,3.362992461E0,1.499388236E1
7.149818525E1,-4.581696045E0,-1.149472784E1,1.414278037E0,1.245475368E1
7.150819725E1,-4.095216765E0,-1.035195035E1,1.761827472E-1,1.113394435E1
7.151820825E1,-3.194181299E0,-9.979609015E0,-2.523006311E-1,1.048136660E1
7.152822025E1,-2.880361527E0,-9.605721674E0,-6.529690969E-1,1.004951442E1
7.153823125E1,-3.054532540E0,-9.231260136E0,-1.407286229E0,9.824804694E0
7.154824325E1,-2.998891897E0,-8.844791926E0,-2.060459393E0,9.563952621E0
7.155825425E1,-2.217653600E0,-8.532907875E0,-2.548510696E0,9.177331369E0
7.156826625E1,-1.884510681E0,-7.785002800E0,-3.236506077E0,8.639017345E0
7.157827725E1,-2.057472051E0,-6.767770295E0,-3.574042740E0,7.925256305E0
7.158828925E1,-1.458280966E0,-5.602092186E0,-3.351898831E0,6.689188741E0
7.159830025E1,-8.118186504E-1,-4.304500308E0,-2.651691248E0,5.120472527E0
7.160831225E1,-2.171158880E-1,-3.064414626E0,-1.563117742E0,3.446899097E0
7.161832325E1,1.646138848E-1,-2.056306116E0,-6.181992137E-1,2.153523355E0
7.162833525E1,2.802465212E-1,-9.522529829E-1,-2.751816630E-2,9.930161658E-1
7.163834625E1,6.251671945E-1,3.137551600E-1,1.119309103E-1,7.083818533E-1
7.164835825E1,9.135656114E-1,1.606634767E0,-1.611200273E-2,1.848279470E0
7.165836925E1,1.360212634E0,2.952649777E0,-2.287840068E-2,3.250975628E0
7.166838125E1,1.966318344E0,4.297064989E0,1.368798101E-1,4.727569294E0
7.167839225E1,2.390312523E0,5.566776758E0,3.595960151E-1,6.068929619E0
7.168840425E1,2.815988360E0,6.671887068E0,5.029986866E-1,7.259261338E0
7.169841525E1,3.315432671E0,7.623434876E0,5.907190543E-1,8.334134755E0
7.170842725E1,3.691223865E0,8.308475951E0,5.859950157E-1,9.110394964E0
7.171843825E1,3.836504955E0,8.731088140E0,4.434195060E-1,9.547109051E0
7.172845025E1,3.770096080E0,8.896301803E0,2.391377447E-1,9.665143407E0
7.173846125E1,3.870074404E0,8.663597823E0,2.073375893E-1,9.490963703E0
7.174847325E1,3.856228783E0,7.934300342E0,2.384699196E-1,8.824992365E0
7.175848425E1,3.737812141E0,6.999501298E0,2.762417450E-1,7.939809036E0
7.176849625E1,3.654373250E0,5.988887841E0,5.326252127E-1,7.035972643E0
7.177850725E1,3.585267932E0,4.691718716E0,1.053082370E0,5.997945743E0
7.178851925E1,3.260158941E0,3.018179523E0,1.646973538E0,4.738202802E0
7.179853025E1,2.739953507E0,1.072565877E0,2.313301184E0,3.742873916E0
7.180854225E1,2.264408521E0,-9.438189590E-1,2.897936211E0,3.796890104E0
7.181855325E1,1.944313225E0,-2.628759053E0,3.363535960E0,4.690853039E0
7.182856525E1,1.670527292E0,-3.609284493E0,3.576430743E0,5.348687021E0
7.183857625E1,1.393069016E0,-3.865632859E0,3.584332670E0,5.452632335E0
7.184858825E1,7.774259126E-1,-2.933027106E0,3.300926313E0,4.483654043E0
7.185859925E1,-9.168638796E-2,-1.162988389E0,2.637447431E0,2.883934351E0
7.186861125E1,-6.325102741E-1,2.922140175E-1,2.041772861E0,2.157381444E0
7.187862225E1,-8.820399097E-1,1.194559845E0,1.623108712E0,2.199874887E0
7.188863425E1,-1.010823957E0,1.856376364E0,1.280367150E0,2.471282727E0
7.189864525E1,-1.006120165E0,2.702621081E0,9.442294335E-1,3.034469924E0
7.190865725E1,-8.196074340E-1,3.811368944E0,5.155431569E-1,3.932438724E0
7.191866825E1,-1.824331284E-1,4.941691278E0,-9.881388802E-2,4.946044755E0
7.192867925E1,5.181401977E-1,6.047938287E0,-1.018392593E0,6.154928940E0
7.193869125E1,1.327050443E0,6.793587506E0,-1.804379414E0,7.153298480E0
7.194870225E1,2.796494913E0,7.046190730E0,-2.221159006E0,7.899540172E0
7.195871425E1,3.202510950E0,6.734873859E0,-2.279885516E0,7.798235714E0
7.196872525E1,2.759001397E0,5.730703449E0,-2.155802338E0,6.715693147E0
7.197873725E1,2.309879101E0,4.285873418E0,-1.946617759E0,5.243431426E0
7.198874825E1,1.951588916E0,2.790055667E0,-1.648765710E0,3.783059382E0
7.199876025E1,1.334332858E0,1.215168357E0,-1.495120909E0,2.343600829E0
7.200877125E1,7.247331440E-3,-1.561206579E-1,-1.618194274E0,1.625724113E0
7.201878325E1,-1.268368956E0,-1.200709947E0,-1.499045561E0,2.301651967E0
7.202879425E1,-2.158830172E0,-1.948163032E0,-7.569246975E-1,3.004799812E0
7.203880625E1,-2.552157605E0,-2.753073197E0,1.691698891E-1,3.757863611E0
7.204881725E1,-2.635361729E0,-4.018287288E0,1.187423319E0,4.949923061E0
7.205882925E1,-3.293319378E0,-5.782869383E0,1.943351066E0,6.932830893E0
7.206884025E1,-3.768393078E0,-7.982569107E0,2.055349512E0,9.063479330E0
7.207885225E1,-4.144841500E0,-1.031263835E1,1.538387820E0,1.122037691E1
7.208886325E1,-4.982906547E0,-1.242783587E1,1.219090962E0,1.344494867E1
7.209887525E1,-5.142772931E0,-1.390433734E1,1.028343970E0,1.486055859E1
7.210888625E1,-4.869095172E0,-1.407721027E1,9.178485507E-1,1.492375231E1
7.211889825E1,-4.616680813E0,-1.280270087E1,8.796285179E-1,1.363805842E1
7.212890925E1,-3.827614848E0,-1.109991448E1,8.868305334E-1,1.177476986E1
7.213892125E1,-2.710146448E0,-9.298482066E0,6.043945223E-1,9.704223578E0
7.214893225E1,-2.063040793E0,-7.479820828E0,9.575341880E-2,7.759705255E0
7.215894425E1,-1.759775830E0,-5.994396502E0,-5.089252782E-1,6.268062327E0
7.216895525E1,-1.434911837E0,-4.789939075E0,-7.099180537E-1,5.050393249E0
7.217896725E1,-1.210832793E0,-3.864717770E0,-5.179640503E-1,4.082945781E0
7.218897825E1,-9.163890857E-1,-3.096866089E0,-1.285812955E-1,3.232163621E0
7.219899025E1,-7.380949089E-1,-2.406194145E0,1.437290923E-1,2.520954662E0
7.220900125E1,-4.358298200E-1,-1.549402220E0,2.595947403E-1,1.630332574E0
7.221901325E1,3.742831975E-2,-5.285274839E-1,2.696240307E-1,5.945076100E-1
7.222902425E1,5.782317406E-1,6.156790638E-1,1.678713687E-1,8.611582037E-1
7.223903625E1,1.143670358E0,1.785347897E0,-6.734296739E-2,2.121316590E0
7.224904725E1,1.750078954E0,2.999445629E0,-4.945691943E-2,3.473024102E0
7.225905925E1,2.305151627E0,4.305501936E0,-1.003844136E-1,4.884787403E0
7.226907025E1,2.712813363E0,5.657914385E0,-9.364783645E-2,6.275358272E0
7.227908225E1,2.999974217E0,6.885671212E0,3.972474061E-2,7.510918146E0
7.228909325E1,3.105205387E0,7.877870618E0,1.137394542E-1,8.468534858E0
7.229910525E1,3.070977834E0,8.567385398E0,1.270622619E-1,9.102040553E0
7.230911625E1,3.205780713E0,8.938149156E0,1.084564217E-1,9.496278382E0
7.231912825E1,3.353003663E0,8.832227429E0,2.447289985E-2,9.447299818E0
7.232913925E1,3.305872473E0,8.383205706E0,7.042678893E-2,9.011764014E0
7.233915125E1,3.479574247E0,7.559287412E0,2.547047138E-1,8.325571308E0
7.234916225E1,3.564677255E0,6.386111419E0,5.485349017E-1,7.334182540E0
7.235917425E1,3.449885594E0,4.982718267E0,9.706190872E-1,6.137694465E0
7.236918525E1,3.214593051E0,2.989975478E0,1.462256488E0,4.627283856E0
7.237919725E1,2.867459353E0,6.172145426E-1,1.818852443E0,3.451304267E0
7.238920888E1,2.207069263E0,-1.706643205E0,2.058106474E0,3.466927749E0
7.239922087E1,1.727763348E0,-3.357461287E0,2.396463794E0,4.472219940E0
7.240923187E1,2.084401402E0,-4.295834150E0,2.679405881E0,5.475229322E0
7.241924288E1,2.199578979E0,-4.547235187E0,2.727646580E0,5.740692588E0
7.242925487E1,1.965449156E0,-3.891273485E0,2.520461018E0,5.035645287E0
7.243926587E1,1.451306699E0,-2.474069794E0,1.790518005E0,3.381311462E0
7.244927788E1,9.059614536E-1,-1.066623936E0,1.044131525E0,1.746042215E0
7.245928887E1,4.938026243E-1,-6.791774869E-2,6.945895779E-1,8.549318886E-1
7.246930087E1,-1.733290136E-1,4.859100527E-1,6.105604843E-1,7.993344927E-1
7.247931188E1,-4.890073228E-1,6.947410208E-1,5.807489669E-1,1.029107677E0
7.248932387E1,-7.382247171E-1,7.202325422E-1,5.496465305E-1,1.168683856E0
7.249933487E1,-9.203403416E-1,5.634458864E-1,3.927762596E-1,1.148377465E0
7.250934688E1,-1.215557489E0,3.953454530E-1,6.636830963E-2,1.279954214E0
7.251935787E1,-1.773377477E0,1.195621115E-1,2.124024840E-1,1.790049605E0
7.252936987E1,-1.907880686E0,3.583466113E-2,3.982737386E-1,1.949337017E0
7.253938088E1,-1.698512067E0,2.566535908E-1,4.886804634E-1,1.785951539E0
7.254939287E1,-1.274139866E0,6.644635534E-1,3.963219380E-1,1.490642576E0
7.255940387E1,-8.254876864E-1,1.253274661E0,9.814968087E-2,1.503915110E0
7.256941588E1,-3.885445565E-1,2.112294375E0,-4.928605648E-1,2.203557564E0
7.257942687E1,1.796217871E-1,3.150958681E0,-1.353999237E0,3.434256619E0
7.258943887E1,1.023460960E0,4.228348510E0,-2.358041009E0,4.948409932E0
7.259944988E1,1.672328820E0,5.341345544E0,-3.530347082E0,6.617401788E0
7.260946187E1,2.418637312E0,6.488157027E0,-5.330405989E0,8.738376054E0
7.261947287E1,3.226562594E0,8.138797939E0,-8.425238416E0,1.215053005E1
7.262948488E1,3.310922421E0,9.109008890E0,-8.300138406E0,1.276042898E1
7.263949587E1,2.774528385E0,9.626020868E0,-5.854253361E0,1.160304132E1
7.264950787E1,2.309932019E0,9.955359442E0,-2.781846176E0,1.059167766E1
7.265951888E1,1.575136986E0,9.681042582E0,6.515729280E-1,9.829963850E0
7.266953087E1,2.371913966E0,8.236827094E0,3.829706397E0,9.388181268E0
7.267954187E1,2.456215613E0,5.934505227E0,6.008934435E0,8.795376084E0
7.268955388E1,1.386995806E0,3.356221093E0,7.713609467E0,8.525711020E0
7.269956487E1,-1.693166542E-1,6.320343107E-1,8.322172469E0,8.347855419E0
7.270957687E1,-2.091638794E0,-2.316623572E0,7.916836463E0,8.509876451E0
7.271958788E1,-4.053913496E0,-5.747234697E0,6.786685452E0,9.773639073E0
7.272959987E1,-5.504623194E0,-8.896719294E0,5.040523841E0,1.161289677E1
7.273961087E1,-6.565523291E0,-1.165377561E1,3.191188694E0,1.375137329E1
7.274962288E1,-6.276722878E0,-1.399052296E1,1.726932458E0,1.543095197E1
7.275963387E1,-5.469959146E0,-1.564809049E1,8.683039230E-1,1.659931145E1
7.276964587E1,-4.673007626E0,-1.626734220E1,2.121463394E-1,1.692655986E1
7.277965688E1,-4.216236588E0,-1.565915225E1,-2.258890504E-1,1.621840701E1
7.278966887E1,-3.244622889E0,-1.429193991E1,-1.647370272E0,1.474791351E1
7.279967987E1,-2.346722846E0,-1.207795486E1,-4.386570657E0,1.306239273E1
7.280969188E1,-2.216095317E0,-1.022805487E1,-5.283730005E0,1.172356548E1
7.281970287E1,-2.211746158E0,-9.050365410E0,-4.999883938E0,1.057354125E1
7.282971487E1,-2.020329514E0,-8.660820980E0,-3.963889764E0,9.736733202E0
7.283972588E1,-1.613829766E0,-8.142600968E0,-2.870068966E0,8.783148234E0
7.284973787E1,-1.462003742E0,-7.254467967E0,-1.241698928E0,7.503770829E0
7.285974887E1,-1.719519943E0,-6.327176748E0,3.926650894E-1,6.568416880E0
7.286976088E1,-2.008529394E0,-5.314253640E0,1.461649839E0,5.866165897E0
7.287977187E1,-1.805869139E0,-4.185062158E0,2.038712136E0,4.993220983E0
7.288978287E1,-1.475631993E0,-3.125375943E0,1.972323873E0,3.979387644E0
7.289979488E1,-1.259732034E0,-2.204009122E0,1.414967131E0,2.906322933E0
7.290980687E1,-9.575113839E-1,-1.186170260E0,9.348990315E-1,1.788257290E0
7.291981787E1,-4.934412664E-1,3.112648308E-2,5.804728322E-1,7.624971149E-1
7.292982887E1,3.293072918E-1,1.532634160E0,4.783196358E-1,1.638963219E0
7.293984087E1,1.187581193E0,2.996156570E0,2.312369138E-1,3.231218623E0
7.294985187E1,1.874831346E0,4.358824450E0,4.460881752E-1,4.765851217E0
7.295986388E1,2.436851681E0,5.736711463E0,8.707848966E-1,6.293359267E0
7.296987487E1,2.941904349E0,7.046816967E0,7.936221153E-1,7.677386706E0
7.297988687E1,3.537295036E0,8.094601175E0,7.722990008E-1,8.867438756E0
7.298989787E1,3.994414861E0,8.830236452E0,6.867929006E-1,9.715971921E0
7.299990987E1,4.327034600E0,9.166330900E0,4.695594835E-1,1.014718368E1
7.300992087E1,4.645628916E0,9.230702897E0,2.433107929E-1,1.033667955E1
7.301993288E1,4.757708053E0,9.209021421E0,1.894234381E-1,1.036714728E1
7.302994387E1,4.710097684E0,8.879416798E0,1.364558687E-1,1.005224766E1
7.303995587E1,4.635077323E0,8.247854358E0,2.124422085E-1,9.463412439E0
7.304996687E1,4.557911910E0,7.601051150E0,1.600137341E-1,8.864318584E0
7.305997887E1,4.334846480E0,6.733457664E0,1.619234530E-1,8.009779355E0
7.306998987E1,4.636996379E0,5.670993437E0,3.828546675E-1,7.335426346E0
7.308000188E1,4.547654724E0,4.170565740E0,6.768304145E-1,6.207485924E0
7.309001287E1,4.014259141E0,2.139091580E0,1.392046630E0,4.756866937E0
7.310002487E1,2.711225552E0,-4.120059246E-1,2.067041165E0,3.434115906E0
7.311003587E1,1.532477747E0,-3.352563660E0,2.421618515E0,4.410488337E0
7.312004787E1,4.928387108E-1,-6.382157532E0,3.095934627E0,7.110529936E0
7.313005887E1,-1.061045985E0,-8.926341289E0,3.776027788E0,9.750065294E0
7.314007088E1,-2.043702735E0,-9.381041243E0,3.917525729E0,1.036955464E1
7.315008187E1,-1.970659902E0,-6.946777539E0,2.803212487E0,7.745916271E0
7.316009387E1,-1.524676099E0,-3.475227719E0,9.067897848E-1,3.901808891E0
7.317010487E1,-1.288894730E0,-1.211410351E0,-2.967941415E-1,1.793558314E0
7.318011687E1,-1.880655465E0,-6.274822533E-2,-9.489422894E-1,2.107437730E0
7.319012787E1,-2.010371267E0,1.053790467E0,-1.453396786E0,2.695260507E0
7.320013987E1,-1.323158536E0,2.166011576E0,-1.718599007E0,3.065279303E0
7.321015087E1,-4.761498803E-1,3.074046745E0,-1.927017161E0,3.659218118E0
7.322016287E1,3.533899266E-1,3.818897234E0,-2.215508987E0,4.429146712E0
7.323017387E1,1.145445280E0,4.656962281E0,-2.600314688E0,5.455362413E0
7.324018587E1,1.473252761E0,5.723008513E0,-3.158630812E0,6.700764788E0
7.325019687E1,1.762774721E0,6.985221228E0,-3.849748313E0,8.168307805E0
7.326020887E1,2.427692895E0,8.004198543E0,-4.627743160E0,9.559126208E0
7.327021987E1,3.005805060E0,8.537578631E0,-5.057569059E0,1.036841925E1
7.328023187E1,3.122747912E0,8.701038129E0,-5.110242532E0,1.056286882E1
7.329024287E1,2.841771658E0,8.493940276E0,-4.412972006E0,9.984838982E0
7.330025487E1,2.221243644E0,7.682744939E0,-3.012636362E0,8.546020768E0
7.331026588E1,1.695342291E0,6.392063300E0,-1.117775379E0,6.706868160E0
7.332027787E1,1.585022873E0,4.920110959E0,7.613372988E-1,5.224885056E0
7.333028887E1,1.948782837E0,3.140772246E0,2.345062821E0,4.377387861E0
7.334030087E1,1.475061890E0,1.101894926E0,3.519629720E0,3.972124542E0
7.335031187E1,2.389451520E-1,-8.267764127E-1,4.032037016E0,4.122860235E0
7.336032387E1,-8.407305005E-1,-2.799111834E0,4.221482710E0,5.134468921E0
7.337033488E1,-2.098648874E0,-4.818064767E0,4.387124974E0,6.845797304E0
7.338034687E1,-3.683853450E0,-6.956625420E0,4.290791511E0,8.965283334E0
7.339035779E1,-4.155260653E0,-8.907163591E0,3.158074742E0,1.032362293E1
7.340036979E1,-4.030118836E0,-1.019059293E1,2.058391525E0,1.115020259E1
7.341038079E1,-3.732456091E0,-1.049077495E1,6.697335027E-1,1.115509437E1
7.342039279E1,-3.086030613E0,-1.020535364E1,-3.995317671E-1,1.066922928E1
7.343040379E1,-2.791774163E0,-1.024124736E1,-4.636315763E-1,1.062506963E1
7.344041579E1,-3.254745297E0,-1.105270290E1,3.138750279E-1,1.152623641E1
7.345042679E1,-3.372816076E0,-1.199754161E1,7.252839518E-1,1.248370657E1
7.346043879E1,-3.052865791E0,-1.224571498E1,1.854923916E-1,1.262188308E1
7.347044979E1,-2.379975669E0,-1.123122190E1,-1.116900051E0,1.153482099E1
7.348046179E1,-2.080620885E0,-9.536916318E0,-2.029814721E0,9.970050347E0
7.349047279E1,-2.487975642E0,-8.465739155E0,-2.063595840E0,9.061853564E0
7.350048479E1,-2.422107342E0,-7.823103842E0,-1.877227535E0,8.401877226E0
7.351049579E1,-2.190124470E0,-7.185163844E0,-1.245150832E0,7.614041322E0
7.352050679E1,-1.876740901E0,-6.408896264E0,-3.603843659E-1,6.687748846E0
7.353051879E1,-1.781820710E0,-5.534638706E0,4.309465179E-1,5.830336659E0
7.354052979E1,-1.424817351E0,-4.563399814E0,1.044156010E0,4.893361229E0
7.355054179E1,-1.099677369E0,-3.551813380E0,1.368480597E0,3.961995425E0
7.356055279E1,-9.485402933E-1,-2.463705604E0,1.225510327E0,2.910575468E0
7.357056479E1,-5.931954964E-1,-1.383306797E0,9.264609146E-1,1.767412917E0
7.358057579E1,1.990743041E-2,-2.536656636E-1,6.150421558E-1,6.655970464E-1
7.359058779E1,6.338691670E-1,1.064434154E0,3.752776627E-1,1.294466498E0
7.360059879E1,1.141968234E0,2.414100750E0,3.069915394E-1,2.688162511E0
7.361061079E1,1.623882591E0,3.756953586E0,3.916494280E-1,4.111579282E0
7.362062179E1,1.853166243E0,4.942283601E0,8.247094220E-1,5.342334504E0
7.363063379E1,2.074174622E0,6.141994259E0,7.999960919E-1,6.531943630E0
7.364064479E1,2.526902311E0,7.187039046E0,5.648251715E-1,7.639227252E0
7.365065679E1,2.903647479E0,8.075637485E0,5.147426365E-1,8.597211725E0
7.366066779E1,3.191452403E0,8.676768091E0,7.004619366E-1,9.271586697E0
7.367067979E1,3.407147710E0,9.023919623E0,6.890224439E-1,9.670291248E0
7.368069079E1,3.699725424E0,9.136069220E0,5.996845901E-1,9.874986107E0
7.369070279E1,3.678242462E0,8.942080824E0,4.857223570E-1,9.681229430E0
7.370071379E1,3.537219899E0,8.163569668E0,4.887091148E-1,8.910366487E0
7.371072579E1,3.659719944E0,7.411286783E0,6.841862118E-1,8.293903340E0
7.372073679E1,3.485836907E0,6.614811226E0,9.609010148E-1,7.538575281E0
7.373074879E1,3.557447465E0,5.504786916E0,1.062534905E0,6.639811133E0
7.374075979E1,3.369490179E0,4.078596055E0,1.265668420E0,5.439699109E0
7.375077179E1,2.902771566E0,2.187356252E0,1.680711973E0,4.004422914E0
7.376078279E1,2.516161560E0,-4.828221381E-2,2.309554288E0,3.415763631E0
7.377079479E1,1.855305739E0,-2.346071320E0,2.893495835E0,4.161553576E0
7.378080579E1,1.254775057E0,-4.387115033E0,3.417592299E0,5.700980256E0
7.379081779E1,7.282984838E-1,-5.832882957E0,3.649681152E0,6.919040019E0
7.380082879E1,3.187489745E-1,-6.098477526E0,3.511155936E0,7.044234880E0
7.381084079E1,-4.870145917E-2,-4.454621723E0,2.615709822E0,5.166039527E0
7.382085179E1,-4.384873796E-1,-2.309249648E0,1.634430238E0,2.862912385E0
7.383086379E1,-6.884073168E-1,-8.791013914E-1,1.001714580E0,1.500051996E0
7.384087479E1,-9.581399596E-1,1.476761091E-1,-9.574117620E-2,9.741697943E-1
7.385088679E1,-1.229482633E0,1.638638917E0,-2.608080960E0,3.316451619E0
7.386089779E1,-1.960719489E0,1.911600392E0,-2.507294258E0,3.712837388E0
7.387090979E1,-2.200397297E0,2.430409219E0,-2.851826822E0,4.345290953E0
7.388092079E1,-1.894393937E0,3.498108459E0,-3.283639020E0,5.158272617E0
7.389093279E1,-1.135419498E0,4.755108966E0,-3.526207253E0,6.027800287E0
7.390094379E1,-3.885466030E-1,6.573421710E0,-3.966647018E0,7.687335690E0
7.391095579E1,3.839115152E-1,8.459251669E0,-4.668594440E0,9.669648437E0
7.392096679E1,1.322439767E0,9.775747595E0,-5.500226673E0,1.129453768E1
7.393097879E1,1.937338082E0,1.046764219E1,-5.388658290E0,1.193157366E1
7.394098979E1,2.229657934E0,1.044461001E1,-4.180198444E0,1.146888450E1
7.395100179E1,2.641857986E0,1.004389564E1,-2.617190337E0,1.071022589E1
7.396101279E1,2.594146460E0,9.056773374E0,-1.873477131E-1,9.422836037E0
7.397102479E1,2.154222420E0,7.476579716E0,1.974573882E0,8.027381921E0
7.398103579E1,3.118348759E0,4.880778494E0,3.396897249E0,6.714537110E0
7.399104779E1,3.342655845E0,1.121210618E0,5.213804907E0,6.293983076E0
7.400105879E1,6.531933376E-1,-3.542007599E0,5.889531367E0,6.903554092E0
7.401107079E1,-1.829827959E0,-8.488184862E0,5.643527310E0,1.035601048E1
7.402108179E1,-4.051428722E0,-1.325831825E1,5.163329403E0,1.479381790E1
7.403109379E1,-6.368280335E0,-1.717216023E1,5.151638480E0,1.902570525E1
7.404110479E1,-7.255813411E0,-1.876155858E1,5.245813150E0,2.078849355E1
7.405111679E1,-5.915285429E0,-1.672711111E1,3.353518510E0,1.805638209E1
7.406112779E1,-3.708804981E0,-1.290376063E1,1.495858974E0,1.350925116E1
7.407113979E1,-2.965300228E0,-1.042063876E1,-1.157810095E-1,1.083494914E1
7.408115079E1,-2.166886320E0,-8.977291002E0,-1.463874412E0,9.350405251E0
7.409116279E1,-1.938189875E0,-8.448996238E0,-2.586902345E0,9.046224691E0
7.410117379E1,-2.471601099E0,-8.438829099E0,-3.988131735E0,9.655456659E0
7.411118579E1,-2.015406889E0,-8.253603340E0,-4.627499039E0,9.674584249E0
7.412119679E1,-1.719878523E0,-7.785907364E0,-4.556724341E0,9.183794006E0
7.413120879E1,-1.911509176E0,-6.962994207E0,-3.785004726E0,8.152509824E0
7.414121979E1,-2.068469786E0,-6.186511450E0,-2.671855372E0,7.049134863E0
7.415123179E1,-1.725398441E0,-5.291750046E0,-1.609102584E0,5.793861360E0
7.416124279E1,-1.254617182E0,-4.455463137E0,-6.421806917E-1,4.673073087E0
7.417125479E1,-1.048563057E0,-3.914257720E0,3.099626559E-1,4.064108122E0
7.418126579E1,-7.572759689E-1,-3.304766765E0,1.153955610E0,3.581419246E0
7.419127779E1,-3.907463256E-1,-2.544135225E0,1.501597139E0,2.979949782E0
7.420128879E1,-1.364754751E-2,-1.503234944E0,1.421118110E0,2.068689980E0
7.421130079E1,5.760507292E-1,-4.533077323E-1,1.010935639E0,1.248724633E0
7.422131179E1,1.023307178E0,7.138736951E-1,7.856389117E-1,1.474449637E0
7.423132379E1,1.584661808E0,2.053947349E0,9.689356738E-1,2.769239805E0
7.424133479E1,2.184609523E0,3.564863196E0,1.065232299E0,4.314566980E0
7.425134679E1,2.658584531E0,4.970323924E0,1.067703844E0,5.736914076E0
7.426135779E1,2.986052289E0,6.337643849E0,1.027485525E0,7.080816643E0
7.427136979E1,3.286220858E0,7.575139214E0,1.036768638E0,8.322071308E0
7.428138079E1,3.474861391E0,8.512601665E0,1.039104674E0,9.253042057E0
7.429139279E1,3.584115446E0,9.165688875E0,1.001083081E0,9.892315372E0
7.430140379E1,3.811080384E0,9.490706942E0,8.223874927E-1,1.026032032E1
7.431141579E1,3.836088048E0,9.332737979E0,5.923480886E-1,1.010774188E1
7.432142679E1,3.770612389E0,8.644284469E0,6.232857066E-1,9.451436761E0
7.433143879E1,3.890486157E0,7.844411096E0,1.007233182E0,8.813920051E0
7.434144979E1,3.938408475E0,6.866439720E0,1.666723094E0,8.089315275E0
7.435146179E1,3.872783419E0,5.490129116E0,2.027534891E0,7.017896185E0
7.436147279E1,3.618205006E0,3.564878983E0,2.332194707E0,5.589177201E0
7.437148379E1,2.973807342E0,1.023904763E0,2.566185075E0,4.059213829E0
7.438149579E1,2.412345708E0,-1.371394849E0,3.030863303E0,4.109290451E0
7.439150642E1,2.216323358E0,-3.061112704E0,3.593798143E0,5.215159183E0
7.440151842E1,1.912716334E0,-4.406280452E0,3.997871150E0,6.249541177E0
7.441152942E1,1.684033191E0,-5.253877630E0,4.172905211E0,6.917538279E0
7.442154142E1,1.372946116E0,-4.789579471E0,3.819694794E0,6.278146293E0
7.443155242E1,7.495517971E-1,-2.830620725E0,2.771513561E0,4.031814604E0
7.444156442E1,3.811609849E-2,-7.717704856E-1,1.768195674E0,1.929662785E0
7.445157542E1,-3.172395158E-1,6.021404207E-1,1.170531882E0,1.354015836E0
7.446158742E1,-7.349244024E-1,1.312874161E0,8.241194379E-1,1.715495639E0
7.447159842E1,-1.273770906E0,1.724660230E0,4.064042920E-1,2.182225855E0
7.448161042E1,-1.503891002E0,2.344989000E0,-6.051394576E-1,2.850763989E0
7.449162142E1,-1.517111849E0,3.492485776E0,-2.794979022E0,4.723451386E0
7.450163342E1,-1.684874606E0,4.299140750E0,-2.182982535E0,5.107526444E0
7.451164442E1,-1.271536978E0,4.900330998E0,-1.427797676E0,5.260100416E0
7.452165642E1,-2.327133358E-1,5.577678891E0,-1.057991107E0,5.681901310E0
7.453166742E1,6.889560780E-1,6.317165730E0,-1.054956402E0,6.441597344E0
7.454167942E1,1.432412007E0,6.899827906E0,-1.615768118E0,7.229808842E0
7.455169042E1,2.193278604E0,6.979735370E0,-2.396942096E0,7.698864091E0
7.456170242E1,2.852480833E0,6.176249587E0,-2.932895544E0,7.408412929E0
7.457171342E1,3.641644447E0,4.780925007E0,-3.305345639E0,6.858872210E0
7.458172542E1,3.348024758E0,2.994056835E0,-3.099386238E0,5.457090907E0
7.459173642E1,2.145001068E0,1.137379923E0,-3.407614025E0,4.184076484E0
7.460174842E1,2.471813938E-1,-9.530768555E-1,-5.476977559E0,5.564776484E0
7.461175942E1,-1.596237541E0,-2.040394088E0,-5.640732926E0,6.207177319E0
7.462177142E1,-2.875020972E0,-1.500660415E0,-4.086376068E0,5.216914475E0
7.463178242E1,-2.311544388E0,-2.192471981E-1,-1.508905866E0,2.769134108E0
7.464179442E1,-2.033030689E0,1.529397726E-2,1.385335489E0,2.460203672E0
7.465180542E1,-2.040382978E0,-6.506594467E-1,3.884419963E0,4.435677949E0
7.466181742E1,-1.409818950E0,-1.796420184E0,5.111345317E0,5.598264543E0
7.467182842E1,-1.257715475E0,-3.458240388E0,4.129502499E0,5.531190260E0
7.468184042E1,-1.586874833E0,-5.535695883E0,3.258248071E0,6.616515785E0
7.469185142E1,-2.351044523E0,-8.483784247E0,3.210928309E0,9.370809256E0
7.470186342E1,-3.930463863E0,-1.178327156E1,3.389666582E0,1.287570869E1
7.471187442E1,-5.876548795E0,-1.450312965E1,3.692100070E0,1.607812795E1
7.472188642E1,-7.298722619E0,-1.604361136E1,4.049584802E0,1.808502016E1
7.473189742E1,-7.090919591E0,-1.521263664E1,3.792201479E0,1.720715684E1
7.474190942E1,-5.140621741E0,-1.252644565E1,2.718958202E0,1.381052375E1
7.475192042E1,-3.264146742E0,-9.611841955E0,9.273257178E-1,1.019323760E1
7.476193242E1,-2.630864636E0,-7.604813833E0,-5.222048897E-1,8.063953132E0
7.477194342E1,-2.163259876E0,-6.388224018E0,-1.283726376E0,6.865642927E0
7.478195542E1,-1.196121344E0,-5.466864215E0,-1.822370712E0,5.885435041E0
7.479196642E1,-4.113291094E-1,-4.849698789E0,-2.053854378E0,5.282715948E0
7.480197842E1,-1.875261994E-1,-4.195836237E0,-2.252664096E0,4.765994475E0
7.481198942E1,-1.143542889E-1,-3.270458227E0,-1.953682511E0,3.811279217E0
7.482200142E1,-1.389821765E-1,-2.247894815E0,-1.397994711E0,2.650799191E0
7.483201242E1,-1.387047261E-2,-1.224021626E0,-8.208724791E-1,1.473856492E0
7.484202442E1,1.072177622E-1,-1.960290742E-1,-3.545938683E-1,4.191179522E-1
7.485203542E1,9.870889395E-2,8.691932845E-1,4.232916355E-2,8.758037278E-1
7.486204742E1,8.020128697E-2,1.952174807E0,2.581316207E-1,1.970799497E0
7.487205842E1,3.517342874E-1,2.962408780E0,3.707782303E-1,3.006170202E0
7.488207042E1,8.473121265E-1,3.949469653E0,3.585704865E-1,4.055221470E0
7.489208142E1,1.627068155E0,4.905357850E0,2.398960555E-1,5.173725595E0
7.490209342E1,2.515826807E0,5.869025182E0,1.957880227E-1,6.388518926E0
7.491210442E1,3.408373871E0,6.722273694E0,1.530888035E-1,7.538528520E0
7.492211642E1,4.107553221E0,7.429413736E0,1.409698644E-1,8.490468446E0
7.493212742E1,4.573074325E0,8.010407701E0,8.684869409E-1,9.264659189E0
7.494213942E1,4.880446957E0,8.389101453E0,1.370717157E0,9.801767760E0
7.495215042E1,4.465758037E0,8.222524220E0,1.378186975E0,9.457922538E0
7.496216242E1,3.985655732E0,7.687295827E0,1.263112017E0,8.750738295E0
7.497217342E1,4.152077429E0,6.944526361E0,1.447099920E0,8.219506770E0
7.498218542E1,4.338496897E0,5.618863170E0,1.681979649E0,7.295425566E0
7.499219642E1,3.989323398E0,4.205277151E0,1.926407297E0,6.108199584E0
7.500220842E1,3.430127560E0,2.767267898E0,2.194451848E0,4.923328712E0
7.501221942E1,2.520606614E0,1.260031704E0,2.217964672E0,3.586154609E0
7.502223142E1,2.014651136E0,-3.190632623E-1,2.320411398E0,3.089486952E0
7.503224242E1,1.464428728E0,-1.820498434E0,2.520369802E0,3.436717909E0
7.504225442E1,8.207058334E-1,-3.061962889E0,2.676334924E0,4.148727928E0
7.505226542E1,4.108332655E-1,-3.911054615E0,2.817448118E0,4.837679823E0
7.506227742E1,1.869778767E-1,-3.830834325E0,2.734255103E0,4.710244507E0
7.507228842E1,1.681641680E-1,-2.695576356E0,2.350443867E0,3.580362754E0
7.508230042E1,-5.191713542E-2,-1.308420922E0,1.696733344E0,2.143260305E0
7.509231142E1,-2.494925058E-1,-2.361965221E-1,1.055249348E0,1.109768667E0
7.510232342E1,-1.707117999E-1,5.144655150E-1,5.596299569E-1,7.791039555E-1
7.511233442E1,-1.140897024E-1,1.120180923E0,1.578291961E-1,1.136983648E0
7.512234642E1,4.343721092E-2,2.088358213E0,-1.232510614E0,2.425326624E0
7.513235742E1,-1.785897535E-1,2.967186540E0,-1.985671751E0,3.574770281E0
7.514236942E1,-7.534499896E-1,3.216055732E0,-1.947019901E0,3.834264970E0
7.515238042E1,-6.657940874E-1,3.705501012E0,-2.286169519E0,4.404610151E0
7.516239242E1,-3.826061243E-1,4.479518582E0,-2.558086097E0,5.172647161E0
7.517240342E1,-2.315079322E-1,5.356119704E0,-2.595833967E0,5.956506375E0
7.518241542E1,1.282244691E-1,6.441972209E0,-2.875031497E0,7.055583149E0
7.519242642E1,5.812126511E-1,7.621390690E0,-3.289949043E0,8.321488382E0
7.520243842E1,1.112567849E0,8.506039335E0,-3.693178005E0,9.339704286E0
7.521244942E1,1.769892829E0,9.044945626E0,-3.732972400E0,9.943774180E0
7.522246142E1,2.280792565E0,8.908464012E0,-3.116883447E0,9.709670859E0
7.523247242E1,2.234567987E0,7.771396914E0,-2.333532697E0,8.416250883E0
7.524248442E1,1.356572012E0,6.464795061E0,-3.916248697E-1,6.617192218E0
7.525249542E1,1.965043797E0,4.709226449E0,1.775295802E0,5.402766519E0
7.526250742E1,2.339290596E0,1.925177627E0,2.541962399E0,3.954764497E0
7.527251842E1,6.807762618E-1,-1.346714337E0,2.904731260E0,3.273310177E0
7.528253042E1,-9.698130485E-1,-4.791133077E0,3.133971934E0,5.806657695E0
7.529254142E1,-2.199711273E0,-8.330612925E0,3.641183394E0,9.353932750E0
7.530255342E1,-3.913249075E0,-1.164512524E1,4.113429673E0,1.295541446E1
7.531256442E1,-5.317031068E0,-1.494199827E1,4.892572328E0,1.659733098E1
7.532257642E1,-5.934487685E0,-1.747335265E1,5.484990583E0,1.925152769E1
7.533258742E1,-5.233378462E0,-1.765450758E1,4.442358650E0,1.894213394E1
7.534259942E1,-4.007070574E0,-1.497879596E1,2.004736013E0,1.563457417E1
7.535261042E1,-3.502847919E0,-1.195195789E1,2.278768113E-1,1.245677200E1
7.536262242E1,-2.727997997E0,-1.028096749E1,-4.499426597E-1,1.064625352E1
7.537263342E1,-2.078946096E0,-9.345247512E0,-7.172984093E-1,9.600530451E0
7.538264542E1,-2.154738144E0,-8.635782033E0,-1.376627230E0,9.006371652E0
7.539265629E1,-2.330018812E0,-7.890777762E0,-2.003505174E0,8.468021867E0
7.540266729E1,-2.233746307E0,-7.238283459E0,-2.241933578E0,7.899913681E0
7.541267929E1,-2.280543620E0,-6.472619221E0,-2.393019783E0,7.267889822E0
7.542269029E1,-2.002992081E0,-5.445502582E0,-2.223119577E0,6.213512396E0
7.543270229E1,-1.355358276E0,-4.321465420E0,-1.717479849E0,4.843737860E0
7.544271329E1,-1.014586641E0,-3.332555657E0,-1.152248808E0,3.669194813E0
7.545272529E1,-1.000127792E0,-2.409403097E0,-5.895934653E-1,2.674527872E0
7.546273629E1,-1.366536252E0,-1.397177562E0,-1.139191099E-1,1.957678225E0
7.547274829E1,-7.718140474E-1,-2.524324858E-1,2.470184027E-1,8.487857061E-1
7.548275929E1,-1.805490093E-1,9.895003313E-1,2.248732428E-1,1.030668145E0
7.549277129E1,2.692590183E-1,2.294077878E0,3.943230674E-2,2.310162037E0
7.550278229E1,9.948786002E-1,3.712021827E0,-2.555964142E-3,3.843032137E0
7.551279429E1,1.863324611E0,5.171289217E0,1.217757943E-1,5.498094226E0
7.552280529E1,2.607206801E0,6.460678037E0,1.931311210E-1,6.969590205E0
7.553281729E1,3.114520002E0,7.575742646E0,2.354684707E-1,8.194361286E0
7.554282829E1,3.506583998E0,8.452076551E0,3.686224350E-1,9.158035371E0
7.555284029E1,3.753232710E0,9.025122396E0,6.280605429E-1,9.794592900E0
7.556285129E1,4.157485519E0,9.361475875E0,8.212174648E-1,1.027600674E1
7.557286329E1,4.522108824E0,9.293590286E0,7.415216696E-1,1.036195652E1
7.558287429E1,4.190872536E0,8.635559839E0,6.330113804E-1,9.619615884E0
7.559288629E1,4.197117654E0,7.918211728E0,9.639836669E-1,9.013497550E0
7.560289729E1,4.222379088E0,7.114261676E0,1.451281264E0,8.399251256E0
7.561290929E1,4.227445115E0,6.095234660E0,1.827615080E0,7.639591262E0
7.562292029E1,4.450693563E0,4.537059862E0,2.136173819E0,6.704985009E0
7.563293229E1,3.978974703E0,2.260851660E0,2.335239937E0,5.137804539E0
7.564294329E1,2.933904773E0,-5.663776803E-1,2.612599103E0,3.969163006E0
7.565295529E1,2.318761022E0,-2.951192066E0,3.348782265E0,5.029963215E0
7.566296629E1,1.841336741E0,-4.612902342E0,3.843940859E0,6.280546978E0
7.567297829E1,1.852045916E0,-5.639233700E0,4.022800169E0,7.170352293E0
7.568298929E1,1.416184229E0,-5.729085524E0,3.826913767E0,7.033723601E0
7.569300129E1,6.260432535E-1,-4.296310113E0,2.917986313E0,5.231142788E0
7.570301229E1,1.460849355E-1,-2.270077981E0,1.843293804E0,2.927853633E0
7.571302429E1,-2.382200973E-1,-8.040529633E-1,1.117241528E0,1.396953333E0
7.572303529E1,-5.297570072E-1,1.724168479E-2,5.731826699E-1,7.806908066E-1
7.573304729E1,-9.314228618E-1,6.824402332E-1,-7.839151525E-1,1.395634689E0
7.574305829E1,-1.479964195E0,1.788334655E0,-3.007210146E0,3.798914019E0
7.575307029E1,-2.140860947E0,1.886326972E0,-2.227775715E0,3.620013768E0
7.576308129E1,-2.433638052E0,2.339910108E0,-2.234037498E0,4.048295570E0
7.577309329E1,-1.969233035E0,3.283341397E0,-2.550671242E0,4.600449246E0
7.578310429E1,-1.094027643E0,4.453761013E0,-2.901289589E0,5.426819042E0
7.579311629E1,-4.991414246E-1,6.027856025E0,-3.217781538E0,6.851153804E0
7.580312729E1,5.161755332E-1,7.479499231E0,-3.416922793E0,8.239217639E0
7.581313929E1,1.600988403E0,8.581835622E0,-3.932659492E0,9.574804290E0
7.582315029E1,2.017873683E0,9.390602025E0,-4.541171624E0,1.062438047E1
7.583316229E1,3.057483922E0,9.530497245E0,-4.791316094E0,1.109663443E1
7.584317329E1,3.876788762E0,8.914553887E0,-4.447404212E0,1.069009665E1
7.585318529E1,3.016517159E0,7.712711334E0,-3.407637414E0,8.955293666E0
7.586319629E1,1.719533245E0,6.558638780E0,-1.536301387E0,6.952176578E0
7.587320829E1,2.017490837E0,4.440215937E0,7.783608824E-1,4.938788567E0
7.588321929E1,1.256244462E0,9.995259672E-1,2.242017778E0,2.757507212E0
7.589323129E1,-6.193381052E-1,-2.723434830E0,3.525020269E0,4.497382000E0
7.590324229E1,-1.875545876E0,-6.114414697E0,3.826876929E0,7.453101801E0
7.591325429E1,-2.431997469E0,-9.442089683E0,4.260167888E0,1.064033363E1
7.592326529E1,-3.246173571E0,-1.242981457E1,4.331892759E0,1.355740491E1
7.593327729E1,-4.693502702E0,-1.508752845E1,4.173472391E0,1.634259325E1
7.594328829E1,-5.502809388E0,-1.658277493E1,3.683905490E0,1.785610526E1
7.595330029E1,-4.612197168E0,-1.591127951E1,1.710506899E0,1.665433914E1
7.596331129E1,-3.639699663E0,-1.340262987E1,-7.477770209E-2,1.388825017E1
7.597332329E1,-3.362526730E0,-1.101262257E1,-6.167663535E-1,1.153103823E1
7.598333429E1,-3.165591338E0,-9.707131104E0,-3.211518878E-1,1.021530721E1
7.599334629E1,-3.116768549E0,-9.046986305E0,-6.129095301E-1,9.588423513E0
7.600335729E1,-2.536106998E0,-8.425586325E0,-1.405972652E0,8.910617415E0
7.601336929E1,-1.780116832E0,-8.021316267E0,-1.925902097E0,8.439160472E0
7.602338029E1,-1.932858822E0,-7.430915886E0,-2.030429555E0,7.942109185E0
7.603339229E1,-1.779865109E0,-6.556590500E0,-1.743862633E0,7.014118310E0
7.604340329E1,-1.193923961E0,-5.464016036E0,-1.165907904E0,5.713166102E0
7.605341529E1,-9.252359229E-1,-4.495907158E0,-2.784046483E-1,4.598559757E0
7.606342629E1,-6.235448845E-1,-3.474504418E0,3.851594572E-1,3.550962825E0
7.607343829E1,-3.925766502E-1,-2.322461432E0,7.519390690E-1,2.472520150E0
7.608344929E1,-7.369099706E-2,-1.126694722E0,8.193966419E-1,1.395092189E0
7.609346129E1,2.927863137E-1,6.149984479E-2,6.106060195E-1,6.799601220E-1
7.610347229E1,5.019105197E-1,1.156990315E0,2.695905554E-1,1.289658803E0
7.611348429E1,6.642624092E-1,2.328585221E0,1.649072689E-1,2.427086337E0
7.612349529E1,1.222321256E0,3.608418521E0,2.857884391E-1,3.820527255E0
7.613350729E1,1.635147545E0,4.748769414E0,4.422399764E-1,5.041834452E0
7.614351829E1,1.887705453E0,5.794466166E0,6.151457246E-1,6.125167287E0
7.615353029E1,2.288403155E0,6.833929785E0,7.445037496E-1,7.245251628E0
7.616354129E1,2.654066972E0,7.822131450E0,8.456711054E-1,8.303310878E0
7.617355329E1,2.926274449E0,8.625186294E0,9.598017383E-1,9.158500976E0
7.618356429E1,3.208059957E0,9.133091817E0,1.045894972E0,9.736473239E0
7.619357629E1,3.440441464E0,9.403016834E0,9.032252491E-1,1.005331681E1
7.620358729E1,3.643851478E0,9.271831042E0,7.225638270E-1,9.988323330E0
7.621359929E1,3.814803014E0,8.340655518E0,9.171556556E-1,9.217398277E0
7.622361029E1,3.923609172E0,7.317200405E0,1.422379646E0,8.423734003E0
7.623362229E1,4.051145716E0,6.118279706E0,1.576754326E0,7.505416869E0
7.624363329E1,3.865039659E0,4.439987311E0,1.897628471E0,6.184901997E0
7.625364529E1,3.285416574E0,2.243435728E0,2.287105658E0,4.588879844E0
7.626365629E1,2.540623972E0,-1.311167943E-1,2.724590825E0,3.727647642E0
7.627366829E1,1.809533443E0,-2.330760970E0,3.082648584E0,4.267268479E0
7.628367929E1,1.072341344E0,-4.263859820E0,3.343220394E0,5.523363027E0
7.629369129E1,2.172296163E-1,-5.599011873E0,3.588583596E0,6.653875178E0
7.630370229E1,-1.301075649E-1,-5.786221007E0,3.477008196E0,6.751804760E0
7.631371429E1,4.945867360E-2,-4.422682477E0,2.624011699E0,5.142762278E0
7.632372529E1,1.829506069E-1,-2.560458312E0,1.627238016E0,3.039296177E0
7.633373729E1,-6.990229368E-2,-1.163544459E0,9.413911951E-1,1.498312191E0
7.634374829E1,-3.371346670E-1,-2.605548531E-1,4.387984514E-1,6.116311766E-1
7.635376029E1,-6.031370786E-1,3.120027494E-1,-3.819529537E-1,7.791072520E-1
7.636377129E1,-1.041955995E0,1.260062694E0,-2.518786376E0,3.002951064E0
7.637378329E1,-1.678395014E0,1.393214904E0,-2.220483652E0,3.112652445E0
7.638379429E1,-1.762211634E0,1.447353104E0,-1.911737802E0,2.975728865E0
7.639380617E1,-1.183901248E0,1.856275792E0,-1.847800253E0,2.874325618E0
7.640381717E1,-4.844152120E-1,2.466440932E0,-1.762697538E0,3.070031201E0
7.641382917E1,1.068979195E-1,3.404483426E0,-1.881519976E0,3.891278965E0
7.642384017E1,7.447089869E-1,4.707122036E0,-2.452982395E0,5.359917161E0
7.643385217E1,1.172308120E0,6.172875159E0,-2.898325635E0,6.919464253E0
7.644386317E1,1.723395770E0,7.385849640E0,-3.313872634E0,8.276630940E0
7.645387517E1,2.314614469E0,8.331488253E0,-4.338628752E0,9.674442418E0
7.646388617E1,3.355207186E0,8.919658506E0,-5.544105349E0,1.102519058E1
7.647389817E1,4.113536677E0,9.237537707E0,-5.308566638E0,1.142077785E1
7.648390917E1,3.637904275E0,9.346277207E0,-3.365593010E0,1.057896316E1
7.649392117E1,1.828305051E0,8.441544546E0,-6.792716271E-1,8.663935804E0
7.650393217E1,8.662144205E-1,6.516010239E0,1.522039444E0,6.747245432E0
7.651394417E1,1.216079792E0,4.303529086E0,2.824905072E0,5.289546419E0
7.652395517E1,7.681026734E-1,1.694482750E0,4.625636408E0,4.985756281E0
7.653396717E1,-1.212122835E0,-1.376981279E0,5.468345314E0,5.767852259E0
7.654397817E1,-2.629272147E0,-4.755856240E0,5.565757588E0,7.778746565E0
7.655399017E1,-3.260643383E0,-8.032997834E0,4.934865239E0,9.975657592E0
7.656400117E1,-4.257306261E0,-1.122552905E1,4.015560147E0,1.265945822E1
7.657401317E1,-5.396642078E0,-1.388890186E1,3.287130978E0,1.525878667E1
7.658402417E1,-6.155590205E0,-1.485423156E1,2.282474663E0,1.624035642E1
7.659403617E1,-5.830732936E0,-1.315293505E1,8.101922473E-1,1.441018940E1
7.660404717E1,-5.252761397E0,-1.054367821E1,-5.994264355E-1,1.179491266E1
7.661405917E1,-4.330864234E0,-9.104743347E0,-1.001581556E0,1.013192489E1
7.662407017E1,-3.289879754E0,-8.928867286E0,-1.159763357E0,9.586085272E0
7.663408217E1,-2.905579983E0,-9.677365853E0,-1.313767908E0,1.018919972E1
7.664409317E1,-2.634678482E0,-1.027579622E1,-1.910960999E0,1.077892808E1
7.665410517E1,-1.519069058E0,-1.005102808E1,-2.265949555E0,1.041466579E1
7.666411617E1,-1.056177155E0,-9.335045875E0,-2.337383819E0,9.681010009E0
7.667412817E1,-1.225109501E0,-8.318434344E0,-2.329030487E0,8.724770841E0
7.668413917E1,-1.124913660E0,-7.244910693E0,-1.964390225E0,7.590322170E0
7.669415117E1,-7.571768586E-1,-6.358803168E0,-1.215699869E0,6.518099470E0
7.670416217E1,-6.378462969E-1,-5.510547593E0,-4.406379855E-1,5.564813071E0
7.671417417E1,-7.628970435E-1,-4.630839261E0,2.433225238E-1,4.699562747E0
7.672418517E1,-3.732267518E-1,-3.651169268E0,7.670913975E-1,3.749501893E0
7.673419717E1,-5.883468390E-2,-2.574070045E0,9.986200874E-1,2.761619126E0
7.674420817E1,1.577966161E-1,-1.362197764E0,8.661170644E-1,1.621925180E0
7.675422017E1,3.715566409E-1,-9.136859179E-3,7.056912477E-1,7.975825705E-1
7.676423117E1,4.932792985E-1,1.444309629E0,7.182490204E-1,1.686782862E0
7.677424317E1,7.717201996E-1,2.911524555E0,7.147864455E-1,3.095714290E0
7.678425417E1,1.435744042E0,4.294291654E0,8.282054722E-1,4.603067029E0
7.679426617E1,2.190249454E0,5.536324459E0,9.588234991E-1,6.030540912E0
7.680427717E1,2.529417783E0,6.598807982E0,9.600297797E-1,7.131891634E0
7.681428917E1,2.736426174E0,7.512928932E0,7.793461382E-1,8.033648595E0
7.682430017E1,2.979801615E0,8.222919492E0,5.714103788E-1,8.764823584E0
7.683431217E1,3.195876114E0,8.708545954E0,4.429189843E-1,9.287011037E0
7.684432317E1,3.638797145E0,9.037823718E0,4.244125468E-1,9.752088403E0
7.685433517E1,4.114929191E0,9.191403760E0,4.995042443E-1,1.008285921E1
7.686434617E1,4.099699241E0,8.927503130E0,5.204150569E-1,9.837615455E0
7.687435817E1,3.855949286E0,8.148049988E0,9.345429361E-1,9.062694633E0
7.688436917E1,3.922612807E0,7.104979221E0,1.415668212E0,8.238430521E0
7.689438117E1,3.363986780E0,5.669649162E0,1.769423590E0,6.825847091E0
7.690439217E1,2.572892708E0,3.726516489E0,2.339635874E0,5.097116642E0
7.691440417E1,4.327905250E0,1.597866867E0,2.853593266E0,5.424660073E0
7.692441517E1,4.495701921E0,-1.546471596E-1,3.300587175E0,5.579348278E0
7.693442717E1,3.845768698E0,-2.172920061E0,3.734355851E0,5.784196755E0
7.694443817E1,-4.821836221E-1,-4.525641419E0,4.418746716E0,6.343441798E0
7.695445017E1,-5.475246783E0,-5.284379631E0,6.226022841E0,9.831904995E0
7.696446117E1,-5.166955846E0,-5.769039549E0,2.945201594E0,8.285738498E0
7.697447317E1,-4.376649979E0,-3.305946733E0,1.944174646E0,5.819292388E0
7.698448417E1,7.608313392E0,-1.605085255E0,1.693332603E0,7.958021528E0
7.699449617E1,4.177182157E0,-1.314925364E0,4.778239381E-1,4.405246327E0
7.700450717E1,3.302057165E-1,8.225547230E-1,-4.655249047E-1,1.001172075E0
7.701451917E1,-2.516422346E0,2.800948445E0,-1.007755923E0,3.897853976E0
7.702453017E1,1.278662102E0,2.237239434E0,-2.412045454E0,3.529614756E0
7.703454217E1,-2.351843691E-1,1.836017529E0,-2.407191680E0,3.036584239E0
7.704455317E1,-2.073818527E0,2.380501480E0,4.316644098E-1,3.186509805E0
7.705456517E1,-2.826592286E-1,4.262837727E0,-5.889855888E0,7.276131122E0
7.706457617E1,-5.200001970E-1,5.280708749E0,-6.978719124E0,8.766915404E0
7.707458817E1,-8.583962546E-1,6.382182675E0,-5.981382354E0,8.788972335E0
7.708459917E1,4.997922197E-1,7.758490355E0,-7.479263003E0,1.078811105E1
7.709461117E1,1.103047558E0,8.479791768E0,-7.228944286E0,1.119737549E1
7.710462217E1,1.098671502E0,8.917970415E0,-5.006313536E0,1.028593460E1
7.711463417E1,1.992514163E0,9.379907468E0,-1.685734146E0,9.736245499E0
7.712464517E1,3.071825972E0,8.600191786E0,2.404441150E0,9.443556046E0
7.713465717E1,3.837434077E0,7.069443938E0,5.678532836E0,9.846251726E0
7.714466817E1,3.499215921E0,5.220380686E0,6.375032115E0,8.951978610E0
7.715468017E1,2.095487139E0,2.919137630E0,5.039822760E0,6.189688546E0
7.716469117E1,8.377569721E-1,5.563573068E-1,5.138090481E0,5.235584398E0
7.717470317E1,7.571476956E-1,-2.119183565E0,4.503941233E0,5.034848383E0
7.718471417E1,1.233487684E-1,-5.187135172E0,3.435991148E0,6.223152045E0
7.719472617E1,-7.422117873E-1,-7.748299243E0,2.845744548E0,8.287658386E0
7.720473717E1,-1.330810349E0,-1.038464564E1,2.630672847E0,1.079501556E1
7.721474917E1,-2.531357304E0,-1.230474964E1,2.224867895E0,1.275792580E1
7.722476017E1,-3.302688372E0,-1.282989743E1,1.469928035E0,1.332946762E1
7.723477217E1,-3.302483135E0,-1.183282437E1,2.210659745E-1,1.228702558E1
7.724478317E1,-4.100210288E0,-1.068880377E1,-8.553730980E-1,1.148015303E1
7.725479517E1,-4.504320424E0,-9.931362469E0,-6.196466920E-1,1.092267481E1
7.726480617E1,-4.773465714E0,-1.011139824E1,8.562209442E-1,1.121425270E1
7.727481817E1,-3.995321179E0,-1.034431155E1,1.041361333E0,1.113785465E1
7.728482917E1,-2.840775292E0,-1.024770151E1,5.389214945E-1,1.064780855E1
7.729484117E1,-2.325099696E0,-9.916550303E0,3.285021302E-1,1.019077878E1
7.730485217E1,-1.986672210E0,-9.329341332E0,-4.396462977E-2,9.538627209E0
7.731486417E1,-1.644996887E0,-8.843650550E0,-1.264661529E0,9.083806393E0
7.732487517E1,-7.268448660E-1,-7.061896936E0,-1.784248328E0,7.319988654E0
7.733488717E1,-5.833981942E-1,-5.640907758E0,-1.432005625E0,5.849002812E0
7.734489817E1,-4.717270464E-1,-4.660744261E0,-1.298026472E0,4.861063278E0
7.735491017E1,8.750650585E-2,-2.991497508E0,-1.871455749E0,3.529739558E0
7.736492117E1,-1.227343722E-1,-2.306875094E0,-1.682463799E0,2.857869986E0
7.737493317E1,-3.335380447E-1,-2.252851499E0,-4.329513820E-1,2.318196369E0
7.738494417E1,-3.446208572E-1,-1.800869915E0,7.732603562E-1,1.989931548E0
7.739495600E1,-5.234472768E-1,-8.880061162E-1,9.250511509E-1,1.385016803E0
7.740496700E1,-7.910328220E-1,5.628471315E-2,4.242390306E-1,8.993773677E-1
7.741497900E1,-6.328390338E-1,8.773250073E-1,5.462512717E-2,1.083128947E0
7.742499000E1,-3.373593463E-1,1.572632039E0,-5.693901658E-2,1.609417568E0
7.743500200E1,1.913315673E-1,2.201258592E0,8.960795861E-2,2.211374402E0
7.744501300E1,6.861080454E-1,2.874083664E0,3.932468873E-1,2.980896555E0
7.745502500E1,1.259600033E0,3.677338482E0,7.060366720E-1,3.950683275E0
7.746503600E1,1.960459726E0,4.598252728E0,8.825623584E-1,5.076046375E0
7.747504800E1,2.718170874E0,5.464658645E0,9.101495218E-1,6.170844282E0
7.748505900E1,3.405235963E0,6.345551038E0,9.600508296E-1,7.265214900E0
7.749507100E1,3.599602674E0,7.201613231E0,1.031777455E0,8.116953693E0
7.750508200E1,3.672809229E0,7.924803295E0,1.072805028E0,8.800167357E0
7.751509400E1,4.194251349E0,8.511086066E0,1.133105097E0,9.555849390E0
7.752510500E1,4.953253562E0,8.836291244E0,1.196625667E0,1.020032729E1
7.753511700E1,5.596255496E0,8.603932250E0,1.250574417E0,1.033971286E1
7.754512800E1,5.779296734E0,7.373536574E0,1.390307815E0,9.471128136E0
7.755514000E1,5.725015862E0,5.882570842E0,1.465598902E0,8.338370732E0
7.756515100E1,5.518578744E0,4.741887242E0,1.695111326E0,7.470850579E0
7.757516300E1,4.978983065E0,3.277179601E0,2.077640998E0,6.312429851E0
7.758517400E1,4.139015919E0,1.349775939E0,2.447438796E0,4.994327234E0
7.759518600E1,2.739832762E0,-8.168069100E-1,2.990848760E0,4.137515365E0
7.760519700E1,1.171993686E0,-2.488907688E0,3.884179058E0,4.759735038E0
7.761520900E1,4.082596135E-1,-3.202940428E0,4.434451168E0,5.485422541E0
7.762522000E1,-2.639088160E-1,-3.880731540E0,3.828355690E0,5.457658146E0
7.763523200E1,-1.181419690E0,-4.288425727E0,3.299892526E0,5.538559234E0
7.764524300E1,-2.290900501E0,-4.417551545E0,2.499228609E0,5.568584236E0
7.765525500E1,-2.819940786E0,-4.256498176E0,1.121053913E0,5.227485498E0
7.766526600E1,-2.929712904E0,-4.077833578E0,-7.493678290E-2,5.021708864E0
7.767527800E1,-3.561004911E0,-2.874551441E0,-1.481821271E0,4.810363421E0
7.768528900E1,-3.776104386E0,-9.830654705E-1,-2.822048122E0,4.815530881E0
7.769530100E1,-3.688290317E0,7.102197701E-1,-3.770263603E0,5.321915559E0
7.770531200E1,-3.427319142E0,6.119974229E0,-5.543148159E0,8.940195333E0
7.771532400E1,-2.661653150E0,1.118992067E1,-6.374552643E0,1.315042370E1
7.772533500E1,-9.627551669E-1,1.118527214E1,-5.756698415E0,1.261652832E1
7.773534700E1,1.043105265E-1,8.483076734E0,-5.748241003E0,1.024771907E1
7.774535800E1,1.071532528E0,5.973768110E0,-5.335857348E0,8.081179433E0
7.775537000E1,1.465294993E0,3.813925931E0,-4.744492761E0,6.261256422E0
7.776538100E1,1.337529092E0,3.572938201E0,-3.772244055E0,5.365137153E0
7.777539300E1,4.030776648E-1,4.389102502E0,-3.975202372E0,5.935396050E0
7.778540400E1,5.403936772E-1,4.475186380E0,-4.632238500E0,6.463509262E0
7.779541600E1,2.472313583E0,3.587596001E0,-3.653055580E0,5.685771240E0
7.780542700E1,3.968308505E0,1.663427603E0,-9.780169845E-1,4.412593455E0
7.781543900E1,5.729291346E0,-1.050469249E0,2.080830216E0,6.185314815E0
7.782545000E1,7.675586193E0,-3.597243322E0,6.449778242E0,1.065149859E1
7.783546200E1,6.945741413E0,-5.590733970E0,1.037610754E1,1.368076159E1
7.784547300E1,4.269699435E0,-7.303086396E0,8.040596291E0,1.167118644E1
7.785548500E1,1.267338384E0,-7.168178267E0,5.693480074E0,9.241463174E0
7.786549600E1,-1.183805866E0,-5.204245294E0,4.267607593E0,6.833596416E0
7.787550800E1,-2.795450308E0,-4.638357026E0,3.325377030E0,6.355079128E0
7.788551900E1,-3.521019896E0,-5.125496163E0,3.722582775E0,7.247476426E0
7.789553100E1,-3.568623833E0,-5.964393269E0,2.676644826E0,7.448052810E0
7.790554200E1,-3.337929833E0,-6.752038946E0,1.566857913E0,7.693298981E0
7.791555400E1,-3.247795004E0,-7.323225376E0,1.535853929E0,8.157000036E0
7.792556500E1,-3.142945656E0,-7.806557391E0,1.210480936E0,8.502100317E0
7.793557700E1,-3.571169126E0,-8.295916716E0,1.028832504E0,9.090323394E0
7.794558800E1,-4.277645216E0,-8.642380616E0,1.113624733E0,9.707170100E0
7.795560000E1,-4.611794002E0,-8.762861910E0,9.052355218E-1,9.943633346E0
7.796561100E1,-4.359472906E0,-8.250418362E0,6.020562208E-1,9.350768891E0
7.797562300E1,-3.981357151E0,-7.270461856E0,1.962354809E-1,8.291521497E0
7.798563400E1,-3.490246877E0,-5.840164495E0,-1.264583176E-1,6.804802444E0
7.799564600E1,-3.189630995E0,-4.905653719E0,-5.174961269E-1,5.874264766E0
7.800565700E1,-2.313193303E0,-4.045959236E0,-6.690647274E-1,4.708322101E0
7.801566900E1,-1.028930738E0,-3.592978363E0,-8.750501481E-1,3.838476878E0
7.802568000E1,-8.709198211E-1,-3.375898728E0,-1.659963713E0,3.861434071E0
7.803569200E1,-1.028519678E0,-2.394462292E0,-2.447092203E0,3.574851415E0
7.804570300E1,-1.332183714E0,-1.117682408E0,-2.944344977E0,3.419516743E0
7.805571500E1,-1.723036897E0,2.377577287E-1,-2.869247139E0,3.355288964E0
7.806572600E1,-7.502622338E-1,1.269358597E0,-2.104463492E0,2.569616947E0
7.807573800E1,8.060951033E-1,2.202889380E0,-1.353530144E0,2.708238318E0
7.808574900E1,2.228908321E0,3.785228966E0,-8.721546069E-1,4.478464501E0
7.809576100E1,3.551276021E0,5.337185835E0,-7.183719581E-1,6.450827256E0
7.810577200E1,4.408713478E0,6.387753317E0,-6.350508893E-1,7.787389589E0
7.811578400E1,4.175386477E0,7.114956910E0,-4.643955150E-1,8.262694915E0
7.812579500E1,3.193584883E0,7.579905864E0,-1.857917690E-1,8.227300644E0
7.813580700E1,2.781054463E0,8.018544102E0,1.701481283E-1,8.488831711E0
7.814581800E1,3.391631831E0,7.287912871E0,2.696952206E-1,8.042983029E0
7.815583000E1,4.031568069E0,5.965239946E0,3.713495032E-1,7.209405604E0
7.816584100E1,4.047589440E0,5.275134598E0,3.755157906E-1,6.659657454E0
7.817585300E1,3.822188632E0,4.888650016E0,1.824752283E-1,6.208165761E0
7.818586400E1,3.714764463E0,4.330540883E0,-5.383370653E-2,5.705782805E0
7.819587600E1,4.182260756E0,3.738044860E0,7.526937984E-2,5.609808365E0
7.820588700E1,5.082147245E0,3.532491841E0,8.546670467E-1,6.247973671E0
7.821589900E1,5.728351114E0,3.445685831E0,1.881189609E0,6.944467703E0
7.822591000E1,5.624411008E0,2.950026716E0,2.245564699E0,6.736409848E0
7.823592200E1,4.597780858E0,1.153201320E0,1.713211967E0,5.040293379E0
7.824593300E1,2.815214189E0,-2.636737579E0,1.573816100E0,4.165898835E0
7.825594500E1,-2.461467290E-1,-5.473021917E0,1.432283660E0,5.662684311E0
7.826595600E1,-2.920359698E0,-6.379053830E0,8.785599393E-1,7.070551329E0
7.827596800E1,-4.103678564E0,-6.040691248E0,3.845953470E-1,7.312868253E0
7.828597900E1,-4.283184283E0,-5.000965088E0,-2.392090076E-1,6.588819345E0
7.829599100E1,-3.900903849E0,-4.022873844E0,-7.059578077E-1,5.647914768E0
7.830600200E1,-3.695399362E0,-3.658166631E0,-6.673030344E-1,5.242466298E0
7.831601400E1,-3.510816212E0,-3.028686385E0,-1.106149360E0,4.766795370E0
7.832602500E1,-3.335486866E0,-2.105674158E0,-1.782190400E0,4.328456875E0
7.833603700E1,-2.881790879E0,-1.210125133E0,-2.361700342E0,3.917492822E0
7.834604800E1,-2.325873721E0,-4.540012121E-1,-2.685605684E0,3.581659330E0
7.835606000E1,-1.276252903E0,-2.270444602E-1,-2.363531690E0,2.695672961E0
7.836607100E1,-7.035589144E-2,1.403594881E-1,-1.699108483E0,1.706347085E0
7.837608300E1,1.099702805E0,1.258185738E0,-1.130146187E0,2.017326947E0
7.838609429E1,1.622960339E0,2.225371340E0,-8.735161310E-1,2.889516966E0
7.839610629E1,1.719192353E0,3.214004529E0,-7.270995122E-1,3.716735282E0
7.840611729E1,1.779808391E0,3.999331784E0,-4.446871823E-1,4.400013559E0
7.841612929E1,1.849071584E0,3.960479960E0,4.662118064E-1,4.395659300E0
7.842614029E1,2.135081559E0,3.752757039E0,1.966718001E0,4.744442892E0
7.843615229E1,2.221269518E0,2.784772707E0,2.722174755E0,4.483216781E0
7.844616329E1,1.566039741E0,1.285688117E0,2.462326246E0,3.188812466E0
7.845617529E1,4.475766570E-1,5.743070894E-1,2.387294775E0,2.495862544E0
7.846618629E1,-5.902420677E-1,7.038761258E-2,2.758096540E0,2.821424576E0
7.847619829E1,-5.253411900E-1,-1.182029847E0,1.941881368E0,2.333255488E0
7.848620929E1,-6.473560622E-1,-3.612189390E0,6.594558518E-1,3.728520361E0
7.849622129E1,-1.756610001E0,-5.529031227E0,-2.312556249E-1,5.805974868E0
7.850623229E1,-1.830011561E0,-5.411163054E0,-1.087111118E0,5.814760398E0
7.851624429E1,-1.796227080E0,-5.748373734E0,-2.193836429E0,6.409613919E0
7.852625529E1,-1.433831857E0,-6.948804769E0,-2.364017886E0,7.478659110E0
7.853626729E1,-1.429597157E0,-7.822310375E0,-1.317573568E0,8.060290798E0
7.854627829E1,-2.227533786E0,-8.615956464E0,-9.732684606E-1,8.952310543E0
7.855629029E1,-2.886395561E0,-8.897214553E0,2.604037026E-1,9.357324203E0
7.856630129E1,-3.489701917E0,-8.608678434E0,8.894834152E-1,9.331588536E0
7.857631329E1,-4.109934500E0,-8.544492964E0,6.533304548E-1,9.504039261E0
7.858632429E1,-4.174966355E0,-8.860891065E0,3.524967644E-1,9.801529906E0
7.859633629E1,-3.414846739E0,-8.434927252E0,3.388473165E-1,9.106261225E0
7.860634729E1,-2.472403630E0,-7.475618434E0,7.425273907E-1,7.908792424E0
7.861635929E1,-1.240881780E0,-6.671038637E0,9.425381264E-1,6.850614732E0
7.862637129E1,-1.339068664E-1,-5.580038828E0,7.398084354E-1,5.630460096E0
7.863638229E1,8.120230106E-1,-4.471849959E0,7.283291817E-3,4.544983660E0
7.864639429E1,2.054704710E0,-3.357254881E0,-1.229378845E0,4.123632394E0
7.865640529E1,3.744372132E0,-2.172213718E0,-2.595863203E0,5.047508382E0
7.866641729E1,5.420119234E0,-4.374547613E-1,-4.003622471E0,6.752632973E0
7.867642829E1,6.922768287E0,1.233717479E0,-5.179686404E0,8.733609266E0
7.868644029E1,8.494420332E0,2.812443486E0,-5.762808756E0,1.064307192E1
7.869645129E1,9.414353415E0,4.395077187E0,-4.604436743E0,1.136431218E1
7.870646329E1,9.739001938E0,5.301048288E0,-2.927548265E0,1.146820869E1
7.871647429E1,1.075462587E1,6.255118001E0,-4.256761301E0,1.314946751E1
7.872648629E1,1.106793723E1,8.237446314E0,-6.303745785E0,1.516878266E1
7.873649729E1,9.944850826E0,9.119425705E0,-2.111636564E0,1.365734206E1
7.874650929E1,1.004543580E1,8.319653488E0,4.833080417E-1,1.305224123E1
7.875652029E1,9.060485187E0,7.739738919E0,3.374241042E0,1.238472660E1
7.876653229E1,8.004921259E0,7.634036463E0,4.838130657E0,1.207330880E1
7.877654329E1,7.076295120E0,7.323236486E0,5.433196532E0,1.154224284E1
7.878655529E1,6.255572330E0,7.181824499E0,5.232753979E0,1.086703743E1
7.879656629E1,5.285106440E0,7.338625188E0,4.563610314E0,1.012987210E1
7.880657829E1,4.365814796E0,7.380811095E0,3.810308844E0,9.383771349E0
7.881658929E1,3.365360583E0,7.163903368E0,3.162837884E0,8.523538396E0
7.882660129E1,1.982839067E0,6.887445842E0,3.020097409E0,7.777502771E0
7.883661229E1,6.798385146E-1,6.242358792E0,3.176625034E0,7.037056934E0
7.884662429E1,-6.198498827E-1,5.223186180E0,3.249587175E0,6.182693956E0
7.885663529E1,-1.821536899E0,3.954634498E0,3.042199300E0,5.311507062E0
7.886664729E1,-2.645904259E0,2.972961835E0,2.779054130E0,4.854117147E0
7.887665829E1,-3.102105778E0,2.363582561E0,2.669850361E0,4.726275884E0
7.888667029E1,-3.590150942E0,1.325424040E0,2.857678716E0,4.776218202E0
7.889668129E1,-4.132155673E0,1.444028378E-2,1.899154009E0,4.547714259E0
7.890669329E1,-4.851322268E0,-9.063201803E-1,6.760463029E-1,4.981343455E0
7.891670429E1,-5.449088094E0,-1.797808313E0,-4.195190120E-1,5.753318346E0
7.892671629E1,-5.399175092E0,-2.273882180E0,-1.682522855E0,6.095286294E0
7.893672729E1,-4.742427817E0,-1.693751264E0,-2.391003079E0,5.574613050E0
7.894673929E1,-3.601173236E0,-8.989711073E-1,-2.777592911E0,4.635905532E0
7.895675029E1,-2.638776211E0,-3.136197969E-1,-2.476239111E0,3.632252387E0
7.896676229E1,-2.074110888E0,-4.886427489E-1,-1.423325726E0,2.562530748E0
7.897677329E1,-1.690785263E0,-1.348227304E0,-6.153434336E-2,2.163390428E0
7.898678529E1,-1.792191478E0,-2.008477938E0,1.187300527E0,2.942042907E0
7.899679629E1,-1.703591250E0,-2.676306857E0,1.757228637E0,3.626664311E0
7.900680829E1,-1.529918713E0,-3.116305742E0,2.005154089E0,4.009071671E0
7.901681929E1,-1.511085416E0,-3.531506585E0,1.885696642E0,4.279108519E0
7.902683129E1,-1.417679654E0,-3.797851936E0,1.448129030E0,4.304715161E0
7.903684229E1,-1.526052826E0,-3.880008532E0,6.027216339E-1,4.212668608E0
7.904685429E1,-1.881759127E0,-3.650809080E0,-5.285859561E-1,4.141114278E0
7.905686529E1,-2.240783723E0,-3.042277653E0,-1.520467858E0,4.072884422E0
7.906687729E1,-2.276454516E0,-2.507333434E0,-2.039197163E0,3.953136879E0
7.907688829E1,-1.878060617E0,-2.294558811E0,-2.100157894E0,3.633562302E0
7.908690029E1,-1.292347218E0,-2.725437502E0,-1.939851215E0,3.586250639E0
7.909691129E1,-1.045162755E0,-3.219428991E0,-1.650911053E0,3.765978693E0
7.910692329E1,-8.429227678E-1,-3.498026013E0,-1.349557838E0,3.842917009E0
7.911693429E1,-6.902271165E-1,-3.740822580E0,-1.119692681E0,3.965334632E0
7.912694629E1,-6.967784831E-1,-3.853516844E0,-1.034435599E0,4.050327064E0
7.913695729E1,-8.737045576E-1,-3.873278094E0,-1.087449380E0,4.116817824E0
7.914696929E1,-1.104862972E0,-3.976452799E0,-1.268016661E0,4.317495258E0
7.915698029E1,-1.227261422E0,-4.094423006E0,-1.476135439E0,4.522106388E0
7.916699229E1,-1.171430014E0,-3.972300106E0,-1.640258596E0,4.454420801E0
7.917700329E1,-1.070188545E0,-3.823919992E0,-1.620386834E0,4.288743536E0
7.918701529E1,-6.752944972E-1,-3.891962872E0,-1.441356200E0,4.204866864E0
7.919702629E1,1.864957738E-1,-4.002336084E0,-1.043261386E0,4.140274039E0
7.920703829E1,1.250145670E0,-3.720464036E0,-3.856987166E-1,3.943790099E0
7.921704929E1,2.207758795E0,-3.184763481E0,3.940263212E-1,3.895147503E0
7.922706129E1,2.879564259E0,-2.672674567E0,1.215361900E0,4.112442608E0
7.923707229E1,3.398857820E0,-2.185528851E0,2.099225848E0,4.553627126E0
7.924708429E1,3.743625150E0,-1.626985270E0,2.977978161E0,5.052738293E0
7.925709529E1,3.916684899E0,-1.212471109E0,3.809667989E0,5.596791668E0
7.926710729E1,3.732815110E0,-1.196640285E0,4.405667079E0,5.897097509E0
7.927711929E1,3.324255534E0,-1.413034334E0,4.689603778E0,5.919436163E0
7.928713029E1,2.822251021E0,-1.446493271E0,4.694835282E0,5.665591049E0
7.929714229E1,2.270962665E0,-1.049839358E0,4.627155515E0,5.260228347E0
7.930715329E1,1.660823838E0,-4.910902472E-1,4.684264101E0,4.994180175E0
7.931716529E1,1.024686975E0,-1.652521084E-1,5.156998622E0,5.260411243E0
7.932717629E1,2.892143959E-1,-2.032327342E-1,5.965141713E0,5.975605757E0
7.933718829E1,-5.031932527E-1,-2.991825464E-1,6.702801297E0,6.728317685E0
7.934719929E1,-1.221707298E0,-2.316543319E-1,6.971325905E0,7.081357025E0
7.935721129E1,-1.624302129E0,6.096811362E-2,6.816493388E0,7.007614190E0
7.936722229E1,-2.315933454E0,3.799365049E-1,6.344909014E0,6.765040274E0
7.937723429E1,-2.531818065E0,5.782976314E-1,5.308138037E0,5.909387471E0
7.938724562E1,-2.279120993E0,7.208405795E-1,3.856836893E0,4.537531759E0
7.939725763E1,-1.743779456E0,8.205811416E-1,2.059305153E0,2.820435767E0
7.940726862E1,-1.047536870E0,9.906349104E-1,2.889348990E-1,1.470433404E0
7.941728062E1,-4.311124326E-1,1.168014656E0,-1.173384739E0,1.710832520E0
7.942729163E1,2.591456741E-2,1.384048370E0,-2.332563667E0,2.712400176E0
7.943730362E1,1.885876152E-1,1.449514381E0,-3.233085163E0,3.548168105E0
7.944731462E1,3.784503619E-1,1.268779723E0,-3.951906188E0,4.167803879E0
7.945732663E1,6.297234911E-1,1.101383002E0,-4.361176200E0,4.541965878E0
7.946733762E1,-1.938967408E-1,9.984731761E-1,-4.435130029E0,4.550266257E0
7.947734962E1,-3.845791210E-1,8.172104410E-1,-4.591569360E0,4.679555876E0
7.948736063E1,-5.449932432E-1,6.825778621E-1,-4.687152041E0,4.767842743E0
7.949737262E1,-7.584945287E-1,5.548102798E-1,-4.645617514E0,4.739714177E0
7.950738362E1,-7.769936572E-1,4.175066196E-1,-4.394719922E0,4.482364790E0
7.951739563E1,-5.848326623E-1,2.211282474E-1,-3.888112480E0,3.938063687E0
7.952740662E1,-4.152794883E-1,-9.303526752E-2,-3.346203643E0,3.373157487E0
7.953741862E1,-3.181297544E-1,-3.812804874E-1,-3.075278753E0,3.115111677E0
7.954742963E1,-3.610304832E-2,-7.159066989E-1,-3.254060295E0,3.332076565E0
7.955744162E1,1.086809548E-1,-8.664601497E-1,-3.479643536E0,3.587545662E0
7.956745262E1,1.817017148E-1,-8.091907655E-1,-3.724361206E0,3.815582734E0
7.957746463E1,4.914673926E-1,-7.710580024E-1,-3.977408819E0,4.081158114E0
7.958747562E1,7.697823592E-1,-5.232772690E-1,-4.115838141E0,4.219775774E0
7.959748762E1,1.003685823E0,-1.192701162E-1,-3.919247734E0,4.047482352E0
7.960749863E1,1.585655834E0,-3.252542943E-2,-3.523889417E0,3.864344570E0
7.961751062E1,1.931332406E0,-1.170668122E-1,-2.925303519E0,3.507299557E0
7.962752162E1,1.834660098E0,-3.081094540E-1,-2.433573148E0,3.063198879E0
7.963753363E1,7.915520547E-1,1.279802017E-2,-1.104454837E0,1.358874141E0
7.964754462E1,-9.657585161E-1,9.242064475E-1,1.197644252E-1,1.342084419E0
7.965755662E1,-1.619338720E0,5.211036397E-1,2.820825469E-1,1.724348415E0
7.966756763E1,-1.835221577E0,-3.068615120E-2,9.112610775E-1,2.049238060E0
7.967757962E1,-1.760045825E0,-6.530856758E-1,8.991649425E-1,2.081533041E0
7.968759062E1,-1.299829900E0,-1.157331208E0,5.347863436E-1,1.820705832E0
7.969760263E1,-8.671133568E-1,-1.525353353E0,5.559532642E-3,1.754599480E0
7.970761362E1,-2.696736590E-1,-1.883478501E0,-5.361048907E-1,1.976771004E0
7.971762562E1,1.242793527E-1,-1.475239791E0,-1.200202993E0,1.905850210E0
7.972763663E1,9.717088620E-1,-9.656433991E-1,-1.816572028E0,2.275218500E0
7.973764862E1,1.142016327E0,-5.981241144E-2,-1.755120715E0,2.094809667E0
7.974765962E1,5.331125415E-1,-2.717714207E-1,-1.972714906E0,2.061473450E0
7.975767163E1,8.018704900E-1,-1.078529891E0,-2.582729772E0,2.911480050E0
7.976768362E1,3.932151296E-1,-1.289704277E0,-3.063116544E0,3.346735458E0
7.977769462E1,-2.600883549E-1,-1.212539595E0,-3.429205454E0,3.646552929E0
7.978770562E1,-7.128999145E-1,-1.140483479E0,-3.492469404E0,3.742495343E0
7.979771762E1,-5.184701634E-1,-1.107010216E0,-3.112203920E0,3.343665080E0
7.980772962E1,-1.144486483E-2,-9.343765828E-1,-2.383771242E0,2.560381987E0
7.981774063E1,7.231085683E-1,-5.912198684E-1,-1.581295273E0,1.836551572E0
7.982775262E1,1.319657224E0,-3.025735295E-1,-7.721107936E-1,1.558589428E0
7.983776362E1,1.665723220E0,-1.751913518E-1,5.673553348E-2,1.675871348E0
7.984777563E1,1.870399303E0,-1.106151406E-1,1.077135476E0,2.161214958E0
7.985778662E1,1.847709329E0,-1.264315666E-1,2.280122328E0,2.937511283E0
7.986779862E1,1.825777592E0,-3.921964350E-1,3.483955273E0,3.952875688E0
7.987780963E1,1.746189678E0,-6.234351030E-1,4.498540744E0,4.865667328E0
7.988782162E1,1.527361726E0,-7.810530136E-1,5.602915474E0,5.859653527E0
7.989783262E1,8.240668130E-1,-7.957335448E-1,7.923234487E0,8.005618197E0
7.990784463E1,8.125181966E-1,-1.045420836E0,7.442608563E0,7.559465111E0
7.991785562E1,8.053180084E-1,-5.161761180E-1,8.040498642E0,8.097196632E0
7.992786762E1,1.222693358E0,4.413112924E-3,8.007466552E0,8.100278952E0
7.993787863E1,1.515859083E0,1.561723327E-1,8.114806813E0,8.256652359E0
7.994789062E1,1.655940682E0,2.185759377E-1,8.553640932E0,8.715198689E0
7.995790162E1,1.665327948E0,1.734430343E-1,8.749219771E0,8.907987779E0
7.996791363E1,1.477701031E0,1.754284564E-1,8.427676705E0,8.558043592E0
7.997792462E1,1.223843651E0,1.657766037E-1,7.651531917E0,7.750562292E0
7.998793662E1,8.603362146E-1,2.547894984E-1,6.497364637E0,6.559027620E0
7.999794763E1,3.610634469E-1,3.329055221E-1,5.032580398E0,5.056486761E0
8.000795962E1,-1.019426235E-1,4.178173991E-1,3.466733469E0,3.493308549E0
8.001797062E1,-2.406190637E-1,5.582493196E-1,1.936967953E0,2.030119378E0
8.002798263E1,-1.737748272E-1,6.164870028E-1,5.139100295E-1,8.211926897E-1
8.003799362E1,6.107263260E-2,6.588399207E-1,-8.136868358E-1,1.048754582E0
8.004800562E1,3.060537557E-1,8.116772939E-1,-2.007525719E0,2.186926712E0
8.005801663E1,4.771403621E-1,9.476630647E-1,-3.054187846E0,3.233232378E0
8.006802862E1,6.192368022E-1,1.023586017E0,-3.779583480E0,3.964395771E0
8.007803962E1,6.378378915E-1,1.029038253E0,-4.132629590E0,4.306319105E0
8.008805163E1,4.828141347E-1,9.078096854E-1,-4.153598875E0,4.278973186E0
8.009806262E1,2.924587235E-1,7.382353152E-1,-3.915247654E0,3.994957781E0
8.010807462E1,1.799942913E-1,5.341809375E-1,-3.673184035E0,3.716184626E0
8.011808562E1,1.766483683E-1,2.642863999E-1,-3.555999402E0,3.570179784E0
8.012809762E1,2.166700744E-1,9.590815075E-2,-3.500465471E0,3.508475853E0
8.013810862E1,6.191781107E-2,1.404760670E-1,-3.442101488E0,3.445523182E0
8.014812063E1,-9.245120376E-2,-7.362448499E-3,-3.514961888E0,3.516185221E0
8.015813162E1,-1.807935691E-1,-1.569493546E-1,-3.631975783E0,3.639858171E0
8.016814362E1,-3.053233654E-1,-2.818213957E-1,-3.819026458E0,3.841563320E0
8.017815462E1,-4.574983953E-1,-3.287459591E-1,-4.033108810E0,4.072265385E0
8.018816662E1,-7.502076354E-1,-4.332986335E-1,-3.899806911E0,3.994878365E0
8.019817762E1,-1.049326995E0,-1.183576509E0,-3.539726601E0,3.877061375E0
8.020818963E1,-7.666592883E-1,-1.527199465E0,-3.114734010E0,3.552699343E0
8.021820162E1,-8.951760451E-1,-1.355653853E0,-2.698506396E0,3.149773688E0
8.022821262E1,-1.103933923E0,-1.211861172E0,-3.001369362E0,3.419867783E0
8.023822463E1,-1.195039829E0,-1.312182874E0,-3.662322248E0,4.069711087E0
8.024823562E1,-8.209570444E-1,-1.925647597E0,-3.851035870E0,4.383214164E0
8.025824762E1,-8.011580799E-1,-1.964304417E0,-3.956034322E0,4.488936808E0
8.026825863E1,-1.602314552E0,-2.558099838E-1,-6.021985420E0,6.236758699E0
8.027827062E1,-3.140402702E0,2.261699798E0,-7.225119622E0,8.196326535E0
8.028828162E1,-1.670362547E0,1.144016659E0,-2.930460178E0,3.561808812E0
8.029829363E1,-2.065382749E-1,2.147360712E-1,-1.179226692E0,1.216283367E0
8.030830462E1,1.232084352E-1,-7.392785315E-1,-6.344228983E-2,7.521555622E-1
8.031831662E1,4.772852634E-1,-1.680419904E0,1.831832092E0,2.531248919E0
8.032832763E1,1.291093721E0,-2.146765027E0,3.358261186E0,4.189682718E0
8.033833962E1,1.579376071E0,-2.021650984E0,3.585807338E0,4.409026620E0
8.034835062E1,1.395953448E0,-1.654853246E0,2.424538030E0,3.250478419E0
8.035836263E1,9.672741875E-1,-1.323467854E0,2.222228462E-1,1.654257993E0
8.036837362E1,8.808421075E-2,-8.019343708E-1,-2.422903149E0,2.553686988E0
8.037838562E1,-1.213930940E0,6.010586858E-2,-4.491189625E0,4.652743845E0
8.038839625E1,-2.399261832E0,5.467738666E-1,-5.244350177E0,5.792980906E0
8.039840825E1,-2.621834196E0,3.399384069E-1,-4.428844272E0,5.157929261E0
8.040841925E1,-2.149765964E0,-2.839146258E-1,-2.692673798E0,3.457252291E0
8.041843125E1,-1.610438673E0,-6.598844527E-1,-7.213037521E-1,1.883942492E0
8.042844225E1,-7.805744921E-1,-7.171253318E-1,8.579672152E-1,1.363698288E0
8.043845425E1,1.317237353E-1,-5.712557200E-1,2.022497515E0,2.105749377E0
8.044846525E1,1.079634283E0,-1.843730883E-1,2.668811311E0,2.884814974E0
8.045847725E1,2.001378542E0,5.532088736E-1,2.722447236E0,3.423926850E0
8.046848825E1,2.625941280E0,1.621918219E0,2.253809858E0,3.821759437E0
8.047850025E1,3.035963537E0,2.496540059E0,1.518660484E0,4.213800722E0
8.048851125E1,3.176968265E0,2.724232391E0,8.824810821E-1,4.277071701E0
8.049852325E1,2.946880329E0,2.635985042E0,5.627325261E-1,3.993643539E0
8.050853425E1,2.842736448E0,2.179698008E0,7.036200178E-1,3.650659536E0
8.051854625E1,2.324194693E0,2.035560341E0,1.647423189E0,3.501341177E0
8.052855725E1,1.344270639E0,1.998655493E0,2.733310193E0,3.643167844E0
8.053856925E1,6.920882852E-1,1.488017419E0,3.532012369E0,3.894649331E0
8.054858025E1,5.882199544E-1,6.607396080E-1,4.421002572E0,4.508640957E0
8.055859225E1,6.424911057E-1,3.252425998E-2,5.565952885E0,5.603006708E0
8.056860325E1,7.026563235E-1,-4.322273505E-1,6.057376862E0,6.113293780E0
8.057861525E1,4.246506015E-1,-5.140876387E-1,6.318860253E0,6.353944376E0
8.058862625E1,-3.214870429E-1,-5.616610969E-1,6.518103542E0,6.550151974E0
8.059863825E1,-1.020749314E0,-1.093672133E0,6.197690742E0,6.375689643E0
8.060864925E1,-1.399102904E0,-1.716629080E0,5.232231238E0,5.681597316E0
8.061866125E1,-1.794009085E0,-1.836277291E0,3.903956096E0,4.672392972E0
8.062867325E1,-1.899304575E0,-1.733629713E0,2.789430014E0,3.793909548E0
8.063868425E1,-1.451768045E0,-1.530043112E0,2.208176433E0,3.053638083E0
8.064869625E1,-5.646875061E-1,-1.340599319E0,2.146046258E0,2.592603528E0
8.065870725E1,3.315527323E-1,-1.229412028E0,2.734824622E0,3.016727840E0
8.066871925E1,1.436430067E0,-9.214030731E-1,3.419020774E0,3.821258695E0
8.067873025E1,2.282925191E0,-2.119848649E-1,1.249172840E0,2.610961086E0
8.068874225E1,2.810706278E0,1.418454940E-1,6.679917634E-1,2.892473495E0
8.069875325E1,2.528808211E0,-2.030416399E-1,-1.962734878E-2,2.537022291E0
8.070876525E1,1.668419956E0,-2.324346428E-1,-3.635477096E-1,1.723315975E0
8.071877625E1,1.090902526E0,-4.048846372E-1,-6.871729696E-1,1.351372110E0
8.072878825E1,1.381921592E0,-6.740359571E-1,-1.138428329E0,1.913125928E0
8.073879925E1,1.749467043E0,-7.436398966E-1,-1.628738412E0,2.503282653E0
8.074881125E1,1.847833875E0,-5.337090306E-1,-1.887118101E0,2.694540793E0
8.075882225E1,1.868569709E0,-1.473222429E-1,-1.880055833E0,2.654781825E0
8.076883425E1,1.724694144E0,-1.628566686E-1,-1.915297587E0,2.582529193E0
8.077884525E1,1.622640935E0,-1.107067044E-1,-2.321531140E0,2.834559298E0
8.078885725E1,1.544596978E0,6.948103834E-2,-2.654988493E0,3.072388540E0
8.079886825E1,1.468933716E0,1.153863224E-1,-3.277033421E0,3.593052784E0
8.080888025E1,1.202018115E0,-1.172712455E-1,-3.907047518E0,4.089452336E0
8.081889125E1,7.807019614E-1,-2.762183744E-1,-4.393742852E0,4.471103711E0
8.082890325E1,6.915355772E-2,-2.915155676E-1,-4.629020192E0,4.638705798E0
8.083891425E1,-6.614411277E-1,-4.029689066E-1,-4.697234979E0,4.760662218E0
8.084892625E1,-1.070139136E0,-5.342206255E-1,-4.685238832E0,4.835499184E0
8.085893725E1,-1.158863471E0,-9.065504144E-1,-4.550519568E0,4.782470756E0
8.086894925E1,-1.281340419E0,-1.314937205E0,-4.368055449E0,4.738227678E0
8.087896025E1,-1.327572892E0,-1.640905152E0,-4.173013970E0,4.676437222E0
8.088897225E1,-9.106588143E-1,-1.736601706E0,-4.118308005E0,4.561309657E0
8.089898325E1,-6.249632728E-1,-1.269873445E0,-4.017816587E0,4.259813116E0
8.090899525E1,-2.630405045E-1,-5.365153652E-1,-3.722653234E0,3.770303190E0
8.091900625E1,2.671525589E-1,4.891429782E-2,-2.755777534E0,2.769128548E0
8.092901825E1,6.128460878E-1,4.771602792E-1,-1.105569901E0,1.351128071E0
8.093902925E1,9.593637818E-1,5.125578609E-1,4.933646679E-1,1.194363061E0
8.094904125E1,1.023448681E0,-4.313724875E-2,1.711638481E0,1.994746679E0
8.095905225E1,8.795805708E-1,-8.651812175E-1,2.321635805E0,2.629105044E0
8.096906425E1,4.602764440E-1,-1.564786683E0,2.396925724E0,2.899252437E0
8.097907525E1,-2.983103245E-2,-1.925771704E0,1.968389136E0,2.753914003E0
8.098908725E1,-2.193389994E-1,-2.034995646E0,9.145214850E-1,2.241799818E0
8.099909925E1,-6.185389370E-2,-1.935618854E0,-4.026065254E-1,1.978013717E0
8.100911025E1,4.132513815E-1,-1.663394566E0,-1.595108151E0,2.341373144E0
8.101912225E1,9.573298278E-1,-1.333177302E0,-2.472973441E0,2.968070039E0
8.102913325E1,1.369816686E0,-9.523987247E-1,-3.078784744E0,3.501767637E0
8.103914525E1,1.492384851E0,-5.558683334E-1,-3.430341568E0,3.781989611E0
8.104915625E1,1.515639812E0,-2.271099490E-1,-3.455761753E0,3.780348167E0
8.105916825E1,1.350178227E0,-3.915997267E-2,-3.014211602E0,3.303026844E0
8.106917925E1,1.212234516E0,-1.571200933E-1,-1.816757970E0,2.189705178E0
8.107919125E1,1.105967512E0,-3.948937556E-1,-2.412970483E-1,1.198886767E0
8.108920225E1,9.499009404E-1,-5.661820909E-1,9.219971502E-1,1.439775226E0
8.109921425E1,8.992699000E-1,-7.188145924E-1,1.415050746E0,1.824211990E0
8.110922525E1,7.055832204E-1,-4.823903212E-1,1.500997215E0,1.727292894E0
8.111923725E1,3.813127202E-1,1.813309282E-1,1.168245621E0,1.242206958E0
8.112924825E1,1.891954333E-2,8.528511938E-1,8.833803838E-1,1.228036649E0
8.113926025E1,-3.269707444E-1,1.323243906E0,9.552888572E-1,1.664470217E0
8.114927125E1,-6.915241751E-1,1.517825209E0,1.162617091E0,2.033144744E0
8.115928325E1,-1.327170019E0,1.504775101E0,1.226156445E0,2.351422546E0
8.116929425E1,-1.951640663E0,1.490183082E0,7.887455374E-1,2.579082476E0
8.117930625E1,-2.659193518E0,1.588998103E0,1.787306714E-1,3.102929228E0
8.118931725E1,-3.072331756E0,1.812219069E0,2.645523021E0,4.440963007E0
8.119932925E1,-2.965768882E0,2.057661501E0,5.124752398E0,6.268400358E0