"Time (s)","Linear Acceleration x (m/s^2)","Linear Acceleration y (m/s^2)","Linear Acceleration z (m/s^2)","Absolute acceleration (m/s^2)"
1.185375004E-3,-7.708863866E-1,9.694391191E-2,-8.770753312E-1,1.171718857E0
1.114637501E-2,-6.624199516E-1,2.863080373E-1,-5.135591966E-1,8.857288145E-1
2.110737501E-2,-2.683850057E-1,2.947718820E-1,-6.864104927E-2,4.045152251E-1
3.106837501E-2,1.255638398E-1,1.058892748E-1,2.865995210E-1,3.303302920E-1
4.103037500E-2,2.709624584E-1,-1.194925296E-1,4.602951550E-1,5.473305658E-1
5.099137500E-2,2.903079714E-1,-2.791519225E-1,5.389021987E-1,6.727704615E-1
6.095237500E-2,2.931558578E-1,-3.101485974E-1,3.621905708E-1,5.597450482E-1
7.091437501E-2,3.089236057E-1,-2.949443749E-1,-3.319171965E-2,4.284012940E-1
8.087537499E-2,1.944721068E-1,-2.202885872E-1,-3.241035622E-1,4.374809494E-1
9.083637499E-2,-3.542827964E-3,-8.426013172E-2,-3.610345763E-1,3.707536739E-1
1.007983750E-1,-1.052197686E-1,3.258010089E-2,-3.756350738E-1,3.914516207E-1
1.107593750E-1,-4.860527247E-2,1.018020710E-1,-4.086408520E-1,4.239262673E-1
1.207203750E-1,6.971781403E-3,1.365722466E-1,-5.055906111E-1,5.237580074E-1
1.306823750E-1,6.374122873E-2,1.997604749E-1,-5.912453038E-1,6.273262315E-1
1.406433750E-1,8.460073203E-2,2.927309114E-1,-6.454951859E-1,7.138015868E-1
1.506043750E-1,1.140705527E-1,4.334137505E-1,-6.718906868E-1,8.076488501E-1
1.605653750E-1,1.997036107E-1,6.133828622E-1,-6.759094781E-1,9.343306108E-1
1.705273750E-1,2.557208137E-1,7.018336934E-1,-6.935639763E-1,1.019310874E0
1.804883750E-1,3.611595605E-1,6.695281193E-1,-7.373496813E-1,1.059428470E0
1.904493750E-1,4.417713220E-1,5.447605240E-1,-6.996357250E-1,9.906644625E-1
2.004113750E-1,4.597386463E-1,5.069117895E-1,-5.190298516E-1,8.589011422E-1
2.103723750E-1,4.546499607E-1,4.540520829E-1,-2.767802918E-1,6.996264794E-1
2.203333750E-1,5.656511638E-1,3.461610138E-1,-2.042409039E-1,6.939041961E-1
2.302953750E-1,6.949113210E-1,1.876880211E-1,-1.197626710E-2,7.199110835E-1
2.402563750E-1,8.691345200E-1,1.244650018E-1,5.250939989E-1,1.023039617E0
2.502173750E-1,1.069287928E0,1.291389737E-1,7.254891890E-1,1.298610069E0
2.601783750E-1,9.741877891E-1,2.905858603E-1,1.080125157E0,1.483291052E0
2.701403750E-1,4.821514624E-1,7.057437265E-1,2.236086363E0,2.393872691E0
2.801013750E-1,3.850062601E-1,4.104034951E-1,1.761919273E0,1.849600058E0
2.900623750E-1,4.843392713E-1,1.677478462E-2,1.495944636E0,1.572487290E0
3.000243750E-1,2.605251054E-1,-4.061823902E-1,1.895889509E0,1.956337009E0
3.099853750E-1,2.944803983E-3,-9.502747236E-1,2.183150935E0,2.381003722E0
3.199463750E-1,-1.583911318E-1,-1.471640830E0,3.124692403E0,3.457530491E0
3.299083750E-1,-4.582551346E-1,-1.466286973E0,5.098369761E0,5.324788209E0
3.398693750E-1,-8.205760252E-1,-1.156539641E0,5.646531025E0,5.821876121E0
3.498303750E-1,-6.174117400E-1,-9.750217482E-2,6.030560946E0,6.062868072E0
3.597923750E-1,1.238406471E-1,6.372663993E-1,4.846825467E0,4.890108595E0
3.697533750E-1,1.246461778E0,1.551910237E0,3.244657972E0,3.806559826E0
3.797143750E-1,2.140909918E0,1.875608441E0,3.939150487E0,4.859867165E0
3.896753750E-1,2.709170255E0,1.008897811E0,5.782127956E0,6.464555821E0
3.996373750E-1,3.215105852E0,-4.075026914E-2,6.195898570E0,6.980524717E0
4.095986250E-1,3.437057095E0,-5.389361856E-1,5.149846893E0,6.214880265E0
4.195596250E-1,3.121466494E0,-1.109436080E0,5.565497972E0,6.476817827E0
4.295216250E-1,-1.291913939E0,-3.969612141E0,1.171950066E1,1.244080214E1
4.394826250E-1,-2.781376352E0,-1.444816436E0,4.513841153E0,5.495298982E0
4.494436250E-1,6.262981921E-1,2.543843156E0,-2.232936468E0,3.442294685E0
4.594056250E-1,-1.459046074E0,2.732310319E0,-1.807103632E0,3.586078452E0
4.693666250E-1,-4.394941531E0,2.186594360E0,9.985313559E-1,5.009368306E0
4.793276250E-1,-5.236703188E0,1.414896672E0,3.876042657E0,6.666985793E0
4.892896250E-1,-4.059820353E0,7.503220215E-1,2.461416419E0,4.806630340E0
4.992506250E-1,-2.254305409E0,3.332516773E-1,-1.461833149E-1,2.283488367E0
5.092116250E-1,-6.747119683E-1,-4.627521185E-1,-7.897986209E-1,1.137170886E0
5.191726250E-1,-4.382131451E-1,-9.242589994E-1,-2.641395471E0,2.832535171E0
5.291346250E-1,-7.887823749E-1,-1.017825121E0,-4.980037318E0,5.143823219E0
5.390956250E-1,-1.022626270E0,-7.097511157E-1,-7.146082808E0,7.253689450E0
5.490566250E-1,-4.536842930E-1,-9.120302787E-1,-8.393651172E0,8.455235577E0
5.590186250E-1,-4.261950704E-1,-1.062412918E0,-9.472935500E0,9.541848376E0
5.689796250E-1,-7.396461752E-1,-3.847826041E-1,-1.005766467E1,1.009216293E1
5.789406250E-1,-1.062625026E0,4.076455097E-1,-9.667326769E0,9.734092339E0
5.889026250E-1,-1.123457411E0,7.925677161E-1,-8.513827241E0,8.624127459E0
5.988636250E-1,-1.160408744E0,5.344841887E-1,-8.467862864E0,8.563697991E0
6.088246250E-1,5.914503948E-1,-1.073583146E0,-6.271729941E0,6.390382680E0
6.187856250E-1,9.580819260E-1,-2.232304091E0,-7.030766945E0,7.438601103E0
6.287476250E-1,4.677687737E-1,-2.287323759E0,-8.704797304E0,9.012444381E0
6.387086250E-1,-1.303478855E-1,-2.067768120E0,-9.749211177E0,9.966934039E0
6.486696250E-1,-5.797765019E-1,-1.968431820E0,-1.017073578E1,1.037567979E1
6.586316250E-1,-8.656666095E-1,-1.774627027E0,-1.019329200E1,1.038276849E1
6.685926250E-1,-2.146962809E0,-1.216316458E0,-5.787806772E0,6.291866357E0
6.785536250E-1,-1.267995173E0,-2.590088493E0,-3.722021735E0,4.708483403E0
6.885156250E-1,-5.988258168E-1,-4.194750994E0,-4.908683161E0,6.484573898E0
6.984766250E-1,1.494683538E-1,-5.162836483E0,-5.609630417E0,7.625298338E0
7.084376250E-1,9.183060953E-1,-5.860277163E0,-5.290754850E0,7.948472897E0
7.183996250E-1,1.441630434E0,-6.179320545E0,-3.862536174E0,7.428424220E0
7.283606250E-1,1.857373022E0,-6.087918624E0,-2.250985068E0,6.751260733E0
7.383216250E-1,1.249071244E0,-5.467717323E0,-5.902109313E-1,5.639544365E0
7.482836250E-1,5.471696500E-3,-4.260015568E0,1.333844615E0,4.463956097E0
7.582446250E-1,-6.980370963E-1,-2.471097362E0,5.223737572E0,5.820739831E0
7.682056250E-1,2.023704892E-2,-1.297433126E0,6.029030730E0,6.167086330E0
7.781666250E-1,1.073539877E0,-7.409775862E-1,6.153546603E0,6.290283892E0
7.881286250E-1,1.366145512E0,-3.651796675E-1,6.807355945E0,6.952683274E0
7.980896250E-1,1.360145245E0,1.172360599E0,6.318157418E0,6.568374047E0
8.080506250E-1,7.389554729E-1,3.658292931E0,7.918026956E0,8.753531473E0
8.180126250E-1,5.016151257E-1,5.916908616E0,9.507571481E0,1.120960931E1
8.279736250E-1,3.781339545E-1,6.073864256E0,9.452087837E0,1.124174260E1
8.379346250E-1,2.203451883E0,5.431981480E0,1.277181119E1,1.405278564E1
8.478966250E-1,2.073862381E0,5.713073509E0,1.269253114E1,1.407268492E1
8.578576250E-1,3.910017027E0,2.077640121E0,1.542017772E1,1.604327593E1
8.678186250E-1,3.818317190E0,2.379469884E0,1.535722893E1,1.600268426E1
8.777796250E-1,2.658893264E0,2.993964449E-1,1.224751242E1,1.253638353E1
8.877416250E-1,1.218791803E0,1.014498932E0,9.594604363E0,9.724767063E0
8.977026250E-1,4.042792311E-1,1.911360657E0,6.812899105E0,7.087477370E0
9.076636250E-1,2.431734198E-1,2.274775634E0,3.944987177E0,4.560335660E0
9.176256250E-1,-8.214534000E-3,2.563339528E0,1.276126165E0,2.863437619E0
9.275866250E-1,-2.059341844E-1,2.800940259E0,-9.234981304E-1,2.956437724E0
9.375476250E-1,-5.842923065E-1,2.948913698E0,-2.847136770E0,4.140492397E0
9.475096250E-1,-1.005278019E0,2.850057455E0,-4.628314433E0,5.527631128E0
9.574706250E-1,-1.307176196E0,2.467679957E0,-6.012930422E0,6.629742546E0
9.674316250E-1,-1.323473701E0,2.023710228E0,-7.036353959E0,7.440246150E0
9.773936250E-1,-1.236131941E0,1.432604234E0,-7.676830480E0,7.906586070E0
9.873546250E-1,-1.159705762E0,8.216849497E-1,-7.901137859E0,8.027955099E0
9.973156250E-1,-1.051000030E0,3.507268122E-1,-7.915819048E0,7.992984521E0
1.007276625E0,-1.049006276E0,-1.145114328E-1,-7.928723853E0,7.998636694E0
1.017238625E0,-1.139719541E0,-5.011692390E-1,-7.777591454E0,7.876614759E0
1.027199625E0,-1.205985597E0,-4.360834430E-1,-7.774670185E0,7.879725028E0
1.037160625E0,-1.409910020E0,-9.082117546E-1,-6.915825303E0,7.116272513E0
1.047122625E0,-1.484044383E0,-1.085014160E0,-6.547292258E0,6.800491112E0
1.057083625E0,-1.561317969E0,-1.137803554E0,-6.351790017E0,6.639092344E0
1.067044625E0,-1.641898301E0,-1.017867513E0,-6.286641510E0,6.576757999E0
1.077006625E0,-1.608439949E0,-8.798531972E-1,-6.279332491E0,6.541501146E0
1.086967625E0,-1.257786227E0,-7.477843300E-1,-6.329356590E0,6.496303752E0
1.096928625E0,-1.263971996E0,-7.958256385E-1,-6.320987470E0,6.495063222E0
1.106890625E0,-1.292793068E-1,-5.314357428E-1,-6.847489479E0,6.869297580E0
1.116851625E0,3.252841151E-1,-3.677439639E-1,-7.002937707E0,7.020126915E0
1.126812625E0,6.318186946E-1,-2.484648576E-1,-6.975467488E0,7.008428948E0
1.136773625E0,8.597145094E-1,-3.457992174E-1,-6.863216150E0,6.925490745E0
1.146735625E0,9.415457077E-1,-6.068857285E-1,-6.811434962E0,6.902931613E0
1.156696625E0,6.377262828E-1,-7.577114403E-1,-6.577048153E0,6.651194167E0
1.166657625E0,1.121643604E-1,-7.388087077E-1,-6.079799180E0,6.125551177E0
1.176619625E0,-8.246167436E-2,-7.025812599E-1,-5.390592549E0,5.436810497E0
1.186580625E0,9.769498676E-2,-6.812626040E-1,-4.633461152E0,4.684295603E0
1.196541625E0,2.593595360E-1,-5.638024203E-1,-3.748786780E0,3.799808266E0
1.206503625E0,3.302897702E-1,-1.452423517E-1,-2.464765704E0,2.491035257E0
1.216464625E0,2.642779215E-1,5.448419465E-1,-7.559970367E-1,9.686212293E-1
1.226425625E0,3.594053958E-1,5.107839619E-1,-7.635282505E-1,9.864318950E-1
1.236387625E0,-5.198921697E-1,2.881911331E0,3.485145181E0,4.552135513E0
1.246348625E0,3.374181108E-1,3.548638050E0,6.943694302E0,7.805227322E0
1.256309625E0,2.341705642E0,3.132199351E0,1.084409178E1,1.152773112E1
1.266270625E0,4.368801261E0,1.953236661E0,1.424311332E1,1.502557270E1
1.276232625E0,5.775701866E0,4.498931046E-1,1.738920537E1,1.832881882E1
1.286193625E0,6.278779929E0,-8.296225449E-1,2.006519531E1,2.104099365E1
1.296154625E0,5.993415340E0,-2.089661704E0,2.211267037E1,2.300560593E1
1.306116625E0,5.015229371E0,-3.388891826E0,2.319978003E1,2.397638227E1
1.316077625E0,3.732865981E0,-3.978456640E0,2.297759753E1,2.361635861E1
1.326038625E0,2.550187678E0,-3.350529121E0,2.152058131E1,2.192863249E1
1.336000625E0,2.230659708E0,-2.111931263E0,1.948019307E1,1.972090309E1
1.345961625E0,2.341738533E0,-2.076038715E0,1.946176967E1,1.971177705E1
1.355922625E0,3.434930463E0,6.322957543E-1,1.462474940E1,1.503601809E1
1.365884625E0,3.288933674E0,1.857934062E0,1.126735184E1,1.188369561E1
1.375845625E0,2.407291814E0,2.575012909E0,7.639080271E0,8.413161876E0
1.385806625E0,1.260713489E0,2.917182321E0,4.264946818E0,5.318751973E0
1.395767625E0,2.597830206E-1,3.048474532E0,1.297430495E0,3.323252936E0
1.405729792E0,-3.520577846E-1,3.030390263E0,-1.004842256E0,3.211995920E0
1.415690792E0,-6.985114516E-1,2.767366131E0,-2.944863625E0,4.101031007E0
1.425651792E0,-7.342296070E-1,2.647138022E0,-2.914097330E0,4.004796633E0
1.435613792E0,-1.506260878E0,1.937391584E0,-5.796589290E0,6.294660863E0
1.445574792E0,-2.027708554E0,1.444495424E0,-6.584263033E0,7.039225006E0
1.455535792E0,-2.388153292E0,8.239393437E-1,-7.174167570E0,7.605973475E0
1.465497792E0,-2.621641238E0,2.860153842E-1,-7.728252064E0,8.165824364E0
1.475458792E0,-2.810382342E0,-8.734044492E-2,-8.414269624E0,8.871629533E0
1.485419792E0,-2.837266086E0,-5.182550955E-1,-9.052048824E0,9.500434469E0
1.495381792E0,-2.724062237E0,-9.920033781E-1,-9.524277561E0,9.955724425E0
1.505342792E0,-2.711950606E0,-1.419672678E0,-9.935242682E0,1.039611436E1
1.515303792E0,-2.688432228E0,-1.789185717E0,-1.034146513E1,1.083396300E1
1.525264792E0,-2.666246430E0,-2.163357817E0,-1.075458027E1,1.128937482E1
1.535226792E0,-2.633807539E0,-2.256513610E0,-1.073478861E1,1.128115607E1
1.545187792E0,-2.612433043E0,-2.737749399E0,-1.128670145E1,1.190418867E1
1.555148792E0,-2.456215321E0,-2.887161839E0,-1.152787103E1,1.213509405E1
1.565110792E0,-2.233118316E0,-3.107200750E0,-1.175862204E1,1.236554512E1
1.575071792E0,-2.141488354E0,-3.290256607E0,-1.200580256E1,1.263135210E1
1.585032792E0,-2.004591440E0,-3.503506023E0,-1.220492013E1,1.285507747E1
1.594994792E0,-1.807317055E0,-3.737049664E0,-1.227460841E1,1.295754401E1
1.604955792E0,-1.649218577E0,-3.791074428E0,-1.229149517E1,1.296815410E1
1.614916792E0,-1.560465152E0,-3.808201507E0,-1.213553590E1,1.281439354E1
1.624878792E0,-1.500454009E0,-3.828151038E0,-1.213444598E1,1.281213806E1
1.634839792E0,-1.403402800E0,-3.889608783E0,-1.109476543E1,1.184028782E1
1.644800792E0,-1.175328572E0,-3.776333305E0,-1.044382648E1,1.116761398E1
1.654761792E0,-8.649422856E-1,-3.622740106E0,-9.428059289E0,1.013709391E1
1.664723792E0,-6.000350576E-1,-3.273074271E0,-8.184857626E0,8.835437262E0
1.674684792E0,-4.735036498E-1,-2.751311139E0,-6.788646609E0,7.340275299E0
1.684645792E0,-4.237034257E-1,-2.267826803E0,-5.035560139E0,5.538901418E0
1.694607792E0,-3.439573444E-1,-1.893938293E0,-2.834138410E0,3.426025312E0
1.704568792E0,-4.557306723E-1,-1.419525913E0,-1.738476616E-1,1.500988765E0
1.714529792E0,-9.242454046E-1,-4.361175030E-1,2.785048111E0,2.966634630E0
1.724491792E0,-9.357264125E-1,9.308170903E-1,5.960959784E0,6.105329305E0
1.734452792E0,1.739904799E-1,1.629178415E0,9.089070470E0,9.235566956E0
1.744413792E0,2.586430475E0,1.382466260E0,1.241422121E1,1.275592897E1
1.754375792E0,5.459410184E0,6.298797579E-1,1.657647981E1,1.746372214E1
1.764336792E0,7.609430210E0,-2.796411882E-1,2.051296572E1,2.188066247E1
1.774297792E0,8.756604804E0,-1.525924480E0,2.404009041E1,2.563069488E1
1.784258792E0,8.858850971E0,-2.762506510E0,2.730819045E1,2.884177436E1
1.794220792E0,8.816363348E0,-3.499622303E0,2.883912716E1,3.035903283E1
1.804181792E0,7.951906309E0,-3.194718073E0,2.798499397E1,2.926771130E1
1.814142792E0,5.882703574E0,-1.329111587E0,2.448289303E1,2.521477325E1
1.824104792E0,3.973816874E0,1.144787322E0,1.940523879E1,1.984099420E1
1.834065792E0,2.985445640E0,2.887721417E0,1.516203367E1,1.572065793E1
1.844026792E0,2.386433041E0,4.088496268E0,1.258248537E1,1.344357848E1
1.853988792E0,1.783415977E0,4.813194621E0,1.145435983E1,1.255188329E1
1.863949792E0,9.067692465E-1,5.044095905E0,1.065472620E1,1.182321125E1
1.873910792E0,3.861355036E-2,4.860047776E0,9.716070912E0,1.086386623E1
1.883872792E0,-7.302460451E-1,4.429116168E0,8.308598158E0,9.443682156E0
1.893833792E0,-1.516489705E0,4.012742958E0,6.154511978E0,7.501990720E0
1.903794792E0,-2.070797855E0,3.564060373E0,3.564533413E0,5.449461309E0
1.913755792E0,-2.675796395E0,3.105560313E0,7.772949350E-1,4.172358880E0
1.923717792E0,-2.967786756E0,2.383846525E0,-1.988662602E0,4.294794690E0
1.933678792E0,-2.693816052E0,1.225571138E0,-4.677540388E0,5.535165184E0
1.943639792E0,-2.054073941E0,-7.188990846E-2,-7.294398603E0,7.578432483E0
1.953601792E0,-1.553072518E0,-1.267559555E0,-9.751913175E0,9.955830053E0
1.963562792E0,-1.297694935E0,-2.261579930E0,-1.193456008E1,1.221607466E1
1.973523792E0,-1.138653447E0,-3.010963182E0,-1.366739764E1,1.404137419E1
1.983485792E0,-9.820965137E-1,-3.495371962E0,-1.503305813E1,1.546528290E1
1.993446792E0,-6.724662720E-1,-3.898719037E0,-1.585029071E1,1.633658277E1
2.003407792E0,-9.797926194E-2,-4.286483575E0,-1.638170438E1,1.693351056E1
2.013368792E0,5.038326457E-1,-4.789254951E0,-1.699363187E1,1.766279521E1
2.023330792E0,7.404144263E-1,-5.180184002E0,-1.743569073E1,1.820400591E1
2.033291792E0,6.009749975E-1,-5.353987809E0,-1.744383590E1,1.825688274E1
2.043252792E0,4.220744645E-1,-5.616530716E0,-1.701079228E1,1.791900160E1
2.053214792E0,2.534499744E-1,-5.918155242E0,-1.627878403E1,1.732303691E1
2.063175792E0,2.008644474E-1,-6.195346009E0,-1.525985993E1,1.647076148E1
2.073136792E0,1.493056915E-1,-6.341873724E0,-1.404991196E1,1.541563105E1
2.083098792E0,5.068083303E-2,-6.319087125E0,-1.280184717E1,1.427657948E1
2.093059792E0,-1.354381425E-2,-6.217755463E0,-1.165609462E1,1.321079892E1
2.103020792E0,6.259170268E-3,-6.030552760E0,-1.066089969E1,1.224836266E1
2.112982792E0,8.514640516E-2,-5.807775598E0,-9.609965583E0,1.122893342E1
2.122943792E0,1.504859886E-1,-5.531037991E0,-8.484122216E0,1.012893662E1
2.132904792E0,2.307619737E-1,-5.225235044E0,-7.331018545E0,9.005563018E0
2.142865792E0,3.052575111E-1,-4.859403997E0,-5.863089674E0,7.621207901E0
2.152827792E0,2.885672553E-1,-4.313869302E0,-4.189913008E0,6.020640367E0
2.162788792E0,2.413249322E-1,-3.605817094E0,-2.500985112E0,4.394892624E0
2.172749792E0,3.848850766E-1,-2.857517040E0,-6.932733697E-1,2.965496269E0
2.182711792E0,1.345009874E0,-2.292755238E0,1.593933445E0,3.099419618E0
2.192672792E0,3.142638093E0,-1.685675089E0,3.919691538E0,5.299212813E0
2.202633792E0,5.013372295E0,-5.431592640E-1,6.132657425E0,7.939673220E0
2.212595792E0,7.005421019E0,3.908214623E-1,8.596301048E0,1.109617307E1
2.222556792E0,8.531059570E0,7.108632562E-1,1.048851558E1,1.353858423E1
2.232517792E0,8.731596848E0,1.039386729E0,1.083209563E1,1.395189608E1
2.242479792E0,7.130716910E0,1.371605642E0,1.065484782E1,1.289396012E1
2.252440792E0,5.185994380E0,1.641506976E0,1.170707182E1,1.290909034E1
2.262401792E0,4.282912680E0,1.671117861E0,1.432878907E1,1.504826143E1
2.272362792E0,3.752831591E0,1.799578266E0,1.744537840E1,1.793497852E1
2.282324792E0,3.258777244E0,1.899595766E0,1.958227610E1,1.994225741E1
2.292285792E0,2.739158578E0,2.046886836E0,2.014658855E1,2.043471961E1
2.302246792E0,2.051905940E0,2.853520468E0,1.981547944E1,2.012476391E1
2.312208792E0,1.799281081E0,4.009722286E0,1.918517532E1,1.968212989E1
2.322169792E0,1.785817282E0,4.904196885E0,1.805686618E1,1.879602901E1
2.332130792E0,1.280891207E0,5.693582400E0,1.593117642E1,1.696643583E1
2.342092792E0,2.992701450E-1,5.968530174E0,1.292854581E1,1.424290040E1
2.352053792E0,-1.136194839E0,5.645437011E0,9.593798032E0,1.118940831E1
2.362014792E0,-2.821226588E0,4.987356863E0,6.352089395E0,8.554652981E0
2.371976792E0,-4.298601052E0,4.223819257E0,3.629324656E0,7.034956828E0
2.381937792E0,-5.310566386E0,3.424812441E0,1.592738859E0,6.516768576E0
2.391898792E0,-5.887275512E0,2.650074493E0,-2.375255942E-2,6.456273844E0
2.401859542E0,-6.199978758E0,2.001738438E0,-1.488021659E0,6.682881252E0
2.411821542E0,-6.278275899E0,1.290383431E0,-2.815446616E0,7.000612638E0
2.421782542E0,-6.206425897E0,5.374210989E-1,-4.053664697E0,7.432411542E0
2.431743542E0,-6.067384372E0,-1.099025112E-1,-5.217828961E0,8.003185037E0
2.441705542E0,-5.837446125E0,-6.980885518E-1,-6.180102317E0,8.529757883E0
2.451666542E0,-5.556175171E0,-1.305120753E0,-6.971762692E0,9.009988776E0
2.461627542E0,-5.341391737E0,-1.751885451E0,-7.639365031E0,9.484696431E0
2.471589542E0,-5.217488653E0,-1.878861247E0,-8.122887080E0,9.835324191E0
2.481550542E0,-5.062615791E0,-1.811826721E0,-8.488559668E0,1.004830533E1
2.491511542E0,-4.790372354E0,-1.701690613E0,-8.998249177E0,1.033498459E1
2.501472542E0,-4.364527824E0,-1.717232220E0,-9.552654684E0,1.064195476E1
2.511434542E0,-3.668577599E0,-1.901113119E0,-1.004343020E1,1.086016496E1
2.521395542E0,-2.913620490E0,-2.103969694E0,-1.060482372E1,1.119723890E1
2.531356542E0,-2.198975839E0,-2.283682990E0,-1.112192106E1,1.156493973E1
2.541318542E0,-1.643885185E0,-2.395756280E0,-1.141413216E1,1.177813311E1
2.551279542E0,-1.258262336E0,-2.420246758E0,-1.140530052E1,1.172696459E1
2.561240542E0,-9.356311760E-1,-2.380955516E0,-1.107746819E1,1.136902179E1
2.571202542E0,-5.581025545E-1,-2.385209950E0,-1.038561511E1,1.067060009E1
2.581163542E0,-2.676687949E-1,-2.402665058E0,-9.458832600E0,9.762886874E0
2.591124542E0,-2.169309698E-2,-2.475460554E0,-8.386460851E0,8.744203860E0
2.601086542E0,6.444640294E-2,-2.423309822E0,-7.249296690E0,7.643879011E0
2.611047542E0,8.746696405E-2,-2.283264330E0,-6.167216808E0,6.576892095E0
2.621008542E0,2.118810220E-1,-2.179361939E0,-5.160572441E0,5.605891539E0
2.630969542E0,4.045212693E-1,-2.019501987E0,-4.373862904E0,4.834532287E0
2.640931542E0,8.007410272E-1,-1.714082910E0,-3.806685909E0,4.250896849E0
2.650892542E0,1.600566380E0,-1.423635044E0,-3.039494963E0,3.718478063E0
2.660853542E0,2.514003645E0,-8.121004862E-1,-1.780100021E0,3.185667530E0
2.670815542E0,3.557055409E0,1.278914702E-1,1.201602817E-2,3.559374074E0
2.680776542E0,4.774550958E0,9.056562290E-1,1.962690439E0,5.241059417E0
2.690737542E0,6.030793666E0,1.052707271E0,4.257448933E0,7.456844926E0
2.700699542E0,6.924832939E0,6.404122013E-1,7.254015977E0,1.004908886E1
2.710660542E0,7.625968475E0,-1.872594202E-1,1.053930216E1,1.301027868E1
2.720621542E0,7.986460429E0,-1.354317764E0,1.367286479E1,1.589229242E1
2.730582542E0,7.671163359E0,-2.378573506E0,1.638989633E1,1.825193308E1
2.740544542E0,6.762766832E0,-2.843538394E0,1.820073107E1,1.962364231E1
2.750505542E0,5.404179139E0,-2.453610971E0,1.843339529E1,1.936531489E1
2.760466542E0,3.802623848E0,-1.411339226E0,1.774806069E1,1.820564431E1
2.770428542E0,2.559775942E0,-3.474045704E-1,1.713858669E1,1.733217518E1
2.780389542E0,2.145284951E0,3.756917918E-1,1.648043345E1,1.662372036E1
2.790350542E0,2.107792458E0,1.094097591E0,1.630374696E1,1.647580055E1
2.800312542E0,1.691863782E0,1.878027727E0,1.605807971E1,1.625580866E1
2.810273542E0,9.415557942E-1,2.226087624E0,1.478213539E1,1.497843517E1
2.820234542E0,4.258541778E-2,2.160256454E0,1.236314695E1,1.255053481E1
2.830195542E0,-1.131321916E0,2.261153815E0,9.314578866E0,9.651636406E0
2.840157542E0,-2.111190713E0,2.456191932E0,6.167540159E0,6.966244085E0
2.850118542E0,-2.658759363E0,2.477766988E0,3.333966005E0,4.931902262E0
2.860079542E0,-2.797622548E0,2.380289664E0,1.057674188E0,3.822452811E0
2.870041542E0,-2.850315317E0,2.179662632E0,-8.789768457E-1,3.694296535E0
2.880002542E0,-2.866882818E0,1.963467534E0,-2.540583626E0,4.304507755E0
2.889963542E0,-2.909699347E0,1.841373140E0,-3.965080549E0,5.251558729E0
2.899925542E0,-2.836514426E0,1.681597241E0,-5.072594649E0,6.050190067E0
2.909886542E0,-2.609444823E0,1.455263218E0,-6.069486446E0,6.765032079E0
2.919847542E0,-2.335581561E0,1.202143245E0,-7.024740804E0,7.499804863E0
2.929809542E0,-2.032839778E0,9.756930086E-1,-7.905270671E0,8.220566817E0
2.939770542E0,-1.738357333E0,8.130210572E-1,-8.663261608E0,8.873273981E0
2.949731542E0,-1.496131162E0,6.591298695E-1,-9.358340598E0,9.500073651E0
2.959692542E0,-1.306130713E0,4.786753658E-1,-9.985269120E0,1.008170159E1
2.969654542E0,-1.224334160E0,2.945102191E-1,-1.057393872E1,1.064865769E1
2.979615542E0,-1.114924276E0,2.286831424E-2,-1.104405603E1,1.110021409E1
2.989576542E0,-8.986726069E-1,-3.114088185E-1,-1.146242314E1,1.150181430E1
2.999538542E0,-6.910193411E-1,-5.361217014E-1,-1.188832498E1,1.192045322E1
3.009499542E0,-3.959830553E-1,-7.560579939E-1,-1.207772799E1,1.210784620E1
3.019460542E0,1.357504204E-3,-1.128528701E0,-1.212753925E1,1.217993379E1
3.029422542E0,3.598436081E-1,-1.523391759E0,-1.213848056E1,1.223899179E1
3.039383542E0,6.293586248E-1,-1.876501311E0,-1.216488658E1,1.232484544E1
3.049344542E0,7.609788644E-1,-2.170996035E0,-1.214942888E1,1.236531175E1
3.059305542E0,6.597186841E-1,-2.272309279E0,-1.214184387E1,1.237024619E1
3.069267542E0,4.325578643E-1,-2.113455925E0,-1.209555732E1,1.228642784E1
3.079228542E0,6.034194991E-1,-1.871597836E0,-1.193179552E1,1.209275559E1
3.089189542E0,1.166242365E0,-1.435066642E0,-1.164113276E1,1.178709080E1
3.099151542E0,1.175400712E0,-1.447727034E0,-1.163736833E1,1.178583141E1
3.109112542E0,2.031205042E0,-5.483802429E-1,-9.909500899E0,1.013038612E1
3.119073542E0,2.600465546E0,-3.696945950E-1,-8.130930510E0,8.544654827E0
3.129035542E0,3.718402601E0,-1.131779460E0,-4.880631144E0,6.239230963E0
3.138996542E0,4.722769185E0,-2.615562472E0,5.984034652E-1,5.431740286E0
3.148957542E0,4.987521170E0,-3.690930335E0,7.539503943E0,9.764346054E0
3.158919542E0,5.636028841E0,-4.871034694E0,1.332024728E1,1.526174261E1
3.168880542E0,7.004081422E0,-6.726017082E0,1.635832137E1,1.902343661E1
3.178841542E0,7.633472791E0,-7.987501819E0,1.861386960E1,2.164592880E1
3.188802542E0,6.998611937E0,-7.573932933E0,1.895098731E1,2.157510021E1
3.198764542E0,5.838621415E0,-6.537146754E0,1.814040184E1,2.014690960E1
3.208725542E0,5.130181537E0,-5.758497019E0,1.757322426E1,1.919107244E1
3.218686542E0,4.419461538E0,-4.814088076E0,1.776503515E1,1.892890801E1
3.228648542E0,3.232780816E0,-3.223052803E0,1.827246238E1,1.883406017E1
3.238609542E0,2.028293129E0,-1.274732773E0,1.800617082E1,1.816483152E1
3.248570542E0,1.351760923E0,2.476944139E-1,1.677993251E1,1.683611432E1
3.258532542E0,8.704868348E-1,1.354668889E0,1.458846041E1,1.467705870E1
3.268493542E0,4.799977136E-1,2.318544967E0,1.181065056E1,1.204564300E1
3.278454542E0,1.292262433E-1,3.054007167E0,8.875793279E0,9.387404621E0
3.288415542E0,-3.455687640E-1,3.531586399E0,6.280491993E0,7.213605198E0
3.298377542E0,-8.936378619E-1,3.891961994E0,3.770450129E0,5.492017022E0
3.308338542E0,-1.378179081E0,4.054732398E0,1.567863634E0,4.560529441E0
3.318299542E0,-1.596768760E0,4.123711709E0,-1.202134913E-1,4.423699811E0
3.328261542E0,-1.571144799E0,4.256785859E0,-1.394484335E0,4.746926204E0
3.338222542E0,-1.517754458E0,4.471971581E0,-2.491451812E0,5.339423241E0
3.348183542E0,-1.588158735E0,4.394370258E0,-2.492411925E0,5.295739357E0
3.358145542E0,-9.528841167E-1,4.677056823E0,-4.825249241E0,6.787184903E0
3.368106542E0,-6.648023265E-1,4.545752918E0,-5.893060747E0,7.472214979E0
3.378067542E0,-5.285111848E-1,4.331074149E0,-6.984305554E0,8.235171609E0
3.388029542E0,-3.681306841E-1,4.046562961E0,-8.007200503E0,8.979167662E0
3.397990542E0,-2.137749352E-1,3.665483837E0,-8.939648967E0,9.664305207E0
3.407951167E0,-8.809955969E-2,3.196857569E0,-9.693191927E0,1.020713621E1
3.417912167E0,3.370057359E-2,2.660562644E0,-1.032887022E1,1.066608126E1
3.427874167E0,6.321315207E-2,2.507449794E0,-1.032969936E1,1.062986308E1
3.437835167E0,-6.255234361E-2,1.658824821E0,-1.103645699E1,1.116060014E1
3.447796167E0,-2.649476469E-1,1.210288271E0,-1.109009116E1,1.115908226E1
3.457758167E0,-4.436081517E-1,6.923506059E-1,-1.090945430E1,1.094039902E1
3.467719167E0,-6.078823864E-1,1.963885318E-1,-1.057210504E1,1.059138775E1
3.477680167E0,-7.314268173E-1,-1.769108717E-1,-1.011598596E1,1.014393684E1
3.487642167E0,-8.622373637E-1,-4.297264232E-1,-9.412812089E0,9.461984438E0
3.497603167E0,-9.670234881E-1,-5.955803563E-1,-8.515600117E0,8.591000858E0
3.507564167E0,-1.050886594E0,-6.838039501E-1,-7.331378149E0,7.437812584E0
3.517525167E0,-1.066250592E0,-5.853567921E-1,-5.820069954E0,5.945817620E0
3.527487167E0,-1.017528960E0,-5.115366447E-1,-4.032569697E0,4.190304677E0
3.537448167E0,-9.988331453E-1,-6.784003188E-1,-1.827664781E0,2.190491542E0
3.547409167E0,-1.030167278E0,-7.588530361E-1,6.807778698E-1,1.449331245E0
3.557371167E0,-1.261009651E0,-6.134484241E-1,3.556539100E0,3.823013821E0
3.567332167E0,-9.687580647E-1,-5.495779719E-1,6.590699063E0,6.684148583E0
3.577293167E0,5.743294550E-1,-9.185646153E-1,9.097498646E0,9.161773676E0
3.587255167E0,2.718756473E0,-2.105098792E0,1.113982992E1,1.165842563E1
3.597216167E0,2.609595681E0,-2.078679463E0,1.115524552E1,1.164347029E1
3.607177167E0,5.326945606E0,-5.159806455E0,1.368816344E1,1.556810106E1
3.617138167E0,5.701080869E0,-6.361478854E0,1.482116556E1,1.710665615E1
3.627100167E0,5.806160597E0,-6.076831718E0,1.479477473E1,1.701542665E1
3.637061167E0,5.595132830E0,-7.981625952E0,1.552453180E1,1.833092884E1
3.647022167E0,3.754027639E0,-7.808267702E0,1.524426423E1,1.753423394E1
3.656984167E0,1.551934796E0,-6.999724662E0,1.457276765E1,1.624100378E1
3.666945167E0,-8.119478373E-2,-5.831626976E0,1.392104986E1,1.509337917E1
3.676906167E0,-1.187230653E0,-4.156825368E0,1.303902895E1,1.373699347E1
3.686868167E0,-1.639082867E0,-2.222296874E0,1.116885199E1,1.150514888E1
3.696829167E0,-1.668565552E0,-8.041067576E-1,8.530156760E0,8.728933098E0
3.706790167E0,-1.901881735E0,6.685092419E-1,5.961445688E0,6.293082983E0
3.716751167E0,-1.861398684E0,2.077123958E0,3.427909126E0,4.419254459E0
3.726713167E0,-1.293641792E0,2.954569418E0,1.447656575E0,3.535349924E0
3.736674167E0,-8.421646763E-1,3.552357464E0,1.938293517E-2,3.650871210E0
3.746635167E0,-7.534381489E-1,4.425394123E0,-1.306111856E0,4.675223029E0
3.756597167E0,-8.815966176E-1,5.347620192E0,-2.583207489E0,6.003933314E0
3.766558167E0,-1.152379201E0,5.883309345E0,-3.741154994E0,7.066650364E0
3.776519167E0,-1.485187806E0,6.067518858E0,-4.970108746E0,7.982640469E0
3.786481167E0,-1.833631572E0,6.121726640E0,-6.281224650E0,8.960553827E0
3.796442167E0,-2.352457210E0,6.194808065E0,-7.369929426E0,9.910880972E0
3.806403167E0,-2.908546861E0,6.396034729E0,-8.318819091E0,1.088906131E1
3.816364167E0,-3.259941717E0,6.518118744E0,-9.169814086E0,1.171317986E1
3.826326167E0,-3.194675096E0,6.357785168E0,-9.204017374E0,1.163362871E1
3.836287167E0,-2.695370534E0,5.866274652E0,-1.080578667E1,1.258742334E1
3.846248167E0,-2.618942163E0,5.689868249E0,-1.083629160E1,1.251633630E1
3.856210167E0,-1.677554622E0,4.623427330E0,-1.184274242E1,1.282344797E1
3.866171167E0,-1.176971274E0,3.971090317E0,-1.212418061E1,1.281212609E1
3.876132167E0,-7.221925288E-1,3.419631808E0,-1.222502987E1,1.271482596E1
3.886094167E0,-4.430561746E-1,2.975028533E0,-1.204126475E1,1.241125096E1
3.896055167E0,1.590077206E-2,2.668913930E0,-1.160907365E1,1.191192451E1
3.906016167E0,7.550066645E-1,2.529522448E0,-1.115883688E1,1.146682865E1
3.915977167E0,6.583702431E-1,2.506828820E0,-1.048160417E1,1.079729911E1
3.925939167E0,2.324238072E-2,2.318426561E0,-9.573352073E0,9.850112275E0
3.935900167E0,-1.689110402E-1,1.845813662E0,-8.996873912E0,9.185820552E0
3.945861167E0,-3.957462797E-1,1.281409416E0,-8.770454519E0,8.872400898E0
3.955823167E0,-4.117079359E-1,5.497194745E-1,-8.804705755E0,8.831451656E0
3.965784167E0,-2.103736098E-1,-5.592342466E-1,-8.327999804E0,8.349406011E0
3.975745167E0,3.561039848E-1,-1.886106240E0,-7.033947830E0,7.291133579E0
3.985707167E0,1.073350866E0,-2.960746416E0,-4.870738240E0,5.800188999E0
3.995668167E0,1.442057866E0,-3.618099171E0,-1.282860403E0,4.100719853E0
4.005629167E0,1.851338403E0,-4.282228848E0,3.345103782E0,5.740614697E0
4.015590167E0,2.332765980E0,-5.110827838E0,7.993083571E0,9.769940802E0
4.025552167E0,2.327018606E0,-5.023449386E0,7.986680285E0,9.717876378E0
4.035513167E0,3.911960349E0,-6.997901500E0,1.515435511E1,1.714434419E1
4.045474167E0,5.457502238E0,-8.025625665E0,1.717139775E1,1.972439857E1
4.055436167E0,6.841262194E0,-8.875364678E0,1.844724968E1,2.158416057E1
4.065397167E0,7.258655158E0,-8.709241773E0,1.922957907E1,2.232298542E1
4.075358167E0,6.750973583E0,-7.491014737E0,1.928971885E1,2.176658447E1
4.085320167E0,5.726957722E0,-6.164965045E0,1.836854031E1,2.020416076E1
4.095281167E0,4.607051618E0,-5.007849600E0,1.714341415E1,1.844451493E1
4.105242167E0,4.130627211E0,-3.942973396E0,1.626512961E1,1.723843269E1
4.115203167E0,4.241340731E0,-2.963004611E0,1.566553507E1,1.649779854E1
4.125165167E0,3.871194439E0,-1.724636841E0,1.456918214E1,1.517305463E1
4.135126167E0,2.849531790E0,-2.571789997E-1,1.265054930E1,1.297005667E1
4.145087167E0,1.661158445E0,1.005317634E0,1.024350438E1,1.042590490E1
4.155049167E0,4.785194644E-1,1.934120944E0,7.702298613E0,7.955828594E0
4.165010167E0,-7.699081475E-1,2.876440676E0,5.204894335E0,5.996465172E0
4.174971167E0,-1.889891581E0,3.872227349E0,3.029528968E0,5.267246017E0
4.184933167E0,-2.604888965E0,4.531228726E0,1.163391847E0,5.354527139E0
4.194894167E0,-3.097761882E0,4.900467823E0,-5.001410061E-1,5.819008042E0
4.204855167E0,-3.476556791E0,5.102494386E0,-1.938401690E0,6.471421575E0
4.214816167E0,-3.760366898E0,5.085062667E0,-3.170752090E0,7.074736062E0
4.224778167E0,-3.646138909E0,5.100444353E0,-3.180348541E0,7.030183381E0
4.234739167E0,-4.289884023E0,4.775760162E0,-5.193119212E0,8.257086484E0
4.244700167E0,-4.429309418E0,4.604226243E0,-6.121380485E0,8.848106027E0
4.254662167E0,-4.346377189E0,4.303031780E0,-7.016267604E0,9.307797176E0
4.264623167E0,-3.996345611E0,3.816296977E0,-7.929230222E0,9.664760358E0
4.274584167E0,-3.602510202E0,3.377484493E0,-8.819298651E0,1.010769558E1
4.284546167E0,-3.200543946E0,2.958040617E0,-9.705020844E0,1.063865196E1
4.294507167E0,-2.827962289E0,2.584353251E0,-1.060140544E1,1.127235777E1
4.304468167E0,-2.475355304E0,2.189300890E0,-1.143070551E1,1.189880039E1
4.314429167E0,-2.134684533E0,1.719673871E0,-1.198649973E1,1.229594779E1
4.324391167E0,-1.854023152E0,1.342271184E0,-1.225891215E1,1.247076665E1
4.334352167E0,-1.538913192E0,1.008411908E0,-1.236294815E1,1.249910538E1
4.344313167E0,-1.244907296E0,7.115792477E-1,-1.226184862E1,1.234540687E1
4.354275167E0,-1.008587763E0,5.057196153E-1,-1.183819797E1,1.189184312E1
4.364236167E0,-7.044961499E-1,3.861173042E-1,-1.119585092E1,1.122463715E1
4.374197167E0,-3.219675378E-1,3.110506766E-1,-1.052946480E1,1.053897740E1
4.384159167E0,6.906301724E-2,2.243056244E-1,-9.798319602E0,9.801130023E0
4.394120167E0,3.996123490E-1,1.320012588E-1,-9.045089468E0,9.054874811E0
4.404081125E0,6.757576697E-1,5.176817760E-2,-8.141745520E0,8.169905048E0
4.414042125E0,7.961329827E-1,1.073274706E-1,-7.169112652E0,7.213981087E0
4.424004125E0,7.421188896E-1,5.553597718E-2,-7.160709618E0,7.199276834E0
4.433965125E0,8.030853222E-1,-3.335017920E-2,-4.461982782E0,4.533800682E0
4.443926125E0,6.577203982E-1,-2.442744505E-1,-2.135562785E0,2.247864440E0
4.453888125E0,6.544749011E-1,-3.466170967E-1,5.409235811E-1,9.171036629E-1
4.463849125E0,9.398190250E-1,-2.376485319E-1,3.329530308E0,3.467781523E0
4.473810125E0,2.072998016E0,-4.308656801E-1,6.428997238E0,6.768675756E0
4.483772125E0,3.950347612E0,-1.416297226E0,9.811990392E0,1.067175241E1
4.493733125E0,6.035541020E0,-2.837135985E0,1.315282512E1,1.474699646E1
4.503694125E0,7.565829277E0,-4.354303967E0,1.627816189E1,1.847106630E1
4.513655125E0,8.202481134E0,-5.822553266E0,1.839517906E1,2.096581589E1
4.523617125E0,8.048237432E0,-6.688321837E0,1.947986212E1,2.211272943E1
4.533578125E0,7.646076465E0,-6.341270292E0,1.924352819E1,2.165612088E1
4.543539125E0,7.360002024E0,-5.212981619E0,1.780427933E1,1.995838594E1
4.553501125E0,6.831337130E0,-3.882068213E0,1.563127156E1,1.749497845E1
4.563462125E0,5.763818570E0,-2.822441640E0,1.363249327E1,1.506760280E1
4.573423125E0,4.357774290E0,-2.162230036E0,1.275063024E1,1.364712450E1
4.583385125E0,2.111614636E0,-1.643647350E0,1.250382161E1,1.278694834E1
4.593346125E0,-2.845195203E-1,-9.046416640E-1,1.234680048E1,1.238316639E1
4.603307125E0,-1.462782445E0,-4.365531206E-2,1.185306510E1,1.194306453E1
4.613268125E0,-1.503045933E0,5.550774244E-1,1.036968145E1,1.049273803E1
4.623230125E0,-1.267067366E0,1.095735980E0,7.706659466E0,7.886615064E0
4.633191125E0,-1.304424934E0,1.784459120E0,4.233882900E0,4.776147315E0
4.643152125E0,-1.875672468E0,2.412810708E0,4.092442846E-1,3.083388332E0
4.653114125E0,-2.865718052E0,2.634309230E0,-2.943433396E0,4.880135780E0
4.663075125E0,-3.817873387E0,2.337340842E0,-5.279791905E0,6.922103869E0
4.673036125E0,-4.764873816E0,1.904345606E0,-6.745280734E0,8.475220755E0
4.682998125E0,-5.381450427E0,1.381774534E0,-7.545549379E0,9.370412210E0
4.692959125E0,-5.995956540E0,1.080050898E0,-8.246338175E0,1.025280928E1
4.702920125E0,-6.322756838E0,8.998908743E-1,-9.057972638E0,1.108304678E1
4.712881125E0,-6.054730412E0,7.120338687E-1,-9.726852009E0,1.147947745E1
4.722843125E0,-5.392834956E0,5.049308990E-1,-1.055876871E1,1.186698027E1
4.732804125E0,-4.751844465E0,1.889511658E-1,-1.168441152E1,1.261511795E1
4.742765125E0,-4.372269537E0,-8.611983865E-2,-1.281088697E1,1.353672717E1
4.752727125E0,-3.945215511E0,-3.487965001E-1,-1.369569115E1,1.425686994E1
4.762688125E0,-3.246252508E0,-6.462809055E-1,-1.442881271E1,1.480359654E1
4.772649125E0,-2.431947037E0,-1.173945779E0,-1.484534145E1,1.508895881E1
4.782611125E0,-1.837885422E0,-1.801858241E0,-1.464326636E1,1.486774245E1
4.792572125E0,-1.588339414E0,-2.246557703E0,-1.383366556E1,1.410461436E1
4.802533125E0,-1.509267663E0,-2.382778385E0,-1.247465336E1,1.278954644E1
4.812494125E0,-1.502529916E0,-2.315360720E0,-1.076690620E1,1.111506907E1
4.822456125E0,-1.452006465E0,-2.187480505E0,-8.939563013E0,9.317144444E0
4.832417125E0,-1.230871932E0,-2.110045829E0,-7.034885139E0,7.446942193E0
4.842378125E0,-7.559259930E-1,-1.976954137E0,-5.352718379E0,5.755985216E0
4.852340125E0,-2.407181740E-2,-1.849087518E0,-4.034695160E0,4.438295746E0
4.862301125E0,8.605398439E-1,-1.789495327E0,-2.940370039E0,3.548041476E0
4.872262125E0,8.735310414E-1,-1.769557783E0,-2.946509616E0,3.546309370E0
4.882224125E0,1.802695709E0,-1.042233884E0,-1.533877863E0,2.586260734E0
4.892185125E0,1.965381766E0,-7.327391517E-1,-8.211356038E-1,2.252530984E0
4.902146125E0,2.017703383E0,-5.484360838E-1,2.760686857E-1,2.109057372E0
4.912107125E0,2.456531070E0,-2.311591458E-1,1.657977414E0,2.972687093E0
4.922069125E0,3.029286894E0,5.303814898E-1,3.308324211E0,4.516956131E0
4.932030125E0,3.874787260E0,1.385559729E0,5.252286603E0,6.672350908E0
4.941991125E0,5.177942764E0,1.845248382E0,7.296004248E0,9.134971858E0
4.951953125E0,6.471894751E0,2.200566866E0,9.506147684E0,1.170874716E1
4.961914125E0,7.507363552E0,2.715334682E0,1.184428141E1,1.428357630E1
4.971875125E0,7.970037940E0,2.973003642E0,1.411780515E1,1.648249610E1
4.981837125E0,7.763227769E0,2.871326702E0,1.617327687E1,1.816829951E1
4.991798125E0,7.066837249E0,2.532165390E0,1.775035280E1,1.927244340E1
5.001759125E0,6.028077634E0,2.108870977E0,1.866807095E1,1.973022883E1
5.011720125E0,5.142750127E0,1.881142831E0,1.904562801E1,1.981722794E1
5.021682125E0,4.572544275E0,1.613812224E0,1.896538082E1,1.957544944E1
5.031643125E0,3.877185788E0,1.376348464E0,1.840525030E1,1.885948418E1
5.041604125E0,2.791804861E0,1.435451243E0,1.725851191E1,1.754169114E1
5.051566125E0,1.368814035E0,1.518762956E0,1.564142349E1,1.577448641E1
5.061527125E0,-7.540598541E-2,1.543386459E0,1.344184948E1,1.353037492E1
5.071488125E0,-1.084797375E0,1.412677946E0,1.080004938E1,1.094593582E1
5.081450125E0,-1.840580404E0,1.231792283E0,7.932476596E0,8.235850496E0
5.091411125E0,-2.379979323E0,1.068741432E0,5.027498583E0,5.664119687E0
5.101372125E0,-2.822967597E0,9.790408319E-1,2.149946351E0,3.681023814E0
5.111333125E0,-3.125370388E0,7.741054250E-1,-6.922343194E-1,3.293382398E0
5.121295125E0,-3.274489005E0,5.727359426E-1,-3.609541186E0,4.907045168E0
5.131256125E0,-3.463979430E0,3.977887121E-1,-6.485183718E0,7.363083403E0
5.141217125E0,-3.740235227E0,1.829570389E-1,-8.765064556E0,9.531484118E0
5.151179125E0,-3.723139430E0,4.289254278E-2,-8.739556078E0,9.499655121E0
5.161140125E0,-3.529081160E0,-6.096888837E-1,-1.161738371E1,1.215688030E1
5.171101125E0,-3.244468230E0,-1.108677988E0,-1.234962819E1,1.281674910E1
5.181063125E0,-3.198109458E0,-1.456838604E0,-1.263437122E1,1.311402375E1
5.191024125E0,-3.256049518E0,-1.729629487E0,-1.292931881E1,1.344472988E1
5.200985125E0,-3.279335177E0,-1.831019475E0,-1.290315135E1,1.343867502E1
5.210946125E0,-3.657590681E0,-2.311162857E0,-1.351261366E1,1.418838156E1
5.220908125E0,-3.663688157E0,-2.558742154E0,-1.381373708E1,1.451857790E1
5.230869125E0,-3.435271063E0,-2.609312384E0,-1.402238093E1,1.467094971E1
5.240830125E0,-2.931335506E0,-2.747423033E0,-1.406743256E1,1.462989132E1
5.250792125E0,-3.045471987E0,-2.843797718E0,-1.402655585E1,1.463237349E1
5.260753125E0,-1.685271047E0,-2.825732745E0,-1.250986529E1,1.293528637E1
5.270714125E0,-1.230633073E0,-2.667146316E0,-1.115276045E1,1.153309121E1
5.280676125E0,-9.276626636E-1,-2.598001530E0,-9.530551039E0,9.921772678E0
5.290637125E0,-7.832349752E-1,-2.648752438E0,-7.765607586E0,8.242208908E0
5.300598125E0,-8.486360823E-1,-2.553609761E0,-7.785826088E0,8.237729899E0
5.310559125E0,-9.510754998E-1,-2.678660069E0,-4.756176082E0,5.540846081E0
5.320521125E0,-9.527808402E-1,-2.583594867E0,-4.783611218E0,5.519573358E0
5.330482125E0,-1.426249626E0,-2.525799526E0,-2.826388510E0,4.049978179E0
5.340443125E0,-1.216908781E0,-2.292480711E0,-2.188811039E0,3.395177250E0
5.350405125E0,-1.155888846E0,-2.271163809E0,-2.203234951E0,3.368754714E0
5.360366125E0,-1.732049064E-1,-1.762678826E0,-1.436906469E0,2.280731634E0
5.370327125E0,1.196047962E-1,-1.238289417E0,-1.022540023E0,1.610358372E0
5.380288125E0,3.570111803E-1,-7.717397878E-1,-2.759102261E-1,8.939607014E-1
5.390250125E0,6.121235912E-1,-4.344039765E-1,1.127746636E0,1.354700919E0
5.400211125E0,6.540531707E-1,-4.852615964E-1,1.137741281E0,1.399185331E0
5.410172375E0,5.076377213E-1,1.226877991E0,5.453170620E0,5.612485677E0
5.420134375E0,4.957596143E-1,1.178028890E0,5.468905478E0,5.616267157E0
5.430095375E0,9.474322459E-1,3.024404469E0,1.013788145E1,1.062173670E1
5.440056375E0,1.914191148E0,3.163002775E0,1.194172409E1,1.250093950E1
5.450018375E0,1.876624103E0,3.112269116E0,1.196209813E1,1.250198899E1
5.459979375E0,4.079466121E0,2.760974247E0,1.512912086E1,1.591085544E1
5.469940375E0,4.041916763E0,2.749441491E0,1.513752214E1,1.590726552E1
5.479901375E0,4.485702305E0,1.861404385E0,1.609918096E1,1.681576578E1
5.489863375E0,3.765292885E0,1.504535073E0,1.581865962E1,1.633006578E1
5.499824375E0,3.773230772E0,1.569837947E0,1.579706000E1,1.631713107E1
5.509785375E0,2.148978929E0,8.224287155E-1,1.457275128E1,1.475329045E1
5.519747375E0,2.178471700E0,9.439785880E-1,1.453349775E1,1.472614652E1
5.529708375E0,9.956481669E-1,7.189517096E-1,1.263122074E1,1.269078186E1
5.539669375E0,1.042330802E0,8.390579045E-1,1.259418682E1,1.266507060E1
5.549631375E0,1.200302542E-1,1.186184147E0,8.264846951E0,8.350397309E0
5.559592375E0,-4.341091307E-1,1.212352192E0,5.454357020E0,5.604307190E0
5.569553375E0,-3.756903300E-1,1.235944830E0,5.443076572E0,5.594263617E0
5.579514375E0,-1.750070329E0,1.214350770E0,4.752149105E-2,2.130645968E0
5.589476375E0,-2.244718461E0,1.067884011E0,-2.210707108E0,3.326614367E0
5.599437375E0,-2.232244157E0,1.044635774E0,-2.206190718E0,3.307787080E0
5.609398375E0,-2.482730105E0,3.608445418E-1,-5.555994492E0,6.096165381E0
5.619360375E0,-2.505174642E0,3.301102607E-1,-5.546512647E0,6.094971314E0
5.629321375E0,-2.045160154E0,-5.301385380E-1,-7.560846280E0,7.850485551E0
5.639282375E0,-1.781786942E0,-1.155375314E0,-8.205602378E0,8.475940491E0
5.649244375E0,-1.737070507E0,-1.548541218E0,-8.724390154E0,9.029417335E0
5.659205375E0,-1.862504831E0,-1.674745766E0,-9.234133458E0,9.567806350E0
5.669166375E0,-1.870021719E0,-1.723008684E0,-9.220539851E0,9.564731847E0
5.679127375E0,-2.100181868E0,-1.815743770E0,-1.059059861E1,1.094844593E1
5.689089375E0,-2.069870194E0,-1.940663686E0,-1.125484699E1,1.160698578E1
5.699050375E0,-1.962491049E0,-2.031482054E0,-1.179544312E1,1.212892283E1
5.709011375E0,-1.724341265E0,-1.944936246E0,-1.224440638E1,1.251725279E1
5.718973375E0,-1.701243886E0,-2.007092148E0,-1.222783537E1,1.250770192E1
5.728934375E0,-9.051069561E-1,-1.625862459E0,-1.229151856E1,1.243157576E1
5.738895375E0,-5.172813879E-1,-1.442741113E0,-1.207687780E1,1.217374467E1
5.748857375E0,-7.663119636E-2,-1.311362948E0,-1.167511444E1,1.174878046E1
5.758818375E0,4.804067995E-1,-1.250709780E0,-1.100800444E1,1.108923926E1
5.768779375E0,4.247638182E-1,-1.253836579E0,-1.100128833E1,1.108065320E1
5.778740375E0,8.772116444E-1,-8.923500127E-1,-8.701777802E0,8.791286921E0
5.788702375E0,9.495088115E-1,-7.820031130E-1,-7.243447135E0,7.347150621E0
5.798663375E0,1.075431670E0,-7.603663686E-1,-5.847255414E0,5.993755598E0
5.808624375E0,9.389330256E-1,-7.639013028E-1,-4.534972991E0,4.693732039E0
5.818586375E0,9.024387985E-1,-7.117341989E-1,-4.545901437E0,4.688942442E0
5.828547375E0,1.198123723E-2,-5.181051144E-1,-1.484946023E0,1.572781343E0
5.838508375E0,-4.274899364E-2,-3.839831436E-1,-1.903052348E-1,4.306815684E-1
5.848470375E0,7.414781079E-3,-3.890693441E-1,-1.954548776E-1,4.354681879E-1
5.858431375E0,6.911870831E-1,-2.136174989E-1,3.026032333E0,3.111309001E0
5.868392375E0,7.210314180E-1,-2.296543649E-1,3.027142720E0,3.120291730E0
5.878353375E0,1.654938908E0,1.247359910E0,8.813820979E0,9.054179686E0
5.888315375E0,2.608356364E0,1.602154923E0,1.224781413E1,1.262455442E1
5.898276375E0,4.144019674E0,1.200244801E0,1.536031041E1,1.595470535E1
5.908237375E0,5.525773158E0,3.208864242E-1,1.735855894E1,1.821967907E1
5.918199375E0,5.404788419E0,3.364715928E-1,1.737276066E1,1.819719110E1
5.928160375E0,6.330748227E0,-1.036107318E0,1.847357502E1,1.955568627E1
5.938121375E0,5.791171260E0,-6.787205270E-1,1.809403459E1,1.901032388E1
5.948082375E0,5.103041101E0,-1.162353382E-1,1.752533556E1,1.825354557E1
5.958044375E0,4.446902229E0,-4.370764464E-2,1.697153875E1,1.754451417E1
5.968005375E0,4.475300401E0,1.353753215E-1,1.692053466E1,1.750288929E1
5.977966375E0,2.500344842E0,-3.411470264E-1,1.476974631E1,1.498377495E1
5.987928375E0,1.133495764E0,-2.925815150E-2,1.295748602E1,1.300700245E1
5.997889375E0,-6.419643447E-2,4.913777840E-1,1.069475389E1,1.070622876E1
6.007850375E0,-9.199187574E-1,9.652658151E-1,8.311877276E0,8.418152557E0
6.017812375E0,-8.004395302E-1,1.104407913E0,8.276002854E0,8.387648271E0
6.027773375E0,-1.453301184E0,1.490857558E0,5.903370557E0,6.259754351E0
6.037734375E0,-2.590994519E0,1.904758565E0,1.287110159E0,3.463814422E0
6.047695375E0,-2.844523650E0,1.915743583E0,-8.242708808E-1,3.527153350E0
6.057657375E0,-2.755460323E0,1.775046565E0,-2.772860759E0,4.293263175E0
6.067618375E0,-2.747626808E0,1.645080795E0,-2.754627387E0,4.224182280E0
6.077579375E0,-2.008333220E0,1.110083513E0,-6.170100070E0,6.582994957E0
6.087541375E0,-1.758988941E0,7.897366405E-1,-7.585164265E0,7.826393996E0
6.097502375E0,-1.809068004E0,5.603018385E-1,-7.533223448E0,7.767632890E0
6.107463375E0,-1.459604775E0,1.012441005E-1,-9.903210465E0,1.001070797E1
6.117425375E0,-1.489701418E0,-1.477980235E-1,-9.835475149E0,9.948749971E0
6.127386375E0,-1.254247053E0,-8.364804518E-1,-1.153743590E1,1.163551728E1
6.137347375E0,-1.147682937E0,-1.232539850E0,-1.233968909E1,1.245408598E1
6.147308375E0,-1.027504383E0,-1.681262196E0,-1.305037021E1,1.319827907E1
6.157270375E0,-9.338338881E-1,-2.146791778E0,-1.350005618E1,1.370154289E1
6.167231375E0,-8.778332765E-1,-2.313697041E0,-1.344060403E1,1.366651462E1
6.177192375E0,-9.290355898E-1,-2.747994598E0,-1.367530425E1,1.397957537E1
6.187154375E0,-8.623144007E-1,-2.854336739E0,-1.363607762E1,1.395827486E1
6.197115375E0,-8.058406764E-1,-3.171671565E0,-1.292788507E1,1.333563243E1
6.207076375E0,-7.476574454E-1,-3.222684721E0,-1.290959732E1,1.332675473E1
6.217037375E0,-6.591652451E-1,-3.372379289E0,-1.223730318E1,1.271058732E1
6.226999375E0,-5.333503040E-1,-3.403495831E0,-1.148612893E1,1.199163892E1
6.236960375E0,-3.424125466E-1,-3.344969881E0,-1.060358411E1,1.112394111E1
6.246921375E0,-2.968993183E-2,-2.949772654E0,-8.444788581E0,8.945193927E0
6.256883375E0,1.611960777E-1,-2.637937428E0,-7.146312019E0,7.619348629E0
6.266844375E0,1.458120898E-1,-2.587671546E0,-7.167407019E0,7.621615877E0
6.276805375E0,2.246426798E-1,-1.396542847E0,-4.107080181E0,4.343835157E0
6.286767375E0,1.753772932E-1,-1.358006187E0,-4.120231154E0,4.341801788E0
6.296728375E0,8.393454413E-1,-3.522061577E-1,6.716579676E-2,9.127218589E-1
6.306689375E0,1.313920228E0,-2.427044731E-1,3.047710885E0,3.327736989E0
6.316650375E0,1.186585047E0,-2.555163074E-1,3.065024491E0,3.296611562E0
6.326612375E0,2.264529412E0,7.737462598E-1,9.118263863E0,9.427062778E0
6.336573375E0,2.063767894E0,7.052449590E-1,9.174433386E0,9.430097366E0
6.346534375E0,3.243534138E0,9.864413604E-1,1.091771291E1,1.143197425E1
6.356496375E0,4.909980074E0,1.212140669E0,1.265229294E1,1.362562681E1
6.366457375E0,4.777636533E0,1.136894020E0,1.271382670E1,1.362937006E1
6.376418375E0,5.654834656E0,1.987796629E0,1.365449050E1,1.491219639E1
6.386379375E0,5.561983210E0,2.041014770E0,1.364953674E1,1.487989421E1
6.396341375E0,7.022658026E0,1.734988460E0,1.601522313E1,1.757314094E1
6.406302625E0,6.493841690E0,1.679927861E0,1.684930856E1,1.813536149E1
6.416263625E0,5.385527691E0,1.221278405E0,1.648643971E1,1.738672263E1
6.426225625E0,5.408120747E0,1.478517594E0,1.638221660E1,1.731504562E1
6.436186625E0,4.047604058E0,5.883325133E-1,1.493593704E1,1.548584674E1
6.446147625E0,7.480883852E-1,2.075738168E-1,1.092677141E1,1.095431680E1
6.456109625E0,-8.418543354E-2,4.445249221E-1,8.784200739E0,8.795844031E0
6.466070625E0,-4.323040952E-1,6.231595530E-1,6.633831634E0,6.677045515E0
6.476031625E0,-8.371388483E-1,8.800603348E-1,4.545954062E0,4.705423039E0
6.485992625E0,-6.966330336E-1,1.051711928E0,4.488723854E0,4.662621301E0
6.495954625E0,-2.085569384E0,1.410779355E0,4.845798111E-1,2.564120831E0
6.505915625E0,-2.718116203E0,1.408111271E0,-1.209767284E0,3.291575599E0
6.515876625E0,-3.305411713E0,1.340264712E0,-2.584392720E0,4.404672725E0
6.525838625E0,-3.906353454E0,1.407750351E0,-3.699421077E0,5.561211618E0
6.535799625E0,-3.875062079E0,1.363049411E0,-3.694614666E0,5.524869894E0
6.545760625E0,-4.541701089E0,1.666567997E0,-5.582090616E0,7.386760678E0
6.555721625E0,-4.398376478E0,1.578792373E0,-6.572116612E0,8.064181158E0
6.565683625E0,-4.034828769E0,1.496538859E0,-7.515232151E0,8.660149307E0
6.575644625E0,-3.474234277E0,1.477441414E0,-8.374388689E0,9.186050450E0
6.585605625E0,-3.479420465E0,1.280273887E0,-8.324349387E0,9.112642905E0
6.595567625E0,-2.139225774E0,1.082489771E0,-9.896862727E0,1.018312147E1
6.605528625E0,-1.452556249E0,5.022869343E-1,-1.065192655E1,1.076223727E1
6.615489625E0,-6.709162483E-1,-1.304914346E-1,-1.127061108E1,1.129131661E1
6.625451625E0,-5.543661837E-1,-3.177824298E-1,-1.121537127E1,1.123355955E1
6.635412625E0,9.038424958E-2,-8.258110374E-1,-1.156672812E1,1.159652243E1
6.645373625E0,8.926833040E-1,-1.542051393E0,-1.181641826E1,1.195000194E1
6.655334625E0,1.296430914E0,-1.842369651E0,-1.159135191E1,1.180823857E1
6.665296625E0,1.629315824E0,-2.118086042E0,-1.103829068E1,1.135714839E1
6.675257625E0,2.013973152E0,-2.369010531E0,-1.007112379E1,1.054020081E1
6.685218625E0,2.087851406E0,-2.379813262E0,-1.006659103E1,1.055267215E1
6.695180625E0,2.918482157E0,-2.631361649E0,-7.803523271E0,8.737080615E0
6.705141625E0,3.203695888E0,-2.798617452E0,-6.628329989E0,7.875956159E0
6.715102625E0,3.362686359E0,-2.964189257E0,-5.567152149E0,7.147535278E0
6.725063625E0,3.630765117E0,-3.186270601E0,-4.475606210E0,6.585273466E0
6.735025625E0,3.593732361E0,-3.195960606E0,-4.471728922E0,6.566995967E0
6.744986625E0,4.187818535E0,-3.303473653E0,-2.210071515E0,5.773662474E0
6.754947625E0,4.041198141E0,-3.238111430E0,-1.743376583E-1,5.181413095E0
6.764909625E0,3.438409264E0,-2.900437649E0,2.156813321E0,4.988691264E0
6.774870625E0,2.271934765E0,-1.914380159E0,4.317079423E0,5.240583337E0
6.784831625E0,2.220367439E0,-1.954949018E0,4.335621529E0,5.248759022E0
6.794793625E0,8.593970056E-1,1.637058415E0,8.423486590E0,8.624015874E0
6.804754625E0,1.276858236E0,2.998058669E0,1.025841829E1,1.076354349E1
6.814715625E0,2.163726046E0,4.218884207E0,1.198330013E1,1.288720980E1
6.824676625E0,2.013795689E0,4.243463270E0,1.198085132E1,1.286868882E1
6.834638625E0,3.308320702E0,5.021733813E0,1.351593137E1,1.479334976E1
6.844599625E0,5.712102286E0,5.443806889E0,1.662337214E1,1.840107734E1
6.854560625E0,5.771286049E0,5.423859698E0,1.727282122E1,1.900200909E1
6.864522625E0,5.195818872E0,4.741095236E0,1.672794141E1,1.814658485E1
6.874483625E0,5.076623966E0,4.919285333E0,1.667935105E1,1.811552457E1
6.884444625E0,3.769501126E0,4.129245806E0,1.517293990E1,1.617027875E1
6.894405625E0,6.686798345E-1,3.713074910E0,1.119449671E1,1.181316276E1
6.904367625E0,-3.659314732E-1,3.345996067E0,9.359592487E0,9.946434891E0
6.914328625E0,-1.328775372E0,2.961799500E0,7.442188148E0,8.119363565E0
6.924289625E0,-2.260305822E0,2.620988688E0,5.428393629E0,6.437858456E0
6.934251625E0,-2.194890536E0,2.753841521E0,5.385701938E0,6.434825013E0
6.944212625E0,-3.911618287E0,1.946928685E0,1.480741875E0,4.613446155E0
6.954173625E0,-4.350374931E0,1.407169138E0,-3.157350272E-1,4.583184006E0
6.964135625E0,-4.528360375E0,7.921328294E-1,-1.876727014E0,4.965443221E0
6.974096625E0,-4.507381734E0,1.485568459E-1,-3.230434036E0,5.547455569E0
6.984057625E0,-4.526522595E0,5.005596668E-2,-3.204511575E0,5.546242587E0
6.994018625E0,-3.829973030E0,-1.326404618E0,-5.712441425E0,7.004286520E0
7.003980625E0,-3.605217170E0,-1.910430072E0,-7.012435924E0,8.113050689E0
7.013941625E0,-3.388831599E0,-2.341881790E0,-8.251458582E0,9.222535370E0
7.023902625E0,-3.213546984E0,-2.664714752E0,-9.475423490E0,1.035428603E1
7.033864625E0,-3.262177108E0,-2.901214744E0,-9.385362920E0,1.035103297E1
7.043825625E0,-3.184212381E0,-3.206859232E0,-1.161179378E1,1.246021305E1
7.053786625E0,-3.197515381E0,-3.420524093E0,-1.152279448E1,1.243780054E1
7.063747625E0,-3.261979179E0,-3.680737761E0,-1.308532954E1,1.397906248E1
7.073709625E0,-3.274820834E0,-3.911242896E0,-1.340562364E1,1.434339631E1
7.083670625E0,-3.264138264E0,-4.019124025E0,-1.335645207E1,1.432490029E1
7.093631625E0,-3.007531743E0,-4.036757473E0,-1.293231960E1,1.387751953E1
7.103593625E0,-2.875446942E0,-3.880515485E0,-1.226465645E1,1.318136539E1
7.113554625E0,-2.736588142E0,-3.681948135E0,-1.146604140E1,1.234972721E1
7.123515625E0,-2.489682444E0,-3.479116117E0,-1.082156597E1,1.163653976E1
7.133476625E0,-2.491519055E0,-3.446899713E0,-1.083698157E1,1.164169036E1
7.143438625E0,-1.841694298E0,-3.050227527E0,-9.628213574E0,1.026636364E1
7.153399625E0,-1.853637090E0,-2.983796433E0,-9.657730903E0,1.027671046E1
7.163360625E0,-8.943931760E-1,-3.012075614E0,-7.754877945E0,8.367237932E0
7.173322625E0,-4.634109901E-1,-3.169318938E0,-5.884128540E0,6.699425420E0
7.183283625E0,-2.618590745E-1,-3.016101715E0,-2.733907194E0,4.079177401E0
7.193244625E0,-2.066625282E-1,-2.021012907E0,1.823965833E0,2.730211334E0
7.203205625E0,-2.647404362E-1,-1.794540012E0,1.750987903E0,2.521194160E0
7.213167625E0,1.647846820E0,3.875514069E-1,8.123575298E0,8.298076334E0
7.223128625E0,2.836034662E0,9.810113436E-1,9.243308324E0,9.718241849E0
7.233089625E0,2.816581560E0,9.980103689E-1,9.241640114E0,9.712727134E0
7.243051625E0,3.970231946E0,4.305847507E0,9.128656120E0,1.084598668E1
7.253012625E0,4.038050292E0,4.238807133E0,9.137873086E0,1.085237580E1
7.262973625E0,4.585975329E0,6.966391439E0,8.173645590E0,1.167776784E1
7.272934625E0,4.601326025E0,7.989679322E0,8.309423785E0,1.241183711E1
7.282896625E0,4.233033007E0,8.370189804E0,9.537194061E0,1.337672293E1
7.292857625E0,4.793905826E0,6.652454431E0,1.214180528E1,1.465128385E1
7.302818625E0,4.723330518E0,6.870629250E0,1.208700869E1,1.468370445E1
7.312780625E0,5.545737306E0,2.531674224E0,1.819601354E1,1.919008821E1
7.322741625E0,4.667682567E0,1.117681970E0,1.888472550E1,1.948510535E1
7.332702625E0,3.665392328E0,-2.275192541E-1,1.764818206E1,1.802623632E1
7.342664625E0,2.475667838E0,-7.677981797E-1,1.478071101E1,1.500626080E1
7.352625625E0,2.632796556E0,-6.008101791E-1,1.472524549E1,1.497081980E1
7.362586625E0,-7.311900781E-1,6.029673631E-1,6.375896333E0,6.445949319E0
7.372547625E0,-1.982552115E0,1.404569320E0,2.746888597E0,3.667250309E0
7.382509625E0,-2.667667596E0,2.134837731E0,2.495591640E-2,3.416812160E0
7.392470625E0,-2.842350532E0,2.701417724E0,-1.890215955E0,4.353105860E0
7.402431625E0,-2.816224880E0,2.607737144E0,-1.878842536E0,4.273343523E0
7.412394167E0,-2.232306138E0,2.576073301E0,-3.684565641E0,5.019498810E0
7.422355167E0,-1.382105487E0,1.800799310E0,-4.006232083E0,4.604670372E0
7.432316167E0,-9.510393932E-1,8.472032221E-1,-3.985172752E0,4.183758010E0
7.442277167E0,-8.725916862E-1,-2.268911169E-1,-4.180414791E0,4.276536408E0
7.452239167E0,-1.099527242E0,-3.785345618E-1,-4.109226109E0,4.270595718E0
7.462200167E0,-1.708488586E0,-1.996569791E0,-5.362002588E0,5.971289302E0
7.472161167E0,-2.194457988E0,-2.627845718E0,-6.239450387E0,7.117019047E0
7.482123167E0,-2.665783331E0,-3.058335861E0,-7.232534477E0,8.292730187E0
7.492084167E0,-3.004974171E0,-3.256194529E0,-8.343704841E0,9.447226209E0
7.502045167E0,-3.032926201E0,-3.424182696E0,-8.283419462E0,9.462489443E0
7.512006167E0,-2.997271049E0,-3.561232367E0,-1.020908533E1,1.122013516E1
7.521968167E0,-2.681409722E0,-3.847292483E0,-1.056424638E1,1.155832683E1
7.531929167E0,-2.413279801E0,-3.903134269E0,-1.042952770E1,1.139444709E1
7.541890167E0,-2.328369751E0,-3.894130434E0,-1.045330833E1,1.139549089E1
7.551852167E0,-2.080176497E0,-3.517471513E0,-9.806396361E0,1.062380109E1
7.561813167E0,-1.617874285E0,-2.940279700E0,-7.485033621E0,8.202956188E0
7.571774167E0,-1.319990369E0,-2.772626579E0,-6.251047754E0,6.964584032E0
7.581735167E0,-1.303792266E0,-2.371559040E0,-4.915018035E0,5.610843861E0
7.591697167E0,-1.290297184E0,-1.986648236E0,-3.682811476E0,4.378896939E0
7.601658167E0,-1.249953004E0,-1.941775534E0,-3.704335662E0,4.365200732E0
7.611619167E0,-8.769779751E-1,-1.822361649E0,-1.965584226E0,2.820215187E0
7.621581167E0,-2.031699863E-1,-1.918752999E0,-7.705601120E-1,2.077655891E0
7.631542167E0,2.982708558E-1,-1.803390358E0,4.737712330E-1,1.888290620E0
7.641503167E0,3.605825865E-1,-1.393575677E0,1.404266142E0,2.010978957E0
7.651465167E0,4.325957251E-1,-1.439478367E0,1.406529014E0,2.058533676E0
7.661426167E0,1.015332891E0,-9.347063658E-1,4.041760935E0,4.270879105E0
7.671387167E0,1.564252248E0,-7.005034518E-1,5.418511249E0,5.683120124E0
7.681348167E0,1.655114909E0,1.412415406E-1,6.733775752E0,6.935639150E0
7.691310167E0,1.424344018E0,1.050242085E0,7.403738027E0,7.612299330E0
7.701271167E0,1.553368387E0,9.904268226E-1,7.409573548E0,7.635160693E0
7.711232167E0,9.068234794E-1,1.567738211E0,7.014488297E0,7.244527451E0
7.721194167E0,4.140498919E-1,1.978046689E0,6.583838525E0,6.887019365E0
7.731155167E0,6.946382560E-2,2.526128139E0,6.512303689E0,6.985431120E0
7.741116167E0,3.222947261E-1,2.637050698E0,7.044985619E0,7.529258439E0
7.751077167E0,2.759809774E-1,2.717603694E0,7.020531394E0,7.533219524E0
7.761039167E0,1.039444470E0,1.987986079E0,7.492504608E0,7.821135388E0
7.771000167E0,7.844365049E-1,1.142548570E0,7.694996610E0,7.818806219E0
7.780961167E0,5.394502290E-1,2.392271340E-1,7.881850818E0,7.903910961E0
7.790923167E0,2.625719232E-1,-3.295698318E-1,7.466069346E0,7.477951041E0
7.800884167E0,1.295876013E-1,-1.386176026E-1,7.432884058E0,7.435305859E0
7.810845167E0,2.212393445E-1,-2.578195256E-1,5.167606056E0,5.178761445E0
7.820806167E0,1.016681698E-1,-1.394078538E-1,5.158789040E0,5.161673694E0
7.830768167E0,4.342194968E-1,1.190560642E0,1.586565369E0,2.030559254E0
7.840729167E0,5.230052273E-1,1.871532786E0,-4.026252365E-1,1.984509138E0
7.850690167E0,4.310143456E-1,1.862137187E0,-3.838545048E-1,1.949531367E0
7.860652167E0,3.701867844E-1,2.397582658E0,-3.841124840E0,4.543091557E0
7.870613167E0,3.095179752E-1,2.349933406E0,-3.818704861E0,4.494496101E0
7.880574167E0,-9.837472558E-2,2.284462132E0,-6.368744019E0,6.766782485E0
7.890535167E0,-3.924066424E-1,2.148764483E0,-7.339513380E0,7.657651626E0
7.900497167E0,-3.981760901E-1,2.105103762E0,-7.328111309E0,7.634868788E0
7.910458167E0,-9.699397869E-1,1.967745211E0,-8.758098768E0,9.028681988E0
7.920419167E0,-9.366695684E-1,1.945331810E0,-8.759663483E0,9.021827424E0
7.930381167E0,-8.494814435E-1,1.761529702E0,-9.298570359E0,9.502000649E0
7.940342167E0,-4.996279129E-1,1.553751672E0,-9.465356923E0,9.605037949E0
7.950303167E0,-4.308747433E-1,1.558311038E0,-9.479620621E0,9.616506302E0
7.960264167E0,-5.216030650E-1,1.165511024E0,-9.237807848E0,9.325640973E0
7.970226167E0,-4.606247918E-1,1.175734881E0,-9.251026064E0,9.336809463E0
7.980187167E0,-7.516021232E-1,8.715036656E-1,-8.402930703E0,8.481371870E0
7.990148167E0,-7.367430326E-1,7.129881343E-1,-7.404488810E0,7.475131899E0
8.000110167E0,-7.425539955E-1,7.326339018E-1,-7.408131625E0,7.481213340E0
8.010071167E0,-4.086779818E-2,5.316009267E-1,-4.009301287E0,4.044597203E0
8.020032167E0,-1.046547814E-1,5.366475123E-1,-3.999406044E0,4.036606481E0
8.029993167E0,1.339805121E0,2.112732039E-1,3.377047706E-1,1.397769166E0
8.039955167E0,1.988647107E0,-3.144329984E-1,2.078793338E0,2.893953553E0
8.049916167E0,2.235529854E0,-6.557020855E-1,3.402101271E0,4.123327783E0
8.059877167E0,2.068767994E0,-5.780994473E-1,4.629007328E0,5.103107762E0
8.069839167E0,2.081775272E0,-6.727616295E-1,4.651660611E0,5.140461354E0
8.079800167E0,2.025006263E0,2.130248836E-1,8.014760953E0,8.269366548E0
8.089761167E0,2.615887578E0,5.185515493E-1,9.795522294E0,1.015204514E1
8.099722167E0,2.713681090E0,4.978927517E-1,9.783154263E0,1.016474641E1
8.109684167E0,2.953542062E0,2.941579244E-1,1.188489032E1,1.224992072E1
8.119645167E0,3.064394161E0,3.128216520E-1,1.186147690E1,1.225491751E1
8.129606167E0,3.966699058E0,-1.855494896E0,1.191973622E1,1.269872727E1
8.139568167E0,3.532547974E0,-2.647509905E0,1.194804844E1,1.273750624E1
8.149529167E0,1.887081409E0,-2.812307830E0,1.218165406E1,1.264368804E1
8.159490167E0,-3.208324105E-1,-3.115539464E0,1.170787522E1,1.211956525E1
8.169451167E0,-2.505536292E-1,-2.899471689E0,1.165198987E1,1.200993677E1
8.179413167E0,-3.403137690E0,-4.995536533E0,9.106902139E0,1.093034299E1
8.189374167E0,-4.223205299E0,-5.299043863E0,7.458026501E0,1.007658117E1
8.199335167E0,-4.386109897E0,-5.052608281E0,5.802758687E0,8.856569249E0
8.209297167E0,-4.312156652E0,-4.824058748E0,5.769905521E0,8.669374114E0
8.219258167E0,-4.088722263E0,-4.212025131E0,4.248645950E0,7.246364458E0
8.229219167E0,-2.983689429E0,-1.917020761E0,1.388241262E0,3.808488547E0
8.239180167E0,-2.193151428E0,-5.132956699E-1,2.305557132E-2,2.252535724E0
8.249142167E0,-1.394053102E0,8.711885738E-1,-1.624543034E0,2.311167163E0
8.259103167E0,-5.916179907E-1,1.952751342E0,-3.275095654E0,3.858691642E0
8.269064167E0,-6.139197828E-1,1.822058178E0,-3.263434551E0,3.787716803E0
8.279026167E0,1.029992153E0,2.545842319E0,-7.038332657E0,7.555152119E0
8.288987167E0,1.351020519E0,2.489189524E0,-9.158408507E0,9.586332318E0
8.298948167E0,1.158955930E0,2.213452522E0,-1.087331851E1,1.115668437E1
8.308909167E0,8.761950329E-1,1.544003632E0,-1.200489974E1,1.213545561E1
8.318871167E0,8.887006923E-1,1.368161047E0,-1.197508011E1,1.208570219E1
8.328832167E0,7.537158917E-1,3.563503718E-1,-1.318133381E1,1.320767331E1
8.338793167E0,7.717285319E-1,-1.167911160E-1,-1.322451199E1,1.324752514E1
8.348755167E0,8.308229052E-1,-1.827817686E-1,-1.321496348E1,1.324231610E1
8.358716167E0,7.013141683E-1,-4.407093215E-1,-1.240400847E1,1.243163273E1
8.368677167E0,7.880253797E-1,-4.608279826E-1,-1.240492414E1,1.243846813E1
8.378638167E0,7.675227758E-1,-6.111591661E-1,-1.101087425E1,1.105449947E1
8.388600167E0,9.489531798E-1,-6.474963954E-1,-1.019748095E1,1.026198721E1
8.398561167E0,1.385630042E0,-7.409720314E-1,-9.106732569E0,9.241297975E0
8.408522042E0,1.914167320E0,-9.466380478E-1,-7.787620599E0,8.075097195E0
8.418484042E0,1.919992609E0,-9.333900113E-1,-7.790759969E0,8.077965673E0
8.428445042E0,2.351571503E0,-7.314099334E-1,-4.831039154E0,5.422526010E0
8.438406042E0,2.137451874E0,-2.611423521E-1,-3.680720512E0,4.264340433E0
8.448367042E0,2.126834354E0,-2.156213397E-1,-2.380171697E0,3.199239634E0
8.458329042E0,2.228623415E0,-6.028672296E-1,-4.960017622E-1,2.361404025E0
8.468290042E0,2.187035678E0,-6.251775733E-1,-4.891277754E-1,2.326632338E0
8.478251042E0,1.421719496E0,4.879133087E-1,3.705309808E0,3.998583061E0
8.488213042E0,1.058057327E0,1.515304913E0,6.814345121E0,7.060519366E0
8.498174042E0,1.341438248E0,1.825242280E0,9.722598159E0,9.982979561E0
8.508135042E0,2.071500252E0,1.501891547E0,1.193526175E1,1.220644356E1
8.518096042E0,2.035364167E0,1.559067229E0,1.192545830E1,1.219794875E1
8.528058042E0,3.367599775E0,2.522602853E-1,1.437529782E1,1.476663641E1
8.538019042E0,3.139070999E0,-1.096120508E-1,1.473071965E1,1.506186851E1
8.547980042E0,2.629884058E0,-1.196390024E-1,1.522428196E1,1.545022216E1
8.557942042E0,2.091414845E0,-8.248813301E-3,1.551046925E1,1.565083833E1
8.567903042E0,2.099580190E0,1.692650525E-1,1.548199097E1,1.562462582E1
8.577864042E0,4.019665477E-1,-3.153589050E-1,1.514948555E1,1.515809819E1
8.587825042E0,-5.336111263E-1,-4.446061253E-1,1.360586271E1,1.362357940E1
8.597787042E0,-4.987116542E-1,-3.274494121E-1,1.359103651E1,1.360412474E1
8.607748042E0,-1.769126697E0,-4.478323996E-2,8.912181671E0,9.086187151E0
8.617709042E0,-1.724900112E0,-1.269576699E-3,8.905770784E0,9.071275283E0
8.627671042E0,-2.155483664E0,5.264567656E-1,6.555151500E0,6.920496929E0
8.637632042E0,-2.366162060E0,1.266285301E0,1.791688617E0,3.226817234E0
8.647593042E0,-2.378534769E0,1.351470316E0,-4.275185877E-1,2.768875548E0
8.657554042E0,-2.318310786E0,1.240579625E0,-2.360181820E0,3.533279062E0
8.667516042E0,-2.304435782E0,1.158609994E0,-2.352016768E0,3.490671034E0
8.677477042E0,-1.917171035E0,6.321552750E-1,-5.199346497E0,5.577487702E0
8.687438042E0,-1.914394777E0,5.409332290E-1,-5.188081836E0,5.556411545E0
8.697400042E0,-1.551209595E0,2.655548072E-1,-7.257269953E0,7.425950291E0
8.707361042E0,-1.361330768E0,6.846139356E-2,-8.012719105E0,8.127827255E0
8.717322042E0,-1.358072407E0,-4.245677903E-2,-7.995502564E0,8.110130978E0
8.727283042E0,-1.055974476E0,-4.468377882E-1,-9.342129777E0,9.412233256E0
8.737245042E0,-1.045958999E0,-5.689829072E-1,-9.320380474E0,9.396130265E0
8.747206042E0,-9.523728508E-1,-7.203836927E-1,-1.059783746E1,1.066490158E1
8.757167042E0,-9.269359278E-1,-8.899431525E-1,-1.123373854E1,1.130699300E1
8.767128042E0,-8.951767760E-1,-1.015336985E0,-1.120687877E1,1.128832948E1
8.777090042E0,-8.250818165E-1,-1.259612605E0,-1.206489335E1,1.215849643E1
8.787051042E0,-7.902113613E-1,-1.359897031E0,-1.204093730E1,1.214322548E1
8.797012042E0,-3.523413015E-1,-1.672749234E0,-1.153226463E1,1.165827439E1
8.806974042E0,-2.960606631E-1,-1.510714118E0,-1.042777237E1,1.054079435E1
8.816935042E0,-3.110810455E-1,-1.549151959E0,-1.041706495E1,1.053621779E1
8.826896042E0,-1.500117611E-1,-1.174688668E0,-8.976789896E0,9.054565358E0
8.836857042E0,8.764711311E-2,-7.476162225E-1,-7.296436942E0,7.335162172E0
8.846819042E0,5.231418329E-1,-4.442217439E-1,-3.227447278E0,3.299610017E0
8.856780042E0,4.847680184E-1,-8.286033753E-1,-6.857526809E-1,1.179762826E0
8.866741042E0,3.390973581E-1,-9.130851164E-1,-6.515429610E-1,1.171844562E0
8.876703042E0,1.654893592E-2,-7.285756418E-1,1.852241213E0,1.990450664E0
8.886664042E0,-2.024505595E-1,7.569074482E-2,4.472258679E0,4.477478421E0
8.896625042E0,1.731429552E0,9.608340642E-1,8.771250910E0,8.991990487E0
8.906586042E0,3.212205341E0,5.038811776E-1,9.626873392E0,1.016114416E1
8.916548042E0,4.361384946E0,-2.462730289E-2,1.010498735E1,1.100604627E1
8.926509042E0,4.803287099E0,-1.331118643E-1,1.053843443E1,1.158222284E1
8.936470042E0,4.761153817E0,-6.226553768E-2,1.052095009E1,1.154828357E1
8.946432042E0,4.915498091E0,2.572225249E-1,1.260457381E1,1.353157662E1
8.956393042E0,4.424254208E0,2.362605491E-1,1.331077245E1,1.402877427E1
8.966354042E0,3.462505347E0,-4.192161262E-2,1.370670146E1,1.413733941E1
8.976315042E0,2.468402380E0,-6.829448479E-1,1.264706787E1,1.290378819E1
8.986277042E0,2.538151769E0,-4.125418219E-1,1.257232759E1,1.283260792E1
8.996238042E0,-2.334892613E-1,-1.160592054E0,7.460671781E0,7.554013144E0
9.006199042E0,-1.667494780E0,-7.004167669E-1,4.540121464E0,4.887108081E0
9.016161042E0,-2.582161422E0,-8.038605899E-3,1.940679181E0,3.230148280E0
9.026122042E0,-2.464678581E0,1.280326805E-1,1.906937823E0,3.118885175E0
9.036083042E0,-2.928865350E0,7.096576334E-1,-4.201996279E-1,3.042767478E0
9.046044042E0,-2.978706724E0,1.293824517E0,-4.038505790E0,5.182297236E0
9.056006042E0,-2.902452015E0,1.469730983E0,-5.411387002E0,6.314067322E0
9.065967042E0,-2.749907514E0,1.689953351E0,-6.703761410E0,7.440319261E0
9.075928042E0,-2.463234318E0,1.820056384E0,-7.807960723E0,8.387155609E0
9.085889042E0,-2.582114645E0,1.813495516E0,-7.789224490E0,8.404052604E0
9.095851042E0,-2.471954856E0,2.189062470E0,-8.981845399E0,9.569540327E0
9.105812042E0,-2.642626310E0,2.346433847E0,-9.152911540E0,9.811473654E0
9.115773042E0,-2.657377666E0,2.266738052E0,-9.226721528E0,9.865705631E0
9.125735042E0,-2.583533472E0,2.020302617E0,-9.437516575E0,9.991145428E0
9.135696042E0,-2.528066784E0,2.038302831E0,-9.448956068E0,9.991424867E0
9.145657042E0,-2.484881296E0,1.549954051E0,-1.016558088E1,1.057903716E1
9.155618042E0,-2.266815381E0,1.354865063E0,-1.042301156E1,1.075236167E1
9.165580042E0,-1.796400742E0,1.090641448E0,-1.052655172E1,1.073428365E1
9.175541042E0,-1.291796410E0,9.125677110E-1,-1.038155597E1,1.050134383E1
9.185502042E0,-1.232953540E0,8.874245375E-1,-1.038633666E1,1.049684171E1
9.195464042E0,-3.980360493E-1,8.424924128E-1,-8.518303869E0,8.569114713E0
9.205425042E0,-9.928601414E-2,8.366356954E-1,-6.956895561E0,7.007725226E0
9.215386042E0,5.287553792E-1,5.917425364E-1,-5.027433094E0,5.089678280E0
9.225347042E0,4.704451905E-1,5.433473251E-1,-5.014041801E0,5.065289743E0
9.235309042E0,1.368383972E0,2.455965060E-1,-2.740639093E0,3.073092087E0
9.245270042E0,3.042526159E0,-2.095839433E-1,2.440112674E0,3.905770183E0
9.255231042E0,3.221492473E0,-4.382444277E-2,4.873536717E0,5.842199455E0
9.265193042E0,3.799676267E0,2.361728409E-1,7.222149822E0,8.164114489E0
9.275154042E0,4.565038204E0,6.282343514E-1,9.438959668E0,1.050372371E1
9.285115042E0,4.581513319E0,5.565550889E-1,9.448469580E0,1.051539801E1
9.295076042E0,4.811603594E0,2.314438175E0,1.305800667E1,1.410743391E1
9.305038042E0,5.468683868E0,2.332238123E0,1.438506267E1,1.556521333E1
9.314999042E0,5.925689964E0,2.346343800E0,1.482859269E1,1.614020731E1
9.324960042E0,5.734963145E0,3.057968948E0,1.522035263E1,1.654992781E1
9.334922042E0,5.703976411E0,3.108730089E0,1.521573918E1,1.654443315E1
9.344883042E0,3.988126473E0,4.181394199E0,1.534347511E1,1.639547007E1
9.354844042E0,2.532053123E0,4.094023641E0,1.403084887E1,1.483364563E1
9.364805042E0,1.160856787E0,3.516980347E0,1.290892606E1,1.342971002E1
9.374767042E0,3.289643526E-1,2.855690662E0,1.257976407E1,1.290401685E1
9.384728042E0,2.428931920E-1,3.051878196E0,1.257245389E1,1.293984367E1
9.394689042E0,2.925166109E-1,1.881794795E0,1.035685500E1,1.053048731E1
9.404650042E0,4.760890692E-2,1.769042790E0,7.517354690E0,7.722849250E0
9.414611875E0,-2.399084808E-1,1.818274299E0,4.247919141E0,4.626931438E0
9.424572875E0,-3.378385256E-1,1.890995097E0,4.265830332E0,4.678387088E0
9.434533875E0,-9.364655006E-1,1.951056380E0,8.068812615E-1,2.309685261E0
9.444495875E0,-2.954023580E0,2.405419681E0,-5.317567257E0,6.541316434E0
9.454456875E0,-2.993180337E0,2.347091951E0,-5.305388677E0,6.528025595E0
9.464417875E0,-4.828828322E0,2.367656316E0,-1.024333715E1,1.156932735E1
9.474378875E0,-5.596120425E0,2.253910430E0,-1.216713191E1,1.358071335E1
9.484340875E0,-5.559316295E0,2.168544005E0,-1.216985438E1,1.355411142E1
9.494301875E0,-5.212424380E0,1.107943578E0,-1.458569233E1,1.552866149E1
9.504262875E0,-5.141045079E0,1.062778588E0,-1.459822876E1,1.551348207E1
9.514224875E0,-4.414070990E0,-9.093933307E-2,-1.507695200E1,1.571008512E1
9.524185875E0,-4.125879564E0,-3.405107763E-1,-1.438818041E1,1.497192590E1
9.534146875E0,-4.009788945E0,-3.172927254E-1,-1.441344622E1,1.496417436E1
9.544107875E0,-2.901838935E0,-8.995568521E-1,-1.253955628E1,1.290233868E1
9.554069875E0,-2.777868607E0,-8.414153557E-1,-1.256570386E1,1.289656727E1
9.564030875E0,-2.481446641E0,-1.070799068E0,-9.697087342E0,1.006666236E1
9.573991875E0,-2.301582925E0,-1.308405865E0,-7.914269536E0,8.345350331E0
9.583952875E0,-2.246618660E0,-1.530012999E0,-6.040361465E0,6.623760398E0
9.593914875E0,-2.331108002E0,-1.736751249E0,-4.374398509E0,5.252212080E0
9.603875875E0,-2.358056065E0,-1.666769726E0,-4.373124400E0,5.240492987E0
9.613836875E0,-1.942919249E0,-2.187792454E0,-1.129649320E0,3.136475509E0
9.623798875E0,-1.261342503E0,-2.105346567E0,-2.126392597E-1,2.463470019E0
9.633759875E0,-1.255195910E0,-2.115949470E0,-2.132824534E-1,2.469463168E0
9.643720875E0,2.042853427E-1,-1.922517290E0,4.663616413E-1,1.988793205E0
9.653681875E0,2.955622794E-1,-1.979430141E0,4.554250091E-1,2.052538107E0
9.663643875E0,1.086195298E0,-1.353575752E0,1.710900562E0,2.437040885E0
9.673604875E0,8.381792872E-1,-9.090405974E-1,2.634281749E0,2.910041178E0
9.683565875E0,5.200053864E-1,-7.110221542E-1,3.696323807E0,3.799837864E0
9.693527875E0,6.101920366E-2,-2.783657643E-1,4.724280691E0,4.732867934E0
9.703488875E0,2.301953054E-1,-3.463708558E-1,4.717761630E0,4.736057162E0
9.713449875E0,-3.990984153E-2,1.656793937E0,8.403272181E0,8.565135275E0
9.723410875E0,6.483521354E-1,2.897614614E0,1.029566155E1,1.071527777E1
9.733372875E0,1.928107082E0,3.226080491E0,1.249871582E1,1.305155506E1
9.743333875E0,3.421037186E0,2.988039465E0,1.480935886E1,1.549028680E1
9.753294875E0,3.317012588E0,2.951703697E0,1.481689592E1,1.546788712E1
9.763255875E0,5.727642431E0,1.594440984E0,1.790292302E1,1.886432566E1
9.773217875E0,6.003061491E0,-8.560908437E-2,1.789052927E1,1.887101252E1
9.783178875E0,5.037761031E0,-1.797790041E0,1.750091058E1,1.830008077E1
9.793139875E0,2.914829109E0,-2.897316698E0,1.669008069E1,1.718864352E1
9.803101875E0,2.878142216E0,-2.724785829E0,1.668089705E1,1.714527594E1
9.813062875E0,-1.242364049E0,-3.388936557E0,1.367365299E1,1.414203470E1
9.823023875E0,-2.340480504E0,-3.023861555E0,1.114831774E1,1.178586340E1
9.832984875E0,-2.783942987E0,-2.021623941E0,8.115948189E0,8.815095968E0
9.842946875E0,-2.807358747E0,-6.805151106E-1,4.696474841E0,5.513731938E0
9.852907875E0,-2.766720891E0,-6.451973433E-1,4.693400960E0,5.486258896E0
9.862868875E0,-1.607388473E0,1.310064720E0,-2.490307512E0,3.240617036E0
9.872829875E0,-9.739418406E-1,1.708586819E0,-5.557358063E0,5.895087808E0
9.882791875E0,-7.930559586E-1,2.009528683E0,-8.188713865E0,8.468894735E0
9.892752875E0,-9.635073381E-1,2.347751956E0,-1.038877612E1,1.069424868E1
9.902713875E0,-1.056484864E0,2.181153087E0,-1.037116196E1,1.065056757E1
9.912675875E0,-1.368335879E0,2.521465570E0,-1.431573223E1,1.460035346E1
9.922636875E0,-1.540698932E0,2.410161773E0,-1.549196164E1,1.575384107E1
9.932597875E0,-1.693674811E0,2.260579472E0,-1.606436079E1,1.631080750E1
9.942558875E0,-1.851839802E0,2.061206375E0,-1.619509400E1,1.643042763E1
9.952520875E0,-1.796652173E0,2.041636037E0,-1.619950047E1,1.642620017E1
9.962481875E0,-2.218724810E0,1.730878744E0,-1.550538451E1,1.575866840E1
9.972442875E0,-2.188235673E0,1.422188150E0,-1.468921378E1,1.491924917E1
9.982404875E0,-2.124730964E0,9.845451815E-1,-1.366248013E1,1.386171614E1
9.992365875E0,-1.957048315E0,5.316611530E-1,-1.264788764E1,1.280944041E1
1.000232687E1,-1.986099329E0,5.571963092E-1,-1.264707371E1,1.281419259E1
1.001228787E1,-1.564513180E0,-3.970783485E-1,-1.094604851E1,1.106441823E1
1.002224988E1,-1.235281609E0,-8.667956337E-1,-1.016871732E1,1.028008110E1
1.003221088E1,-8.323681051E-1,-1.314881218E0,-8.951790710E0,9.086050088E0
1.004217187E1,-2.546157631E-1,-1.764678867E0,-7.296300117E0,7.510986359E0
1.005213287E1,-2.767980527E-1,-1.740606757E0,-7.295488524E0,7.505363539E0
1.006209488E1,9.694403616E-1,-2.324353299E0,-2.652021616E0,3.657273783E0
1.007205588E1,1.242465791E0,-2.568459057E0,1.918149859E-1,2.859632172E0
1.008201688E1,1.542317441E0,-3.161348890E0,3.323399502E0,4.839199742E0
1.009197887E1,1.436222345E0,-3.598116896E0,5.821249337E0,6.992576325E0
1.010193987E1,1.407220740E0,-3.656286752E0,5.829513207E0,7.023669073E0
1.011190087E1,7.570409109E-1,-2.731334419E0,7.746929825E0,8.249134522E0
1.012186187E1,1.471427845E0,-2.199158857E0,8.343279748E0,8.752811922E0
1.013182388E1,1.987242167E0,-1.179839114E0,8.518764045E0,8.826692054E0
1.014178488E1,2.432955974E0,-7.589912497E-2,8.975750261E0,9.299953129E0
1.015174587E1,3.185687633E0,6.140022285E-1,9.844882150E0,1.036567938E1
1.016170687E1,5.134959297E0,2.836403914E-2,1.226095984E1,1.329284574E1
1.017166888E1,7.345544783E0,-1.168066404E0,1.589272513E1,1.754708293E1
1.018162988E1,8.556703704E0,-2.423751141E0,1.907507692E1,2.104638467E1
1.019159088E1,8.548349787E0,-4.906694523E0,1.805565697E1,2.057077257E1
1.020155287E1,6.746789900E0,-7.542601798E0,1.315696963E1,1.659867060E1
1.021151387E1,6.637818850E0,-7.268874922E0,1.317608768E1,1.644708085E1
1.022147487E1,1.033261478E-2,-4.885829026E0,5.308585349E0,7.214742577E0
1.023143588E1,-2.135330943E0,-3.385681704E0,2.720242835E0,4.839648740E0
1.024139788E1,-3.773560263E0,-1.370993000E0,1.580449766E-1,4.018004116E0
1.025135887E1,-4.947568899E0,9.733813119E-1,-2.093090950E0,5.459573144E0
1.026131987E1,-5.171885049E0,2.420407557E0,-3.515551288E0,6.705659442E0
1.027128087E1,-4.619891811E0,2.926342569E0,-4.739087010E0,7.236423624E0
1.028124288E1,-4.514596906E0,3.279719924E0,-5.451132866E0,7.800833130E0
1.029120388E1,-5.474454485E0,4.089158173E0,-5.451812312E0,8.741460059E0
1.030116488E1,-6.715824215E0,4.594834446E0,-5.278171642E0,9.699169777E0
1.031112687E1,-7.222390727E0,4.552528671E0,-6.171504571E0,1.053451061E1
1.032108787E1,-6.987143208E0,3.944340475E0,-7.537556235E0,1.100875770E1
1.033104887E1,-6.648190641E0,3.403191484E0,-9.014610271E0,1.170655156E1
1.034100988E1,-6.530791415E0,3.018456681E0,-9.981737401E0,1.230436503E1
1.035097188E1,-6.326100276E0,3.137011902E0,-9.907699957E0,1.216646649E1
1.036093287E1,-5.440713712E0,3.094878035E0,-1.017957210E1,1.195003447E1
1.037089387E1,-3.873811652E0,2.369302307E0,-1.057873344E1,1.151215060E1
1.038085487E1,-2.360713040E0,1.963723058E0,-1.056535384E1,1.100253953E1
1.039081688E1,-1.278841904E0,1.745346217E0,-1.027093601E1,1.049637064E1
1.040077788E1,-6.036808696E-1,1.369637469E0,-9.432114918E0,9.550137654E0
1.041073838E1,-6.031768396E-1,9.382443698E-1,-8.369068308E0,8.443069888E0
1.042070037E1,-8.544340351E-1,3.325141972E-1,-7.317672860E0,7.374887070E0
1.043066137E1,-9.552061191E-1,-4.155860285E-1,-6.275164011E0,6.361038739E0
1.044062237E1,-1.220098729E0,-1.010140125E0,-5.363645071E0,5.592648069E0
1.045058338E1,-1.575051324E0,-1.193588184E0,-4.766222184E0,5.159681515E0
1.046054538E1,-1.312708100E0,-1.339474461E0,-4.509552221E0,4.883999961E0
1.047050637E1,-1.326669497E0,-1.402271656E0,-4.511935546E0,4.907543186E0
1.048046737E1,4.434659913E-1,-2.146549996E0,-3.129322228E0,3.820601599E0
1.049042837E1,1.580456490E0,-2.361781326E0,-1.526464178E0,3.225824954E0
1.050039038E1,2.842222478E0,-2.626778894E0,6.352210432E-1,3.921951268E0
1.051035138E1,4.262410588E0,-3.067783207E0,2.945089912E0,6.021045791E0
1.052031238E1,4.209810498E0,-3.013946431E0,2.980776638E0,5.974228560E0
1.053027437E1,6.244595937E0,-4.528060412E0,8.197656012E0,1.125610384E1
1.054023537E1,6.844538974E0,-5.484139813E0,1.047506465E1,1.366200873E1
1.055019637E1,7.414034389E0,-6.373866180E0,1.224002798E1,1.566564269E1
1.056015738E1,7.970855380E0,-6.938955134E0,1.311865633E1,1.684585343E1
1.057011938E1,7.993549594E0,-6.830079979E0,1.312798966E1,1.681936206E1
1.058008037E1,9.126248236E0,-7.208362672E0,1.389361940E1,1.811854186E1
1.059004137E1,9.509729104E0,-6.911770844E0,1.377671952E1,1.811092280E1
1.060000237E1,9.567727636E0,-6.854460529E0,1.375878728E1,1.810605613E1
1.060996438E1,9.036872960E0,-6.017031074E0,1.251508451E1,1.656795329E1
1.061992538E1,7.947749523E0,-5.163943360E0,1.096813462E1,1.449596532E1
1.062988638E1,6.788702742E0,-3.964008462E0,9.172611394E0,1.208042416E1
1.063984737E1,5.850174344E0,-2.744667240E0,7.487342101E0,9.890299786E0
1.064980937E1,5.539605331E0,-1.866529616E0,6.377480344E0,8.651208908E0
1.065977038E1,5.504142553E0,-1.225531816E0,5.884798046E0,8.150359595E0
1.066973138E1,5.449079908E0,-1.230694907E0,5.913261707E0,8.134724692E0
1.067969337E1,4.416977348E0,-4.101159583E-1,5.380281569E0,6.973185338E0
1.068965437E1,3.238465771E0,4.595531434E-2,4.322455938E0,5.401240392E0
1.069961537E1,1.717096272E0,4.477153091E-1,2.696739367E0,3.228199470E0
1.070957637E1,-2.115589866E-1,8.172227933E-1,7.242115724E-1,1.112246690E0
1.071953838E1,-2.160495313E0,1.323952588E0,-1.127693426E0,2.773496514E0
1.072949938E1,-3.381580175E0,1.711966656E0,-2.810667686E0,4.718661585E0
1.073946038E1,-3.756072118E0,1.631071305E0,-4.143108385E0,5.825274109E0
1.074942137E1,-3.791845091E0,1.350335225E0,-4.718577316E0,6.202134012E0
1.075938337E1,-3.889419333E0,1.224070158E0,-4.920751230E0,6.390596464E0
1.076934438E1,-3.913893146E0,1.050374963E0,-5.074828870E0,6.494284809E0
1.077930538E1,-3.935185490E0,6.763092814E-1,-5.101203906E0,6.478067642E0
1.078926737E1,-4.443374019E0,3.738718459E-1,-5.055218478E0,6.740814987E0
1.079922837E1,-5.208264670E0,3.523042448E-1,-5.189664677E0,7.360893874E0
1.080918937E1,-5.811223701E0,3.353271465E-1,-5.755488626E0,8.185866755E0
1.081915037E1,-6.132179123E0,2.959522887E-1,-6.667659531E0,9.063602604E0
1.082911238E1,-6.334124994E0,4.644320601E-1,-7.537487238E0,9.856497879E0
1.083907338E1,-6.392400100E0,8.130034424E-1,-8.080279589E0,1.033511838E1
1.084903437E1,-6.348291044E0,8.363626304E-1,-8.100601003E0,1.032569795E1
1.085899537E1,-6.482913828E0,1.923839200E0,-8.883877054E0,1.116479290E1
1.086895738E1,-6.224991977E0,2.128781038E0,-9.198390014E0,1.130896161E1
1.087891838E1,-6.215279751E0,2.132489489E0,-9.203137368E0,1.130818072E1
1.088887938E1,-5.382492401E0,1.644251513E0,-9.146430486E0,1.073927270E1
1.089884137E1,-4.828509648E0,1.433309116E0,-8.758672965E0,1.010362472E1
1.090880237E1,-4.275708033E0,1.136806896E0,-8.002833803E0,9.144362087E0
1.091876337E1,-3.825154340E0,9.463493416E-1,-7.100296771E0,8.120443155E0
1.092872438E1,-3.307634239E0,7.120628124E-1,-6.162827303E0,7.030499135E0
1.093868638E1,-2.894005712E0,3.480207208E-1,-4.942518075E0,5.738019903E0
1.094864737E1,-2.950391582E0,2.103108984E-1,-3.460826027E0,4.552620998E0
1.095860837E1,-3.272940955E0,3.376202783E-1,-1.782090413E0,3.741921456E0
1.096856937E1,-3.303037158E0,3.798716739E-1,-1.748661296E0,3.756617266E0
1.097853138E1,-3.207894773E0,1.495454639E-2,2.969671606E0,4.371471373E0
1.098849238E1,-2.580673306E0,-3.627165279E-1,5.853508426E0,6.407417489E0
1.099845338E1,-1.298587659E0,-7.766254288E-1,8.649630579E0,8.780978654E0
1.100841537E1,5.920773625E-1,-1.240100884E0,1.086741165E1,1.095395096E1
1.101837637E1,2.887543954E0,-1.951483373E0,1.234196483E1,1.282459720E1
1.102833737E1,2.830092722E0,-2.025566134E0,1.235715239E1,1.283789539E1
1.103829838E1,6.467571904E0,-3.259830620E0,1.280921817E1,1.471502811E1
1.104826038E1,7.538515763E0,-3.568400177E0,1.242901935E1,1.496807341E1
1.105822137E1,8.032265178E0,-3.682765575E0,1.215415343E1,1.502675919E1
1.106818237E1,8.058215121E0,-3.753640846E0,1.211511976E1,1.502666887E1
1.107814337E1,8.685728949E0,-3.868627803E0,1.236046659E1,1.559452798E1
1.108810538E1,8.755107332E0,-3.887926539E0,1.230720898E1,1.559600173E1
1.109806638E1,8.664772528E0,-3.494453949E0,1.213350107E1,1.531376307E1
1.110802738E1,7.101653325E0,-2.105814199E0,1.015178379E1,1.256688694E1
1.111798837E1,5.743111825E0,-1.153704911E0,8.368311678E0,1.021484257E1
1.112795037E1,4.382946553E0,-2.049399385E-1,6.379622764E0,7.742855254E0
1.113791138E1,4.507977566E0,-2.014378949E-1,6.305730330E0,7.754010185E0
1.114787238E1,2.235163087E0,7.136902387E-1,2.955836509E0,3.773894176E0
1.115783437E1,1.203299094E0,1.006052191E0,1.623643733E0,2.257496111E0
1.116779537E1,9.670271426E-2,1.146785462E0,6.528299332E-1,1.323123287E0
1.117775637E1,-9.879894108E-1,1.166084928E0,2.775263965E-2,1.528609612E0
1.118771737E1,-1.930912284E0,1.086125424E0,-1.813531476E-1,2.222831449E0
1.119767938E1,-2.536398481E0,8.655636254E-1,-2.037403822E-1,2.687755158E0
1.120764038E1,-2.790927194E0,5.124740995E-1,-3.528075439E-1,2.859436565E0
1.121760138E1,-2.724007857E0,5.672784439E-1,-3.699217594E-1,2.806931732E0
1.122756237E1,-2.780560081E0,2.829552439E-1,-9.090566772E-1,2.939041013E0
1.123752437E1,-2.818164402E0,2.781347993E-1,-1.953161232E0,3.440094237E0
1.124748538E1,-2.603182747E0,3.298256475E-1,-4.299920184E0,5.037326569E0
1.125744638E1,-2.308121721E0,5.233848578E-1,-5.454117284E0,5.945481725E0
1.126740738E1,-2.206121429E0,5.123119855E-1,-5.501501366E0,5.949449774E0
1.127736937E1,-1.806960083E0,1.023548668E0,-7.209673617E0,7.502809493E0
1.128733037E1,-1.711993407E0,1.002002555E0,-7.254378505E0,7.520700635E0
1.129729137E1,-1.945068685E0,1.570329113E0,-8.420130873E0,8.783383723E0
1.130725338E1,-2.004529606E0,1.771544960E0,-8.769492652E0,9.168451989E0
1.131721438E1,-1.921728355E0,1.738041291E0,-8.809347274E0,9.182506564E0
1.132717537E1,-1.933478335E0,1.832143018E0,-9.046672894E0,9.430661533E0
1.133713637E1,-1.844544523E0,1.785866983E0,-9.089800202E0,9.445429217E0
1.134709838E1,-1.521560411E0,1.756300976E0,-9.685888170E0,9.960731341E0
1.135705938E1,-1.169834017E0,1.464212235E0,-1.003471785E1,1.020823156E1
1.136702038E1,-9.372107282E-1,1.306368403E0,-1.035120425E1,1.047532299E1
1.137698138E1,-6.965475181E-1,1.191133962E0,-1.047938691E1,1.056984052E1
1.138694337E1,-6.405154046E-1,1.115327296E0,-1.051255582E1,1.059094164E1
1.139690437E1,7.851348817E-2,4.700348622E-1,-9.903169534E0,9.914628786E0
1.140686538E1,3.057649398E-1,1.678017868E-1,-9.424488979E0,9.430940682E0
1.141682675E1,4.220037863E-1,-1.060196677E-1,-8.872608885E0,8.883271683E0
1.142678875E1,4.265494117E-1,-1.665224160E-1,-8.885371018E0,8.897162033E0
1.143674975E1,2.999387741E-1,-2.781345069E-1,-8.303545579E0,8.313614812E0
1.144671075E1,2.781157959E-1,-4.368535213E-1,-6.980538193E0,6.999721627E0
1.145667275E1,3.586743477E-1,-3.691186443E-1,-6.111651887E0,6.133284981E0
1.146663375E1,4.499812514E-1,-1.477510996E-1,-4.979987617E0,5.002458414E0
1.147659475E1,7.400388157E-1,-9.666748479E-2,-3.116886370E0,3.204993400E0
1.148655575E1,6.565320978E-1,-7.302266032E-2,-3.088149644E0,3.158011230E0
1.149651775E1,2.127472870E0,-7.116251484E-1,4.061556099E0,4.639912619E0
1.150647875E1,3.152656420E0,-1.017756709E0,8.502160292E0,9.124790455E0
1.151643975E1,4.223376915E0,-1.549126378E0,1.196906333E1,1.278652346E1
1.152640075E1,4.919130381E0,-2.116905928E0,1.423272399E1,1.520689208E1
1.153636275E1,4.755189365E0,-2.125068349E0,1.429736496E1,1.521651689E1
1.154632375E1,6.346836841E0,-2.419980125E0,1.598376861E1,1.736719611E1
1.155628475E1,7.174894964E0,-2.462594048E0,1.598596717E1,1.769448031E1
1.156624575E1,7.846378684E0,-2.377087290E0,1.591914051E1,1.790629043E1
1.157620775E1,8.436686679E0,-2.510559635E0,1.579357740E1,1.808086499E1
1.158616875E1,8.486162310E0,-2.475991189E0,1.577971716E1,1.808714894E1
1.159612975E1,7.588122956E0,-2.257973076E0,1.458082979E1,1.659152343E1
1.160609175E1,6.193946185E0,-1.892340395E0,1.307442916E1,1.459063465E1
1.161605275E1,4.442390225E0,-1.384325674E0,1.138571937E1,1.229982902E1
1.162601375E1,4.463508613E0,-1.342882803E0,1.138599419E1,1.230313403E1
1.163597475E1,2.362034803E0,-6.786234632E-1,9.502697242E0,9.815344777E0
1.164593675E1,-1.940028386E0,4.486328834E-1,5.545853666E0,5.892493062E0
1.165589775E1,-3.438679698E0,8.814082642E-1,4.044400368E0,5.381317026E0
1.166585875E1,-4.721461748E0,1.250961941E0,2.808154553E0,5.634078346E0
1.167581975E1,-5.654574455E0,1.488858834E0,1.669634423E0,6.081002549E0
1.168578175E1,-5.591875931E0,1.597336232E0,1.676470402E0,6.052364206E0
1.169574275E1,-5.846571289E0,1.621026227E0,-8.403314281E-1,6.125053369E0
1.170570375E1,-5.584331853E0,1.578698232E0,-1.803752008E0,6.077052877E0
1.171566475E1,-5.121541107E0,1.744355699E0,-2.395042335E0,5.916856252E0
1.172562675E1,-4.379574172E0,1.825960025E0,-2.895766894E0,5.558800756E0
1.173558775E1,-4.362307344E0,1.892560396E0,-2.880183479E0,5.559403483E0
1.174554875E1,-2.216799322E0,1.826831845E0,-4.260403531E0,5.138341374E0
1.175550975E1,-1.335910144E0,2.129650373E0,-5.235203378E0,5.807531406E0
1.176547175E1,-8.313120979E-1,2.454424611E0,-6.151058612E0,6.674638719E0
1.177543275E1,-5.283555758E-1,2.687558069E0,-6.951772231E0,7.471898363E0
1.178539375E1,-4.676959759E-1,2.664654818E0,-6.978962953E0,7.484988225E0
1.179535575E1,-2.208999136E-1,2.803468887E0,-8.362107782E0,8.822305885E0
1.180531675E1,-1.420642439E-1,2.668509595E0,-9.013889894E0,9.401666700E0
1.181527775E1,-3.044361600E-1,2.622047327E0,-9.634561311E0,9.989623878E0
1.182523875E1,-2.176991478E-1,2.575066996E0,-9.673980900E0,1.001320475E1
1.183520075E1,-4.944496188E-1,2.635730396E0,-1.025415450E1,1.059902069E1
1.184516175E1,-8.244100446E-1,2.724057559E0,-1.099322385E1,1.135566432E1
1.185512275E1,-6.807654445E-1,2.583791334E0,-1.130118149E1,1.161275688E1
1.186508375E1,-3.822145070E-1,2.309978504E0,-1.142471328E1,1.166216799E1
1.187504575E1,-1.444130704E-1,2.000601154E0,-1.128992911E1,1.146672401E1
1.188500675E1,-1.007628746E-1,1.978734030E0,-1.130587915E1,1.147817254E1
1.189496775E1,3.190755415E-1,9.766341180E-1,-1.023103695E1,1.028249680E1
1.190492875E1,4.225759363E-1,5.865596375E-1,-9.414346399E0,9.442062314E0
1.191489075E1,3.333851400E-1,2.698384774E-1,-8.436022435E0,8.446918550E0
1.192485175E1,3.025583267E-2,3.490115315E-2,-7.330516854E0,7.330662375E0
1.193481275E1,9.487838298E-3,4.603571355E-2,-7.322818995E0,7.322969844E0
1.194477475E1,-1.035546277E-1,-6.122555190E-1,-4.031573331E0,4.079113128E0
1.195473575E1,-1.918861757E-1,-8.752264416E-1,-1.197510935E0,1.495618290E0
1.196469675E1,-3.514581527E-1,-1.089343000E0,3.248335286E0,3.444107016E0
1.197465775E1,-3.818708369E-1,-9.441987357E-1,8.183429151E0,8.246565907E0
1.198461975E1,-7.036238185E-1,-1.084427831E0,8.239716203E0,8.340503181E0
1.199458075E1,2.166913509E0,-9.950803292E-1,1.297187251E1,1.318920678E1
1.200454175E1,1.738668697E0,-1.316289812E0,1.306558116E1,1.324632019E1
1.201450275E1,5.754178850E0,-4.707613787E-1,1.061645968E1,1.208475927E1
1.202446475E1,5.482612520E0,-7.603209796E-1,1.070167700E1,1.204836166E1
1.203442575E1,6.809281433E0,1.620599672E-1,9.786387774E0,1.192333690E1
1.204438675E1,6.325282835E0,9.663925005E-1,1.024362484E1,1.207787097E1
1.205434775E1,6.408571744E0,9.445660870E-1,1.019944327E1,1.208265865E1
1.206430975E1,5.075532290E0,-3.267535204E-1,1.320227386E1,1.414806810E1
1.207427075E1,5.049121587E0,-1.435143533E0,1.433795399E1,1.526860146E1
1.208423175E1,4.562741710E0,-2.003593467E0,1.446511222E1,1.529942712E1
1.209419275E1,3.714227104E0,-1.945743746E0,1.326595120E1,1.391283088E1
1.210415475E1,3.665827653E0,-2.026003213E0,1.328065929E1,1.392547639E1
1.211411575E1,2.596001489E0,-1.178920005E0,8.932994835E0,9.376965012E0
1.212407675E1,2.089027427E0,-7.571480611E-1,6.153875216E0,6.542743229E0
1.213403875E1,2.059155464E0,-8.365653826E-1,6.163250057E0,6.551764200E0
1.214399975E1,1.000553031E0,1.473059803E-1,1.250461566E0,1.608247352E0
1.215396075E1,1.033300070E0,1.383529064E-1,1.234299277E0,1.615656296E0
1.216392175E1,-1.170106789E-1,4.032902111E-1,-2.149311343E0,2.189948343E0
1.217388375E1,-1.089246814E0,5.355069764E-1,-3.326294459E0,3.540827752E0
1.218384475E1,-2.156240294E0,7.453658485E-1,-4.571331562E0,5.109013085E0
1.219380575E1,-2.953667192E0,7.355523203E-1,-5.404667382E0,6.202871642E0
1.220376675E1,-2.900453437E0,8.634017636E-1,-5.416478757E0,6.204541472E0
1.221372875E1,-4.182746075E0,6.005102900E-1,-5.555345451E0,6.979816647E0
1.222368975E1,-4.280439600E0,4.962758504E-1,-5.560050121E0,7.034387695E0
1.223365075E1,-4.086812562E0,2.807249697E-1,-5.836559687E0,7.130657221E0
1.224361175E1,-3.920083593E0,2.223989935E-1,-6.246889215E0,7.378356291E0
1.225357375E1,-3.897824705E0,3.027278960E-1,-6.243697219E0,7.366711382E0
1.226353475E1,-3.639032495E0,6.568925786E-1,-8.076108186E0,8.882431468E0
1.227349575E1,-3.371726447E0,8.448397775E-1,-9.005541825E0,9.653086400E0
1.228345675E1,-2.950572554E0,1.002672062E0,-9.826171060E0,1.030848521E1
1.229341875E1,-2.635480135E0,1.237958903E0,-1.050531697E1,1.090137526E1
1.230337975E1,-2.567886322E0,1.305646710E0,-1.051945671E1,1.090677418E1
1.231334075E1,-2.597820851E0,1.609808197E0,-1.082345930E1,1.124666292E1
1.232330275E1,-2.602147205E0,1.624568616E0,-1.052306561E1,1.096108129E1
1.233326375E1,-2.294299487E0,1.416205864E0,-1.003047979E1,1.038652849E1
1.234322475E1,-1.882517804E0,9.765158580E-1,-9.283007995E0,9.522168552E0
1.235318575E1,-1.858563223E0,1.086823435E0,-9.264924311E0,9.511796093E0
1.236314775E1,-1.928803486E0,8.923254544E-1,-7.501773614E0,7.796995252E0
1.237310875E1,-1.862096111E0,1.056237235E0,-6.612029706E0,6.949962291E0
1.238306975E1,-1.488225142E0,9.221778291E-1,-5.882035822E0,6.137065376E0
1.239303075E1,-1.017310858E0,9.482485172E-1,-5.325566248E0,5.504157746E0
1.240299275E1,-1.059887944E0,1.001018469E0,-5.293779030E0,5.490855748E0
1.241295404E1,4.169196323E-1,1.433723829E0,-2.909685021E0,3.270420909E0
1.242291504E1,1.191233949E0,1.591466797E0,-1.139855050E0,2.291522294E0
1.243287604E1,1.893485426E0,1.764967134E0,6.869694865E-1,2.678119325E0
1.244283804E1,2.349087021E0,1.960074687E0,2.568586527E0,3.994713927E0
1.245279904E1,2.194420858E0,1.963291825E0,2.639765267E0,3.954536428E0
1.246276004E1,2.798576522E0,1.972551184E0,6.762508385E0,7.579875222E0
1.247272104E1,3.387926743E0,1.675516722E0,8.774983188E0,9.554356799E0
1.248268304E1,4.268934911E0,1.172660853E0,1.036676252E1,1.127247550E1
1.249264404E1,5.176127204E0,4.547332835E-1,1.121919651E1,1.236403840E1
1.250260504E1,5.067510495E0,3.757005626E-1,1.125505749E1,1.234897294E1
1.251256604E1,6.369259744E0,-9.622300869E-1,1.137388460E1,1.307128943E1
1.252252804E1,6.900925428E0,-1.519696903E0,1.101556957E1,1.308720839E1
1.253248904E1,7.304009671E0,-1.906114096E0,1.078225631E1,1.316202413E1
1.254245004E1,7.557686445E0,-2.341865564E0,1.075454284E1,1.335152240E1
1.255241104E1,7.534915048E0,-2.430477778E0,1.074536973E1,1.334710222E1
1.256237304E1,7.179041224E0,-3.166191262E0,1.015872794E1,1.283601003E1
1.257233404E1,6.812449454E0,-2.952756196E0,9.574858316E0,1.211635871E1
1.258229504E1,6.381000368E0,-2.340637794E0,9.018264197E0,1.129268968E1
1.259225704E1,5.899835916E0,-1.796566657E0,8.385869113E0,1.040953968E1
1.260221804E1,5.848324869E0,-1.799249360E0,8.417149377E0,1.040618113E1
1.261217904E1,3.346069157E0,-1.552252153E0,6.752385101E0,7.694177675E0
1.262214004E1,1.938364268E0,-1.731742670E0,5.454385087E0,6.042061352E0
1.263210204E1,3.936193550E-1,-1.918764986E0,3.769678881E0,4.248184805E0
1.264206304E1,-1.223407084E0,-1.819413629E0,1.932660894E0,2.922698920E0
1.265202404E1,-1.199684345E0,-1.777651061E0,1.927466812E0,2.883472582E0
1.266198504E1,-3.970426658E0,-9.333128281E-1,-9.284700179E-1,4.182991425E0
1.267194704E1,-4.810120155E0,-3.438320678E-1,-2.021141546E0,5.228813398E0
1.268190804E1,-5.155902854E0,1.322577323E-1,-2.841149222E0,5.888374585E0
1.269186904E1,-5.204234185E0,5.044083041E-1,-3.482288817E0,6.282102879E0
1.270183004E1,-5.151395236E0,5.799863438E-1,-3.493057634E0,6.250976617E0
1.271179204E1,-5.658407890E0,1.452730058E0,-4.279165492E0,7.241495824E0
1.272175304E1,-5.571310104E0,1.628633308E0,-4.668239806E0,7.448785513E0
1.273171404E1,-5.313253766E0,1.764934390E0,-5.311960947E0,7.717680227E0
1.274167504E1,-5.221034989E0,1.931773286E0,-5.932709547E0,8.135600590E0
1.275163704E1,-5.168393676E0,1.927847174E0,-5.964110264E0,8.124007580E0
1.276159804E1,-5.034668439E0,2.334644983E0,-7.187099272E0,9.080355138E0
1.277155904E1,-4.803682956E0,2.381253285E0,-7.756720403E0,9.429339773E0
1.278152004E1,-4.628530488E0,2.521522288E0,-8.283976702E0,9.818637335E0
1.279148204E1,-4.530137636E0,2.666558379E0,-8.802841662E0,1.025293626E1
1.280144304E1,-4.459813758E0,2.649862532E0,-8.844209543E0,1.025337762E1
1.281140404E1,-4.539348462E0,2.850891268E0,-9.452704718E0,1.086677928E1
1.282136504E1,-4.474268660E0,2.843996816E0,-9.487169961E0,1.086801692E1
1.283132704E1,-4.297340100E0,2.662863523E0,-9.708623899E0,1.094601992E1
1.284128804E1,-3.939237025E0,2.333887915E0,-9.485721021E0,1.053297320E1
1.285124904E1,-3.899370417E0,2.345556180E0,-9.501516105E0,1.053496710E1
1.286121004E1,-2.929022348E0,1.370748440E0,-8.356464050E0,8.960391432E0
1.287117204E1,-2.905992504E0,1.386704176E0,-8.362798923E0,8.961258100E0
1.288113304E1,-1.358002971E0,-3.068665552E-1,-6.399546567E0,6.549239300E0
1.289109404E1,-8.055872726E-1,-9.012714019E-1,-4.986720686E0,5.131144531E0
1.290105604E1,-8.064243016E-1,-8.887656695E-1,-4.982768553E0,5.125251898E0
1.291101704E1,4.486334682E-2,-6.245615691E-1,-1.129086818E0,1.291095239E0
1.292097804E1,8.015655577E-3,-6.400695544E-1,-1.116212418E0,1.286733635E0
1.293093904E1,2.681254186E0,-7.993854234E-1,3.928043116E0,4.822620012E0
1.294090104E1,4.024992290E0,-9.252461556E-1,6.359909461E0,7.583211176E0
1.295086204E1,3.894252349E0,-1.020518056E0,6.400290917E0,7.561109858E0
1.296082304E1,7.066737846E0,-9.206059514E-1,9.907300007E0,1.220413424E1
1.297078404E1,6.941267123E0,-1.044939537E0,9.944739729E0,1.217254847E1
1.298074604E1,8.400840908E0,-5.105825253E-1,1.274076482E1,1.526964016E1
1.299070704E1,7.959490147E0,-7.670946135E-1,1.260496791E1,1.492739541E1
1.300066804E1,6.693032938E0,-1.287527797E0,1.166020638E1,1.350610346E1
1.301062904E1,4.982647516E0,-1.484966927E0,1.057504034E1,1.178403077E1
1.302059104E1,5.128387027E0,-1.551886410E0,1.048470203E1,1.177445037E1
1.303055204E1,2.432037669E0,-1.590337261E0,9.684784800E0,1.011133208E1
1.304051304E1,1.999022991E0,-1.509138732E0,1.001067878E1,1.031926753E1
1.305047404E1,2.385828585E0,-9.676177114E-1,1.021517930E1,1.053462625E1
1.306043604E1,3.607610728E0,-2.104521233E0,1.084829359E1,1.162451455E1
1.307039704E1,3.563525938E0,-2.125348284E0,1.086583875E1,1.163109084E1
1.308035804E1,6.508334599E0,-2.505803803E0,1.210765404E1,1.397257164E1
1.309031904E1,7.218522794E0,-3.093833722E0,1.057939067E1,1.317582579E1
1.310028104E1,7.125678949E0,-3.149087572E0,1.061886171E1,1.317012821E1
1.311024204E1,5.223757453E0,-3.094120821E0,4.334640951E0,7.459915398E0
1.312020304E1,5.301502032E0,-3.120644376E0,4.290724853E0,7.500310985E0
1.313016404E1,1.023407750E0,-1.913109266E0,-8.116701311E-1,2.316497116E0
1.314012604E1,-1.109904734E0,-1.281753233E0,-2.732496845E0,3.215792107E0
1.315008704E1,-2.745578821E0,-6.493692586E-1,-4.054318416E0,4.939370538E0
1.316004804E1,-3.821015388E0,-1.508394527E-1,-4.806330575E0,6.141964240E0
1.317000904E1,-3.655941474E0,-5.362920016E-2,-4.855230839E0,6.077997257E0
1.317997104E1,-4.560169520E0,-1.769805998E-2,-6.341926934E0,7.811241675E0
1.318993204E1,-4.680481537E0,-1.144126149E-1,-6.907256793E0,8.344470868E0
1.319989304E1,-4.877514286E0,6.447476193E-2,-7.327883853E0,8.802964521E0
1.320985404E1,-5.004135448E0,3.401158699E-1,-7.986182102E0,9.430596744E0
1.321981604E1,-4.917752777E0,3.499561492E-1,-8.013374578E0,9.408556415E0
1.322977704E1,-4.710070787E0,7.065531273E-1,-9.242817743E0,1.039777207E1
1.323973804E1,-4.295771877E0,9.392921908E-1,-1.004609653E1,1.096631120E1
1.324969904E1,-3.837209252E0,1.364989956E0,-1.088830024E1,1.162507869E1
1.325966104E1,-3.483935977E0,1.771234765E0,-1.159920355E1,1.223995937E1
1.326962204E1,-3.379835950E0,1.723705819E0,-1.163572292E1,1.223864783E1
1.327958304E1,-3.183994280E0,2.004526682E0,-1.255334051E1,1.310504882E1
1.328954404E1,-2.906948524E0,1.747788599E0,-1.246832199E1,1.292146153E1
1.329950604E1,-2.504511860E0,1.344879919E0,-1.218205635E1,1.250934764E1
1.330946704E1,-2.116604943E0,8.212746213E-1,-1.154714930E1,1.176822694E1
1.331942804E1,-2.098388381E0,8.086230008E-1,-1.155351575E1,1.177033691E1
1.332939004E1,-1.156826447E0,-1.578808160E-1,-1.042594921E1,1.049111961E1
1.333935104E1,-6.845427458E-1,-6.819098908E-1,-9.856936769E0,9.904181054E0
1.334931204E1,-6.728588395E-1,-6.781840450E-1,-9.859101409E0,9.905279057E0
1.335927304E1,-1.731338628E-1,-1.187172473E0,-8.257072493E0,8.343776122E0
1.336923504E1,-1.700707988E-1,-1.164297727E0,-8.254155318E0,8.337601171E0
1.337919604E1,4.214216959E-1,-1.101711323E0,-5.570896706E0,5.694405517E0
1.338915704E1,6.060399288E-1,-7.748048982E-1,-3.137612996E0,3.288194388E0
1.339911804E1,7.752880244E-1,-3.690860461E-1,2.570196265E-1,8.963007969E-1
1.340908004E1,1.247776378E0,-9.872833595E-2,4.434634770E0,4.607893089E0
1.341904088E1,1.104937817E0,-6.113030076E-2,4.478955495E0,4.613639217E0
1.342900187E1,4.084528055E0,-3.756387283E-1,1.275705750E1,1.340026082E1
1.343896287E1,5.904960415E0,-5.304161346E-1,1.526976511E1,1.638034265E1
1.344892488E1,7.377622608E0,-6.057898141E-1,1.596858573E1,1.760090983E1
1.345888588E1,7.667127610E0,-2.090027301E-1,1.536280133E1,1.717102771E1
1.346884688E1,7.547055037E0,-3.662935621E-1,1.538379985E1,1.713923885E1
1.347880788E1,6.205196228E0,1.155677396E0,1.382529936E1,1.519799174E1
1.348876987E1,6.390040163E0,7.316862144E-1,1.377734518E1,1.520471039E1
1.349873087E1,6.711227134E0,-1.413418204E-1,1.432554269E1,1.582029458E1
1.350869188E1,7.005830909E0,-7.076431945E-1,1.472790013E1,1.632462765E1
1.351865288E1,6.961286820E0,-6.997121774E-1,1.474724155E1,1.632269109E1
1.352861487E1,6.507727658E0,-1.946243683E0,1.255478126E1,1.427448480E1
1.353857587E1,6.462467870E0,-1.937784955E0,1.257505005E1,1.427061264E1
1.354853687E1,3.810514373E0,-7.923632097E-1,7.559556969E0,8.502632581E0
1.355849787E1,2.213288653E0,-8.284176531E-1,4.252792211E0,4.865302052E0
1.356845988E1,2.228326815E0,-8.208917018E-1,4.247187654E0,4.865994919E0
1.357842088E1,-1.174800349E0,1.138387106E-1,-2.230405793E0,2.523454995E0
1.358838187E1,-1.115785279E0,1.336148711E-1,-2.252943885E0,2.517654836E0
1.359834287E1,-2.971539499E0,8.566203821E-1,-5.026284117E0,5.901472485E0
1.360830488E1,-4.862158036E0,1.241563273E0,-8.541090469E0,9.906174162E0
1.361826588E1,-4.839693325E0,1.277101773E0,-8.545446644E0,9.903447823E0
1.362822688E1,-5.263879877E0,1.341688216E0,-9.743515989E0,1.115547679E1
1.363818788E1,-5.793029505E0,1.421300689E0,-1.058948296E1,1.215386506E1
1.364814987E1,-6.323222276E0,7.923469837E-1,-1.038603026E1,1.218526070E1
1.365811087E1,-6.563335263E0,-1.761095108E-1,-8.828623205E0,1.100240756E1
1.366807187E1,-6.797678218E0,-2.018385753E-1,-8.722437769E0,1.106029333E1
1.367803288E1,-6.527095975E0,-3.811304332E-1,-6.627248254E0,9.309600512E0
1.368799488E1,-6.782585385E0,-5.086977484E-1,-6.505713292E0,9.412042464E0
1.369795587E1,-5.491796742E0,-1.067303748E0,-8.571583114E0,1.023577090E1
1.370791687E1,-4.616226484E0,-1.177321450E0,-1.024988837E1,1.130291309E1
1.371787787E1,-4.762817935E0,-1.310215724E0,-1.016765079E1,1.130407991E1
1.372783988E1,-2.193950157E0,-1.430301454E0,-1.170743200E1,1.199679723E1
1.373780088E1,-2.288255221E0,-1.446740316E0,-1.164482002E1,1.195537548E1
1.374776188E1,-1.160848893E0,-1.565029196E0,-9.801349629E0,9.993164718E0
1.375772287E1,-1.494926636E0,-1.725558070E0,-8.115065260E0,8.430103230E0
1.376768487E1,-1.548889419E0,-1.635677156E0,-8.068979845E0,8.377525526E0
1.377764588E1,-2.959112120E0,-2.058256162E0,-4.766718028E0,5.976149573E0
1.378760688E1,-3.005252498E0,-1.957573102E0,-4.721778667E0,5.929488073E0
1.379756788E1,-3.428213766E0,-1.441530739E0,-1.658573830E0,4.072042196E0
1.380752987E1,-2.565938907E0,-8.461298195E-1,-7.965895772E-2,2.703021216E0
1.381749087E1,-2.629575325E0,-7.531847452E-1,-1.683413386E-2,2.735367806E0
1.382745187E1,-1.371286091E0,7.963542268E-2,1.683163126E0,2.172511324E0
1.383741288E1,-6.599869251E-2,1.177697645E0,3.275122551E0,3.481056634E0
1.384737488E1,2.505465834E0,2.691544116E0,5.536885207E0,6.646718481E0
1.385733588E1,3.212804680E0,3.169636441E0,6.086720529E0,7.577392420E0
1.386729687E1,3.390595704E0,3.247681568E0,6.486979982E0,8.007776476E0
1.387725787E1,3.213303448E0,3.258119140E0,6.668634846E0,8.087728364E0
1.388721988E1,3.274472340E0,3.341169775E0,6.638022333E0,8.120894352E0
1.389718088E1,4.219561899E0,2.777103499E0,8.228393655E0,9.655230117E0
1.390714188E1,5.275629272E0,2.118585395E0,8.759017366E0,1.044227243E1
1.391710387E1,6.360138672E0,1.466443533E0,9.066444669E0,1.117149227E1
1.392706487E1,7.444051071E0,7.446740498E-1,8.994772423E0,1.169933189E1
1.393702587E1,7.479329077E0,7.141941226E-1,8.960397227E0,1.169355186E1
1.394698688E1,8.803218808E0,-4.809115604E-1,7.969285988E0,1.188433660E1
1.395694788E1,8.820713092E0,-7.147651032E-1,7.258318943E0,1.144548219E1
1.396690987E1,8.544939691E0,-5.431462540E-1,6.464314420E0,1.072839052E1
1.397687087E1,8.195814723E0,-1.819833313E-1,6.038288042E0,1.018162165E1
1.398683187E1,8.195869102E0,-1.972344777E-1,6.034917122E0,1.017995071E1
1.399679388E1,8.038014160E0,8.876804262E-2,6.474434781E0,1.032162086E1
1.400675488E1,7.456906174E0,4.634927049E-2,6.191257635E0,9.692227250E0
1.401671588E1,6.241589298E0,-1.291575386E-1,5.925506946E0,8.607308012E0
1.402667687E1,6.231116935E0,-8.631089643E-2,5.943237458E0,8.611407511E0
1.403663887E1,4.703893788E0,-3.607144412E-1,5.584872136E0,7.310781658E0
1.404659988E1,1.895024121E0,-1.112689032E0,3.972735724E0,4.540024497E0
1.405656088E1,6.729852855E-2,-1.205547202E0,2.826625323E0,3.073708487E0
1.406652188E1,-2.047221882E0,-8.344372885E-1,1.610210924E0,2.734992183E0
1.407648387E1,-3.604171103E0,-5.639067931E-1,5.708730197E-1,3.692416041E0
1.408644487E1,-3.570357240E0,-5.422583543E-1,5.516157997E-1,3.653186956E0
1.409640587E1,-4.290067041E0,-8.256366442E-1,-1.936986079E0,4.778939857E0
1.410636687E1,-4.052379479E0,-7.477388678E-1,-3.315874720E0,5.289226599E0
1.411632888E1,-3.941396402E0,-5.714964791E-1,-4.346075181E0,5.894877717E0
1.412628988E1,-3.894926240E0,-4.105982074E-1,-5.085597687E0,6.418905292E0
1.413625087E1,-3.884958492E0,-3.885609287E-1,-5.086851915E0,6.412483488E0
1.414621187E1,-4.426024160E0,-3.267529356E-1,-5.837761289E0,7.333206272E0
1.415617388E1,-5.013940644E0,-1.536687742E-1,-6.260702677E0,8.022444321E0
1.416613488E1,-5.527805650E0,-8.587761775E-2,-6.748054068E0,8.723545379E0
1.417609588E1,-5.842223884E0,-1.803434797E-1,-7.161059867E0,9.243640089E0
1.418605688E1,-5.762801739E0,-1.085984360E-1,-7.194556811E0,9.218640095E0
1.419601887E1,-6.401917613E0,1.167474081E-1,-7.744493290E0,1.004864943E1
1.420597987E1,-6.277490033E0,4.775377169E-1,-7.953676261E0,1.014376111E1
1.421594088E1,-6.200974538E0,5.532258305E-1,-7.978988857E0,1.012039561E1
1.422590188E1,-5.957702301E0,8.865808573E-1,-7.975944797E0,9.994795532E0
1.423586387E1,-5.619361353E0,9.742107394E-1,-7.698807825E0,9.581124699E0
1.424582487E1,-3.919616693E0,5.291344249E-1,-6.173609569E0,7.331905167E0
1.425578587E1,-3.148419235E0,5.071509406E-1,-4.927009504E0,5.869000631E0
1.426574687E1,-2.351684647E0,4.370206055E-1,-3.476651516E0,4.220013442E0
1.427570888E1,-1.534171978E0,4.133393821E-1,-2.000096247E0,2.554391924E0
1.428566988E1,-1.551472719E0,4.520540893E-1,-1.974592447E0,2.551555570E0
1.429563088E1,2.757675540E-1,1.412264840E0,1.547242259E0,2.112935950E0
1.430559187E1,1.480124994E0,2.014357021E0,3.435081321E0,4.248315889E0
1.431555387E1,2.514142517E0,2.564009034E0,4.751204195E0,5.955585296E0
1.432551488E1,3.246253678E0,3.175250061E0,5.538144697E0,7.161803025E0
1.433547588E1,3.244191949E0,3.126068545E0,5.520972009E0,7.125883656E0
1.434543688E1,4.113988082E0,3.706607597E0,6.295290127E0,8.384182464E0
1.435539887E1,4.389052216E0,3.170383131E0,6.382275061E0,8.369500792E0
1.436535987E1,4.616976097E0,2.363741605E0,6.807172927E0,8.558115792E0
1.437532087E1,5.148306736E0,1.482517382E0,7.355562817E0,9.099847493E0
1.438528188E1,5.184154261E0,1.359190687E0,7.295099684E0,9.052145278E0
1.439524388E1,6.858170587E0,-4.537832572E-1,8.098401865E0,1.062188947E1
1.440520487E1,7.983124008E0,-1.330785937E0,8.009337076E0,1.138642791E1
1.441516575E1,8.931502626E0,-1.906296676E0,7.560724658E0,1.185623311E1
1.442512675E1,8.884333722E0,-2.105836857E0,7.544629612E0,1.184429696E1
1.443508875E1,9.613031278E0,-2.221245837E0,7.388923522E0,1.232641449E1
1.444504975E1,8.993378447E0,-1.092259738E0,7.794098729E0,1.195081011E1
1.445501075E1,8.952806371E0,-1.217437223E0,7.799285209E0,1.193581774E1
1.446497175E1,5.896548611E0,-4.415931281E-1,8.346800357E0,1.022904522E1
1.447493375E1,4.386772386E0,-5.374335974E-1,8.657307388E0,9.720163479E0
1.448489475E1,4.485604949E0,-5.550687998E-1,8.594781357E0,9.710768235E0
1.449485575E1,1.630619753E0,-1.349590875E0,8.764680394E0,9.016647865E0
1.450481675E1,1.764663956E0,-1.345928179E0,8.688798738E0,8.967763659E0
1.451477875E1,-4.306538647E-1,-1.900062667E0,7.120044572E0,7.381784039E0
1.452473975E1,-8.737690231E-1,-2.132659935E0,5.752528181E0,6.197038904E0
1.453470075E1,-7.609200999E-1,-2.151355238E0,5.692267946E0,6.132637534E0
1.454466175E1,-1.448155050E0,-2.366605864E0,1.896651401E0,3.360842588E0
1.455462375E1,-1.321708427E0,-2.366623113E0,1.836032147E0,3.273962762E0
1.456458475E1,-2.334787070E0,-1.624218222E0,-2.535712311E0,3.810400559E0
1.457454575E1,-2.745994265E0,-1.234845407E0,-4.487818705E0,5.404243186E0
1.458450675E1,-2.590065688E0,-1.173173216E0,-4.545633050E0,5.361674690E0
1.459446875E1,-3.038942108E0,-1.239137263E0,-6.957960924E0,7.693104088E0
1.460442975E1,-2.891514214E0,-1.143837588E0,-7.000654369E0,7.660181491E0
1.461439075E1,-3.771470176E0,-1.154315653E0,-7.336024931E0,8.329087207E0
1.462435175E1,-3.642705716E0,-1.066963952E0,-7.366712288E0,8.287108479E0
1.463431375E1,-3.981226466E0,-8.910498843E-1,-7.297272509E0,8.360282300E0
1.464427475E1,-4.124573589E0,-5.355630000E-1,-8.946113064E0,9.865691763E0
1.465423575E1,-4.022501961E0,-5.536956543E-1,-8.980823890E0,9.856079274E0
1.466419675E1,-3.860466260E0,2.300044669E-1,-1.106137899E1,1.171794381E1
1.467415875E1,-3.620969277E0,5.987458196E-1,-1.201341797E1,1.256153360E1
1.468411975E1,-3.376150743E0,9.209149767E-1,-1.267484448E1,1.314907452E1
1.469408075E1,-3.286974857E0,1.215027147E0,-1.314773337E1,1.360674051E1
1.470404175E1,-3.268482160E0,1.140011171E0,-1.316319224E1,1.361073954E1
1.471400375E1,-3.065985481E0,1.063898111E0,-1.352652535E1,1.391039303E1
1.472396475E1,-2.736161295E0,7.116835474E-1,-1.319960986E1,1.349899154E1
1.473392575E1,-2.269797023E0,3.984028159E-1,-1.275006774E1,1.295665584E1
1.474388675E1,-1.701672194E0,-3.832089722E-2,-1.222481353E1,1.234273967E1
1.475384875E1,-1.704768295E0,-4.322232574E-2,-1.222456093E1,1.234293291E1
1.476380975E1,-7.032776633E-1,-8.648862255E-1,-1.099816124E1,1.105450941E1
1.477377075E1,-2.303957918E-1,-1.108949153E0,-1.036534048E1,1.042703858E1
1.478373175E1,2.259489843E-1,-1.445381716E0,-9.627507230E0,9.738022218E0
1.479369375E1,4.497707516E-1,-1.621344607E0,-8.758804527E0,8.918952226E0
1.480365475E1,3.864956921E-1,-1.606374712E0,-8.738869615E0,8.893686568E0
1.481361575E1,6.583605221E-1,-1.668499770E0,-6.645862865E0,6.883663507E0
1.482357675E1,6.783585843E-1,-1.629823363E0,-5.520086741E0,5.795502755E0
1.483353875E1,5.828846624E-1,-1.530506066E0,-4.351585597E0,4.649569932E0
1.484349975E1,3.974103972E-1,-1.283187555E0,-3.146539355E0,3.421288535E0
1.485346075E1,3.155245274E-1,-1.261222635E0,-3.116274167E0,3.376596355E0
1.486342175E1,7.445610523E-1,-7.313779199E-1,-1.792563361E-1,1.058970092E0
1.487338375E1,8.454942271E-1,-9.110912159E-2,1.246297764E0,1.508780791E0
1.488334475E1,7.509555674E-1,-5.298337519E-2,1.286465212E0,1.490548303E0
1.489330575E1,1.992527319E0,3.006581278E-1,4.691104174E0,5.105587018E0
1.490326675E1,1.886876026E0,3.563348767E-1,4.741241124E0,5.115334112E0
1.491322875E1,3.405656378E0,6.872349501E-2,8.808818686E0,9.444496012E0
1.492318975E1,3.972511775E0,-1.849007995E-1,1.026996303E1,1.101304585E1
1.493315075E1,4.407517723E0,-6.029021667E-1,1.109706689E1,1.195552580E1
1.494311175E1,4.683910344E0,-9.460713065E-1,1.124938452E1,1.222222235E1
1.495307375E1,4.636393531E0,-9.406771038E-1,1.127192787E1,1.222445812E1
1.496303475E1,5.145995332E0,-7.592463344E-1,1.072292461E1,1.191800466E1
1.497299575E1,5.674252675E0,-6.409804045E-1,1.037113390E1,1.183927437E1
1.498295675E1,6.275041219E0,-6.973443474E-1,1.027831286E1,1.206259287E1
1.499291875E1,6.629206486E0,-7.146263780E-1,1.021230481E1,1.219623872E1
1.500287975E1,6.559082583E0,-6.988874276E-1,1.024966852E1,1.218875353E1
1.501284075E1,7.096927021E0,-1.583112442E0,8.422153425E0,1.112678239E1
1.502280175E1,6.270812513E0,-1.118822615E0,7.759196699E0,1.003892360E1
1.503276275E1,5.022748890E0,-1.372873756E0,6.836349948E0,8.593513215E0
1.504272475E1,3.752548293E0,-2.084441310E0,5.744150290E0,7.170897909E0
1.505268575E1,3.749994230E0,-1.984125162E0,5.768023303E0,7.160258529E0
1.506264675E1,1.120547836E0,-2.742127209E0,3.703425835E0,4.742388849E0
1.507260775E1,-1.276926649E-1,-2.600468470E0,2.834054795E0,3.848455308E0
1.508256975E1,-1.250457180E0,-2.443952248E0,1.833805527E0,3.301422188E0
1.509253075E1,-2.265233563E0,-2.120524916E0,8.690120208E-1,3.222280389E0
1.510249175E1,-2.229656764E0,-1.994293470E0,8.885481530E-1,3.120591859E0
1.511245275E1,-3.766980099E0,-1.093699176E0,-1.196994626E0,4.101111201E0
1.512241475E1,-4.073552247E0,-5.554448488E-1,-2.175568850E0,4.651391911E0
1.513237575E1,-4.258225443E0,-1.520276070E-5,-2.817829356E0,5.106138091E0
1.514233675E1,-4.279466039E0,5.065741128E-1,-3.289521904E0,5.421383704E0
1.515229775E1,-4.254598415E0,6.139950657E-1,-3.261773942E0,5.396088108E0
1.516225975E1,-3.757905805E0,1.220577324E0,-3.980761612E0,5.608754590E0
1.517222075E1,-3.427790428E0,1.455414661E0,-4.529164367E0,5.863557701E0
1.518218175E1,-3.088729103E0,1.693913816E0,-5.055219063E0,6.161560782E0
1.519214275E1,-2.639427591E0,2.096928477E0,-5.548201908E0,6.492012897E0
1.520210475E1,-2.601823854E0,2.174631249E0,-5.533081008E0,6.489491034E0
1.521206575E1,-1.963866314E0,2.938654174E0,-6.288743584E0,7.213927857E0
1.522202675E1,-1.923508247E0,3.010793320E0,-6.275641143E0,7.221387135E0
1.523198775E1,-1.532538850E0,3.751946323E0,-6.305875341E0,7.495988284E0
1.524194975E1,-1.267385454E0,4.024126318E0,-5.843264104E0,7.207190430E0
1.525191075E1,-1.272335415E0,4.080235029E0,-5.813840330E0,7.215808665E0
1.526187175E1,-4.756902891E-1,4.675573677E0,-3.294634709E0,5.739502446E0
1.527183275E1,-6.159427732E-2,4.981723655E0,-1.288233994E0,5.145960674E0
1.528179475E1,1.319529462E-1,4.970863037E0,9.393844306E-1,5.060566571E0
1.529175575E1,1.765993613E-1,4.818893025E0,3.198029351E0,5.786217163E0
1.530171675E1,5.440103263E-2,4.801920312E0,3.255895151E0,5.801917907E0
1.531167775E1,9.559928620E-1,3.990157795E0,7.383665705E0,8.447117901E0
1.532163975E1,8.511952624E-1,3.946936639E0,7.422485370E0,8.449623144E0
1.533160075E1,1.642958840E0,2.970012207E0,1.049563983E1,1.103080875E1
1.534156175E1,1.875883260E0,2.226684332E0,1.157380675E1,1.193440673E1
1.535152275E1,1.857486166E0,2.157895348E0,1.155099443E1,1.189673230E1
1.536148475E1,2.269647334E0,-3.629404762E-1,1.188715904E1,1.210733558E1
1.537144575E1,2.292442997E0,-4.588058692E-1,1.182863075E1,1.205745840E1
1.538140675E1,3.430239242E0,-3.648305595E0,1.136607740E1,1.242032167E1
1.539136775E1,3.992891953E0,-4.739705353E0,1.089258157E1,1.253221155E1
1.540132975E1,4.485754053E0,-5.282362926E0,9.638150332E0,1.187094307E1
1.541129075E1,4.826317235E0,-5.499071263E0,7.785302178E0,1.068382201E1
1.542125150E1,4.893757266E0,-5.600624535E0,7.708558057E0,1.071156957E1
1.543121250E1,4.567598992E0,-4.252826124E0,3.136288601E0,6.984683013E0
1.544117450E1,3.924393284E0,-2.937839364E0,1.130115343E0,5.030797498E0
1.545113550E1,3.152278105E0,-1.854772181E0,-3.170863187E-1,3.671182483E0
1.546109650E1,2.492591434E0,-1.184813414E0,-1.366440504E0,3.079602983E0
1.547105750E1,2.496308801E0,-1.177184259E0,-1.365744100E0,3.079379379E0
1.548101950E1,5.544560847E-1,-5.635002655E-1,-2.483436449E0,2.606225373E0
1.549098050E1,-8.679919741E-1,-1.946678424E-1,-2.811257671E0,2.948639572E0
1.550094150E1,-8.641912839E-1,-1.349645546E-1,-2.791957766E0,2.925759760E0
1.551090250E1,-3.366404896E0,5.106873366E-1,-3.598677059E0,4.954186115E0
1.552086450E1,-3.342907275E0,5.725134560E-1,-3.587697158E0,4.937040774E0
1.553082550E1,-4.546991650E0,6.410027701E-1,-4.727955081E0,6.590870721E0
1.554078650E1,-4.749657022E0,8.802442297E-1,-5.504085250E0,7.323184155E0
1.555074750E1,-4.714161792E0,9.169606510E-1,-5.507500609E0,7.307304646E0
1.556070950E1,-4.511720076E0,1.702513609E0,-7.498422575E0,8.915184336E0
1.557067050E1,-4.480666098E0,1.720346739E0,-7.506622126E0,8.909844966E0
1.558063150E1,-4.000964327E0,2.267355518E0,-9.533343084E0,1.058457590E1
1.559059250E1,-4.040109974E0,2.744357045E0,-1.025686527E1,1.136033755E1
1.560055450E1,-4.013515668E0,2.780292571E0,-1.025513449E1,1.135808603E1
1.561051550E1,-3.970106231E0,3.335430733E0,-1.088789561E1,1.205956519E1
1.562047650E1,-3.937879302E0,3.403456655E0,-1.087479200E1,1.205618147E1
1.563043750E1,-2.972056978E0,2.998727298E0,-9.842986482E0,1.071026942E1
1.564039850E1,-2.387843536E0,2.703051437E0,-8.563501092E0,9.292030713E0
1.565036050E1,-1.857180649E0,2.370498355E0,-6.921979498E0,7.548654356E0
1.566032150E1,-1.441221422E0,2.225379526E0,-5.196070887E0,5.833402599E0
1.567028250E1,-1.513673978E0,2.287357381E0,-5.131085517E0,5.818182816E0
1.568024350E1,-5.076119936E-1,2.041243104E0,-1.673697068E0,2.688048590E0
1.569020550E1,-3.604577485E-1,1.901818293E0,-3.155075705E-1,1.961220955E0
1.570016650E1,-5.692486632E-1,1.736084520E0,6.960402721E-1,1.955122902E0
1.571012750E1,-8.160543734E-1,1.714202193E0,2.008782871E0,2.763990326E0
1.572008850E1,-8.799562544E-1,1.704345249E0,2.040061381E0,2.800172526E0
1.573005050E1,-9.469121361E-1,1.881571724E0,4.957134359E0,5.386105811E0
1.574001150E1,-9.202438626E-1,2.431255604E0,6.430835018E0,6.936388945E0
1.574997250E1,-6.937008011E-1,3.355079716E0,7.700842656E0,8.428567987E0
1.575993350E1,-1.530844912E-1,4.027460985E0,8.386436877E0,9.304633273E0
1.576989550E1,-8.278867990E-2,3.959936461E0,8.315392038E0,9.210520913E0
1.577985650E1,1.130226732E0,3.694285175E0,8.460054492E0,9.300412756E0
1.578981750E1,1.809570280E0,2.508121639E0,8.661611524E0,9.197213325E0
1.579977850E1,2.915206254E0,7.690275568E-1,9.225895901E0,9.706028336E0
1.580974050E1,4.137560839E0,-1.096837669E0,9.828725123E0,1.072036847E1
1.581970150E1,4.137868695E0,-1.312447314E0,9.749242167E0,1.067202877E1
1.582966250E1,5.928275018E0,-4.628327297E0,9.510568179E0,1.212504702E1
1.583962350E1,6.009571196E0,-5.645035307E0,8.321334563E0,1.171434926E1
1.584958550E1,6.021861459E0,-5.860859545E0,8.255128294E0,1.177962789E1
1.585954650E1,6.609534114E0,-6.176901551E0,7.213580727E0,1.157047107E1
1.586950750E1,6.594911982E0,-6.314407598E0,7.188167558E0,1.162042857E1
1.587946850E1,6.219310237E0,-5.769289809E0,7.281882053E0,1.117990747E1
1.588943050E1,5.395376741E0,-5.516281373E0,7.681555030E0,1.088787114E1
1.589939150E1,4.363235589E0,-5.365669962E0,7.306592386E0,1.006054329E1
1.590935250E1,3.218983141E0,-4.992166783E0,6.192010757E0,8.580476610E0
1.591931350E1,3.246524696E0,-4.950651551E0,6.187386194E0,8.563446812E0
1.592927550E1,4.893140092E-1,-3.439098358E0,3.597436865E0,5.000837701E0
1.593923650E1,-4.691314673E-1,-2.849180372E0,2.009319060E0,3.517851079E0
1.594919750E1,-1.438232325E0,-2.037513457E0,1.630373293E-1,2.499310801E0
1.595915850E1,-2.289607097E0,-1.065339303E0,-1.725894578E0,3.058751474E0
1.596911950E1,-2.197125195E0,-1.023780949E0,-1.756585443E0,2.993506134E0
1.597908150E1,-2.070932634E0,-3.825173928E-1,-4.385353852E0,4.864813453E0
1.598904250E1,-2.007115245E0,-3.710583119E-1,-4.409366612E0,4.858879480E0
1.599900350E1,-1.467465480E0,2.402119513E-1,-6.951010339E0,7.108284001E0
1.600896450E1,-1.081553924E0,4.708296449E-1,-8.213456358E0,8.297728893E0
1.601892650E1,-1.051597177E0,4.439825928E-1,-8.232099620E0,8.310862851E0
1.602888750E1,-5.956924036E-1,5.856863558E-1,-9.763385997E0,9.799060367E0
1.603884850E1,-5.746213773E-1,5.623884174E-1,-9.777266117E0,9.810270291E0
1.604880950E1,-1.246656490E0,1.023554808E0,-1.062711564E1,1.074883267E1
1.605877150E1,-1.787353199E0,1.009189368E0,-1.063578823E1,1.083203979E1
1.606873250E1,-1.751239918E0,1.033694757E0,-1.064395796E1,1.083647577E1
1.607869350E1,-2.662242841E0,1.234130731E0,-1.023926632E1,1.065144077E1
1.608865450E1,-2.602387818E0,1.280654249E0,-1.025035381E1,1.065280484E1
1.609861650E1,-2.757289624E0,1.374362311E0,-1.011186836E1,1.057078046E1
1.610857750E1,-3.053725916E0,1.784290428E0,-1.016559608E1,1.076328379E1
1.611853850E1,-3.003946230E0,1.819293323E0,-1.017419734E1,1.076326217E1
1.612849950E1,-3.230015083E0,2.003483393E0,-9.697967348E0,1.041621399E1
1.613846150E1,-3.208416637E0,2.035357296E0,-9.697004896E0,1.041482216E1
1.614842250E1,-2.738828795E0,1.711445377E0,-8.003938342E0,8.630947655E0
1.615838350E1,-2.338633954E0,1.678390920E0,-6.781305429E0,7.366974153E0
1.616834450E1,-2.345575476E0,1.711735545E0,-6.769715078E0,7.366193395E0
1.617830650E1,-2.102329843E0,1.716831686E0,-3.629355646E0,4.532055186E0
1.618826750E1,-2.119091179E0,1.749206842E0,-3.614321870E0,4.540219662E0
1.619822850E1,-1.537654287E0,2.000826272E0,6.033051860E-1,2.594544974E0
1.620818950E1,-9.474559271E-1,2.340111837E0,3.059494779E0,3.966649020E0
1.621815050E1,-1.014140498E0,2.339711303E0,3.083599926E0,4.001414554E0
1.622811250E1,-2.604069185E-1,2.685883134E0,5.320918297E0,5.966066669E0
1.623807350E1,8.260955045E-1,2.686271682E0,7.182299293E0,7.712581439E0
1.624803450E1,3.670163656E0,2.173598338E0,9.745694661E0,1.063828912E1
1.625799550E1,5.462202229E0,1.457404030E0,1.074310569E1,1.213976934E1
1.626795750E1,5.392971781E0,1.383425203E0,1.075213145E1,1.210811053E1
1.627791850E1,7.889200183E0,-3.880830650E-1,1.164916684E1,1.407455776E1
1.628787950E1,7.894345148E0,-4.851909913E-1,1.162274678E1,1.405860371E1
1.629784050E1,7.771492224E0,-1.487076602E0,9.753357437E0,1.255927822E1
1.630780250E1,7.013993622E0,-1.628223711E0,8.407161164E0,1.106921758E1
1.631776350E1,6.200814325E0,-1.572894579E0,7.346035949E0,9.741064614E0
1.632772450E1,5.284880152E0,-1.396975248E0,6.968674777E0,8.856857582E0
1.633768550E1,5.296728365E0,-1.467589294E0,6.950678802E0,8.861212418E0
1.634764750E1,4.465648694E0,-1.774203250E0,6.912994666E0,8.418985134E0
1.635760850E1,4.489950307E0,-2.482748231E0,6.671833273E0,8.416475020E0
1.636756950E1,4.093953474E0,-2.913872505E0,5.909904821E0,7.757453385E0
1.637753050E1,3.380821791E0,-3.143682990E0,4.293640859E0,6.304605503E0
1.638749250E1,3.279191628E0,-3.188063649E0,4.331351307E0,6.299004025E0
1.639745350E1,8.451898795E-1,-3.373837877E0,7.622430325E-1,3.560637919E0
1.640741450E1,-8.222196776E-1,-2.987623728E0,-7.140801018E-1,3.179913698E0
1.641737542E1,-2.270938984E0,-2.355428034E0,-1.969565011E0,3.818951613E0
1.642733742E1,-2.214803667E0,-2.254814117E0,-1.977522486E0,3.728288773E0
1.643729842E1,-3.837140255E0,-2.144383456E0,-3.069551405E0,5.361359116E0
1.644725942E1,-4.398498100E0,-1.985166990E0,-3.482121586E0,5.950869202E0
1.645722042E1,-4.797855036E0,-1.923691411E0,-3.919941798E0,6.487368133E0
1.646718242E1,-5.074142992E0,-1.935875547E0,-4.170925344E0,6.847711987E0
1.647714342E1,-4.995255867E0,-1.720781041E0,-4.534048546E0,6.962130765E0
1.648710442E1,-4.520095335E0,-1.493863466E0,-4.912193245E0,6.840506733E0
1.649706542E1,-4.049861668E0,-1.186737733E0,-5.270984829E0,6.752259403E0
1.650702642E1,-3.701413516E0,-7.192401235E-1,-5.765537066E0,6.889062783E0
1.651698842E1,-3.136112015E0,-3.308179200E-1,-6.241485803E0,6.992909558E0
1.652694942E1,-2.492052028E0,-4.908635214E-2,-6.629183097E0,7.082287859E0
1.653691042E1,-2.208824597E0,4.177117838E-1,-6.839072996E0,7.199049151E0
1.654687142E1,-2.312038478E0,8.520372614E-1,-6.921990023E0,7.347478159E0
1.655683342E1,-2.576113940E0,9.653130314E-1,-6.743170474E0,7.282756368E0
1.656679442E1,-2.889496340E0,1.088185252E0,-6.525914252E0,7.219480111E0
1.657675542E1,-2.965171589E0,1.061217601E0,-5.851130363E0,6.644859056E0
1.658671642E1,-2.930848141E0,9.286170754E-1,-4.981820719E0,5.854121469E0
1.659667842E1,-2.690521730E0,7.346766266E-1,-3.893839243E0,4.789638919E0
1.660663942E1,-2.269060273E0,5.740667689E-1,-2.760754684E0,3.619385805E0
1.661660042E1,-1.937155356E0,6.720932928E-1,-1.561616469E0,2.577387488E0
1.662656142E1,-1.917333587E0,7.269363749E-1,-1.551140013E0,2.571116473E0
1.663652342E1,-1.031033104E0,1.095670565E0,8.344087833E-1,1.720395671E0
1.664648442E1,-4.967978606E-1,1.459488416E0,1.467408469E0,2.128427158E0
1.665644542E1,6.865800619E-3,1.821791838E0,1.573403871E0,2.407191804E0
1.666640642E1,4.558530253E-1,2.065668970E0,1.257779941E0,2.461056817E0
1.667636742E1,7.783418790E-1,2.267928545E0,1.298703434E0,2.726893209E0
1.668632942E1,1.011432945E0,2.539201052E0,1.769676189E0,3.256116153E0
1.669629042E1,1.507322440E0,2.218398243E0,2.778937186E0,3.862098340E0
1.670625142E1,2.181837650E0,1.246645088E0,4.082483869E0,4.793872552E0
1.671621242E1,2.768806300E0,3.729243046E-1,4.824959219E0,5.575445483E0
1.672617442E1,3.344922518E0,-5.851209301E-1,5.545902198E0,6.502915065E0
1.673613542E1,3.735302808E0,-1.427583376E0,6.137557976E0,7.325305405E0
1.674609642E1,3.871202625E0,-1.920987220E0,6.435221599E0,7.751675863E0
1.675605742E1,4.165058248E0,-2.410679252E0,6.637415977E0,8.198437383E0
1.676601942E1,4.757294655E0,-2.969481280E0,6.783622681E0,8.801545784E0
1.677598042E1,5.401165484E0,-3.229991401E0,7.232187737E0,9.586968890E0
1.678594142E1,5.670566590E0,-3.011153508E0,8.093054001E0,1.033053212E1
1.679590242E1,5.864747944E0,-2.639321171E0,8.856337838E0,1.094513612E1
1.680586442E1,5.839631814E0,-2.380117610E0,9.613876201E0,1.149751604E1
1.681582542E1,5.128982273E0,-2.159999907E0,1.001492620E1,1.145734723E1
1.682578642E1,5.014275105E0,-2.188182025E0,1.006019300E1,1.145157538E1
1.683574742E1,2.965678543E0,-2.003318355E0,1.010307414E1,1.071823870E1
1.684570842E1,1.718156372E0,-1.891062632E0,9.565485814E0,9.900843300E0
1.685567042E1,6.150993124E-1,-1.804864295E0,8.667770981E0,8.875028792E0
1.686563142E1,-3.662152094E-1,-1.679993496E0,7.251360757E0,7.452430781E0
1.687559242E1,-1.245204042E0,-1.518077224E0,5.300904447E0,5.652847028E0
1.688555342E1,-1.185764171E0,-1.506650888E0,5.276281237E0,5.613838015E0
1.689551542E1,-2.396198330E0,-5.419243321E-1,8.401577657E-1,2.596403953E0
1.690547642E1,-2.637009182E0,1.324043512E-1,-1.268361062E0,2.929178746E0
1.691543742E1,-2.678196969E0,9.848846854E-1,-2.987760553E0,4.131519088E0
1.692539842E1,-2.616323780E0,1.836591433E0,-4.480528396E0,5.503939764E0
1.693536042E1,-2.610092110E0,2.533992060E0,-5.631710088E0,6.704465310E0
1.694532142E1,-2.814170169E0,3.023567147E0,-6.300592967E0,7.533855836E0
1.695528242E1,-3.160273587E0,3.332877254E0,-6.684108333E0,8.110037247E0
1.696524342E1,-3.422731124E0,3.384291821E0,-6.977143300E0,8.476381781E0
1.697520542E1,-3.693380026E0,3.197544325E0,-7.142485601E0,8.653348848E0
1.698516642E1,-3.980005859E0,3.070658868E0,-7.406468092E0,8.951265951E0
1.699512742E1,-4.224020109E0,2.961915567E0,-7.748758249E0,9.309057101E0
1.700508842E1,-4.457250338E0,2.850648023E0,-8.124129614E0,9.695089309E0
1.701505042E1,-4.438647130E0,2.641746012E0,-8.551576865E0,9.990489338E0
1.702501142E1,-4.365667154E0,2.609063585E0,-8.588385088E0,9.981313586E0
1.703497242E1,-4.228377454E0,2.521300678E0,-9.319185888E0,1.053960904E1
1.704493342E1,-4.161929403E0,2.415490779E0,-9.728783344E0,1.085382317E1
1.705489442E1,-3.942223783E0,2.111569321E0,-1.006264883E1,1.101166449E1
1.706485642E1,-3.601822569E0,1.816310658E0,-1.044108648E1,1.119322996E1
1.707481742E1,-3.206802806E0,1.559026299E0,-1.062411719E1,1.120651656E1
1.708477842E1,-2.750026798E0,1.199624996E0,-1.059844674E1,1.101493626E1
1.709473942E1,-2.278677189E0,7.118692696E-1,-1.044061051E1,1.071006421E1
1.710470142E1,-1.859496731E0,1.833572808E-1,-9.993808393E0,1.016698353E1
1.711466242E1,-1.421974727E0,-3.080500317E-1,-9.252202524E0,9.365904040E0
1.712462342E1,-9.987281147E-1,-6.116832228E-1,-8.583680418E0,8.663208628E0
1.713458442E1,-5.541058365E-1,-8.861968414E-1,-7.585067201E0,7.656737071E0
1.714454642E1,-1.768771040E-1,-9.348629250E-1,-6.524712065E0,6.593718354E0
1.715450742E1,3.307117930E-1,-9.039153667E-1,-5.405052128E0,5.490083951E0
1.716446842E1,5.922600880E-1,-7.875372103E-1,-4.029199362E0,4.147943390E0
1.717442942E1,4.854548469E-1,-3.806047685E-1,-2.663612552E0,2.734110134E0
1.718439142E1,5.015241650E-1,-1.934019202E-1,-1.020971800E0,1.153825900E0
1.719435242E1,7.386161882E-1,-2.575713113E-1,1.115390300E0,1.362348110E0
1.720431342E1,1.251371393E0,-5.537969573E-1,3.590475755E0,3.842412989E0
1.721427442E1,2.051887667E0,-1.150273473E0,6.260594503E0,6.687930591E0
1.722423542E1,1.930098936E0,-1.138299398E0,6.307216693E0,6.693428855E0
1.723419742E1,3.789049537E0,-2.079730208E0,1.074445991E1,1.158126041E1
1.724415842E1,4.561246577E0,-2.361130093E0,1.214973177E1,1.319075008E1
1.725411942E1,5.408067538E0,-2.750222095E0,1.274636177E1,1.411668001E1
1.726408042E1,6.514785247E0,-3.027668969E0,1.275140675E1,1.463583207E1
1.727404242E1,7.718762033E0,-3.143232170E0,1.249405676E1,1.501867671E1
1.728400342E1,8.720606421E0,-3.060953075E0,1.211447072E1,1.523741484E1
1.729396442E1,9.606320429E0,-2.707652611E0,1.152153499E1,1.524331143E1
1.730392542E1,9.951324863E0,-2.181653024E0,1.049822430E1,1.462877951E1
1.731388742E1,9.474765093E0,-1.633510324E0,8.816929944E0,1.304522070E1
1.732384842E1,8.204361014E0,-1.080937043E0,6.631752949E0,1.060472120E1
1.733380942E1,6.370201730E0,-5.427756136E-1,4.563593942E0,7.854964361E0
1.734377042E1,4.736380919E0,-2.462546832E-1,3.019536662E0,5.622414715E0
1.735373142E1,3.647306890E0,-3.049045951E-1,2.004784545E0,4.173125380E0
1.736369342E1,2.843779884E0,-5.015447764E-1,1.668118824E0,3.334854060E0
1.737365442E1,1.910966554E0,-7.146483050E-1,1.862932847E0,2.762794629E0
1.738361542E1,7.947026807E-1,-8.571826650E-1,2.030171986E0,2.342629455E0
1.739357642E1,-3.134540284E-1,-1.005387947E0,1.715295330E0,2.012783252E0
1.740353842E1,-1.609797234E0,-1.195494669E0,9.598964632E-1,2.223073516E0
1.741349942E1,-3.000004622E0,-1.276006735E0,-3.068384886E-1,3.274503135E0
1.742346037E1,-4.224829071E0,-1.158346285E0,-1.753624998E0,4.718701880E0
1.743342137E1,-5.267247289E0,-9.453895211E-1,-3.208524519E0,6.239574099E0
1.744338338E1,-6.095649227E0,-5.211642314E-1,-4.419835467E0,7.547416592E0
1.745334438E1,-6.683940518E0,3.669347093E-2,-5.223035322E0,8.482718033E0
1.746330537E1,-6.921467282E0,5.927497923E-1,-5.810953560E0,9.056778838E0
1.747326637E1,-6.881562374E0,1.060843964E0,-6.158741269E0,9.295772407E0
1.748322737E1,-6.559893592E0,1.467844233E0,-6.238397888E0,9.170843955E0
1.749318938E1,-6.316644743E0,1.907880832E0,-6.094479784E0,8.982354587E0
1.750315038E1,-6.087659007E0,2.356704189E0,-5.957713410E0,8.837872815E0
1.751311138E1,-5.689774693E0,2.635531006E0,-6.024023175E0,8.695309940E0
1.752307238E1,-5.149134702E0,2.641334952E0,-6.145620117E0,8.441497802E0
1.753303437E1,-4.657726805E0,2.596715727E0,-6.360409983E0,8.300130523E0
1.754299537E1,-4.126534452E0,2.661579475E0,-6.609305488E0,8.233784726E0
1.755295638E1,-4.142539451E0,2.651721362E0,-6.604353481E0,8.234667218E0
1.756291738E1,-2.940764434E0,3.007966776E0,-6.769323315E0,7.969924575E0
1.757287937E1,-2.251706614E0,3.122929175E0,-6.410478521E0,7.477774012E0
1.758284037E1,-1.430109373E0,3.120882650E0,-5.637270790E0,6.600298727E0
1.759280137E1,-6.266311911E-1,3.058187049E0,-4.673126909E0,5.619901226E0
1.760276237E1,2.484394222E-2,2.811100380E0,-3.471107771E0,4.466709273E0
1.761272438E1,2.700355285E-1,2.616070888E0,-2.187980735E0,3.421111774E0
1.762268538E1,5.349696538E-1,2.476405172E0,-8.372242177E-1,2.668280251E0
1.763264637E1,1.081599533E0,2.197922463E0,5.670986420E-1,2.514422712E0
1.764260737E1,1.818637850E0,1.795143737E0,1.922867392E0,3.198031218E0
1.765256837E1,2.695364394E0,1.310795476E0,3.408755987E0,4.539029783E0
1.766253038E1,3.416573422E0,8.689839542E-1,4.747775972E0,5.913500126E0
1.767249138E1,3.904226237E0,4.450508791E-1,5.471917378E0,6.736685579E0
1.768245238E1,4.075965393E0,-8.293135196E-2,5.642982935E0,6.961582284E0
1.769241338E1,4.094059894E0,-7.303572884E-1,5.563174288E0,6.945765353E0
1.770237537E1,4.320320827E0,-1.439156039E0,5.522908022E0,7.158132101E0
1.771233637E1,4.857484941E0,-2.162586716E0,5.833733143E0,7.893312589E0
1.772229738E1,5.488211814E0,-2.659974999E0,6.358380414E0,8.810501541E0
1.773225838E1,6.146164493E0,-2.762484583E0,7.176964293E0,9.844565786E0
1.774222037E1,6.588934373E0,-2.752225643E0,7.962790900E0,1.069555240E1
1.775218137E1,6.429990680E0,-2.715941623E0,8.124488633E0,1.071113601E1
1.776214237E1,5.764254187E0,-2.521143681E0,7.547303544E0,9.825710283E0
1.777210337E1,5.745524386E0,-2.535122034E0,7.555299611E0,9.824481992E0
1.778206438E1,3.848198801E0,-1.402000784E0,6.048852206E0,7.304988243E0
1.779202638E1,3.208904003E0,-7.632695112E-1,5.481907931E0,6.397730833E0
1.780198737E1,2.904051229E0,-2.373677194E-1,5.269524195E0,6.021440211E0
1.781194837E1,2.775790215E0,2.206870750E-1,5.065899587E0,5.780748457E0
1.782190937E1,2.713233778E0,4.976385440E-1,4.858657892E0,5.587113581E0
1.783187138E1,2.488760338E0,7.149016356E-1,4.657807789E0,5.329182467E0
1.784183238E1,2.312681964E0,7.983041270E-1,4.230686812E0,4.887176920E0
1.785179338E1,2.283927112E0,7.698536222E-1,4.240609537E0,4.877680483E0
1.786175437E1,2.080270345E0,4.033369888E-1,3.325412698E0,3.943168149E0
1.787171637E1,1.859719802E0,8.636410609E-2,2.697393671E0,3.277491284E0
1.788167738E1,1.572537898E0,-2.102619280E-1,1.987586714E0,2.543144995E0
1.789163838E1,1.180770357E0,-3.980069594E-1,1.217794926E0,1.742312445E0
1.790159938E1,8.369698638E-1,-5.930325052E-1,5.652778190E-1,1.171215231E0
1.791156038E1,5.063419783E-1,-7.245412092E-1,5.545499325E-2,8.856734269E-1
1.792152237E1,-8.129150033E-2,-6.850391744E-1,-3.568099630E-1,7.766597248E-1
1.793148337E1,-7.168785793E-1,-6.631447139E-1,-7.510111159E-1,1.231947038E0
1.794144437E1,-1.330447383E0,-7.975862351E-1,-1.188145450E0,1.953950780E0
1.795140538E1,-2.010791389E0,-8.973337407E-1,-1.620586808E0,2.734006484E0
1.796136738E1,-2.823062029E0,-8.750647661E-1,-2.172522451E0,3.668142768E0
1.797132837E1,-3.824173762E0,-7.236557946E-1,-2.812732338E0,4.802025185E0
1.798128937E1,-4.791537704E0,-5.056593159E-1,-3.475230643E0,5.940686234E0
1.799125037E1,-5.509193378E0,-2.889211580E-1,-3.967837511E0,6.795470670E0
1.800121137E1,-6.067195507E0,1.663532853E-2,-4.349922649E0,7.465451433E0
1.801117338E1,-6.551892262E0,4.225426072E-1,-4.525783507E0,7.974242962E0
1.802113438E1,-6.896358753E0,8.609346771E-1,-4.749586270E0,8.417811016E0
1.803109537E1,-7.097317615E0,1.293621911E0,-5.055689179E0,8.809390901E0
1.804105637E1,-7.169354142E0,1.650533323E0,-5.221989255E0,9.021810841E0
1.805101838E1,-7.114373358E0,2.013554491E0,-5.218541737E0,9.049966178E0
1.806097938E1,-6.868485661E0,2.455336484E0,-5.403700837E0,9.077706498E0
1.807094038E1,-6.513302393E0,2.698287418E0,-5.727695641E0,9.083521366E0
1.808090138E1,-6.246005116E0,2.858547612E0,-6.127714189E0,9.205039681E0
1.809086337E1,-6.067584347E0,3.124810809E0,-6.635616204E0,9.519003351E0
1.810082437E1,-6.009309826E0,3.138739754E0,-6.665533483E0,9.507514314E0
1.811078537E1,-5.365154822E0,3.237968758E0,-7.389042220E0,9.688512418E0
1.812074638E1,-4.924408078E0,3.184552981E0,-7.217628754E0,9.299749322E0
1.813070738E1,-4.293765697E0,2.936134609E0,-6.444889385E0,8.282144015E0
1.814066937E1,-3.684711529E0,2.677725684E0,-5.404040560E0,7.067599894E0
1.815063037E1,-3.191061224E0,2.328149019E0,-4.015758952E0,5.632891757E0
1.816059137E1,-2.801639001E0,1.899639036E0,-2.458466499E0,4.183523286E0
1.817055237E1,-2.345932741E0,1.647198071E0,-1.124651120E0,3.079204776E0
1.818051438E1,-1.575367074E0,1.327223521E0,-1.774688423E-2,2.060004525E0
1.819047538E1,-3.597256771E-1,7.471037140E-1,8.842212135E-1,1.212193745E0
1.820043637E1,1.041734971E0,1.760199022E-1,1.627867177E0,1.940656152E0
1.821039737E1,2.309668017E0,1.039722651E-2,2.497867962E0,3.402060964E0
1.822035938E1,2.286425335E0,-4.192102790E-2,2.492663355E0,3.382730965E0
1.823032038E1,4.273076494E0,2.017675316E-1,4.627713339E0,6.302033292E0
1.824028138E1,4.778552207E0,-5.042141765E-2,5.225112253E0,7.080882824E0
1.825024238E1,4.654840035E0,-4.420866331E-1,5.235471765E0,7.019482954E0
1.826020337E1,4.186400585E0,-1.119257940E0,5.361549429E0,6.893830610E0
1.827016537E1,3.903564332E0,-1.837144287E0,5.632791238E0,7.095156852E0
1.828012638E1,4.027734634E0,-2.343098595E0,5.952110608E0,7.559125479E0
1.829008738E1,4.374920665E0,-2.680499895E0,6.377980281E0,8.185575299E0
1.830004838E1,4.784006490E0,-3.016275377E0,6.729807247E0,8.790616635E0
1.831001037E1,5.124422030E0,-3.302790406E0,6.858921955E0,9.176760648E0
1.831997137E1,5.462178256E0,-3.437888277E0,6.798897947E0,9.374405602E0
1.832993237E1,5.733090867E0,-3.489255189E0,6.539224269E0,9.370415504E0
1.833989337E1,5.943598816E0,-3.318129114E0,6.027463676E0,9.092121099E0
1.834985438E1,5.872431185E0,-3.439766403E0,6.034469225E0,9.095727555E0
1.835981638E1,5.818980033E0,-2.560007784E0,4.049888565E0,7.537623357E0
1.836977737E1,5.205297793E0,-2.237367049E0,3.041991139E0,6.430757849E0
1.837973837E1,4.011071824E0,-1.953319399E0,2.223897257E0,4.984964680E0
1.838969937E1,2.860048884E0,-1.710332944E0,1.651365382E0,3.719156628E0
1.839966138E1,1.958081956E0,-1.744708725E0,1.594843272E0,3.069465514E0
1.840962238E1,1.124015235E0,-1.979172571E0,1.490041872E0,2.720433622E0
1.841958350E1,5.586844987E-1,-2.191893253E0,1.105557037E0,2.517693540E0
1.842954450E1,3.901335374E-1,-2.341128961E0,9.059208155E-1,2.540429395E0
1.843950550E1,6.514532062E-1,-2.580168691E0,1.055245839E0,2.862726941E0
1.844946750E1,9.291231519E-1,-2.765639448E0,1.551214857E0,3.304284933E0
1.845942850E1,1.189282441E0,-2.734902390E0,1.904426444E0,3.538491753E0
1.846938950E1,1.166647284E0,-2.549190727E0,2.066993657E0,3.483088002E0
1.847935050E1,6.073198843E-1,-2.250654116E0,1.693359500E0,2.881275375E0
1.848931250E1,-7.860236585E-2,-1.842581467E0,7.103057241E-1,1.976314503E0
1.849927350E1,-7.425931719E-1,-1.373753762E0,-5.423584878E-1,1.653117282E0
1.850923450E1,-1.020107289E0,-1.017757878E0,-1.587007418E0,2.143605030E0
1.851919550E1,-1.162232344E0,-7.244024840E-1,-2.131884887E0,2.533865851E0
1.852915650E1,-1.168537982E0,-8.445016623E-2,-2.616483994E0,2.866810306E0
1.853911850E1,-1.293093615E0,6.419792551E-1,-2.829283467E0,3.176330178E0
1.854907950E1,-1.661978663E0,1.307545301E0,-3.086724093E0,3.741619090E0
1.855904050E1,-2.246312266E0,1.854571036E0,-3.741284217E0,4.741577809E0
1.856900150E1,-2.782260451E0,2.142424493E0,-4.524241011E0,5.727103339E0
1.857896350E1,-3.051332651E0,2.297823312E0,-5.270732229E0,6.509319561E0
1.858892450E1,-3.278128020E0,2.562159852E0,-5.761796603E0,7.106974498E0
1.859888550E1,-3.263378126E0,2.605691203E0,-5.753528640E0,7.109314682E0
1.860884650E1,-3.657024086E0,3.386904942E0,-5.951099625E0,7.762766066E0
1.861880850E1,-3.664612017E0,3.712407158E0,-6.103213770E0,8.028733802E0
1.862876950E1,-3.636755882E0,3.925247854E0,-6.310518031E0,8.273826314E0
1.863873050E1,-3.710907055E0,4.080675910E0,-6.533534344E0,8.550427947E0
1.864869150E1,-3.644776508E0,4.064311892E0,-6.492778666E0,8.482876974E0
1.865865250E1,-3.476307700E0,3.947244787E0,-5.824430807E0,7.847894677E0
1.866861450E1,-3.177686011E0,3.795493461E0,-4.480803216E0,6.676904706E0
1.867857550E1,-2.740715399E0,3.677916479E0,-2.799493657E0,5.373616591E0
1.868853650E1,-2.171758804E0,3.414414630E0,-1.029458449E0,4.175469826E0
1.869849750E1,-1.364062733E0,2.976050626E0,4.619440699E-1,3.306196727E0
1.870845950E1,-5.793915358E-1,2.763998135E0,1.244797368E0,3.086243789E0
1.871842050E1,-1.497316977E-1,2.627344320E0,1.776858909E0,3.175308700E0
1.872838150E1,2.392174861E-1,2.482037502E0,2.466708734E0,3.507475894E0
1.873834250E1,7.008998930E-1,2.526248300E0,3.373892548E0,4.272744090E0
1.874830350E1,1.059338890E0,2.458168583E0,4.593398370E0,5.316399181E0
1.875826550E1,1.340439105E0,1.999612098E0,6.015423675E0,6.479239733E0
1.876822650E1,2.005141517E0,1.202809097E0,7.532258073E0,7.886840553E0
1.877818750E1,3.255720027E0,1.311857915E-1,9.003451445E0,9.574918304E0
1.878814850E1,4.967041882E0,-1.375269215E0,9.903050251E0,1.116392739E1
1.879811050E1,6.918993909E0,-2.900546992E0,1.036518143E1,1.279541464E1
1.880807150E1,8.641743854E0,-3.920258718E0,1.061484468E1,1.423808599E1
1.881803250E1,9.868191490E0,-4.224246104E0,1.058108753E1,1.507265311E1
1.882799350E1,9.805258493E0,-4.362904637E0,1.058376439E1,1.507295922E1
1.883795450E1,9.953793558E0,-3.114517663E0,1.016672927E1,1.456504756E1
1.884791650E1,8.928357409E0,-2.404964183E0,9.474420108E0,1.323873314E1
1.885787750E1,7.304494405E0,-1.838610038E0,8.544979452E0,1.139090862E1
1.886783850E1,5.485872343E0,-1.453154712E0,7.896360683E0,9.724143460E0
1.887779950E1,3.876161941E0,-1.293597791E0,7.467782580E0,8.512684847E0
1.888776150E1,3.945963078E0,-1.275635876E0,7.427664249E0,8.506942323E0
1.889772250E1,1.397288659E0,-1.287654389E0,6.588297027E0,6.856830692E0
1.890768350E1,5.710484362E-1,-1.154428065E0,5.537120265E0,5.684936350E0
1.891764450E1,-1.922272146E-2,-9.987874639E-1,4.028179607E0,4.150202026E0
1.892760550E1,-5.231003907E-1,-6.831562248E-1,2.233877285E0,2.393855503E0
1.893756750E1,-4.635453299E-1,-6.846653911E-1,2.199352984E0,2.349637104E0
1.894752850E1,-1.724400322E0,3.275677451E-1,-1.375170397E0,2.229787146E0
1.895748950E1,-2.325752538E0,7.648750104E-1,-2.692193157E0,3.638964501E0
1.896745050E1,-2.907659253E0,9.938155764E-1,-3.747153652E0,4.845958339E0
1.897741250E1,-3.441254227E0,1.085086812E0,-4.617422240E0,5.860053940E0
1.898737350E1,-3.318370897E0,1.110674520E0,-4.674179408E0,5.838932816E0
1.899733450E1,-4.578414295E0,1.423233486E0,-6.510445443E0,8.085380070E0
1.900729550E1,-4.897465863E0,1.632969018E0,-7.676802413E0,9.251219108E0
1.901725650E1,-5.242522337E0,1.941682417E0,-8.876279182E0,1.049011455E1
1.902721850E1,-5.096710321E0,1.913964422E0,-8.944988059E0,1.047151027E1
1.903717950E1,-5.336646137E0,2.177193060E0,-1.003347357E1,1.157110856E1
1.904714050E1,-5.605924451E0,2.408913831E0,-1.184196357E1,1.332146223E1
1.905710150E1,-5.629789862E0,2.344021432E0,-1.237173534E1,1.379307093E1
1.906706350E1,-5.537907300E0,2.371173124E0,-1.256323867E1,1.393290512E1
1.907702450E1,-5.357049412E0,2.451309507E0,-1.254962636E1,1.386362212E1
1.908698550E1,-5.219936298E0,2.435292960E0,-1.259627310E1,1.385079358E1
1.909694650E1,-4.692770922E0,2.154539485E0,-1.211176697E1,1.316658795E1
1.910690750E1,-4.051367911E0,1.843282840E0,-1.170504985E1,1.252275790E1
1.911686950E1,-3.373374192E0,1.513289232E0,-1.126692149E1,1.185804442E1
1.912683050E1,-2.627966171E0,1.031831103E0,-1.059018931E1,1.096006347E1
1.913679150E1,-1.765904882E0,4.969886260E-1,-9.817839947E0,9.987762460E0
1.914675250E1,-9.745111401E-1,-1.328040084E-1,-9.007323471E0,9.060860058E0
1.915671450E1,-3.875068219E-1,-7.066710949E-1,-8.042356303E0,8.082638212E0
1.916667550E1,1.428806613E-1,-1.073449099E0,-6.971885483E0,7.055486875E0
1.917663650E1,7.787318882E-1,-1.419619761E0,-6.050653734E0,6.263557633E0
1.918659750E1,7.509505972E-1,-1.472541594E0,-6.051357738E0,6.273056354E0
1.919655850E1,1.484812414E0,-1.693154263E0,-4.449420040E0,4.986860531E0
1.920652050E1,1.648607835E0,-1.612678303E0,-3.958339294E0,4.581166781E0
1.921648150E1,1.752899358E0,-1.611072658E0,-3.584716832E0,4.303301760E0
1.922644250E1,1.749277593E0,-1.656484035E0,-3.589438459E0,4.322959623E0
1.923640350E1,1.709727319E0,-1.535465966E0,-3.024371139E0,3.798373866E0
1.924636550E1,1.624404748E0,-1.232704449E0,-8.109462458E-1,2.194512442E0
1.925632650E1,1.614691061E0,-1.222187062E0,6.659791517E-1,2.131782509E0
1.926628750E1,1.591054861E0,-1.236456169E0,2.296447170E0,3.055151229E0
1.927624850E1,1.658528221E0,-1.476534804E0,4.182190005E0,4.735143517E0
1.928620950E1,2.009191591E0,-1.808738367E0,5.997659833E0,6.578777152E0
1.929617150E1,2.526611997E0,-2.073936056E0,7.541141163E0,8.219111204E0
1.930613250E1,3.188786073E0,-2.218504955E0,8.454860410E0,9.304557239E0
1.931609350E1,3.702060218E0,-2.090689644E0,8.748687674E0,9.727063743E0
1.932605450E1,3.905261194E0,-1.606768230E0,8.472316688E0,9.466410048E0
1.933601650E1,3.900202475E0,-1.627028247E0,8.470964811E0,9.466575152E0
1.934597750E1,4.197026438E0,-5.918408427E-1,7.253455229E0,8.401066555E0
1.935593850E1,4.669627351E0,-3.082533686E-1,6.960079370E0,8.387082006E0
1.936589950E1,4.928800507E0,6.436614990E-3,6.798812578E0,8.397438200E0
1.937586050E1,4.987790142E0,1.430930614E-1,6.706387979E0,8.359076854E0
1.938582250E1,4.981379254E0,1.366530843E-1,6.488095046E0,8.180965143E0
1.939578350E1,4.927471434E0,-9.505803868E-2,6.165261499E0,7.893000705E0
1.940574450E1,4.674788688E0,-3.590808754E-1,5.734250370E0,7.407038251E0
1.941570550E1,4.149388587E0,-4.297232804E-1,5.166488069E0,6.640383024E0
1.942566704E1,4.134093440E0,-3.759620793E-1,5.179884624E0,6.638017835E0
1.943562804E1,2.109505253E0,-4.964239311E-1,3.640013950E0,4.236289732E0
1.944558904E1,1.098507926E0,-6.076635544E-1,2.980386629E0,3.233988113E0
1.945555004E1,1.134092034E0,-5.284095164E-1,2.981799901E0,3.233653044E0
1.946551104E1,-9.398437294E-1,-4.230868368E-1,1.733353286E0,2.016636388E0
1.947547304E1,-1.512872618E0,-3.965265906E-1,1.122171900E0,1.924912119E0
1.948543404E1,-1.890824066E0,-2.646673460E-1,6.595255798E-1,2.019960010E0
1.949539504E1,-2.099427870E0,-3.488872781E-2,1.847135425E-1,2.107826771E0
1.950535604E1,-2.075626194E0,1.324853352E-1,-1.134991336E-1,2.082944673E0
1.951531704E1,-1.927054876E0,2.525234100E-1,-2.122094893E-1,1.955080928E0
1.952527904E1,-1.616606316E0,4.201600130E-1,-3.437344193E-2,1.670668115E0
1.953524004E1,-1.208220403E0,4.930600280E-1,3.397916418E-1,1.348466942E0
1.954520104E1,-7.645795798E-1,5.212748900E-1,7.607210022E-1,1.197917313E0
1.955516204E1,-8.184920776E-1,5.634824315E-1,7.887905610E-1,1.268712844E0
1.956512404E1,-3.477520412E-1,6.840129881E-1,1.740536005E0,1.902175291E0
1.957508504E1,-3.174172711E-1,6.911534616E-1,1.751166828E0,1.909196714E0
1.958504604E1,-4.162735149E-1,6.355115037E-1,1.385077334E0,1.579746097E0
1.959500704E1,-5.749312797E-1,6.291644973E-1,7.210774648E-1,1.116398966E0
1.960496804E1,-8.314229026E-1,7.290868346E-1,-1.675040174E-1,1.118431603E0
1.961493004E1,-9.201365662E-1,7.221989608E-1,-9.944453216E-1,1.535299364E0
1.962489104E1,-9.163990259E-1,7.745534679E-1,-9.815218055E-1,1.550195247E0
1.963485204E1,-1.161019632E0,6.937005088E-1,-1.275086530E0,1.858771809E0
1.964481304E1,-1.295122014E0,6.028914955E-1,-9.612325519E-1,1.721855745E0
1.965477504E1,-1.355944459E0,3.923569411E-1,-7.219516236E-1,1.585478947E0
1.966473604E1,-1.456882312E0,1.736862785E-1,-6.069094098E-1,1.587769513E0
1.967469704E1,-1.551065753E0,1.309571654E-2,-6.385048395E-1,1.677398253E0
1.968465804E1,-1.371433733E0,-1.246977210E-1,-8.202865881E-1,1.602888048E0
1.969461904E1,-1.080590596E0,-2.189586380E-1,-7.184392011E-1,1.315968771E0
1.970458104E1,-9.167542443E-1,-1.068043640E-1,-3.212869585E-1,9.772772515E-1
1.971454204E1,-7.897363481E-1,1.916427854E-1,-2.623938024E-2,8.130799234E-1
1.972450304E1,-8.648701456E-1,5.528931239E-1,1.020116937E-1,1.031551046E0
1.973446404E1,-9.546956572E-1,7.729092309E-1,2.794969082E-3,1.228348602E0
1.974442504E1,-1.017449730E0,8.815142450E-1,-3.448132306E-1,1.389664521E0
1.975438704E1,-1.217441462E0,1.171975267E0,-8.826506513E-1,1.906505157E0
1.976434804E1,-1.256765157E0,1.535242603E0,-1.222268046E0,2.330314933E0
1.977430904E1,-1.013308732E0,1.758621444E0,-1.331750143E0,2.427571299E0
1.978427004E1,-8.140698284E-1,1.906033551E0,-1.140860771E0,2.365848026E0
1.979423204E1,-6.312092686E-1,2.228607774E0,-7.277111310E-1,2.427896464E0
1.980419304E1,-3.541006556E-1,2.483233843E0,7.942273021E-3,2.508366136E0
1.981415404E1,1.675332534E-1,2.314491677E0,1.360127265E0,2.689774208E0
1.982411504E1,8.131787127E-1,2.024635549E0,3.005574680E0,3.714012370E0
1.983407604E1,1.467703169E0,1.748093970E0,4.765912281E0,5.284307428E0
1.984403804E1,2.055057443E0,1.340278014E0,6.263031038E0,6.726452559E0
1.985399904E1,2.646379053E0,4.766834387E-1,7.017416582E0,7.514964050E0
1.986396004E1,3.001545364E0,-2.849321875E-1,7.026451700E0,7.646011013E0
1.987392104E1,3.116021859E0,-6.866619229E-1,6.714088177E0,7.433712187E0
1.988388304E1,3.271293502E0,-1.145111404E0,6.436055412E0,7.309955579E0
1.989384404E1,3.562652364E0,-1.797452949E0,6.406151581E0,7.547324496E0
1.990380504E1,3.846902474E0,-2.301498872E0,6.391835259E0,7.807119422E0
1.991376604E1,4.058954965E0,-2.599967948E0,6.259113404E0,7.900091730E0
1.992372704E1,4.292049832E0,-2.823845556E0,6.112994408E0,7.985267442E0
1.993368904E1,4.364002159E0,-2.630197468E0,5.959323733E0,7.840662786E0
1.994365004E1,4.219559853E0,-2.168912380E0,5.880188686E0,7.555493713E0
1.995361104E1,3.996797309E0,-1.936616681E0,5.589686733E0,7.139290628E0
1.996357204E1,3.462034062E0,-1.861408186E0,4.976034899E0,6.341249372E0
1.997353304E1,2.307691073E0,-1.680289219E0,4.260214666E0,5.128180862E0
1.998349504E1,9.398510385E-1,-1.412251976E0,3.623785588E0,4.001199521E0
1.999345604E1,-3.292836106E-1,-1.174833679E0,3.007224180E0,3.245313411E0
2.000341704E1,-1.430282743E0,-8.443021260E-1,2.261497192E0,2.805873190E0
2.001337804E1,-2.355994045E0,-2.945521729E-1,1.442060205E0,2.777950063E0
2.002334004E1,-2.923588530E0,1.169315954E-1,4.778648686E-1,2.964691843E0
2.003330104E1,-3.231735334E0,3.211469176E-1,-7.491674888E-1,3.332941724E0
2.004326204E1,-3.614100260E0,5.723042719E-1,-2.128836733E0,4.233343679E0
2.005322304E1,-3.940816943E0,9.748543717E-1,-3.618977423E0,5.438508694E0
2.006318404E1,-4.130808475E0,1.455933016E0,-5.200801284E0,6.799386267E0
2.007314604E1,-4.137923951E0,1.869902582E0,-6.776206657E0,8.156955741E0
2.008310704E1,-4.034845726E0,2.146038364E0,-8.153683196E0,9.347085661E0
2.009306804E1,-3.886030871E0,2.256587139E0,-9.326936957E0,1.035302731E1
2.010302904E1,-3.756840150E0,2.301125235E0,-1.020058231E1,1.111129627E1
2.011299004E1,-3.684792513E0,2.320393418E0,-1.080472599E1,1.164920706E1
2.012295204E1,-3.581841756E0,2.237162689E0,-1.122381348E1,1.199201719E1
2.013291304E1,-3.325430825E0,2.036800243E0,-1.145492467E1,1.210051010E1
2.014287404E1,-3.096995604E0,1.760646334E0,-1.163501424E1,1.216818859E1
2.015283504E1,-3.012473225E0,1.546523051E0,-1.173480750E1,1.221361681E1
2.016279704E1,-2.916743195E0,1.393404939E0,-1.181375543E1,1.224801150E1
2.017275804E1,-2.751161157E0,1.025006744E0,-1.180827659E1,1.216778216E1
2.018271904E1,-2.398435328E0,5.706544069E-1,-1.180618095E1,1.206084770E1
2.019268004E1,-1.983662501E0,1.563795434E-1,-1.170855818E1,1.187643491E1
2.020264104E1,-1.624493479E0,-2.234136316E-1,-1.147758380E1,1.159412880E1
2.021260304E1,-1.127998651E0,-7.314222857E-1,-1.082223255E1,1.090541503E1
2.022256404E1,-1.080401000E0,-7.353947378E-1,-1.083193074E1,1.091049015E1
2.023252504E1,-3.905209154E-2,-1.774345776E0,-8.989770715E0,9.163285737E0
2.024248604E1,1.707872289E-1,-1.963322523E0,-7.485874450E0,7.740937921E0
2.025244704E1,4.010824487E-1,-1.847126654E0,-5.813657312E0,6.113211542E0
2.026240904E1,7.047568627E-1,-1.746146409E0,-4.197537777E0,4.600547022E0
2.027237004E1,1.016925673E0,-1.603465284E0,-2.455769178E0,3.104197319E0
2.028233104E1,1.551441437E0,-1.247631221E0,-1.373867637E-1,1.995602495E0
2.029229204E1,2.306543557E0,-1.084040745E0,2.329713149E0,3.452948142E0
2.030225404E1,2.923642617E0,-9.199035546E-1,4.619207979E0,5.543554010E0
2.031221504E1,3.719942465E0,-8.102206794E-1,6.652110030E0,7.664528514E0
2.032217604E1,4.420824232E0,-9.787662321E-1,8.203427213E0,9.370052736E0
2.033213704E1,4.682662256E0,-1.416740007E0,9.941763496E0,1.108030412E1
2.034209804E1,4.739631971E0,-1.787171790E0,1.131030900E1,1.239278757E1
2.035206004E1,4.714194244E0,-1.806064436E0,1.131487216E1,1.238998903E1
2.036202104E1,4.472525312E0,-2.807297351E0,1.242258975E1,1.349833831E1
2.037198204E1,4.368496914E0,-2.689115767E0,1.226160888E1,1.329143188E1
2.038194304E1,4.483675368E0,-2.245427874E0,1.202347752E1,1.302725231E1
2.039190404E1,4.732798330E0,-1.857922076E0,1.185290839E1,1.289739089E1
2.040186604E1,4.876281985E0,-1.316357347E0,1.144898156E1,1.251359667E1
2.041182704E1,4.945627039E0,-6.728240485E-1,1.075064392E1,1.185277452E1
2.042178825E1,4.951756091E0,-1.740306795E-2,9.816427259E0,1.099465486E1
2.043174925E1,4.327847948E0,6.007003246E-1,8.534453294E0,9.587909145E0
2.044171125E1,3.346186686E0,1.124164339E0,7.295082142E0,8.104254084E0
2.045167225E1,2.388059298E0,1.296094991E0,6.256751128E0,6.821262649E0
2.046163325E1,1.500794024E0,1.292226181E0,5.126667945E0,5.495903513E0
2.047159425E1,8.930355987E-1,1.249473679E0,3.930279676E0,4.219691385E0
2.048155525E1,4.844578966E-1,1.136631699E0,2.631940523E0,2.907531942E0
2.049151725E1,-5.133826107E-2,8.972474212E-1,1.471632498E0,1.724352273E0
2.050147825E1,-5.391678084E-1,5.853928256E-1,5.921966457E-1,9.920098554E-1
2.051143925E1,-9.798188040E-1,3.207149546E-1,-3.496658349E-1,1.088654751E0
2.052140025E1,-1.555608601E0,2.582840869E-1,-1.658063952E0,2.288188117E0
2.053136125E1,-2.176331327E0,4.252118611E-1,-3.144677601E0,3.847885184E0
2.054132325E1,-2.954249283E0,6.576683579E-1,-4.297088377E0,5.255957098E0
2.055128425E1,-3.514348515E0,8.301919176E-1,-4.959669712E0,6.134996965E0
2.056124525E1,-3.389749905E0,8.056526153E-1,-5.278818344E0,6.324982503E0
2.057120625E1,-3.083839954E0,7.310520838E-1,-5.513178840E0,6.359217478E0
2.058116825E1,-2.974318973E0,8.542362531E-1,-5.742203752E0,6.522974541E0
2.059112925E1,-2.712152920E0,1.022256726E0,-5.825700238E0,6.506886009E0
2.060109025E1,-2.737817227E0,1.009811220E0,-5.822914624E0,6.513194039E0
2.061105125E1,-1.608358965E0,9.023401268E-1,-5.905638692E0,6.186889738E0
2.062101225E1,-1.330990882E0,8.940705559E-1,-5.924264413E0,6.137410506E0
2.063097425E1,-1.366968800E0,8.764246823E-1,-5.820260573E0,6.042529029E0
2.064093525E1,-1.377039313E0,5.425485224E-1,-5.641161527E0,5.832092210E0
2.065089625E1,-1.381898495E0,1.133628935E-2,-5.426888555E0,5.600079585E0
2.066085725E1,-1.397513923E0,-3.876120718E-1,-5.030540890E0,5.235420702E0
2.067081825E1,-1.307999922E0,-6.008209965E-1,-4.512674049E0,4.736673594E0
2.068078025E1,-1.325486751E0,-5.589028922E-1,-4.027018935E0,4.276233047E0
2.069074125E1,-1.572733926E0,-1.874786907E-1,-3.769832663E0,4.089043723E0
2.070070225E1,-1.719764795E0,3.383548348E-1,-3.660808988E0,4.058767965E0
2.071066325E1,-1.841614191E0,9.734580566E-1,-3.960179998E0,4.474616076E0
2.072062425E1,-1.729645274E0,1.435143241E0,-4.130748541E0,4.702594221E0
2.073058625E1,-1.394519564E0,1.747941358E0,-4.025847738E0,4.605152963E0
2.074054725E1,-9.847820668E-1,1.991513850E0,-3.727675408E0,4.339526135E0
2.075050825E1,-5.391314095E-1,2.064766306E0,-2.908534874E0,3.607422582E0
2.076046925E1,-2.065338895E-2,1.726120865E0,-1.546440021E0,2.317627351E0
2.077043125E1,6.485455321E-1,1.127808178E0,2.417706728E-1,1.323259480E0
2.078039225E1,1.453814278E0,3.435087168E-1,2.407353063E0,2.833182480E0
2.079035325E1,2.365934896E0,-6.515755592E-1,4.288421050E0,4.940926405E0
2.080031425E1,3.136673933E0,-1.628345917E0,5.655353304E0,6.668827092E0
2.081027525E1,3.650194538E0,-2.216491320E0,5.664317670E0,7.093747148E0
2.082023725E1,3.590986217E0,-2.351643278E0,5.659152240E0,7.102915753E0
2.083019825E1,4.651897423E0,-9.227220587E-1,4.965826830E0,6.866658703E0
2.084015925E1,5.000361071E0,1.588707496E-1,5.062266127E0,7.117259943E0
2.085012025E1,5.001252186E0,1.056626952E-1,5.056687299E0,7.112930091E0
2.086008125E1,4.993842595E0,1.775572522E0,7.834449195E0,9.458843260E0
2.087004325E1,4.961827919E0,1.775612283E0,7.841823118E0,9.448106959E0
2.088000425E1,3.862884083E0,2.225552311E0,1.065789656E1,1.155273628E1
2.088996525E1,3.784038181E0,2.210214480E0,1.067557035E1,1.154000846E1
2.089992625E1,3.106896402E0,2.142957174E0,1.289906766E1,1.343990391E1
2.090988725E1,2.943046895E0,1.892347558E0,1.340390573E1,1.385305718E1
2.091984925E1,2.596169889E0,1.697444365E0,1.306388897E1,1.342708496E1
2.092981025E1,2.071602724E0,1.655013168E0,1.194654570E1,1.223726116E1
2.093977125E1,1.693941298E0,1.386586939E0,1.047590665E1,1.070218111E1
2.094973225E1,1.477444630E0,8.448257442E-1,8.766625763E0,8.930302371E0
2.095969425E1,1.130566748E0,2.813182610E-1,7.174383917E0,7.268363345E0
2.096965525E1,6.052134249E-1,-3.130411419E-1,5.546919029E0,5.588612418E0
2.097961625E1,1.385559145E-1,-1.039618278E0,3.747497469E0,3.891496008E0
2.098957725E1,-3.344718450E-1,-1.713547889E0,1.711744316E0,2.445033003E0
2.099953825E1,-1.211914381E0,-2.054977336E0,-1.290193981E-1,2.389207887E0
2.100950025E1,-2.049205550E0,-2.233171233E0,-1.838497333E0,3.544907557E0
2.101946125E1,-2.761608962E0,-2.305166099E0,-3.454577692E0,4.987422364E0
2.102942225E1,-3.849170024E0,-2.234517847E0,-4.816616997E0,6.558123144E0
2.103938325E1,-4.809142793E0,-2.271927456E0,-6.026660269E0,8.038043466E0
2.104934425E1,-5.524273932E0,-2.463711451E0,-7.007240673E0,9.256829826E0
2.105930625E1,-6.129383569E0,-2.648698643E0,-7.652112545E0,1.015577539E1
2.106926725E1,-6.479461048E0,-2.721359946E0,-8.001880707E0,1.064985025E1
2.107922825E1,-6.735160958E0,-2.478203775E0,-8.469517041E0,1.110119840E1
2.108918925E1,-7.010747248E0,-1.973684666E0,-9.152958902E0,1.169712207E1
2.109915025E1,-6.958441565E0,-1.911867172E0,-9.169455652E0,1.166850728E1
2.110911225E1,-6.916083165E0,-9.119235671E-1,-1.084011100E1,1.289076481E1
2.111907325E1,-6.423492669E0,-4.891766728E-1,-1.152066375E1,1.319947897E1
2.112903425E1,-5.898308623E0,-3.211743996E-2,-1.195798753E1,1.333358699E1
2.113899525E1,-5.460814685E0,4.401827432E-1,-1.218083779E1,1.335616214E1
2.114895725E1,-4.921172229E0,7.297833842E-1,-1.214154917E1,1.312127038E1
2.115891825E1,-4.364138692E0,7.288126002E-1,-1.199467998E1,1.278472613E1
2.116887925E1,-3.939519154E0,6.312222786E-1,-1.184957431E1,1.250322614E1
2.117884025E1,-3.317517203E0,3.020022200E-1,-1.145905281E1,1.193344112E1
2.118880125E1,-2.467370931E0,-2.710981869E-1,-1.082268980E1,1.110369435E1
2.119876325E1,-1.545286073E0,-8.588190814E-1,-9.846398917E0,1.000385180E1
2.120872425E1,-6.738316700E-1,-1.154536239E0,-8.754720832E0,8.856192177E0
2.121868525E1,-1.567504030E-1,-1.067032876E0,-7.442840112E0,7.520571706E0
2.122864625E1,-1.160584599E-2,-7.565559574E-1,-5.779168680E0,5.828490563E0
2.123860725E1,2.308524594E-1,-2.977946001E-1,-4.339069047E0,4.355398337E0
2.124856925E1,7.650920883E-1,5.966959320E-2,-2.990235094E0,3.087139823E0
2.125853025E1,1.348306534E0,2.451617655E-1,-1.492072025E0,2.025910592E0
2.126849125E1,1.914737131E0,5.658295769E-1,2.207698131E-1,2.008760987E0
2.127845225E1,2.342330563E0,1.096248416E0,2.133468897E0,3.352605344E0
2.128841325E1,2.580185648E0,1.512097569E0,3.909355415E0,4.922078504E0
2.129837525E1,2.762066507E0,1.598615165E0,5.394514861E0,6.267804434E0
2.130833625E1,2.773149612E0,1.250912679E0,6.788374128E0,7.438895389E0
2.131829725E1,2.762384888E0,6.699350855E-1,8.229466619E0,8.706532267E0
2.132825825E1,2.787937805E0,2.700697348E-2,9.561960527E0,9.960141350E0
2.133821925E1,2.951735857E0,-7.076145431E-1,1.084018935E1,1.125713854E1
2.134818125E1,3.331229509E0,-1.444231714E0,1.143366420E1,1.199631495E1
2.135814225E1,3.612114838E0,-1.790307797E0,1.132731621E1,1.202333848E1
2.136810325E1,4.108669162E0,-1.456613047E0,1.107206303E1,1.189930517E1
2.137806425E1,5.466149100E0,-1.293004445E0,9.204609697E0,1.078311115E1
2.138802625E1,5.426351781E0,-1.394945680E0,9.206481975E0,1.077731309E1
2.139798725E1,7.696126292E0,-7.631138290E-1,8.218905378E0,1.128552649E1
2.140794825E1,7.971307955E0,2.536873714E-1,8.150428635E0,1.140331508E1
2.141790925E1,7.557404024E0,2.137421907E-1,7.748997985E0,1.082621869E1
2.142787000E1,7.522199693E0,2.403859790E-1,7.765254414E0,1.081390076E1
2.143783200E1,4.503433402E0,-3.528290324E-1,6.231825033E0,7.696820381E0
2.144779300E1,2.958425657E0,-5.771470821E-1,5.915274319E0,6.638964632E0
2.145775400E1,1.623645194E0,-8.838588323E-1,5.400931011E0,5.708544993E0
2.146771500E1,6.510336685E-1,-1.158393062E0,4.566138650E0,4.755559010E0
2.147767600E1,-1.823541909E-1,-1.386797731E0,3.489071002E0,3.758999528E0
2.148763800E1,-9.730857351E-1,-1.477655861E0,2.082635543E0,2.732715407E0
2.149759900E1,-1.497064085E0,-1.528916208E0,5.754981673E-1,2.215848322E0
2.150756000E1,-1.716095521E0,-1.497009121E0,-8.837136751E-1,2.442738219E0
2.151752100E1,-1.958125226E0,-1.343631685E0,-2.385219013E0,3.365838713E0
2.152748200E1,-2.367342613E0,-1.081996412E0,-3.795967963E0,4.602651416E0
2.153744400E1,-2.929559415E0,-6.095251617E-1,-5.019121862E0,5.843408556E0
2.154740500E1,-3.457818219E0,-1.457561758E-1,-6.153619693E0,7.060084066E0
2.155736600E1,-3.426178935E0,-1.033334568E-1,-6.156616976E0,7.046510660E0
2.156732700E1,-3.753068111E0,5.689026542E-1,-7.905893399E0,8.769966985E0
2.157728800E1,-3.709229781E0,1.034490855E0,-8.353974305E0,9.198774027E0
2.158725000E1,-3.683555534E0,1.500360892E0,-8.527169418E0,9.409159498E0
2.159721100E1,-3.636892999E0,1.889127350E0,-8.686921197E0,9.605123253E0
2.160717200E1,-3.574190967E0,2.298892622E0,-8.949316753E0,9.907069128E0
2.161713300E1,-3.484895505E0,2.608804553E0,-9.304571357E0,1.027255596E1
2.162709400E1,-3.474926295E0,2.623177301E0,-9.304684793E0,1.027294169E1
2.163705600E1,-2.924603899E0,2.609999431E0,-9.993190928E0,1.073448974E1
2.164701700E1,-2.729311282E0,2.647121065E0,-9.916482475E0,1.062040558E1
2.165697800E1,-2.328202521E0,2.623044277E0,-9.208507451E0,9.853806256E0
2.166693900E1,-1.808840548E0,2.544486058E0,-7.988871821E0,8.577201548E0
2.167690000E1,-1.272590061E0,2.437686079E0,-6.620412859E0,7.168798038E0
2.168686200E1,-7.938905025E-1,2.208572582E0,-5.409561501E0,5.896728806E0
2.169682300E1,-3.728123304E-1,1.848864592E0,-4.333238788E0,4.725912368E0
2.170678400E1,-9.046812057E-3,1.501832197E0,-3.286723427E0,3.613603835E0
2.171674500E1,4.230890295E-1,1.213323122E0,-2.408795571E0,2.730101359E0
2.172670700E1,8.382965970E-1,1.008624527E0,-1.540161281E0,2.022909141E0
2.173666800E1,1.079036113E0,9.701419544E-1,-4.861725926E-1,1.530313084E0
2.174662900E1,1.311310908E0,9.956241202E-1,9.251219022E-1,1.888558768E0
2.175659000E1,1.688697223E0,9.190845059E-1,2.785042849E0,3.384210145E0
2.176655100E1,2.249747505E0,5.607454960E-1,4.895083707E0,5.416423529E0
2.177651300E1,3.057061753E0,-2.296992423E-1,6.895498043E0,7.546276006E0
2.178647400E1,4.031876509E0,-1.228993660E0,8.693235020E0,9.661200170E0
2.179643500E1,4.902285722E0,-2.225016414E0,1.013355802E1,1.147484647E1
2.180639600E1,5.754875838E0,-2.982022680E0,1.067572589E1,1.248928254E1
2.181635700E1,6.332905265E0,-3.198081391E0,1.051838784E1,1.268739124E1
2.182631900E1,6.305733254E0,-3.278719465E0,1.050987429E1,1.268738471E1
2.183628000E1,6.160323526E0,-1.666121269E0,9.593410946E0,1.152211264E1
2.184624100E1,5.878422242E0,-9.662782605E-1,9.401786579E0,1.113027999E1
2.185620200E1,5.242770259E0,-3.733108056E-1,9.049315835E0,1.046499489E1
2.186616300E1,4.405720581E0,1.213579376E-1,8.593397321E0,9.657721217E0
2.187612500E1,3.427712660E0,2.679711691E-1,8.246182054E0,8.934234220E0
2.188608600E1,3.440118405E0,2.674158297E-1,8.240500900E0,8.933743949E0
2.189604700E1,1.517742763E0,6.841943979E-2,8.004468684E0,8.147376463E0
2.190600800E1,1.535744586E0,7.791224822E-2,7.998563581E0,8.145035366E0
2.191596900E1,3.205133718E-1,-7.695722249E-1,7.174164062E0,7.222437276E0
2.192593100E1,-2.075565675E-1,-1.350352913E0,6.164062235E0,6.313651555E0
2.193589200E1,-5.661385292E-1,-1.832734610E0,4.903300799E0,5.265148403E0
2.194585300E1,-7.127989769E-1,-2.200534999E0,3.423399754E0,4.131598061E0
2.195581400E1,-7.911396798E-1,-2.276894519E0,2.008447241E0,3.137516687E0
2.196577500E1,-8.979732800E-1,-2.099865826E0,5.855612254E-1,2.357684128E0
2.197573700E1,-1.241078539E0,-1.751903285E0,-9.345253944E-1,2.341533423E0
2.198569800E1,-1.916839498E0,-1.239456814E0,-2.505051266E0,3.389071952E0
2.199565900E1,-2.549847662E0,-6.974243081E-1,-4.174679841E0,4.941262546E0
2.200562000E1,-2.933841915E0,-2.971248016E-1,-5.434075953E0,6.182628324E0
2.201558100E1,-3.087508789E0,4.343121752E-2,-6.234552759E0,6.957315926E0
2.202554300E1,-3.014357198E0,8.469589546E-2,-6.254895807E0,6.943863785E0
2.203550400E1,-3.119512939E0,3.952412264E-1,-6.871570067E0,7.556854623E0
2.204546500E1,-2.879482983E0,3.586822414E-1,-6.953297185E0,7.534481863E0
2.205542600E1,-2.734192830E0,3.809164251E-1,-7.078574365E0,7.597836718E0
2.206538700E1,-2.382422290E0,3.885173669E-1,-7.106295429E0,7.505086038E0
2.207534900E1,-1.937462920E0,4.980148123E-1,-7.267774476E0,7.538058580E0
2.208531000E1,-1.500881148E0,7.587142378E-1,-7.440929827E0,7.628612469E0
2.209527100E1,-9.628744501E-1,1.005085792E0,-7.421887200E0,7.551273685E0
2.210523200E1,-5.361066449E-1,1.327950183E0,-7.328815314E0,7.467422308E0
2.211519300E1,-2.869895303E-1,1.713289296E0,-7.129821702E0,7.338397693E0
2.212515500E1,-1.538197786E-1,1.990022664E0,-6.890454819E0,7.173717191E0
2.213511600E1,-2.303952071E-1,2.154929348E0,-6.506243634E0,6.857697039E0
2.214507700E1,-4.569058165E-1,2.198002862E0,-5.982880996E0,6.390214747E0
2.215503800E1,-6.530337086E-1,2.148665811E0,-5.127376628E0,5.597607424E0
2.216499900E1,-6.911227638E-1,2.199473876E0,-4.062094628E0,4.670754625E0
2.217496100E1,-5.314002210E-1,2.182652752E0,-2.675070755E0,3.493188053E0
2.218492200E1,-1.971967632E-1,2.241172417E0,-9.485458481E-1,2.441614137E0
2.219488300E1,3.344101569E-1,2.245548473E0,8.434216815E-1,2.421916231E0
2.220484400E1,1.073317244E0,1.984643810E0,2.362883819E0,3.267115073E0
2.221480500E1,1.864941950E0,1.462439798E0,3.387653970E0,4.134360659E0
2.222476700E1,1.789433639E0,1.412712737E0,3.409274050E0,4.101338754E0
2.223472800E1,1.474880041E0,8.876070437E-1,2.949401064E0,3.414979361E0
2.224468900E1,9.717844373E-1,5.364244410E-1,2.648513287E0,2.871713566E0
2.225465000E1,8.756158662E-1,1.645093659E-1,2.867459353E0,3.002680406E0
2.226461200E1,9.158125502E-1,-1.885417145E-1,3.696620260E0,3.813038415E0
2.227457300E1,1.127296108E0,-4.152075675E-1,4.870280403E0,5.016256078E0
2.228453400E1,1.595270703E0,-7.249149925E-1,6.163138960E0,6.407391997E0
2.229449500E1,2.650951868E0,-1.321900654E0,7.393553347E0,7.964897880E0
2.230445600E1,3.948364821E0,-2.072637389E0,8.645259785E0,9.727585891E0
2.231441800E1,5.085380756E0,-2.580253184E0,1.007300542E1,1.157515625E1
2.232437900E1,5.770502522E0,-2.488742797E0,1.094485100E1,1.262070931E1
2.233434000E1,5.500985641E0,-2.009228282E0,1.066456589E1,1.216679115E1
2.234430100E1,4.333360410E0,-1.406245424E0,9.295832108E0,1.035219944E1
2.235426200E1,4.323147371E0,-1.416932088E0,9.299715244E0,1.035287416E1
2.236422400E1,1.368206947E0,-7.071241079E-1,6.368867980E0,6.552441843E0
2.237418500E1,-6.945965946E-2,-4.273330848E-1,5.863579670E0,5.879541203E0
2.238414600E1,-9.259636089E-1,-1.455744736E-1,5.954736008E0,6.028057851E0
2.239410700E1,-1.202215605E0,-8.749378815E-2,6.043949901E0,6.162978819E0
2.240406800E1,-1.166350830E0,-3.952250004E-2,6.034754570E0,6.146559932E0
2.241403000E1,-1.310610704E0,-4.363282952E-1,4.812366071E0,5.006690523E0
2.242399117E1,-7.412880734E-1,-6.710437176E-1,3.923482288E0,4.048891322E0
2.243395217E1,-4.197470534E-1,-7.710726205E-1,3.172776981E0,3.291998534E0
2.244391317E1,-3.899724466E-1,-7.269857839E-1,2.163457512E0,2.315412543E0
2.245387417E1,-3.935383710E-1,-7.286690511E-1,2.164994161E0,2.317979886E0
2.246383617E1,-1.051956488E0,-3.547670920E-1,-6.482498091E-1,1.285573785E0
2.247379717E1,-1.550604993E0,-6.963858426E-2,-2.116997291E0,2.625052934E0
2.248375817E1,-2.255928304E0,2.836120324E-1,-3.505683526E0,4.178452499E0
2.249371917E1,-2.900546700E0,7.078693356E-1,-4.395297627E0,5.313463219E0
2.250368017E1,-3.531911212E0,1.205682565E0,-5.182728125E0,6.386606147E0
2.251364217E1,-3.994765986E0,1.618920206E0,-5.985466635E0,7.375965615E0
2.252360317E1,-4.398232344E0,1.940479352E0,-6.570042604E0,8.140968474E0
2.253356417E1,-4.584602988E0,2.244031413E0,-7.237419825E0,8.856325833E0
2.254352517E1,-4.589609374E0,2.443946254E0,-7.823459938E0,9.393823124E0
2.255348617E1,-4.577023534E0,2.543042088E0,-8.049195206E0,9.602382567E0
2.256344817E1,-4.527240633E0,2.554729795E0,-7.970134419E0,9.515544899E0
2.257340917E1,-4.517431636E0,2.586916963E0,-8.116663889E0,9.642590971E0
2.258337017E1,-4.519621418E0,2.665266437E0,-8.421934739E0,9.922681477E0
2.259333117E1,-4.257904724E0,2.738035328E0,-8.849836904E0,1.019540109E1
2.260329217E1,-4.225562897E0,2.729477635E0,-8.865733144E0,1.019346134E1
2.261325417E1,-3.291085742E0,2.591273431E0,-9.004822617E0,9.931403411E0
2.262321517E1,-3.268820129E0,2.587134479E0,-9.015162249E0,9.932351193E0
2.263317617E1,-2.281517474E0,1.998846697E0,-7.849217507E0,8.414922791E0
2.264313717E1,-2.076398611E0,1.465386795E0,-6.844830750E0,7.301403813E0
2.265309817E1,-2.073472372E0,1.465453891E0,-6.846031183E0,7.301711152E0
2.266306017E1,-1.757115201E0,3.784165943E-1,-4.616037034E0,4.953630068E0
2.267302117E1,-1.767552773E0,1.698946515E-1,-3.847803530E0,4.237770522E0
2.268298217E1,-1.544571835E0,-2.743703619E-2,-3.398881794E0,3.733477252E0
2.269294317E1,-9.864793673E-1,-4.028224339E-1,-3.012035269E0,3.194959141E0
2.270290417E1,-3.059236917E-1,-6.003660831E-1,-2.368656775E0,2.462633480E0
2.271286617E1,4.485793814E-1,-5.587605125E-1,-1.229278273E0,1.422870986E0
2.272282717E1,1.325287215E0,-4.293877964E-1,2.762160355E-1,1.420230749E0
2.273278817E1,2.078299248E0,-3.730168368E-1,2.022669423E0,2.923980322E0
2.274274917E1,2.539069782E0,-4.054191823E-1,3.744598419E0,4.542384549E0
2.275271017E1,2.904645891E0,-6.527958731E-1,5.243581268E0,6.029780653E0
2.276267217E1,3.220933772E0,-1.136903668E0,6.573895335E0,7.408310481E0
2.277263317E1,3.239495466E0,-1.141798080E0,6.564926291E0,7.409203124E0
2.278259417E1,4.037355351E0,-1.827588475E0,8.578509725E0,9.655627736E0
2.279255517E1,4.630633146E0,-1.911083206E0,9.398614465E0,1.065030310E1
2.280251617E1,4.631951401E0,-1.947450256E0,9.390140680E0,1.064998959E1
2.281247817E1,6.344647644E0,-2.284991159E0,1.086363552E1,1.278648955E1
2.282243917E1,6.291350273E0,-2.347117679E0,1.087325302E1,1.277958062E1
2.283240017E1,7.941372550E0,-2.272038260E0,1.113111289E1,1.386106886E1
2.284236117E1,8.206602252E0,-2.022907697E0,1.046583072E1,1.345266103E1
2.285232217E1,8.147561746E0,-2.077637051E0,1.048206961E1,1.343774987E1
2.286228417E1,6.870373142E0,-1.611434454E0,8.308668909E0,1.090104248E1
2.287224517E1,5.408641734E0,-1.616086645E0,7.333980744E0,9.254858995E0
2.288220617E1,4.168474191E0,-1.891100347E0,6.691473486E0,8.107296406E0
2.289216717E1,4.236878721E0,-1.817821140E0,6.675201854E0,8.112578800E0
2.290212817E1,1.774170944E0,-2.676233767E0,5.374594567E0,6.260684984E0
2.291208917E1,5.316852728E-1,-2.806000439E0,4.104631952E0,5.000433097E0
2.292205117E1,5.739091864E-1,-2.750660636E0,4.098764856E0,4.969444540E0
2.293201217E1,-1.022171356E0,-2.561748793E0,1.038098295E0,2.947039061E0
2.294197317E1,-1.322229121E0,-2.050892764E0,-5.722599792E-1,2.506378356E0
2.295193417E1,-1.361445227E0,-1.432621045E0,-2.148259429E0,2.919067444E0
2.296189617E1,-1.788239637E0,-7.969507889E-1,-3.574440351E0,4.075482227E0
2.297185717E1,-2.426126426E0,-8.516922757E-2,-4.958347072E0,5.520738077E0
2.298181817E1,-2.987880128E0,5.667070247E-1,-6.315798066E0,7.009842347E0
2.299177917E1,-3.393090127E0,1.108428897E0,-7.482402958E0,8.290236984E0
2.300174017E1,-3.764200625E0,1.729183782E0,-8.311134680E0,9.286239420E0
2.301170117E1,-4.095582216E0,2.296723451E0,-8.792033669E0,9.967376201E0
2.302166317E1,-4.219715389E0,2.689167223E0,-8.989561384E0,1.028833476E1
2.303162417E1,-4.221495574E0,2.978605567E0,-9.161585299E0,1.051797325E1
2.304158517E1,-4.291103752E0,3.216262139E0,-9.330453472E0,1.076175058E1
2.305154617E1,-4.252798643E0,3.317900196E0,-9.429199496E0,1.086299043E1
2.306150717E1,-4.022391156E0,3.355829037E0,-9.486826145E0,1.083702401E1
2.307146917E1,-4.049847050E0,3.341471491E0,-9.479431171E0,1.083634201E1
2.308143017E1,-3.356261731E0,3.321710241E0,-9.442769714E0,1.055765843E1
2.309139117E1,-2.828519821E0,3.210350019E0,-8.789873123E0,9.775926612E0
2.310135217E1,-2.874599973E0,3.200793915E0,-8.773168212E0,9.771227516E0
2.311131317E1,-2.062807050E0,2.873746572E0,-6.661708819E0,7.542675698E0
2.312127517E1,-1.648128656E0,2.597430841E0,-5.301103837E0,6.129002931E0
2.313123617E1,-1.151752087E0,2.237805444E0,-3.769352607E0,4.532364190E0
2.314119717E1,-5.874852517E-1,1.833662855E0,-2.212002266E0,2.932645975E0
2.315115817E1,-1.293392408E-1,1.574580769E0,-9.994867909E-1,1.869493804E0
2.316111917E1,3.234673852E-1,1.396310420E0,-1.958033717E-1,1.446600463E0
2.317108117E1,2.642251503E-1,1.355941243E0,-1.770472580E-1,1.392744527E0
2.318104217E1,6.074371210E-1,1.256063198E0,5.952956700E-1,1.516921735E0
2.319100317E1,7.623927212E-1,1.001604799E0,1.127007548E0,1.689556405E0
2.320096417E1,9.226017523E-1,6.111327074E-1,2.119808047E0,2.391289053E0
2.321092517E1,1.212066409E0,1.634986746E-1,3.403393505E0,3.616479524E0
2.322088717E1,1.768538614E0,-5.960183859E-1,4.806625274E0,5.156220832E0
2.323084817E1,2.412625205E0,-1.533127080E0,6.036729759E0,6.679322212E0
2.324080917E1,3.001524314E0,-2.369303038E0,6.766813690E0,7.772548656E0
2.325077017E1,3.424166616E0,-2.870736718E0,6.723747193E0,8.073092507E0
2.326073117E1,3.895677900E0,-3.055157315E0,6.416434495E0,8.104376851E0
2.327069317E1,4.288193301E0,-3.019138174E0,6.343476446E0,8.230643384E0
2.328065417E1,4.889248770E0,-2.923314881E0,6.480273811E0,8.628121006E0
2.329061517E1,5.455413027E0,-2.700295644E0,6.793898578E0,9.121961727E0
2.330057617E1,5.615541952E0,-2.322145683E0,7.116492974E0,9.357945513E0
2.331053717E1,5.560289272E0,-1.872516434E0,7.216734130E0,9.300773414E0
2.332049917E1,5.524279779E0,-1.871503550E0,7.235701913E0,9.293846071E0
2.333046017E1,4.867376383E0,-1.271588579E0,6.908021609E0,8.545703770E0
2.334042117E1,4.062480836E0,-1.103903883E0,6.594245984E0,7.823454124E0
2.335038217E1,4.075563981E0,-1.065346904E0,6.594582199E0,7.825196494E0
2.336034317E1,2.550449341E0,-1.051685762E0,5.512363154E0,6.164169232E0
2.337030517E1,1.956685933E0,-1.171620780E0,4.652851689E0,5.181731750E0
2.338026617E1,1.435303162E0,-1.350791308E0,3.830371225E0,4.307722838E0
2.339022717E1,8.023867992E-1,-1.458507838E0,2.892357967E0,3.337185086E0
2.340018817E1,1.331685823E-1,-1.524046354E0,1.838913070E0,2.392081194E0
2.341014917E1,-4.933213985E-1,-1.569938226E0,6.933376890E-1,1.785718115E0
2.342011117E1,-1.037900951E0,-1.455226234E0,-5.573992807E-1,1.872328960E0
2.343007225E1,-1.647177314E0,-1.151993285E0,-1.747421102E0,2.663411748E0
2.344003325E1,-1.639359002E0,-1.112877312E0,-1.742579023E0,2.638669267E0
2.344999425E1,-2.923396157E0,-1.955317685E-1,-3.606739785E0,4.646832216E0
2.345995525E1,-3.338551684E0,1.335540600E-1,-4.247416281E0,5.404101137E0
2.346991725E1,-3.332099282E0,1.899935782E-1,-4.236981339E0,5.393606776E0
2.347987825E1,-4.175413959E0,1.022535638E0,-5.298195432E0,6.822795299E0
2.348983925E1,-4.170303785E0,1.082578649E0,-5.285347345E0,6.818966692E0
2.349980025E1,-4.356876450E0,1.586567415E0,-5.682408371E0,7.334121178E0
2.350976125E1,-4.266496038E0,1.826019229E0,-5.625257100E0,7.292520285E0
2.351972325E1,-4.279677708E0,1.880330506E0,-5.603390853E0,7.297209956E0
2.352968425E1,-3.806484765E0,2.103328109E0,-5.312973100E0,6.865930276E0
2.353964525E1,-3.517981390E0,2.177826168E0,-5.138157139E0,6.596952226E0
2.354960625E1,-3.219173468E0,2.159612383E0,-4.861023091E0,6.217439099E0
2.355956725E1,-3.256448590E0,2.177832307E0,-4.835922748E0,6.223629151E0
2.356952825E1,-2.436326894E0,2.020278204E0,-3.863250704E0,4.994188498E0
2.357949025E1,-1.971546924E0,1.909108309E0,-3.188524117E0,4.206944005E0
2.358945125E1,-2.009764618E0,1.899070979E0,-3.170740981E0,4.207044422E0
2.359941225E1,-1.120069534E0,1.891424575E0,-2.362271031E0,3.226819968E0
2.360937325E1,-6.671105880E-1,1.943333232E0,-2.215386050E0,3.021508884E0
2.361933425E1,-6.868054721E-1,1.906954780E0,-2.215171457E0,3.002526082E0
2.362929625E1,1.540039659E-1,2.030402366E0,-2.474904776E0,3.204903219E0
2.363925725E1,1.488283029E-1,1.990720822E0,-2.483362774E0,3.186253273E0
2.364921825E1,1.129977348E-1,2.307741798E0,-2.471491172E0,3.383298583E0
2.365917925E1,7.700695306E-2,2.291355268E0,-1.761516400E0,2.891224492E0
2.366914025E1,1.420978653E-1,2.158135523E0,-4.619844157E-1,2.211599046E0
2.367910225E1,2.720206583E-1,1.808472027E0,1.012051288E0,2.090170835E0
2.368906325E1,6.023325017E-1,1.290111243E0,2.598797336E0,2.963264931E0
2.369902425E1,1.073970963E0,7.088427508E-1,3.987138001E0,4.189646896E0
2.370898525E1,1.656404513E0,1.842618451E-1,4.767868760E0,5.050762402E0
2.371894625E1,2.430403957E0,-4.343110058E-1,5.245889164E0,5.797830850E0
2.372890825E1,3.027102666E0,-1.015491643E0,5.246951603E0,6.142074158E0
2.373886925E1,3.046748141E0,-1.089574842E0,5.217424918E0,6.139329797E0
2.374883025E1,2.772134828E0,-1.401270613E0,4.289087632E0,5.295711808E0
2.375879125E1,2.591731853E0,-1.516863927E0,3.864753438E0,4.894309891E0
2.376875225E1,2.720864979E0,-1.619958671E0,3.554081515E0,4.760133165E0
2.377871425E1,2.838410971E0,-1.603394386E0,3.486108218E0,4.772881824E0
2.378867525E1,2.998805066E0,-1.415846114E0,3.694492459E0,4.964546965E0
2.379863625E1,3.419304364E0,-1.417559933E0,4.101424170E0,5.524744221E0
2.380859725E1,3.865962642E0,-1.666285576E0,4.534712205E0,6.187551176E0
2.381855825E1,4.172924215E0,-1.904265645E0,4.950538700E0,6.748878246E0
2.382852025E1,4.123397714E0,-1.942342275E0,4.970168973E0,6.743714246E0
2.383848125E1,4.660532007E0,-2.151788078E0,5.018112633E0,7.178593519E0
2.384844225E1,4.647612584E0,-2.274363844E0,4.866548125E0,7.103261524E0
2.385840325E1,4.285854414E0,-2.306313615E0,4.484619693E0,6.618114863E0
2.386836425E1,3.504310893E0,-2.388777921E0,4.133896097E0,5.922461627E0
2.387832525E1,2.478777387E0,-2.598327804E0,3.800017744E0,5.228362991E0
2.388828725E1,1.445448374E0,-2.893425668E0,3.497326101E0,4.763666965E0
2.389824825E1,1.366871443E-1,-3.049974343E0,3.226183695E0,4.441766326E0
2.390820925E1,-1.202707940E0,-2.902649066E0,2.603613102E0,4.080524376E0
2.391817025E1,-2.229234595E0,-2.626799067E0,1.731217883E0,3.855732819E0
2.392813125E1,-2.957863447E0,-2.085940243E0,7.952476412E-1,3.705741718E0
2.393809325E1,-3.294502562E0,-1.394513863E0,-1.198468709E-1,3.579494283E0
2.394805425E1,-3.243212248E0,-7.515645549E-1,-1.048019266E0,3.490217665E0
2.395801525E1,-2.994574606E0,-7.336092174E-2,-2.143689830E0,3.683512587E0
2.396797625E1,-2.928696073E0,7.646876071E-1,-3.574633893E0,4.684017004E0
2.397793725E1,-3.005087607E0,1.589500817E0,-5.118171356E0,6.144326033E0
2.398789925E1,-3.025146480E0,2.274914506E0,-6.594094541E0,7.603211825E0
2.399786025E1,-2.966112114E0,2.807899615E0,-7.783362072E0,8.789928694E0
2.400782125E1,-2.877178010E0,3.174531438E0,-8.658912449E0,9.660878218E0
2.401778225E1,-2.859158354E0,3.363377500E0,-9.078137931E0,1.009453728E1
2.402774325E1,-2.807994047E0,3.420869663E0,-9.087088848E0,1.010753994E1
2.403770525E1,-2.778949758E0,3.557309763E0,-9.095677239E0,1.015422862E1
2.404766625E1,-3.046264577E0,3.535374226E0,-8.179767625E0,9.417388023E0
2.405762725E1,-3.024758517E0,3.331531225E0,-7.657100805E0,8.881410762E0
2.406758825E1,-2.797983614E0,3.001654707E0,-7.360324205E0,8.426922077E0
2.407754925E1,-2.492722996E0,2.686739167E0,-6.751381134E0,7.682016825E0
2.408751125E1,-2.499021617E0,2.712052933E0,-6.740235171E0,7.683170590E0
2.409747225E1,-1.378539562E0,2.181024887E0,-4.084851406E0,4.831485475E0
2.410743325E1,-6.567168698E-1,1.791765801E0,-2.238892441E0,2.941826150E0
2.411739425E1,3.001375794E-3,1.413526962E0,-8.565352321E-1,1.652791603E0
2.412735525E1,5.755738887E-1,1.175923307E0,2.813504755E-2,1.309531407E0
2.413731625E1,5.443570662E-1,1.145714837E0,3.405242980E-2,1.268915549E0
2.414727825E1,9.911042225E-1,1.655069886E0,4.899510634E-1,1.990375831E0
2.415723925E1,1.064752827E0,1.845255545E0,4.935231274E-1,2.186831426E0
2.416720025E1,9.351378903E-1,1.943518004E0,8.959250003E-1,2.335471411E0
2.417716125E1,8.182900563E-1,1.864252564E0,2.016395946E0,2.865464857E0
2.418712225E1,9.536744410E-1,1.334714973E0,3.531818241E0,3.894187860E0
2.419708425E1,1.185845155E0,3.715870464E-1,5.070269212E0,5.220338642E0
2.420704525E1,1.394543391E0,-7.758752310E-1,6.021183767E0,6.229075983E0
2.421700625E1,1.662006730E0,-1.898350017E0,6.079270007E0,6.582060694E0
2.422696725E1,1.710271694E0,-1.981154338E0,6.032197582E0,6.575515908E0
2.423692825E1,2.047508688E0,-2.915348342E0,4.937766042E0,6.088766810E0
2.424689025E1,2.473204114E0,-2.807783255E0,4.340791637E0,5.730868820E0
2.425685125E1,2.511885492E0,-2.910046379E0,4.297691810E0,5.766115984E0
2.426681225E1,3.344525200E0,-2.189415934E0,4.070342710E0,5.705004883E0
2.427677325E1,3.400718989E0,-2.008275332E0,4.007702658E0,5.626698859E0
2.428673425E1,3.049615324E0,-1.768632461E0,3.647367409E0,5.072622933E0
2.429669625E1,2.457044456E0,-1.418914002E0,3.114300147E0,4.212985854E0
2.430665725E1,2.144603750E0,-1.009078271E0,2.687631744E0,3.583424144E0
2.431661825E1,2.084186517E0,-5.391758484E-1,3.338049116E0,3.972041784E0
2.432657925E1,2.281064022E0,-2.424346241E-1,5.032861065E0,5.530978044E0
2.433654025E1,2.258423019E0,-1.763131401E-1,5.057086079E0,5.541270655E0
2.434650225E1,3.030851316E0,-4.840705186E-2,7.985478097E0,8.541443870E0
2.435646325E1,2.903854178E0,-1.129050565E-1,8.566020657E0,9.045541805E0
2.436642425E1,2.727751537E0,-3.052917539E-1,8.627077868E0,9.053193030E0
2.437638525E1,2.603843775E0,-5.835832585E-1,8.443168902E0,8.854810723E0
2.438634625E1,2.472907075E0,-8.606531337E-1,7.623982176E0,8.061085376E0
2.439630725E1,2.161570031E0,-1.321114642E0,6.161734459E0,6.662184359E0
2.440626925E1,1.727910113E0,-1.750489428E0,4.310314779E0,4.962731112E0
2.441623025E1,1.310927623E0,-2.071153074E0,2.404061081E0,3.433324332E0
2.442619125E1,1.380850382E0,-2.068564804E0,2.375347744E0,3.439183773E0
2.443615200E1,2.036602753E-1,-2.292319182E0,-8.544618094E-1,2.454854318E0
2.444611300E1,-5.947515866E-1,-2.035111129E0,-2.283630658E0,3.116147579E0
2.445607500E1,-5.480437356E-1,-2.034963486E0,-2.302121893E0,3.121088518E0
2.446603600E1,-1.992609472E0,-1.034991084E0,-4.560397854E0,5.083200531E0
2.447599700E1,-2.793566335E0,-2.360108730E-1,-5.854809431E0,6.491417987E0
2.448595800E1,-3.473590791E0,5.984745088E-1,-6.853053104E0,7.706383171E0
2.449591900E1,-3.686300802E0,1.140969383E0,-7.475528972E0,8.412737850E0
2.450588100E1,-3.899743469E0,1.487165188E0,-7.708729965E0,8.766081057E0
2.451584200E1,-4.298124212E0,1.851289871E0,-7.819872086E0,9.113262060E0
2.452580300E1,-4.605502106E0,2.041556368E0,-7.745475038E0,9.239642072E0
2.453576400E1,-4.663672546E0,2.128524492E0,-7.633458173E0,9.195115106E0
2.454572500E1,-4.768866587E0,2.364616495E0,-7.677705224E0,9.342411744E0
2.455568700E1,-4.748076519E0,2.370503910E0,-7.683851817E0,9.338366997E0
2.456564800E1,-4.583501957E0,2.891173321E0,-7.931284933E0,9.605865607E0
2.457560900E1,-4.137447111E0,3.011997262E0,-8.135181436E0,9.611023520E0
2.458557000E1,-3.578732792E0,2.964547399E0,-8.184020305E0,9.411379177E0
2.459553100E1,-3.240732444E0,2.959383138E0,-8.101027265E0,9.213410773E0
2.460549200E1,-3.029038387E0,2.902406992E0,-7.927536868E0,8.969107017E0
2.461545400E1,-2.728036297E0,2.413527138E0,-7.621031671E0,8.446740141E0
2.462541500E1,-2.731479722E0,2.366416706E0,-7.630442179E0,8.443018261E0
2.463537600E1,-2.555519169E0,1.328369575E0,-6.746559520E0,7.335619217E0
2.464533700E1,-2.382875449E0,8.094006805E-1,-5.822413518E0,6.343005915E0
2.465529800E1,-2.178595954E0,3.812086397E-1,-4.481553413E0,4.997591555E0
2.466526000E1,-1.939531665E0,2.320771587E-1,-2.836798308E0,3.444280408E0
2.467522100E1,-1.285867334E0,1.244329883E-1,-9.725042295E-1,1.617004281E0
2.468518200E1,-2.890632454E-1,1.518511672E-1,9.127801841E-1,9.694245723E-1
2.469514300E1,6.310209882E-1,4.167562026E-1,2.732180511E0,2.834904507E0
2.470510400E1,1.326446718E0,7.342924646E-1,4.369021994E0,4.624608038E0
2.471506600E1,2.120727230E0,7.803426500E-1,5.773451273E0,6.199932115E0
2.472502700E1,2.821002932E0,6.396713591E-1,6.531200135E0,7.143095422E0
2.473498800E1,3.164976503E0,1.262440172E-1,6.906320069E0,7.598043874E0
2.474494900E1,3.493026059E0,-7.578362784E-1,7.216999009E0,8.053609226E0
2.475491000E1,3.647522068E0,-1.653463655E0,7.331596250E0,8.354080612E0
2.476487100E1,3.559788690E0,-2.215073662E0,7.287288389E0,8.407331259E0
2.477483300E1,3.306055491E0,-2.476286473E0,7.099609138E0,8.213796170E0
2.478479400E1,2.905025375E0,-2.678098736E0,6.947962770E0,7.992845045E0
2.479475500E1,2.695870179E0,-2.879569522E0,6.864182110E0,7.916857501E0
2.480471600E1,2.735787658E0,-2.842887014E0,6.857054939E0,7.911115163E0
2.481467700E1,4.346239780E0,-3.555403571E0,8.285682335E0,1.000915713E1
2.482463900E1,4.283407939E0,-3.500728011E0,8.317205844E0,9.988923527E0
2.483460000E1,5.471912116E0,-3.101558187E0,7.858897573E0,1.006597022E1
2.484456100E1,5.367379103E0,-2.479161549E0,5.667835940E0,8.190199305E0
2.485452200E1,5.349228176E0,-2.452987073E0,5.679664857E0,8.178629503E0
2.486448300E1,3.445174492E0,-1.393061853E0,7.767856425E-1,3.796477913E0
2.487444500E1,2.174889111E0,-1.057013891E0,-9.548953396E-1,2.599855019E0
2.488440600E1,6.812620193E-1,-6.426568012E-1,-2.296755318E0,2.480365032E0
2.489436700E1,8.119633690E-1,-5.338944970E-1,-2.315393318E0,2.511050390E0
2.490432800E1,-1.098952022E0,2.178026435E-1,-3.784796273E0,3.947127609E0
2.491428900E1,-4.589407060E0,1.369438663E0,-7.991368582E0,9.316651289E0
2.492425000E1,-5.471598705E0,1.858143831E0,-9.618353999E0,1.122068735E1
2.493421200E1,-5.779196162E0,2.493974008E0,-1.027300242E1,1.204797050E1
2.494417300E1,-5.437539259E0,3.112859393E0,-1.020416315E1,1.197420863E1
2.495413400E1,-5.475109373E0,3.141444968E0,-1.018616659E1,1.198346731E1
2.496409500E1,-3.019365923E0,2.896208943E0,-9.067583122E0,9.986273604E0
2.497405600E1,-2.357366094E0,3.170500075E0,-8.930284651E0,9.765205045E0
2.498401800E1,-1.874009812E0,3.307343925E0,-8.868925139E0,9.649262653E0
2.499397900E1,-1.067143754E0,2.788754369E0,-8.358691254E0,8.876016348E0
2.500394000E1,-1.128514667E0,2.827164728E0,-8.328659955E0,8.867524029E0
2.501390100E1,-5.204606652E-1,2.328511839E0,-5.233970785E0,5.752155845E0
2.502386200E1,-4.671989626E-1,1.853047837E0,-3.040545123E0,3.591235971E0
2.503382400E1,-4.241701797E-1,1.574527706E0,-7.626523376E-1,1.800193441E0
2.504378500E1,-3.537922150E-1,1.430289760E0,6.446058244E-1,1.608233315E0
2.505374600E1,-1.690476823E-1,1.372096223E0,1.093804134E0,1.762847880E0
2.506370700E1,-1.809713244E-3,1.783600749E0,8.890282094E-1,1.992888874E0
2.507366800E1,3.067276838E-1,2.346524479E0,3.884188414E-1,2.398150996E0
2.508362900E1,8.378016302E-1,2.668340318E0,3.059198910E-1,2.813456700E0
2.509359100E1,1.170290100E0,2.949168052E0,6.775578082E-1,3.244419162E0
2.510355200E1,1.312364869E0,3.081248176E0,1.466354216E0,3.656034266E0
2.511351300E1,1.359396363E0,3.036456749E0,2.736829632E0,4.307930419E0
2.512347400E1,1.501592169E0,2.669672314E0,4.406145966E0,5.366195261E0
2.513343500E1,1.734382396E0,1.859493223E0,6.297646555E0,6.791623478E0
2.514339700E1,2.325269850E0,7.508121644E-1,8.089278454E0,8.450267729E0
2.515335800E1,2.285841490E0,6.504027539E-1,8.078405557E0,8.420732236E0
2.516331900E1,3.827931475E0,-1.747039717E0,1.011002765E1,1.095070163E1
2.517328000E1,4.212799302E0,-2.371520449E0,1.003570954E1,1.113944582E1
2.518324100E1,4.440976660E0,-2.620585231E0,9.601687680E0,1.089872226E1
2.519320300E1,4.846675193E0,-2.974115490E0,9.418236551E0,1.100176364E1
2.520316400E1,5.434268911E0,-3.267602447E0,9.846823425E0,1.171189293E1
2.521312500E1,6.100870206E0,-3.656573850E0,1.076017254E1,1.289854499E1
2.522308600E1,6.047206215E0,-3.707022165E0,1.077369949E1,1.289896574E1
2.523304700E1,6.844202174E0,-4.567743419E0,1.104078978E1,1.376976479E1
2.524300800E1,5.998729874E0,-4.652836486E0,1.005079185E1,1.259571611E1
2.525297000E1,4.697262461E0,-4.416650489E0,8.513286958E0,1.067928514E1
2.526293100E1,3.191232548E0,-3.763551584E0,6.852930897E0,8.444580960E0
2.527289200E1,3.283348121E0,-3.739504910E0,6.818460976E0,8.441308071E0
2.528285300E1,9.562597874E-1,-2.435585028E0,4.039886903E0,4.813231077E0
2.529281400E1,3.839515686E-1,-1.904079558E0,3.045256224E0,3.611997126E0
2.530277600E1,7.767090440E-2,-1.554697166E0,2.296056576E0,2.773984832E0
2.531273700E1,-4.268818259E-2,-1.396589040E0,1.559654728E0,2.093992860E0
2.532269800E1,-7.138865590E-2,-1.173714814E0,8.016971201E-1,1.423172891E0
2.533265900E1,-1.609036803E-1,-1.088181012E0,2.903376460E-2,1.100395779E0
2.534262000E1,-6.545194861E-1,-7.385300879E-1,-1.100103924E0,1.477853542E0
2.535258100E1,-7.116616935E-1,-7.354126449E-1,-1.075899959E0,1.484875364E0
2.536254300E1,-2.237765683E0,3.552456866E-1,-3.338868311E0,4.035075755E0
2.537250400E1,-2.239131008E0,3.971943426E-1,-3.330524334E0,4.032848045E0
2.538246500E1,-3.685713449E0,7.930084500E-1,-4.780396419E0,6.088147169E0
2.539242600E1,-4.428903037E0,1.078361929E0,-5.497818789E0,7.141712540E0
2.540238700E1,-5.064966372E0,1.197992599E0,-5.976548461E0,7.925162593E0
2.541234900E1,-5.715595998E0,1.406788046E0,-6.230446844E0,8.571205171E0
2.542231000E1,-6.146138765E0,1.714135534E0,-6.326463972E0,8.985400867E0
2.543227200E1,-6.422002214E0,1.907023046E0,-6.431754785E0,9.286889627E0
2.544223300E1,-6.538947111E0,2.022879046E0,-6.603378165E0,9.510755604E0
2.545219400E1,-6.623627658E0,2.163276541E0,-6.704161359E0,9.669435778E0
2.546215500E1,-6.558522420E0,2.346123798E0,-6.845394421E0,9.766162910E0
2.547211700E1,-6.540062760E0,2.361318373E0,-6.848475319E0,9.759603453E0
2.548207800E1,-5.763360733E0,2.746509113E0,-7.011098081E0,9.482359176E0
2.549203900E1,-5.206082489E0,2.951741120E0,-7.255367854E0,9.405128028E0
2.550200000E1,-4.548389427E0,3.266232152E0,-7.711217955E0,9.529900377E0
2.551196100E1,-3.852788281E0,3.349330734E0,-8.068177607E0,9.547642840E0
2.552192300E1,-3.864313728E0,3.271897811E0,-8.081861846E0,9.537018757E0
2.553188400E1,-1.833739746E0,2.641056917E0,-7.390656052E0,8.059750615E0
2.554184500E1,-1.081880491E0,2.041253921E0,-6.416899933E0,6.820101738E0
2.555180600E1,-5.657631379E-1,1.346856863E0,-5.090106475E0,5.295592060E0
2.556176700E1,-5.598305529E-1,1.306845682E0,-5.100557204E0,5.294991943E0
2.557172900E1,4.459744468E-1,4.600092262E-1,-2.464029540E0,2.545966078E0
2.558169000E1,1.045863982E0,1.176113342E-1,-1.430934708E0,1.776298970E0
2.559165100E1,1.173515716E0,-2.514814362E-2,-3.991145682E-1,1.239783854E0
2.560161200E1,1.238057575E0,-8.178939074E-2,-4.326191139E-1,1.314014977E0
2.561157300E1,1.121486607E0,-4.896999255E-2,1.382918542E0,1.781177690E0
2.562153400E1,1.819554108E0,-1.846761203E-1,2.860949648E0,3.395572899E0
2.563149600E1,2.519426938E0,-7.914557219E-2,4.393365707E0,5.065119777E0
2.564145700E1,2.714356443E0,-5.893467128E-2,5.660605858E0,6.278030175E0
2.565141800E1,2.990986754E0,-4.835825685E-1,6.445812076E0,7.122383532E0
2.566137900E1,3.325614720E0,-1.287159861E0,6.923534857E0,7.787928395E0
2.567134000E1,3.544013194E0,-2.052699846E0,7.260773020E0,8.336212031E0
2.568130200E1,3.708401523E0,-2.626850230E0,7.669257166E0,8.914599793E0
2.569126300E1,3.977812861E0,-2.941376638E0,8.113913358E0,9.503172190E0
2.570122400E1,4.304498846E0,-3.022863142E0,8.481845310E0,9.980386353E0
2.571118500E1,4.728205634E0,-2.949112504E0,8.496806581E0,1.016114733E1
2.572114600E1,5.475688248E0,-2.862544184E0,8.391064948E0,1.042052263E1
2.573110700E1,6.264191126E0,-2.637569053E0,8.425300981E0,1.082508926E1
2.574106900E1,6.801186547E0,-2.214002306E0,8.320442278E0,1.097213308E1
2.575103000E1,7.016037809E0,-1.857090309E0,7.985495639E0,1.079081607E1
2.576099100E1,6.513571365E0,-1.516135364E0,7.541849261E0,1.007991908E1
2.577095200E1,6.446978011E0,-1.471865217E0,7.567016847E0,1.004936101E1
2.578091300E1,2.901613232E0,-1.103858567E0,6.185291137E0,6.920671176E0
2.579087500E1,1.112667544E0,-8.574706404E-1,5.371893738E0,5.552524407E0
2.580083600E1,-1.376016489E-1,-5.621550404E-1,4.665831923E0,4.701589097E0
2.581079700E1,-1.104951265E0,-1.692418098E-1,3.810980104E0,3.971539934E0
2.582075800E1,-1.880709845E0,3.837457466E-1,2.527405171E0,3.173658333E0
2.583071900E1,-2.304667770E0,8.490643908E-1,1.131744377E0,2.704301981E0
2.584068000E1,-1.999650105E0,9.791409655E-1,-1.499746495E-1,2.231548782E0
2.585064200E1,-2.043053694E0,1.064668481E0,-1.199918818E-1,2.306942874E0
2.586060300E1,-1.050493222E0,1.386426579E0,-2.969721892E0,3.441651172E0
2.587056400E1,-1.118107793E0,1.411900559E0,-2.941990888E0,3.449483817E0
2.588052500E1,-1.459104838E0,2.441637043E0,-6.373328236E0,6.979247179E0
2.589048600E1,-1.700485210E0,2.585348740E0,-7.714416967E0,8.311913570E0
2.590044800E1,-1.913459515E0,2.590658889E0,-8.901019921E0,9.465780286E0
2.591040900E1,-2.268086712E0,2.540440369E0,-9.502955105E0,1.009476153E1
2.592037000E1,-2.922940367E0,2.728004722E0,-9.812163470E0,1.059547744E1
2.593033100E1,-3.483427854E0,2.868992786E0,-1.014703468E1,1.110530063E1
2.594029200E1,-3.679888161E0,2.776363826E0,-1.038723011E1,1.136416835E1
2.595025400E1,-3.825923833E0,2.440257977E0,-1.043787402E1,1.138164163E1
2.596021500E1,-4.257619379E0,2.257036790E0,-1.052561149E1,1.157627034E1
2.597017600E1,-4.246300047E0,2.258089289E0,-1.052960514E1,1.157594988E1
2.598013700E1,-4.529728331E0,1.620836484E0,-1.025843115E1,1.133053218E1
2.599009800E1,-4.217744877E0,1.140535373E0,-1.006571277E1,1.097309284E1
2.600005900E1,-3.947388044E0,9.047934723E-1,-9.632914150E0,1.044957217E1
2.601002100E1,-3.627270236E0,6.226191241E-1,-8.901554357E0,9.632362841E0
2.601998200E1,-3.251665568E0,4.025752428E-1,-7.985172873E0,8.631244499E0
2.602994300E1,-2.774221699E0,3.796383700E-1,-6.879657936E0,7.427659432E0
2.603990400E1,-2.063808678E0,2.855436601E-1,-5.564645448E0,5.941895354E0
2.604986500E1,-1.414432403E0,2.616555914E-1,-4.226201997E0,4.464287849E0
2.605982600E1,-9.520875067E-1,3.092989969E-1,-2.939895830E0,3.105659991E0
2.606978800E1,-4.466489232E-1,2.758416675E-1,-9.912428015E-1,1.121671154E0
2.607974900E1,3.809747511E-1,1.715140378E-1,1.639776201E0,1.692165717E0
2.608971000E1,3.110283110E-1,1.797153425E-1,1.671235390E0,1.709404558E0
2.609967100E1,1.987034737E0,2.802536841E-1,6.731809918E0,7.024536565E0
2.610963200E1,2.745230619E0,1.969299839E-1,8.303453777E0,8.747709255E0
2.611959400E1,3.162915652E0,-1.573631912E-3,9.406101825E0,9.923647990E0
2.612955500E1,3.129973024E0,-1.145009078E-1,1.007559457E1,1.055118228E1
2.613951600E1,3.151081472E0,-1.510945375E-1,1.005961296E1,1.054267314E1
2.614947700E1,2.776324650E0,-1.227938676E-1,1.064836209E1,1.100502940E1
2.615943800E1,3.001073201E0,-4.055025052E-1,1.101209164E1,1.142090342E1
2.616939900E1,3.604079887E0,-9.191751377E-1,1.127869427E1,1.187616181E1
2.617936100E1,4.658788075E0,-1.677875050E0,1.163479672E1,1.264468528E1
2.618932200E1,6.153572330E0,-2.393533900E0,1.223020583E1,1.389868309E1
2.619928300E1,7.670958706E0,-2.939192118E0,1.272137779E1,1.514318033E1
2.620924400E1,8.666553590E0,-3.360693921E0,1.255642550E1,1.562265138E1
2.621920500E1,8.743147438E0,-3.510509233E0,1.146752776E1,1.484151256E1
2.622916700E1,8.725319277E0,-3.531497229E0,1.147264057E1,1.483995117E1
2.623912800E1,5.832721574E0,-2.724573576E0,6.376436616E0,9.061064289E0
2.624908900E1,3.905288676E0,-2.156420096E0,3.670649852E0,5.777118452E0
2.625905000E1,1.968501695E0,-1.613025920E0,1.288393039E0,2.852509099E0
2.626901100E1,3.673981011E-1,-1.004104629E0,-4.501970136E-1,1.160122762E0
2.627897200E1,-1.041858931E0,-1.994217749E-1,-1.908933477E0,2.183864945E0
2.628893400E1,-9.934238130E-1,-1.164652799E-1,-1.914410564E0,2.159958991E0
2.629889500E1,-2.299443283E0,7.532317422E-1,-3.583997040E0,4.324330266E0
2.630885600E1,-2.421370009E0,6.116637808E-1,-3.950179505E0,4.673444492E0
2.631881700E1,-2.906020279E0,5.395576715E-1,-4.261667114E0,5.186316895E0
2.632877800E1,-3.788976155E0,6.941026510E-1,-4.563217381E0,5.971689180E0
2.633874000E1,-3.854094549E0,7.416605410E-1,-4.525114000E0,5.990055247E0
2.634870100E1,-5.203740680E0,8.210237758E-1,-5.152833066E0,7.369171304E0
2.635866200E1,-5.574319081E0,1.058961014E0,-5.708903859E0,8.048976017E0
2.636862300E1,-5.770821780E0,1.473271034E0,-6.189306419E0,8.589553278E0
2.637858400E1,-5.636831664E0,1.803532299E0,-6.719037260E0,8.953885283E0
2.638854500E1,-5.632920461E0,1.831933687E0,-6.714136709E0,8.953513595E0
2.639850700E1,-5.526210530E0,2.373385710E0,-7.422127520E0,9.553006829E0
2.640846800E1,-5.716823328E0,2.587767733E0,-7.445417565E0,9.737189200E0
2.641842900E1,-5.544273748E0,2.536400528E0,-7.313578055E0,9.521592461E0
2.642838988E1,-5.149613589E0,2.425794743E0,-6.857202873E0,8.912027350E0
2.643835087E1,-4.756545042E0,2.424521658E0,-6.125136151E0,8.125288849E0
2.644831187E1,-4.499399993E0,2.455652819E0,-5.249248974E0,7.336855311E0
2.645827388E1,-3.819668190E0,2.365472381E0,-4.203283836E0,6.152472647E0
2.646823488E1,-2.844336539E0,2.315431325E0,-2.810914439E0,4.620899539E0
2.647819588E1,-2.093263735E0,2.346350524E0,-1.017555857E0,3.304925683E0
2.648815688E1,-2.059230893E0,2.292486704E0,-1.044426152E0,3.253729114E0
2.649811787E1,-6.339557058E-1,2.469834656E0,2.982167691E0,3.923685410E0
2.650807987E1,-1.850143817E-1,2.523199854E0,4.341298590E0,5.024703103E0
2.651804088E1,2.648642510E-2,2.479704756E0,5.216499889E0,5.775942200E0
2.652800188E1,5.323840150E-1,2.165170162E0,5.903905578E0,6.310902918E0
2.653796288E1,1.181305669E0,1.613786935E0,6.545086688E0,6.843825765E0
2.654792388E1,1.647966980E0,1.190709600E0,7.491002458E0,7.762003759E0
2.655788487E1,2.029163926E0,7.682605483E-1,8.221989784E0,8.503460855E0
2.656784687E1,2.116654059E0,-3.604267582E-2,8.866258224E0,9.115484539E0
2.657780788E1,1.698431960E0,-1.028885568E0,9.254225076E0,9.464880263E0
2.658776888E1,1.268076303E0,-1.880191635E0,9.162916126E0,9.439394579E0
2.659772988E1,9.676413926E-1,-2.460511563E0,9.076942175E0,9.454169782E0
2.660769088E1,9.403467362E-1,-2.866513274E0,8.772243183E0,9.276497226E0
2.661765287E1,1.256718964E0,-3.550523484E0,8.415020991E0,9.219443467E0
2.662761387E1,1.270242550E0,-3.650974556E0,8.403927653E0,9.250358444E0
2.663757487E1,2.071070336E0,-4.500571775E0,8.463137729E0,9.806588543E0
2.664753588E1,3.494443716E0,-5.223908311E0,9.411052662E0,1.131672511E1
2.665749688E1,3.544702581E0,-4.948627245E0,8.349623392E0,1.033295886E1
2.666745788E1,3.033792758E0,-4.127166829E0,6.401600693E0,8.198652082E0
2.667741987E1,1.929402241E0,-2.930325108E0,3.873178107E0,5.225983820E0
2.668738087E1,1.877531590E0,-2.963985774E0,3.886235524E0,5.235758120E0
2.669734187E1,-1.973686128E0,1.836626151E-1,-6.746722072E-1,2.093884303E0
2.670730288E1,-2.007818957E0,1.583429288E-1,-6.657914561E-1,2.121246735E0
2.671726388E1,-2.936089585E0,1.296888458E0,-3.815894104E0,4.986340295E0
2.672722488E1,-2.176490079E0,2.080133081E-1,-5.426908436E0,5.850787449E0
2.673718687E1,-2.299880655E0,1.950351206E-1,-5.387986445E0,5.861560172E0
2.674714787E1,-1.636807277E0,-7.623656778E-1,-7.817148453E0,8.022976345E0
2.675710887E1,-1.716115694E0,-7.378889407E-1,-7.788778932E0,8.009657322E0
2.676706988E1,-1.462137497E0,7.099728714E-1,-7.323129482E0,7.501342076E0
2.677703088E1,-2.049601114E-1,4.859596444E-1,-6.302021441E0,6.324052472E0
2.678699287E1,-1.727492622E-1,5.560808797E-1,-6.309269065E0,6.336082732E0
2.679695387E1,-4.919908646E-1,-1.206947172E-1,-6.711555163E0,6.730645952E0
2.680691487E1,-4.148368540E-1,-5.762891494E-2,-6.733140160E0,6.746153505E0
2.681687587E1,-2.336621927E0,-1.726390421E-4,-7.177380615E0,7.548151731E0
2.682683687E1,-2.225577162E0,6.011098489E-2,-7.207263395E0,7.543305156E0
2.683679788E1,-3.455714099E0,3.396356674E-1,-7.387469319E0,8.162843577E0
2.684675988E1,1.073367764E1,-1.686386988E0,-2.136434605E0,1.107339558E1
2.685672087E1,1.135232007E1,-1.640292217E0,-2.271136912E0,1.169289496E1
2.686668187E1,-2.669690732E0,3.501799513E0,-5.386418222E0,6.957251591E0
2.687664287E1,-2.376665706E0,2.938871690E0,-6.100186667E0,7.176195654E0
2.688660387E1,-2.345689643E0,2.795471065E0,-6.116890993E0,7.122729378E0
2.689656488E1,-5.788520717E0,8.095747814E-2,-3.714960052E0,6.878550312E0
2.690652688E1,-6.182721870E0,-6.619831645E-1,-6.056497441E0,8.680174692E0
2.691648787E1,-5.526946110E0,-3.798353919E0,-6.703872507E0,9.482432830E0
2.692644887E1,-5.753972443E0,-3.546268466E0,-6.417825547E0,9.320552755E0
2.693640987E1,-6.001613721E0,-3.654616202E0,-6.363953980E0,9.480268831E0
2.694637087E1,-1.589666147E0,7.206618740E-1,-6.669180391E0,6.893791344E0
2.695633288E1,-1.753805384E0,6.125061819E-1,-6.622944703E0,6.878545899E0
2.696629388E1,3.314790062E0,3.217759026E0,-9.180595182E0,1.027740892E1
2.697625487E1,4.633273457E0,2.407851538E0,-1.036688414E1,1.160763795E1
2.698621587E1,3.852389501E0,5.127514768E-1,-1.042343841E1,1.112438256E1
2.699617687E1,3.044841072E0,-9.056165410E-1,-8.379268776E0,8.961213293E0
2.700613787E1,3.791310948E0,-1.027971136E0,-8.465786517E0,9.332754401E0
2.701609988E1,-2.225824865E-2,-2.738675013E0,2.018673787E1,2.037167696E1
2.702606088E1,3.286565698E-1,-2.826301679E0,2.019751780E1,2.039695373E1
2.703602188E1,2.152179549E-1,-4.488295545E0,7.538592362E0,8.776188835E0
2.704598287E1,1.487157733E0,-4.211595653E0,1.081910312E1,1.170479254E1
2.705594387E1,1.112517855E0,-2.283873756E0,5.260328279E0,5.841646079E0
2.706590487E1,1.436134783E0,-1.545155972E-1,5.897785882E0,6.072086667E0
2.707586688E1,-1.056541071E0,2.360569491E0,7.634586101E0,8.060736461E0
2.708582788E1,-1.758927253E0,4.701758970E0,6.449768887E0,8.173119428E0
2.709578888E1,-2.321996871E0,6.424585513E0,7.433483398E0,1.009572404E1
2.710574987E1,-3.329998670E0,6.207964885E0,8.643330204E0,1.115055497E1
2.711571087E1,-3.810210026E0,4.787520667E0,7.431625153E0,9.626375589E0
2.712567288E1,-4.464144498E0,2.951129501E0,6.496185839E0,8.416542157E0
2.713563388E1,-4.473461452E0,8.765539058E-1,5.224271423E0,6.933485127E0
2.714559488E1,-3.633108096E0,-1.164622540E0,3.835515606E0,5.409898341E0
2.715555588E1,-2.109441811E0,-2.859414169E0,2.579816104E0,4.391064253E0
2.716551687E1,-1.249152374E-1,-4.201197257E0,1.953059490E0,4.634663265E0
2.717547787E1,1.548174013E0,-5.155916888E0,1.160823750E0,5.507071227E0
2.718543988E1,2.502214782E0,-5.230956545E0,-1.841194654E-1,5.801541620E0
2.719540088E1,3.999951297E0,-5.777558357E0,-1.419542577E0,7.169023091E0
2.720536188E1,5.280360839E0,-5.762811679E0,-2.470310619E0,8.197233899E0
2.721532288E1,6.014551270E0,-4.797061276E0,-3.121656529E0,8.302491394E0
2.722528388E1,5.976854855E0,-4.580637991E0,-3.130151364E0,8.154930161E0
2.723524487E1,5.054619724E0,-2.482949668E0,-4.059549919E0,6.942201751E0
2.724520687E1,3.543250718E0,-1.794350562E0,-3.601854436E0,5.361685833E0
2.725516788E1,2.067141007E0,-9.587819108E-1,-3.130541373E0,3.872030989E0
2.726512888E1,8.447481224E-1,4.430890652E-1,-2.777405800E0,2.936649501E0
2.727508988E1,1.258721343E-1,1.469322117E0,-3.422094655E0,3.726323001E0
2.728505088E1,5.453727275E-2,1.698997678E0,-5.106601471E0,5.382094946E0
2.729501187E1,3.946247837E-1,1.849805848E0,-6.849654118E0,7.106002528E0
2.730497387E1,9.816007429E-1,1.842964313E0,-8.579990825E0,8.830419018E0
2.731493488E1,1.405288527E0,1.801916713E0,-9.710057051E0,9.975316918E0
2.732489588E1,1.488551124E0,1.845997264E0,-1.002225627E1,1.029898592E1
2.733485688E1,1.481283912E0,1.714395736E0,-9.712597082E0,9.973359356E0
2.734481788E1,1.742868752E0,1.535079612E0,-8.632102965E0,8.939086223E0
2.735477887E1,1.910041817E0,1.272500306E0,-6.993200923E0,7.360188579E0
2.736474087E1,1.927298120E0,1.329014815E0,-4.412560946E0,4.995142894E0
2.737470188E1,1.306875502E0,1.646764062E0,-1.087150587E0,2.366780905E0
2.738466288E1,1.082924804E-1,2.071809277E0,2.259789221E0,3.067697551E0
2.739462388E1,-7.964796495E-1,2.264310288E0,5.230496954E0,5.754961277E0
2.740458488E1,-1.454618562E0,2.098462933E0,7.761182998E0,8.170399217E0
2.741454687E1,-2.171769037E0,1.920053858E0,9.943086137E0,1.035703382E1
2.742450787E1,-2.049066678E0,1.854066276E0,9.969530754E0,1.034542312E1
2.743446829E1,-5.076786518E0,2.159549087E0,1.358078751E1,1.465862214E1
2.744442929E1,-6.676921520E0,2.418248473E0,1.345640437E1,1.521525633E1
2.745439029E1,-7.520578845E0,2.940765896E0,1.232040381E1,1.473090493E1
2.746435129E1,-7.672277838E0,3.584289401E0,1.091546056E1,1.381514592E1
2.747431329E1,-6.941950663E0,3.878560469E0,9.515600293E0,1.240082897E1
2.748427429E1,-5.317181926E0,3.725140932E0,8.263266449E0,1.050859986E1
2.749423529E1,-3.318559177E0,2.860109695E0,7.158164325E0,8.392400073E0
2.750419629E1,-1.555885905E0,1.494229501E0,6.428176289E0,6.780483253E0
2.751415729E1,-1.314571023E-1,5.897311673E-2,5.932452269E0,5.934201608E0
2.752411829E1,8.282472798E-1,-1.098148761E0,5.522827916E0,5.691533400E0
2.753408029E1,1.089963682E0,-1.837648610E0,5.170875819E0,5.594902142E0
2.754404129E1,7.105986696E-1,-2.140252545E0,4.847264008E0,5.346176184E0
2.755400229E1,2.444296941E-1,-2.017319513E0,4.590594045E0,5.020246765E0
2.756396329E1,3.456920671E-1,-2.057453924E0,4.620830582E0,5.069979775E0
2.757392429E1,-5.395456848E-1,-1.761970729E0,3.800962654E0,4.224093689E0
2.758388529E1,-8.178898144E-1,-1.575331990E0,3.026300136E0,3.508433716E0
2.759384729E1,-8.671835965E-1,-1.464959802E0,1.740702066E0,2.434780954E0
2.760380829E1,-5.144199067E-1,-1.525973889E0,5.756057560E-2,1.611377476E0
2.761376929E1,1.700677291E-1,-1.636158090E0,-1.567969469E0,2.272545837E0
2.762373029E1,1.113154324E0,-1.749710287E0,-3.147477248E0,3.769245504E0
2.763369129E1,2.128410179E0,-1.681163085E0,-4.721348897E0,5.444958642E0
2.764365229E1,3.106762793E0,-1.447467710E0,-6.296961846E0,7.169300267E0
2.765361429E1,3.942729567E0,-1.049405129E0,-7.564594930E0,8.594734668E0
2.766357529E1,4.497448777E0,-4.947582787E-1,-8.282004436E0,9.437342250E0
2.767353629E1,4.780748422E0,8.594266802E-2,-8.369625548E0,9.639168710E0
2.768349729E1,4.962361770E0,5.360347241E-1,-8.037107842E0,9.460838759E0
2.769345829E1,5.200473840E0,6.510368845E-1,-7.590071833E0,9.223771876E0
2.770342029E1,5.471751902E0,3.180497937E-1,-7.323010198E0,9.147005134E0
2.771338129E1,5.990823269E0,-2.176279579E-1,-7.193333573E0,9.363833257E0
2.772334229E1,6.727314579E0,-5.683012681E-1,-6.765897431E0,9.558090595E0
2.773330329E1,7.300005498E0,-8.486515774E-1,-6.241028550E0,9.641614343E0
2.774326429E1,7.384886604E0,-1.125362287E0,-5.610476509E0,9.342399964E0
2.775322529E1,6.936287634E0,-1.266179905E0,-5.035471262E0,8.664367751E0
2.776318729E1,6.205986187E0,-1.251603673E0,-4.623077082E0,7.839235805E0
2.777314829E1,5.116158745E0,-9.583754562E-1,-4.188692109E0,6.681220353E0
2.778310929E1,3.821142273E0,-5.145701802E-1,-3.538674687E0,5.233366916E0
2.779307029E1,2.276458755E0,2.811253577E-2,-2.878470245E0,3.669965358E0
2.780303129E1,7.134602970E-1,7.545105283E-1,-2.645059336E0,2.841592973E0
2.781299229E1,-8.722025540E-1,1.766637830E0,-2.407289913E0,3.110754128E0
2.782295429E1,-2.142588507E0,2.920713454E0,-1.749062415E0,4.022495734E0
2.783291529E1,-2.618214185E0,3.577107850E0,-8.538940448E-1,4.514408170E0
2.784287629E1,-2.618662374E0,3.654032650E0,1.191329259E-1,4.497059027E0
2.785283729E1,-2.647915701E0,3.594564713E0,9.550374269E-2,4.465587755E0
2.786279829E1,-3.318883113E0,1.898887669E0,2.610479488E0,4.629833976E0
2.787275929E1,-4.289931093E0,1.368865052E0,4.410029687E0,6.302829694E0
2.788272129E1,-5.227265782E0,1.360790924E0,6.604345295E0,8.531906954E0
2.789268229E1,-6.250419179E0,1.496087600E0,8.643142508E0,1.077079061E1
2.790264329E1,-7.339299957E0,1.655080411E0,9.875278316E0,1.241473869E1
2.791260429E1,-8.226635982E0,1.630840778E0,1.003614691E1,1.307904530E1
2.792256529E1,-8.499492792E0,1.536047911E0,9.425471311E0,1.278437837E1
2.793252629E1,-7.976302062E0,1.676753700E0,8.583288655E0,1.183662712E1
2.794248829E1,-6.897062173E0,1.821700037E0,7.996487820E0,1.071596356E1
2.795244929E1,-5.840463288E0,1.746621641E0,7.717667434E0,9.834840578E0
2.796241029E1,-5.174333863E0,1.414492191E0,7.886551979E0,9.537935898E0
2.797237129E1,-4.847758390E0,9.181783336E-1,8.381434584E0,9.725855158E0
2.798233229E1,-4.789949600E0,4.389695556E-1,9.037098663E0,1.023745396E1
2.799229329E1,-4.875558100E0,-7.147862993E-2,9.452246296E0,1.063584205E1
2.800225529E1,-4.747943203E0,-6.720871532E-1,9.501775721E0,1.064323295E1
2.801221629E1,-4.363924099E0,-1.311657355E0,9.111416189E0,1.018735410E1
2.802217729E1,-3.887159384E0,-1.974188112E0,8.259303206E0,9.339353095E0
2.803213829E1,-3.453283119E0,-2.530907069E0,6.941977560E0,8.156084068E0
2.804209929E1,-3.006024038E0,-2.958961554E0,5.343387977E0,6.807600831E0
2.805206029E1,-2.543857190E0,-3.212757610E0,3.724579892E0,5.537645369E0
2.806202229E1,-2.072961910E0,-3.250193532E0,2.086914536E0,4.383621944E0
2.807198329E1,-1.363815688E0,-3.110056530E0,1.346239543E-1,3.398612726E0
2.808194429E1,-3.677480569E-1,-2.881681243E0,-2.076766108E0,3.571033869E0
2.809190529E1,7.220475179E-1,-2.674050416E0,-3.927497571E0,4.805947920E0
2.810186629E1,8.145756125E-1,-2.639195164E0,-3.873349430E0,4.757280772E0
2.811182729E1,3.023190002E0,-2.839021420E0,-5.916675897E0,7.225425529E0
2.812178929E1,4.519974883E0,-2.934174330E0,-6.130106869E0,8.161970483E0
2.813175029E1,6.215633508E0,-2.876831563E0,-5.859650341E0,9.013643096E0
2.814171129E1,7.672280177E0,-3.155932322E0,-5.529396093E0,9.969855219E0
2.815167229E1,8.700508956E0,-3.722946180E0,-5.670421579E0,1.103235538E1
2.816163329E1,9.419303083E0,-3.852029020E0,-6.132326472E0,1.188136466E1
2.817159429E1,9.747764575E0,-3.511961389E0,-6.603253035E0,1.228640459E1
2.818155629E1,9.879792366E0,-2.872823589E0,-6.942134850E0,1.241195588E1
2.819151729E1,9.873446968E0,-2.095866477E0,-6.982340890E0,1.227316975E1
2.820147829E1,9.651027655E0,-1.454142891E0,-6.860941583E0,1.193018800E1
2.821143929E1,9.417338419E0,-1.100119565E0,-6.835959939E0,1.168874990E1
2.822140029E1,9.254879379E0,-6.633606224E-1,-6.996183003E0,1.162064612E1
2.823136129E1,9.238297260E0,-6.387269606E-1,-7.003985528E0,1.161076749E1
2.824132329E1,8.483774891E0,3.616230986E-1,-7.305108948E0,1.120133137E1
2.825128429E1,7.975363584E0,6.429574943E-1,-7.214977627E0,1.077384429E1
2.826124529E1,7.396441872E0,6.904946266E-1,-6.891226652E0,1.013277553E1
2.827120629E1,6.749003656E0,6.904007788E-1,-6.469857581E0,9.374687232E0
2.828116729E1,5.891879025E0,7.420634142E-1,-6.058315925E0,8.483400757E0
2.829112829E1,4.827086436E0,1.001404970E0,-5.452807508E0,7.350964909E0
2.830109029E1,3.603247243E0,1.601998510E0,-4.503413229E0,5.985860058E0
2.831105129E1,2.409498991E0,2.374697387E0,-3.544296200E0,4.899684543E0
2.832101229E1,1.242274002E0,3.427167992E0,-2.657226807E0,4.511050814E0
2.833097329E1,1.325587177E-1,4.487841509E0,-1.560810723E0,4.753359163E0
2.834093429E1,-5.914789000E-1,3.921895353E0,-2.483745182E-1,3.974015646E0
2.835089529E1,-6.888289011E-1,3.950264582E0,-2.921795189E-1,4.020503002E0
2.836085729E1,-1.315517980E0,2.741003374E0,2.450145326E0,3.904727798E0
2.837081829E1,-1.783547831E0,2.247879027E0,3.709720947E0,4.689992803E0
2.838077929E1,-2.536237098E0,1.356498775E0,4.997420506E0,5.766003751E0
2.839074029E1,-3.681180980E0,5.030678299E-1,5.996963430E0,7.054625506E0
2.840070129E1,-5.778754113E0,-1.272818833E0,7.451305127E0,9.515041512E0
2.841066229E1,-7.802784768E0,-1.794486803E0,9.010430682E0,1.205369214E1
2.842062429E1,-8.727295051E0,-6.485408543E-1,1.019561686E1,1.343640157E1
2.843058562E1,-9.575686866E0,7.327192712E-1,1.071065832E1,1.438571716E1
2.844054663E1,-1.057698045E1,1.791054487E0,1.106243617E1,1.540966857E1
2.845050763E1,-1.113012003E1,2.124925969E0,1.126832365E1,1.598030038E1
2.846046863E1,-1.091390169E1,1.881055415E0,1.141645467E1,1.590556685E1
2.847043062E1,-9.870919801E0,1.074920697E0,1.152588999E1,1.521304218E1
2.848039162E1,-8.306740497E0,-2.623119414E-1,1.141635410E1,1.412104409E1
2.849035262E1,-6.809235824E0,-1.313789396E0,1.063068361E1,1.269264233E1
2.850031363E1,-5.354562006E0,-2.005449958E0,9.302465190E0,1.091920429E1
2.851027463E1,-4.080548440E0,-2.309279323E0,7.616786007E0,8.944220237E0
2.852023563E1,-3.187383033E0,-2.175055172E0,5.810002218E0,6.974697225E0
2.853019762E1,-2.586682490E0,-1.885221702E0,4.354463012E0,5.404288601E0
2.854015862E1,-1.974091340E0,-1.386869652E0,3.372661124E0,4.146720043E0
2.855011962E1,-1.086172348E0,-1.022488860E0,2.309758356E0,2.749588606E0
2.856008063E1,1.600125647E-1,-9.787798999E-1,6.438912946E-1,1.182459349E0
2.857004163E1,1.663350128E0,-1.470386895E0,-1.453380414E0,2.653504456E0
2.858000263E1,3.124743274E0,-2.140891499E0,-3.408578231E0,5.095668994E0
2.858996462E1,4.828700268E0,-2.652936705E0,-4.971416184E0,7.420875845E0
2.859992562E1,6.197840431E0,-2.681285761E0,-6.168583302E0,9.146252746E0
2.860988662E1,7.050753897E0,-2.504725576E0,-7.407032933E0,1.052857624E1
2.861984762E1,7.403890640E0,-2.151496448E0,-8.050428969E0,1.114701485E1
2.862980863E1,7.193755742E0,-1.619053084E0,-7.933895715E0,1.083135060E1
2.863976963E1,6.425404708E0,-1.047225214E0,-7.334782398E0,9.807218726E0
2.864973162E1,5.558616968E0,-3.191699740E-1,-6.750309339E0,8.750243896E0
2.865969262E1,4.898736463E0,3.674676830E-1,-6.572432946E0,8.205457102E0
2.866965362E1,4.550179844E0,9.925128168E-1,-6.846175025E0,8.280056206E0
2.867961462E1,4.507971134E0,1.560368088E0,-7.493712058E0,8.883258002E0
2.868957563E1,4.568820183E0,2.071596293E0,-8.217773942E0,9.627950853E0
2.869953663E1,4.623559185E0,2.331709096E0,-8.898895043E0,1.029584867E1
2.870949862E1,4.596082826E0,2.410468167E0,-9.377433511E0,1.071776998E1
2.871945962E1,4.258531837E0,2.441079511E0,-9.656423466E0,1.083238094E1
2.872942062E1,3.665180074E0,2.454333687E0,-9.648580011E0,1.060907136E1
2.873938162E1,3.137561248E0,2.508985565E0,-9.363418905E0,1.018886219E1
2.874934263E1,2.839159414E0,2.429647327E0,-8.755701994E0,9.519786223E0
2.875930363E1,2.712865111E0,2.162143643E0,-7.894469109E0,8.623058898E0
2.876926563E1,2.626132484E0,1.755631177E0,-6.847012346E0,7.540582916E0
2.877922662E1,2.349018609E0,1.333202299E0,-5.542763997E0,6.165837293E0
2.878918762E1,1.953682219E0,9.860484275E-1,-4.264001908E0,4.792794381E0
2.879914862E1,1.459272361E0,7.151144743E-1,-2.648606842E0,3.107407720E0
2.880910962E1,3.930310520E-1,7.903973758E-1,-4.301404792E-1,9.819481918E-1
2.881907163E1,-1.031778624E0,9.298601934E-1,2.152005740E0,2.561315251E0
2.882903263E1,-2.499133884E0,9.861650795E-1,4.853860837E0,5.547806481E0
2.883899362E1,-4.107737116E0,7.865303198E-1,7.286017204E0,8.401082124E0
2.884895462E1,-5.779170434E0,3.008176106E-1,8.962204016E0,1.066819586E1
2.885891562E1,-6.950847201E0,-2.892199507E-1,9.622119606E0,1.187363090E1
2.886887662E1,-7.462937577E0,-5.846806347E-1,9.374182459E0,1.199635718E1
2.887883863E1,-6.982903976E0,-2.980705887E-1,8.483532232E0,1.099182028E1
2.888879963E1,-6.370468948E0,-8.234312207E-2,7.680632924E0,9.979066947E0
2.889876062E1,-6.353535411E0,-2.348893771E-1,7.635628075E0,9.936065687E0
2.890872162E1,-6.310275371E0,4.135025194E-1,8.797515433E0,1.083452064E1
2.891868262E1,-5.696496652E0,-4.734060743E-1,1.051839485E1,1.197124963E1
2.892864362E1,-4.953086917E0,-1.803812234E0,1.237734633E1,1.345308555E1
2.893860563E1,-3.929246473E0,-3.385560082E0,1.391990731E1,1.485479096E1
2.894856663E1,-2.333281559E0,-5.023135976E0,1.463029256E1,1.564357882E1
2.895852763E1,-6.086955880E-1,-6.000406271E0,1.402630675E1,1.526802760E1
2.896848862E1,3.610626429E-1,-5.747714753E0,1.240452770E1,1.367621653E1
2.897844962E1,2.652356954E-1,-4.667315069E0,1.021441098E1,1.123335976E1
2.898841163E1,-2.740410174E-1,-3.555177868E0,7.976922451E0,8.737601498E0
2.899837263E1,-9.711896293E-1,-2.495109538E0,6.018357807E0,6.587063959E0
2.900833363E1,-1.568081735E0,-1.600412599E0,3.934883773E0,4.528080291E0
2.901829463E1,-1.755644041E0,-9.874330482E-1,1.541327215E0,2.536335863E0
2.902825562E1,-1.735373060E0,-1.035494968E0,1.534563156E0,2.537450210E0
2.903821662E1,-1.164006974E0,-4.222591634E-1,-2.428439877E0,2.725900819E0
2.904817863E1,-7.930159052E-1,-2.188282451E-1,-3.503668576E0,3.598951725E0
2.905813963E1,-4.456493416E-1,-1.359116574E-1,-4.448400870E0,4.472733573E0
2.906810063E1,1.193391864E-1,-2.044449717E-2,-5.477314943E0,5.478653010E0
2.907806163E1,9.647493598E-1,-2.712742612E-2,-6.287926728E0,6.361564254E0
2.908802262E1,1.953967563E0,-2.416864729E-1,-6.916376696E0,7.191152076E0
2.909798362E1,2.817987231E0,-4.827063632E-1,-7.507551248E0,8.033516242E0
2.910794563E1,3.519592006E0,-5.638975838E-1,-8.248763600E0,8.985967355E0
2.911790663E1,4.030738349E0,-3.986599472E-1,-8.901705800E0,9.779884843E0
2.912786763E1,4.446594080E0,-1.386494699E-1,-9.175443785E0,1.019706778E1
2.913782863E1,4.806945994E0,1.096092734E-1,-9.224602497E0,1.040250139E1
2.914778963E1,5.087410909E0,3.877782789E-1,-9.162622595E0,1.048741029E1
2.915775162E1,5.176996100E0,7.499150553E-1,-8.965236382E0,1.037974588E1
2.916771262E1,5.150774846E0,1.091332808E0,-8.688992865E0,1.015972863E1
2.917767363E1,5.228360381E0,1.450519079E0,-8.265474358E0,9.887255647E0
2.918763463E1,5.454293286E0,1.646985525E0,-7.930182148E0,9.764715330E0
2.919759563E1,5.580480877E0,1.612872284E0,-7.547747347E0,9.524264478E0
2.920755663E1,5.595466121E0,1.554362706E0,-7.007726576E0,9.101292013E0
2.921751862E1,5.366057632E0,1.664714868E0,-6.369700624E0,8.493464319E0
2.922747962E1,5.364758381E0,1.688872932E0,-6.361534987E0,8.491292696E0
2.923744063E1,4.428722358E0,2.548707747E0,-5.617653966E0,7.593913944E0
2.924740163E1,3.728060739E0,3.175286314E0,-5.003089966E0,7.000842039E0
2.925736263E1,2.830932674E0,3.828386388E0,-4.286605489E0,6.406692498E0
2.926732363E1,1.987813294E0,4.387032588E0,-3.708784808E0,6.078860203E0
2.927728562E1,1.166934675E0,4.587894385E0,-3.091511793E0,5.654021276E0
2.928724662E1,4.209454402E-1,4.628306539E0,-2.077606353E0,5.090664460E0
2.929720763E1,-3.676428071E-1,4.602575575E0,-8.100007510E-1,4.687746193E0
2.930716863E1,-1.110626281E0,4.481493479E0,8.921629018E-1,4.702470540E0
2.931712963E1,-1.744057491E0,3.933643871E0,3.138134567E0,5.325709267E0
2.932709162E1,-2.555945139E0,2.887925193E0,5.587584075E0,6.789260877E0
2.933705262E1,-3.502751440E0,1.438140816E0,7.643086199E0,8.529612142E0
2.934701362E1,-4.381967729E0,-3.196535388E-1,8.942732204E0,9.963748232E0
2.935697462E1,-5.149615343E0,-1.663267390E0,9.383029296E0,1.083172356E1
2.936693563E1,-5.404113650E0,-1.631999111E0,9.142326325E0,1.074476599E1
2.937689663E1,-5.569034368E0,-3.690864846E-1,9.135095658E0,1.070515489E1
2.938685862E1,-5.715097815E0,9.457476631E-1,9.609303094E0,1.122031584E1
2.939681962E1,-5.653014418E0,1.149453693E0,1.035295256E1,1.185164303E1
2.940678062E1,-5.323798635E0,2.733851060E-1,1.125448680E1,1.245315400E1
2.941674162E1,-4.724822435E0,-1.033354156E0,1.222356339E1,1.314561789E1
2.942670263E1,-4.618097593E0,-1.120473284E0,1.224246276E1,1.313240954E1
2.943666300E1,-2.670273992E0,-3.148021916E0,1.263437824E1,1.329164845E1
2.944662500E1,-1.388420187E0,-3.789412649E0,1.166993147E1,1.234806298E1
2.945658600E1,-4.639768544E-1,-3.971338532E0,1.013756102E1,1.089756614E1
2.946654700E1,-3.465068766E-1,-3.390374095E0,8.200505360E0,8.880483752E0
2.947650800E1,-1.133561107E0,-2.161838272E0,6.210366336E0,6.672867114E0
2.948646900E1,-2.064701256E0,-7.507880446E-1,4.213787774E0,4.752123880E0
2.949643100E1,-2.668707815E0,3.318572626E-1,2.350474273E0,3.571674671E0
2.950639200E1,-2.695807321E0,8.731128193E-1,1.151326702E0,3.058636344E0
2.951635300E1,-2.279810964E0,9.618549880E-1,2.405193686E-2,2.474526530E0
2.952631400E1,-1.586357793E0,7.814603452E-1,-1.581016946E0,2.372093147E0
2.953627500E1,-7.580520406E-1,6.238929400E-1,-3.261731842E0,3.406285353E0
2.954623600E1,1.952385306E-2,5.936869548E-1,-4.866355752E0,4.902475261E0
2.955619800E1,7.017635268E-1,6.114774008E-1,-6.115468365E0,6.185897670E0
2.956615900E1,6.963688856E-1,5.873618755E-1,-6.121969884E0,6.189381137E0
2.957612000E1,1.720839367E0,2.351045546E-1,-7.414886329E0,7.615582811E0
2.958608100E1,2.050693081E0,-1.039412749E-1,-7.507703276E0,7.783428189E0
2.959604200E1,2.281511334E0,-6.420865515E-1,-7.292609940E0,7.668098124E0
2.960600300E1,2.621634221E0,-1.099506338E0,-6.909438390E0,7.471426841E0
2.961596500E1,2.662859430E0,-1.524054687E0,-6.670092557E0,7.341913766E0
2.962592600E1,2.688286048E0,-1.523393513E0,-6.659645337E0,7.341558805E0
2.963588700E1,3.647878456E0,-2.414537099E0,-6.568390181E0,7.891815773E0
2.964584800E1,4.462782097E0,-2.588713228E0,-6.673137787E0,8.434964620E0
2.965580900E1,5.042554579E0,-2.817451626E0,-6.919900813E0,9.013901353E0
2.966577100E1,5.378339124E0,-2.962579226E0,-7.104552374E0,9.390317984E0
2.967573200E1,5.379377589E0,-2.827826926E0,-7.222525213E0,9.439236135E0
2.968569300E1,5.091983432E0,-2.525174459E0,-6.997913194E0,9.015297576E0
2.969565400E1,4.671123361E0,-2.290627728E0,-6.303728828E0,8.173332612E0
2.970561500E1,4.226573588E0,-2.080692514E0,-5.594530567E0,7.313821019E0
2.971557600E1,3.893965543E0,-1.836173503E0,-4.846478727E0,6.482503902E0
2.972553800E1,3.587191666E0,-1.512915595E0,-4.010315779E0,5.589229848E0
2.973549900E1,3.323713205E0,-1.275750189E0,-3.296446761E0,4.851924285E0
2.974546000E1,3.058828781E0,-1.034033603E0,-2.456718181E0,4.057230980E0
2.975542100E1,2.388641681E0,-6.722383037E-1,-1.507344952E0,2.903377726E0
2.976538200E1,1.412143803E0,-7.226866186E-2,-8.178617477E-1,1.633484226E0
2.977534300E1,3.093709177E-1,8.470856930E-1,-3.984877467E-2,9.026917862E-1
2.978530500E1,-6.835070577E-1,1.863574141E0,1.095364755E0,2.267137936E0
2.979526600E1,-1.376702367E0,2.551276137E0,3.136747023E0,4.271241180E0
2.980522700E1,-2.007527181E0,2.841693597E0,5.833834884E0,6.792570746E0
2.981518800E1,-2.787940144E0,2.878134907E0,8.498397608E0,9.395692242E0
2.982514900E1,-2.784905439E0,2.775939319E0,8.477204960E0,9.344760101E0
2.983511100E1,-4.745515147E0,2.041522601E0,1.287504145E1,1.387279427E1
2.984507200E1,-5.625627814E0,1.334955879E0,1.361896048E1,1.479546822E1
2.985503300E1,-5.900000807E0,1.016961341E0,1.297843776E1,1.429279772E1
2.986499400E1,-5.320236511E0,1.060797332E0,1.116496359E1,1.241316315E1
2.987495500E1,-4.179935904E0,1.384445835E0,9.234318230E0,1.023040506E1
2.988491600E1,-3.008062670E0,1.662230386E0,7.980737175E0,8.689281716E0
2.989487800E1,-2.103496947E0,1.644703942E0,8.032265763E0,8.464457676E0
2.990483900E1,-1.668368208E0,1.207517568E0,9.037971652E0,9.269653863E0
2.991480000E1,-1.746874972E0,3.847161651E-1,1.019048300E1,1.034628061E1
2.992476100E1,-2.008943815E0,-5.983411192E-1,1.074419093E1,1.094675779E1
2.993472200E1,-2.049683267E0,-1.606560946E0,1.093472246E1,1.124056915E1
2.994468400E1,-1.903686186E0,-2.391044448E0,1.044535027E1,1.088331093E1
2.995464500E1,-1.698040196E0,-2.865192972E0,9.138514525E0,9.726516283E0
2.996460600E1,-1.524001331E0,-3.128225583E0,7.280850604E0,8.069644408E0
2.997456700E1,-1.221221687E0,-3.005923759E0,5.151074224E0,6.087735680E0
2.998452800E1,-7.737126383E-1,-2.667428445E0,2.886465143E0,4.005681812E0
2.999448900E1,-1.972897339E-1,-2.236782766E0,7.969228685E-1,2.382688910E0
3.000445100E1,3.111429164E-1,-1.747444345E0,-1.001137460E0,2.037804668E0
3.001441200E1,6.217627993E-1,-1.318488365E0,-2.591711095E0,2.973544509E0
3.002437300E1,5.849560386E-1,-1.295137363E0,-2.602239591E0,2.964996669E0
3.003433400E1,6.506486294E-1,-2.707446313E-1,-5.085165578E0,5.133766186E0
3.004429500E1,5.954447740E-1,2.216609653E-1,-5.660481897E0,5.696028737E0
3.005425700E1,6.062159300E-1,5.966039114E-1,-6.191447670E0,6.249596645E0
3.006421800E1,8.378060156E-1,7.278048326E-1,-7.409889298E0,7.492534832E0
3.007417900E1,1.208490544E0,9.950291660E-1,-8.708497422E0,8.848076615E0
3.008414000E1,1.633433726E0,1.007855253E0,-9.367181003E0,9.561796792E0
3.009410100E1,2.206294945E0,6.827535709E-1,-9.677713178E0,9.949473462E0
3.010406200E1,2.147315689E0,7.918086013E-1,-9.684756149E0,9.951503766E0
3.011402400E1,3.722230480E0,-2.210892172E-1,-8.979538087E0,9.722961712E0
3.012398500E1,4.303680528E0,-6.218017564E-1,-8.027115535E0,9.129232571E0
3.013394600E1,4.359471444E0,-7.702553990E-1,-7.582591490E0,8.780317668E0
3.014390700E1,4.091003847E0,-7.033585010E-1,-7.809101515E0,8.843816604E0
3.015386800E1,3.739691436E0,-4.825193254E-1,-8.332101626E0,9.145601918E0
3.016383000E1,3.489442300E0,-1.327054098E-1,-9.082522758E0,9.730675102E0
3.017379100E1,3.057797040E0,3.742340078E-1,-1.005691856E1,1.051816452E1
3.018375200E1,2.384439287E0,7.697053953E-1,-1.090460111E1,1.118875875E1
3.019371300E1,1.700257314E0,9.188437468E-1,-1.116439758E1,1.133044227E1
3.020367400E1,1.040987989E0,9.456299879E-1,-1.090239788E1,1.099273176E1
3.021363600E1,4.481455180E-1,1.025010984E0,-1.032107939E1,1.038152984E1
3.022359700E1,-5.380900204E-4,9.354621915E-1,-9.497233604E0,9.543193173E0
3.023355800E1,-5.298629880E-2,9.290843410E-1,-9.504775343E0,9.550223012E0
3.024351900E1,-7.069319538E-1,-5.260374472E-2,-6.745182500E0,6.782330492E0
3.025348000E1,-7.647860596E-1,-5.584756069E-2,-6.752434802E0,6.795836403E0
3.026344100E1,-1.631093524E0,-2.923019450E-1,-4.662782600E0,4.948479371E0
3.027340300E1,-2.226712691E0,-1.512388907E-1,-4.054697315E0,4.628357476E0
3.028336400E1,-2.735684455E0,1.109260663E-1,-3.599123787E0,4.522163869E0
3.029332500E1,-3.234377106E0,5.585028695E-1,-3.114793067E0,4.524937189E0
3.030328600E1,-3.645809418E0,1.065319496E0,-2.362432414E0,4.473021222E0
3.031324700E1,-3.815739445E0,1.536127871E0,-9.799296087E-1,4.228453428E0
3.032320900E1,-3.778946133E0,1.471170129E0,-9.814077848E-1,4.172281950E0
3.033317000E1,-3.658548455E0,1.598832681E0,9.492019057E-1,4.103928239E0
3.034313100E1,-3.359976175E0,4.083878137E-1,4.713292603E0,5.802701755E0
3.035309200E1,-3.192725634E0,3.153685164E-1,4.728371987E0,5.714057746E0
3.036305300E1,-3.373210178E0,-1.474180714E0,7.589114644E0,8.434833535E0
3.037301500E1,-3.171625080E0,-1.561320161E0,7.618397500E0,8.398625290E0
3.038297600E1,-2.791279489E0,-1.545412226E0,9.187455136E0,9.725681056E0
3.039293700E1,-3.042171233E0,3.696804521E-1,1.320669552E1,1.355759108E1
3.040289800E1,-3.515926386E0,9.177514869E-1,1.518461796E1,1.561334777E1
3.041285900E1,-3.624586657E0,8.727739732E-1,1.659910152E1,1.701262867E1
3.042282100E1,-3.500029561E0,1.001029579E0,1.663803696E1,1.703163354E1
3.043278262E1,-2.834520526E0,3.315722108E-1,1.677794914E1,1.701893134E1
3.044274362E1,3.576461148E-1,-1.738296083E0,1.419278634E1,1.430331319E1
3.045270463E1,1.832886052E0,-2.118756279E0,1.168011264E1,1.201139587E1
3.046266563E1,2.530003089E0,-1.998945515E0,8.949120871E0,9.512279599E0
3.047262663E1,2.474970850E0,-1.925624354E0,8.942405929E0,9.476293245E0
3.048258862E1,2.481548967E0,-1.363819197E0,6.365557287E0,6.966951101E0
3.049254962E1,1.754263075E0,-1.842007416E-1,1.728401279E0,2.469562680E0
3.050251062E1,1.320730188E0,2.017457508E-1,2.113347459E-1,1.352661063E0
3.051247162E1,1.109176463E0,2.720507714E-1,-8.540004641E-1,1.426043773E0
3.052243263E1,1.097647070E0,2.599093936E-1,-8.583847064E-1,1.417464739E0
3.053239463E1,1.059607131E0,7.354269706E-2,-1.652350053E0,1.964290330E0
3.054235562E1,9.734405150E-1,-1.565789334E-1,-2.256431165E0,2.462434771E0
3.055231662E1,6.509424520E-1,1.602032570E-1,-3.064816330E0,3.137274342E0
3.056227762E1,7.143313859E-1,3.407512430E-1,-3.381421423E0,3.472807449E0
3.057223862E1,6.611606075E-1,3.517091444E-1,-3.392520608E0,3.474194690E0
3.058220063E1,1.069487756E0,4.163550105E-1,-4.163875941E0,4.319145565E0
3.059216163E1,1.899139099E0,2.504538611E-1,-5.700939952E0,6.014164346E0
3.060212262E1,2.975276747E0,-7.884970307E-3,-7.549395677E0,8.114536893E0
3.061208362E1,4.643435917E0,-1.048014003E-1,-9.944026369E0,1.097525129E1
3.062204462E1,4.880121267E0,7.474057227E-3,-1.017660873E1,1.128623075E1
3.063200663E1,4.805353213E0,9.598409146E-2,-1.017627427E1,1.125420767E1
3.064196763E1,4.706018667E0,2.549312934E-1,-9.693889500E0,1.077882625E1
3.065192863E1,3.549007301E0,6.738799095E-1,-7.130650837E0,7.993481614E0
3.066188962E1,3.512080380E0,7.481034417E-1,-7.123266388E0,7.977173146E0
3.067185062E1,2.355387688E0,1.237818131E0,-5.564302801E0,6.167780034E0
3.068181263E1,1.928286299E0,1.601725445E0,-5.145118834E0,5.723291035E0
3.069177363E1,1.868233202E0,1.612563405E0,-5.151668885E0,5.712297991E0
3.070173463E1,7.549164712E-1,2.536984080E0,-4.700197179E0,5.394259970E0
3.071169563E1,6.908707488E-1,2.526934471E0,-4.710451441E0,5.389902874E0
3.072165663E1,-4.239862847E-1,3.247528078E0,-2.611174722E0,4.188607933E0
3.073161762E1,-8.589995411E-1,2.974930592E0,-8.946076226E-1,3.223106427E0
3.074157962E1,-8.802290270E-1,2.918994958E0,-9.072352695E-1,3.180944913E0
3.075154063E1,-2.077352584E0,1.272287029E0,2.027415023E0,3.169309029E0
3.076150163E1,-2.057625102E0,1.142344063E0,2.008577049E0,3.094051192E0
3.077146263E1,-3.279646834E0,-8.170172636E-1,4.491835157E0,5.621404063E0
3.078142363E1,-3.579009657E0,-1.040210382E0,5.643516201E0,6.763181417E0
3.079138562E1,-3.544371044E0,-1.219843133E0,5.627902381E0,6.761942663E0
3.080134662E1,-4.141690435E0,-4.399503529E-2,5.952181360E0,7.251482480E0
3.081130763E1,-4.112161412E0,-1.996158294E-1,5.944351938E0,7.230839364E0
3.082126863E1,-4.788237535E0,1.914997625E0,6.312836452E0,8.151462363E0
3.083122963E1,-4.995739431E0,2.681407383E0,7.652404906E0,9.524004350E0
3.084119162E1,-4.917586132E0,2.657680844E0,7.662678464E0,9.484859623E0
3.085115262E1,-5.071716397E0,2.765100335E0,9.728195114E0,1.131396779E1
3.086111362E1,-5.208300338E0,2.436541925E0,1.148138449E1,1.284076785E1
3.087107462E1,-3.226429278E0,7.150649191E-1,1.188136211E1,1.233239350E1
3.088103563E1,-1.836130234E0,2.243064649E-1,1.100776120E1,1.116210080E1
3.089099763E1,-1.068714170E0,1.268213932E-1,9.508049199E0,9.568763411E0
3.090095862E1,-1.020259609E0,8.240345802E-2,9.515899086E0,9.570791786E0
3.091091962E1,-9.065721953E-1,1.472228950E-1,7.692931373E0,7.747563542E0
3.092088062E1,-1.263560060E0,9.357682201E-1,3.547382360E0,3.880227802E0
3.093084162E1,-1.184499565E0,1.279973779E0,1.470875868E0,2.281413578E0
3.094080363E1,-1.151835410E0,1.603411928E0,-2.747097927E-1,1.993268696E0
3.095076463E1,-1.236199768E0,2.004783960E0,-1.517838365E0,2.801996056E0
3.096072562E1,-1.153866587E0,1.972479263E0,-1.499024949E0,2.732976096E0
3.097068662E1,-1.880525365E0,1.270881066E0,-3.172593378E0,3.900879782E0
3.098064762E1,-1.328827119E0,3.166114517E-1,-3.376813232E0,3.642649027E0
3.099060963E1,-5.698000556E-1,-9.269618017E-1,-3.504301829E0,3.669340758E0
3.100057063E1,3.477485329E-2,-2.539919675E0,-3.670764458E0,4.463957095E0
3.101053163E1,1.017234260E-1,-2.454052436E0,-3.650411469E0,4.399798280E0
3.102049262E1,1.245148786E0,-4.843682004E0,-4.759219558E0,6.903754171E0
3.103045362E1,2.154628801E0,-5.665467818E0,-5.047821166E0,7.887994003E0
3.104041563E1,2.877731157E0,-6.666442725E0,-5.007260200E0,8.820172897E0
3.105037663E1,3.464141106E0,-7.437004591E0,-5.095367800E0,9.657747352E0
3.106033763E1,3.527095738E0,-7.371456719E0,-5.071194826E0,9.617473445E0
3.107029863E1,4.118607675E0,-6.908501666E0,-6.399436054E0,1.027828323E1
3.108025963E1,4.475215032E0,-6.139027966E0,-7.008834039E0,1.033629375E1
3.109022162E1,4.792469165E0,-5.455275033E0,-7.346392044E0,1.032943670E1
3.110018262E1,4.898333005E0,-4.897260333E0,-7.446229743E0,1.016971791E1
3.111014363E1,4.951780064E0,-4.833446453E0,-7.421330545E0,1.014684569E1
3.112010463E1,5.084552790E0,-3.652959101E0,-7.400377632E0,9.693419230E0
3.113006563E1,5.101410897E0,-3.555352992E0,-7.383091509E0,9.652718180E0
3.114002762E1,4.504658101E0,-1.814079653E0,-7.987178468E0,9.347611966E0
3.114998862E1,4.067183167E0,-7.348937045E-1,-8.408640509E0,9.369486799E0
3.115994962E1,4.057720618E0,-5.852771969E-1,-8.388679869E0,9.336894342E0
3.116991063E1,2.489905223E0,2.473849939E0,-7.391751235E0,8.182759184E0
3.117987163E1,1.633917291E0,4.191400832E0,-5.032603787E0,6.750157592E0
3.118983362E1,8.387664208E-1,5.502304773E0,-1.782770444E0,5.844412493E0
3.119979462E1,2.742776835E-1,6.105155046E0,1.770158585E0,6.362515839E0
3.120975562E1,3.509150925E-1,6.217139751E0,1.828149515E0,6.489845817E0
3.121971662E1,7.755132884E-2,5.887424616E0,6.554211268E0,8.810531661E0
3.122967763E1,3.076655772E-1,5.073872266E0,6.986837983E0,8.640297615E0
3.123963963E1,5.662765235E-2,4.509824993E0,6.686330860E0,8.065280437E0
3.124960062E1,-1.066097102E0,4.215119770E0,6.146570874E0,7.528886453E0
3.125956162E1,-1.125695725E0,4.170438856E0,6.110954314E0,7.483549542E0
3.126952262E1,-5.040495189E0,3.640961199E0,6.343033227E0,8.882413002E0
3.127948362E1,-6.171515096E0,3.572090355E0,6.219163472E0,9.461787483E0
3.128944563E1,-6.795497206E0,2.561809604E0,5.553957322E0,9.142652387E0
3.129940663E1,-7.347714100E0,1.844551979E0,4.308451272E0,8.715160748E0
3.130936763E1,-7.361339867E0,1.694939856E0,4.274499414E0,8.679486793E0
3.131932862E1,-6.522663785E0,1.795946998E0,3.241558363E0,7.501884370E0
3.132928962E1,-6.146700098E0,1.591357016E0,4.427968360E0,7.740881283E0
3.133925163E1,-5.796873465E0,7.051563737E-1,6.305499365E0,8.594202099E0
3.134921263E1,-5.182321744E0,-6.062135911E-1,8.334173879E0,9.832721283E0
3.135917363E1,-5.065235928E0,-6.051594843E-1,8.381193094E0,9.811586553E0
3.136913463E1,-3.022936233E0,-3.353772279E0,1.157492591E1,1.242436485E1
3.137909562E1,-1.588733224E0,-4.174327839E0,1.127073036E1,1.212346688E1
3.138905762E1,-3.723799288E-1,-4.371189264E0,9.474428878E0,1.044082204E1
3.139901863E1,5.563982373E-1,-4.012078422E0,6.946544235E0,8.041195749E0
3.140897963E1,5.346533194E-1,-4.041327072E0,6.932600965E0,8.042333916E0
3.141894063E1,1.287494029E0,-2.489169059E0,2.211290660E0,3.569791291E0
3.142890163E1,1.253220867E0,-2.517444440E0,2.192555012E0,3.565864064E0
3.143886300E1,1.123964949E0,-1.451780616E0,-1.132586376E0,2.157247335E0
3.144882400E1,8.550190490E-1,-1.182073847E0,-2.114906911E0,2.569277602E0
3.145878500E1,8.549488825E-1,-1.192425612E0,-2.116379825E0,2.575243677E0
3.146874600E1,8.615404487E-2,-7.541494627E-1,-2.965782623E0,3.061377223E0
3.147870700E1,1.151813775E-1,-7.558720525E-1,-2.953789399E0,3.051144232E0
3.148866900E1,-4.433446616E-2,-5.644314346E-1,-3.003039912E0,3.055944552E0
3.149863000E1,4.352819359E-1,-5.455105756E-1,-3.165798329E0,3.241809867E0
3.150859100E1,1.189121935E0,-6.556376199E-1,-3.259946687E0,3.531447871E0
3.151855200E1,2.193033314E0,-9.832942428E-1,-3.199861869E0,4.001921871E0
3.152851300E1,3.363510817E0,-1.535014415E0,-3.083721548E0,4.814437958E0
3.153847500E1,4.385857590E0,-2.029489031E0,-2.853737692E0,5.612342767E0
3.154843600E1,5.133146076E0,-2.302781605E0,-2.765467540E0,6.268955453E0
3.155839700E1,5.575321294E0,-2.292948196E0,-3.017983641E0,6.741664796E0
3.156835800E1,5.640946934E0,-1.774764144E0,-3.400963402E0,6.821775586E0
3.157832000E1,5.419972469E0,-8.752395979E-1,-3.729598557E0,6.637171936E0
3.158828100E1,4.965157324E0,1.354124513E-1,-4.010909856E0,6.384240100E0
3.159824200E1,4.309977103E0,1.231063574E0,-4.518519511E0,6.364624004E0
3.160820300E1,4.217836678E0,1.249063058E0,-4.551684333E0,6.329939576E0
3.161816400E1,2.996303042E0,3.502034864E0,-5.817826377E0,7.422208827E0
3.162812600E1,2.905952451E0,3.489300798E0,-5.853976203E0,7.408698745E0
3.163808700E1,1.919231009E0,4.569385901E0,-6.351097707E0,8.056002561E0
3.164804800E1,1.576528915E0,4.655211625E0,-6.419665666E0,8.085081692E0
3.165800900E1,1.503668515E0,4.613488233E0,-6.451999599E0,8.073016259E0
3.166797000E1,7.526465821E-1,4.409894031E0,-6.069626779E0,7.540159911E0
3.167793200E1,2.150839806E-1,4.133577424E0,-5.555330833E0,6.927800813E0
3.168789300E1,-1.955817622E-1,3.714741367E0,-4.975817968E0,6.212593669E0
3.169785400E1,-6.297568202E-1,3.185484735E0,-4.386080076E0,5.457252521E0
3.170781500E1,-1.061127846E0,2.391676532E0,-3.716385604E0,4.545066654E0
3.171777600E1,-1.540746587E0,1.441680428E0,-3.049600706E0,3.708423784E0
3.172773800E1,-1.554992158E0,1.366948773E0,-3.064203542E0,3.698093145E0
3.173769900E1,-2.724192629E0,4.412151787E-1,-1.703626041E0,3.243183314E0
3.174766000E1,-3.701185182E0,2.159718072E-1,-4.727859771E-1,3.737504803E0
3.175762100E1,-4.652690013E0,2.121981604E-1,8.298233968E-1,4.730872994E0
3.176758200E1,-5.128353698E0,3.183325066E-1,1.850788765E0,5.461388677E0
3.177754400E1,-5.084930520E0,1.994388049E-1,1.854715170E0,5.416296022E0
3.178750500E1,-5.184043749E0,-1.118808801E-1,2.270117742E0,5.660411777E0
3.179746600E1,-5.246897809E0,-5.772420263E-1,2.686182804E0,5.922729357E0
3.180742700E1,-5.660459093E0,-4.170436663E-1,4.324522929E0,7.135560323E0
3.181738800E1,-6.533676431E0,1.379137805E-1,7.768353438E0,1.015161382E1
3.182735000E1,-6.364397784E0,1.258454563E-1,7.829320602E0,1.009057270E1
3.183731100E1,-7.554909602E0,2.161397684E-1,1.488472128E1,1.669366057E1
3.184727200E1,-6.563328831E0,-2.054508755E-1,1.673433826E1,1.797658401E1
3.185723300E1,-4.625043793E0,-9.186750546E-1,1.677457763E1,1.742473669E1
3.186719400E1,-2.534230334E0,-1.704678248E0,1.528963278E1,1.559170042E1
3.187715600E1,-2.531027521E0,-1.750425401E0,1.528958951E1,1.559620585E1
3.188711700E1,1.137537798E0,-2.404044855E0,9.489104220E0,9.854771576E0
3.189707800E1,2.271309405E0,-2.385029856E0,6.191754649E0,7.013204649E0
3.190703900E1,2.830685337E0,-2.256196107E0,3.617343126E0,5.117457537E0
3.191700000E1,2.902543232E0,-1.948238022E0,2.047954538E0,4.051482000E0
3.192696200E1,2.910083801E0,-1.964484073E0,2.050783421E0,4.066140435E0
3.193692300E1,1.924189448E0,-1.317807603E0,1.041575049E0,2.554212304E0
3.194688400E1,1.571472536E0,-1.154685855E0,9.730205387E-1,2.179356401E0
3.195684500E1,1.401231437E0,-1.108776806E0,5.642165494E-1,1.873813187E0
3.196680600E1,1.692271041E0,-1.368837131E0,-5.736159486E-1,2.250895738E0
3.197676800E1,1.692351733E0,-1.374645609E0,-5.736235499E-1,2.254495268E0
3.198672900E1,3.404310056E0,-1.903865403E0,-4.162848001E0,5.704676495E0
3.199669000E1,4.533260634E0,-2.331045730E0,-6.586251086E0,8.328441003E0
3.200665100E1,5.690561728E0,-2.604279100E0,-8.829818961E0,1.082268291E1
3.201661200E1,6.660190297E0,-2.593549460E0,-1.061681402E1,1.279849106E1
3.202657400E1,6.595341752E0,-2.510256750E0,-1.064043326E1,1.276787930E1
3.203653500E1,7.516828440E0,-2.035879160E0,-1.073232109E1,1.326009916E1
3.204649600E1,7.075404589E0,-1.692828427E0,-8.843068167E0,1.145106426E1
3.205645700E1,6.289083892E0,-9.865838863E-1,-6.993500885E0,9.457006852E0
3.206641800E1,5.340119383E0,2.349830787E-1,-5.724255139E0,7.831933923E0
3.207638000E1,5.345935024E0,2.877385587E-1,-5.717907987E0,7.833025374E0
3.208634100E1,4.027195813E0,2.510403222E0,-4.057634956E0,6.243783460E0
3.209630200E1,3.633472086E0,3.307723117E0,-3.579666592E0,6.079240456E0
3.210626300E1,3.200960268E0,4.055882546E0,-3.359218960E0,6.162846898E0
3.211622500E1,2.730508207E0,4.697916472E0,-3.148256097E0,6.279937158E0
3.212618600E1,2.624265760E0,4.754599088E0,-3.182030200E0,6.294306909E0
3.213614700E1,1.740849124E0,4.769130004E0,-3.157230989E0,5.978567068E0
3.214610800E1,1.573759089E0,4.354906523E0,-3.020754637E0,5.528732863E0
3.215606900E1,1.148870287E0,3.609135974E0,-2.364331005E0,4.464955377E0
3.216603100E1,5.178045675E-1,2.321788418E0,-1.233936165E0,2.679817435E0
3.217599200E1,3.871116963E-1,2.367518030E0,-1.266549595E0,2.712774403E0
3.218595300E1,-1.291395291E0,-1.232643053E0,8.424738479E-1,1.974049868E0
3.219591400E1,-2.835552852E0,-2.071719961E0,1.189457565E0,3.707720711E0
3.220587500E1,-4.684976584E0,-2.289046934E0,4.795716709E-1,5.236289759E0
3.221583700E1,-6.936567131E0,-4.810089165E-1,-4.315566748E-1,6.966604216E0
3.222579800E1,-6.938086823E0,-6.688426063E-1,-4.482726949E-1,6.984650857E0
3.223575900E1,-1.043463934E1,4.535030293E0,6.740582496E-1,1.139748009E1
3.224572000E1,-1.063398027E1,4.298681159E0,3.217315223E0,1.191265350E1
3.225568100E1,-1.003343731E1,3.106711923E0,6.244583657E0,1.221950688E1
3.226564300E1,-9.441820711E0,2.140914596E0,9.148531975E0,1.332017759E1
3.227560400E1,-9.323485930E0,2.171995909E0,9.184264895E0,1.326633626E1
3.228556500E1,-6.874269726E0,-6.403487590E-1,1.367325538E1,1.531742614E1
3.229552600E1,-6.795980186E0,-5.866853161E-1,1.370053264E1,1.530470977E1
3.230548700E1,-2.916891422E0,-2.064346915E0,1.302016934E1,1.350165151E1
3.231544900E1,-1.714397490E0,-1.823808689E0,1.135939520E1,1.163190854E1
3.232541000E1,-1.655927964E0,-1.881669811E0,1.137622115E1,1.164908522E1
3.233537100E1,-1.722511671E0,-3.954345865E-1,7.916882071E0,8.111746834E0
3.234533200E1,-1.634788233E0,-5.236971722E-1,7.944278616E0,8.127629053E0
3.235529300E1,-2.559524512E0,1.124671293E0,4.338080868E0,5.160910468E0
3.236525500E1,-2.386071829E0,1.421498032E0,2.739607644E0,3.901210770E0
3.237521600E1,-2.295244982E0,1.321275879E0,2.776305354E0,3.836898604E0
3.238517700E1,-1.409823920E0,1.187806019E0,5.296244216E-1,1.918068990E0
3.239513800E1,-1.331369196E0,1.159553735E0,5.626249373E-1,1.853012580E0
3.240509900E1,4.216558769E-1,-5.734876022E-1,1.689026713E-2,7.120161441E-1
3.241506100E1,1.546536792E0,-1.556107222E0,1.116174996E-1,2.196748553E0
3.242502200E1,1.615547970E0,-1.541587417E0,1.415634298E-1,2.237527030E0
3.243498412E1,3.451794125E0,-3.657708210E0,-8.705100775E-2,5.030038758E0
3.244494512E1,3.500161416E0,-3.645785737E0,-6.530813634E-2,5.054418733E0
3.245490612E1,5.241588537E0,-4.474243517E0,-1.910128648E0,7.151342314E0
3.246486813E1,5.928070951E0,-4.417690124E0,-3.330482819E0,8.108645203E0
3.247482913E1,5.934770690E0,-4.406614328E0,-3.327599557E0,8.106335287E0
3.248479012E1,7.002735393E0,-3.782331671E0,-6.045276634E0,9.994483750E0
3.249475112E1,6.984393847E0,-3.751468897E0,-6.054345666E0,9.975488847E0
3.250471212E1,7.141227865E0,-2.320684463E0,-8.212612020E0,1.112787976E1
3.251467413E1,7.017118374E0,-1.425431601E0,-8.944678742E0,1.145770847E1
3.252463513E1,6.968536198E0,-1.353396535E0,-8.966568378E0,1.143641235E1
3.253459613E1,6.787096512E0,-8.161228406E-2,-9.905379782E0,1.200782612E1
3.254455712E1,6.735562077E0,3.991821036E-3,-9.926389997E0,1.199587557E1
3.255451912E1,6.418475173E0,-1.132667433E-1,-9.987912061E0,1.187299626E1
3.256448013E1,6.336505980E0,-5.435265788E-1,-9.900379243E0,1.176708283E1
3.257444113E1,6.164055219E0,-7.633724952E-1,-9.446576836E0,1.130557952E1
3.258440213E1,5.813844423E0,-7.524802288E-1,-8.645019464E0,1.044525610E1
3.259436313E1,5.746611384E0,-6.286313774E-1,-8.662814881E0,1.041456103E1
3.260432512E1,4.972507859E0,-6.377554458E-1,-7.693890901E0,9.183056333E0
3.261428612E1,2.651260893E0,-1.086979702E0,-5.219973720E0,5.954732138E0
3.262424713E1,2.580946079E0,-9.871499699E-1,-5.235200454E0,5.919718871E0
3.263420813E1,3.554037076E-1,-5.286280560E-1,-3.045379601E0,3.111285318E0
3.264416913E1,2.975373226E-1,-4.846892271E-1,-3.060604581E0,3.112997351E0
3.265413112E1,-1.241077662E0,1.776328859E0,-1.079908226E0,2.421119525E0
3.266409212E1,-1.823738376E0,3.177997083E0,8.906361938E-1,3.770798318E0
3.267405312E1,-2.207251403E0,4.105473074E0,3.074947801E0,5.584099918E0
3.268401412E1,-2.537577572E0,4.510229913E0,5.042829398E0,7.225759624E0
3.269397513E1,-2.600466131E0,4.556248670E0,5.028102016E0,7.266611034E0
3.270393713E1,-4.177491767E0,4.040704343E0,8.819729590E0,1.056249777E1
3.271389812E1,-5.567407088E0,3.803222603E0,1.111382384E1,1.299913859E1
3.272385912E1,-7.628203865E0,3.635656605E0,1.358471801E1,1.599850170E1
3.273382012E1,-9.816369957E0,3.369236410E0,1.507131295E1,1.829910782E1
3.274378112E1,-9.805639147E0,3.233358521E0,1.505696154E1,1.825697832E1
3.275374313E1,-1.112379451E1,2.762010958E0,1.181845777E1,1.646339737E1
3.276370413E1,-1.078057231E1,2.584224028E0,9.635515577E0,1.468816236E1
3.277366512E1,-1.015953720E1,2.302078623E0,9.164841029E0,1.387479993E1
3.278362612E1,-9.719295067E0,1.983355230E0,1.011684551E1,1.416859053E1
3.279358712E1,-9.620540857E0,1.905096973E0,1.014681833E1,1.411177250E1
3.280354913E1,-8.517284700E0,2.194259767E-1,1.202798572E1,1.473990254E1
3.281351013E1,-6.710119672E0,-1.041105956E0,1.311233081E1,1.476627329E1
3.282347113E1,-4.832534579E0,-2.198654535E0,1.320868942E1,1.423576301E1
3.283343212E1,-3.387337343E0,-2.801941302E0,1.196607189E1,1.274801184E1
3.284339312E1,-3.315889923E0,-2.843863792E0,1.199333044E1,1.276411620E1
3.285335513E1,-2.156587911E0,-2.819529434E0,9.750661871E0,1.037670586E1
3.286331613E1,-5.251393148E-1,-1.751412119E0,5.490702143E0,5.787143141E0
3.287327713E1,-8.721589923E-2,-1.579587740E0,3.735490796E0,4.056672963E0
3.288323813E1,1.557508215E-1,-1.650484791E0,2.040161369E0,2.628805199E0
3.289320012E1,2.286255473E-1,-1.713663957E0,2.072918640E0,2.699241650E0
3.290316112E1,1.208157253E0,-1.956705814E0,-1.483698227E0,2.736731996E0
3.291312212E1,2.228874407E0,-2.024654407E0,-3.169637026E0,4.371922399E0
3.292308313E1,3.419836168E0,-2.120058747E0,-4.975147292E0,6.398595087E0
3.293304413E1,4.593716458E0,-2.347522014E0,-6.893586588E0,8.610146720E0
3.294300612E1,4.639438469E0,-2.377182308E0,-6.870583057E0,8.624401229E0
3.295296712E1,6.618462228E0,-2.483339092E0,-9.204756462E0,1.160597074E1
3.296292812E1,7.296643349E0,-2.394429840E0,-9.493011914E0,1.221030604E1
3.297288912E1,7.724694618E0,-2.322425764E0,-9.430102891E0,1.240932750E1
3.298285013E1,8.215679469E0,-2.330933317E0,-9.373746842E0,1.268060602E1
3.299281213E1,8.248998073E0,-2.320712530E0,-9.356741384E0,1.268780064E1
3.300277312E1,9.302944077E0,-2.592453399E0,-1.065198151E1,1.437811856E1
3.301273412E1,9.749663166E0,-2.822440763E0,-1.138695898E1,1.525401385E1
3.302269512E1,9.795909380E0,-2.615960960E0,-1.188740579E1,1.562413226E1
3.303265612E1,9.842544433E0,-2.409204292E0,-1.212527053E1,1.580196607E1
3.304261813E1,9.849490925E0,-2.356018164E0,-1.212263343E1,1.579625064E1
3.305257913E1,8.779880231E0,-2.233504086E0,-1.065604767E1,1.398664324E1
3.306254013E1,7.837940567E0,-2.353565257E0,-9.158743553E0,1.228231107E1
3.307250112E1,6.735014192E0,-2.473761646E0,-7.624837039E0,1.046986403E1
3.308246212E1,5.559414529E0,-2.391980295E0,-6.383684825E0,8.796595453E0
3.309242413E1,5.567633960E0,-2.306372818E0,-6.376986254E0,8.774044516E0
3.310238513E1,4.465570342E0,-2.147850709E0,-5.205704759E0,7.187067774E0
3.311234613E1,3.221718761E0,-1.974057280E0,-3.816720316E0,5.370635706E0
3.312230713E1,2.596435645E-1,-1.006532247E0,-5.111904895E-1,1.158377167E0
3.313226812E1,-1.239688656E0,-7.642343748E-2,1.740248322E-1,1.254174289E0
3.314223012E1,-1.288636575E0,-6.358890876E-2,1.489736062E-1,1.298776696E0
3.315219113E1,-3.542313409E0,2.952953247E0,-5.741123772E-1,4.647313438E0
3.316215213E1,-3.595419868E0,2.906384853E0,-6.040121144E-1,4.662504431E0
3.317211313E1,-4.497163140E0,6.237026131E0,-6.683531213E-1,7.718268405E0
3.318207413E1,-4.584141058E0,6.329451315E0,1.088426449E0,7.890562421E0
3.319203612E1,-4.581060745E0,6.259366588E0,1.087517207E0,7.832527134E0
3.320199712E1,-6.060840753E0,4.373412668E0,6.315605108E0,9.785059881E0
3.321195813E1,-6.050925044E0,4.318301784E0,6.319446144E0,9.756885966E0
3.322191913E1,-9.264425544E0,2.331633959E0,1.156120250E1,1.499758316E1
3.323188112E1,-1.037057373E1,1.185402082E0,1.289996930E1,1.659407080E1
3.324184212E1,-1.035729588E1,1.054034296E0,1.290784199E1,1.658303202E1
3.325180312E1,-1.011108483E1,7.024153452E-1,1.279101930E1,1.631985289E1
3.326176412E1,-1.006381360E1,5.051347841E-1,1.282474604E1,1.630980123E1
3.327172512E1,-9.613774459E0,1.263499833E0,1.260800846E1,1.590543833E1
3.328168713E1,-8.870527861E0,5.010614309E-1,1.310832079E1,1.583557391E1
3.329164813E1,-7.730821915E0,3.594129972E-1,1.387394819E1,1.588651075E1
3.330160912E1,-6.278468857E0,6.640814379E-1,1.399143747E1,1.534993478E1
3.331157012E1,-6.256937655E0,6.194836278E-1,1.400908203E1,1.535537066E1
3.332153112E1,-3.273406685E0,6.011010781E-2,1.274677225E1,1.316050939E1
3.333149313E1,-2.282565295E0,-5.096458013E-1,1.108192143E1,1.132602427E1
3.334145413E1,-1.504174300E0,-6.440333819E-1,9.071375041E0,9.217763528E0
3.335141513E1,-9.324364766E-1,-5.340526642E-1,7.080791629E0,7.161861499E0
3.336137612E1,-9.267038664E-1,-5.956953272E-1,7.093078968E0,7.178119686E0
3.337133712E1,-6.846095502E-1,-6.395963685E-1,4.186024609E0,4.289589232E0
3.338129913E1,-6.639688790E-1,-1.196899462E0,3.011380380E0,3.307844433E0
3.339126013E1,-3.587097234E-1,-1.949173723E0,1.356597885E0,2.401730354E0
3.340122113E1,2.342061299E-1,-2.723700002E0,-5.702894676E-1,2.792601706E0
3.341118213E1,2.627548680E-1,-2.773010448E0,-5.444652396E-1,2.838145427E0
3.342114312E1,2.011494809E0,-3.243178335E0,-4.552228709E0,5.940294883E0
3.343110412E1,2.760119092E0,-2.795421072E0,-5.919549218E0,7.104484451E0
3.344106512E1,3.244220601E0,-2.370008943E0,-6.430553766E0,7.582475285E0
3.345102612E1,3.803583961E0,-2.065426457E0,-6.266655142E0,7.616049112E0
3.346098712E1,3.901194456E0,-2.095894836E0,-6.197436973E0,7.617106956E0
3.347094913E1,6.225618798E0,-2.109225026E0,-5.189222628E0,8.374675582E0
3.348091013E1,7.807502301E0,-2.757266820E0,-4.866481467E0,9.604283126E0
3.349087112E1,9.464246537E0,-3.592153321E0,-5.103788960E0,1.133685096E1
3.350083212E1,1.073760229E1,-4.178132622E0,-5.785756738E0,1.289293901E1
3.351079312E1,1.069027493E1,-4.221462244E0,-5.807044111E0,1.287728554E1
3.352075513E1,1.233948327E1,-4.766812168E0,-7.489394474E0,1.520119651E1
3.353071613E1,1.239791918E1,-4.792005189E0,-8.237176757E0,1.563722464E1
3.354067713E1,1.215535094E1,-4.501705550E0,-9.051517312E0,1.580973988E1
3.355063812E1,1.131157901E1,-4.151799687E0,-9.346245632E0,1.524931368E1
3.356059912E1,1.122430932E1,-4.164634617E0,-9.395889663E0,1.521880560E1
3.357056113E1,8.334415369E0,-4.614574646E0,-8.585285479E0,1.282434815E1
3.358052213E1,7.007214360E0,-4.362998777E0,-8.832088850E0,1.208894557E1
3.359048313E1,5.531371282E0,-4.243651258E0,-9.086889458E0,1.145321808E1
3.360044413E1,4.926891975E0,-4.088261795E0,-9.171906220E0,1.118534813E1
3.361040512E1,4.816098933E0,-4.130562015E0,-9.219547579E0,1.119180097E1
3.362036712E1,2.470577544E0,-3.052982735E0,-9.549526423E0,1.032559499E1
3.363032813E1,7.605239511E-1,-2.542093962E0,-8.728400175E0,9.122807024E0
3.364028913E1,-7.009838006E-1,-1.667196865E0,-7.480510215E0,7.696035131E0
3.365025013E1,-2.101169170E0,-2.785350412E-1,-5.665176042E0,6.048695168E0
3.366021113E1,-2.168346369E0,-3.208418392E-1,-5.684813915E0,6.092764128E0
3.367017312E1,-5.440502043E0,2.237520977E0,-1.621007808E0,6.101903712E0
3.368013412E1,-7.035458751E0,2.688644190E0,-8.725723904E-1,7.582075573E0
3.369009512E1,-8.681522462E0,4.710522192E0,-4.866029477E-1,9.889116948E0
3.370005613E1,-8.750507913E0,4.600054840E0,-4.824718899E-1,9.897710462E0
3.371001813E1,-8.790851362E0,4.489566145E0,-4.643788505E-1,9.881847983E0
3.371997912E1,-8.180567524E0,5.687985445E0,3.171523923E0,1.045626259E1
3.372994012E1,-9.046872869E0,4.952560083E0,6.067867352E0,1.196631833E1
3.373990112E1,-1.060478747E1,4.034778483E0,8.866295646E0,1.439972753E1
3.374986212E1,-1.206147974E1,3.640292863E0,1.128679851E1,1.691516616E1
3.375982413E1,-1.194774906E1,3.634775722E0,1.134187928E1,1.687004825E1
3.376978513E1,-1.417991077E1,5.569874613E0,1.442455944E1,2.098002116E1
3.377974612E1,-1.444114215E1,5.588229607E0,1.526471662E1,2.174365356E1
3.378970712E1,-1.333037466E1,4.834170923E0,1.513951955E1,2.074302652E1
3.379966812E1,-1.054928336E1,3.392612117E0,1.418364714E1,1.799925117E1
3.380963013E1,-1.052564072E1,3.447096472E0,1.417710762E1,1.799060775E1
3.381959113E1,-4.435423560E0,5.934178367E-1,1.161911098E1,1.245105887E1
3.382955213E1,-2.094379676E0,-2.984798938E-2,9.828540351E0,1.004925483E1
3.383951313E1,-4.095261204E-1,-5.319665238E-1,7.554166421E0,7.583938972E0
3.384947412E1,1.273934921E0,-1.174167681E0,4.663037539E0,4.974484798E0
3.385943612E1,1.251679833E0,-1.144795947E0,4.642468203E0,4.942648195E0
3.386939713E1,3.791278496E0,-2.669543675E0,-7.673230934E-1,4.699897956E0
3.387935813E1,4.668473110E0,-3.187728604E0,-2.861142606E0,6.335802384E0
3.388931913E1,5.351790426E0,-3.126108306E0,-4.777084556E0,7.825263623E0
3.389928112E1,5.922656429E0,-2.777553442E0,-6.377935842E0,9.136231603E0
3.390924212E1,5.988696052E0,-2.880505661E0,-6.303802503E0,9.159678994E0
3.391920312E1,7.217563266E0,-1.953473766E0,-8.315999563E0,1.118325212E1
3.392916413E1,7.231338136E0,-1.907513773E0,-8.325578472E0,1.119134116E1
3.393912513E1,5.850035180E0,-5.408177465E-1,-6.406650934E0,8.692558405E0
3.394908712E1,5.037951651E0,3.736686552E-1,-5.010916464E0,7.115466879E0
3.395904812E1,4.986151167E0,5.146178350E-1,-5.085518165E0,7.140660333E0
3.396900912E1,4.408485729E0,6.333759543E-1,-4.176429913E0,6.105610399E0
3.397897012E1,4.328244681E0,6.949737400E-1,-4.236683131E0,6.096406686E0
3.398893113E1,5.026761249E0,-7.730165273E-2,-5.125397930E0,7.179415585E0
3.399889313E1,5.122601792E0,-5.089942753E-2,-5.720891236E0,7.679338279E0
3.400885412E1,5.034790646E0,-9.249067247E-2,-5.751138298E0,7.644165297E0
3.401881512E1,4.570428752E0,1.624841827E-1,-6.319908659E0,7.801055412E0
3.402877612E1,4.488028912E0,9.295786500E-2,-6.336735776E0,7.765646462E0
3.403873712E1,4.040490920E0,5.578243732E-2,-7.037860202E0,8.115426962E0
3.404869913E1,3.804399355E0,-8.293369085E-2,-7.097449762E0,8.053205919E0
3.405866013E1,3.713169343E0,-1.495308459E-1,-7.114803713E0,8.026856042E0
3.406862113E1,3.554253131E0,1.147840592E-1,-7.403656166E0,8.213404612E0
3.407858212E1,3.446056837E0,8.166689157E-2,-7.436142712E0,8.196230575E0
3.408854412E1,2.893337376E0,5.435267615E-1,-5.962108762E0,6.649328041E0
3.409850513E1,2.332527414E0,3.680380788E-1,-4.322938918E0,4.925843791E0
3.410846613E1,2.041571133E0,2.279341140E-1,-2.859139935E0,3.520603331E0
3.411842713E1,2.065148860E0,4.542792472E-1,-2.003205796E0,2.912738044E0
3.412838813E1,1.860270025E0,5.562745687E-1,-2.097358248E0,2.858138832E0
3.413835012E1,1.038676584E0,1.078159616E0,4.129058111E-1,1.552986933E0
3.414831112E1,-1.673212919E-1,1.182240054E0,3.256721948E0,3.468706647E0
3.415827213E1,-9.020998062E-1,1.376295693E0,6.698691289E0,6.897857557E0
3.416823313E1,-1.938583246E0,1.277555370E0,9.621792746E0,9.897936572E0
3.417819413E1,-2.031749126E0,1.285735625E0,9.600416495E0,9.896924648E0
3.418815612E1,-4.594227505E0,-1.119856403E0,1.309530723E1,1.392293346E1
3.419811712E1,-5.727500929E0,-2.124182642E0,1.376588229E1,1.506040949E1
3.420807812E1,-6.597896985E0,-2.760815495E0,1.529559109E1,1.688518444E1
3.421803913E1,-7.032157413E0,-2.724964462E0,1.662385512E1,1.825456733E1
3.422800013E1,-6.890750688E0,-2.871625787E0,1.669958475E1,1.829220628E1
3.423796212E1,-7.306109406E0,-2.855861109E0,1.417899510E1,1.620429200E1
3.424792312E1,-7.361293089E0,-2.670746740E0,1.158034043E1,1.397947812E1
3.425788412E1,-7.122729029E0,-2.033664528E0,8.389585603E0,1.119170259E1
3.426784512E1,-6.277428052E0,-1.032334694E0,5.518984541E0,8.422054870E0
3.427780713E1,-6.216324064E0,-1.028813793E0,5.536195235E0,8.387526475E0
3.428776813E1,-3.864009965E0,8.083720091E-1,1.960127605E0,4.407509335E0
3.429772913E1,-2.782750740E0,1.430257600E0,1.021878119E0,3.291439407E0
3.430769012E1,-1.716316254E0,1.675852644E0,2.707284236E-1,2.414025154E0
3.431765112E1,-6.785866258E-1,1.502793772E0,-4.521236712E-1,1.709761604E0
3.432761313E1,-6.981464392E-1,1.753993665E0,-5.267546082E-1,1.959942000E0
3.433757413E1,1.929045853E0,7.354620539E-1,-2.048138140E0,2.908090813E0
3.434753513E1,3.256808194E0,1.022533299E-1,-2.705847575E0,4.235429902E0
3.435749613E1,4.063480125E0,-9.324690749E-1,-2.727441927E0,4.981998472E0
3.436745712E1,4.360188898E0,-1.826845586E0,-2.099682516E0,5.172743826E0
3.437741912E1,4.475685440E0,-1.744623940E0,-2.077038004E0,5.233503580E0
3.438738013E1,4.547906447E0,-1.732908751E0,-1.198130740E0,5.012179472E0
3.439734113E1,4.525243809E0,-1.163394040E0,-9.714125544E-1,4.772311764E0
3.440730213E1,4.416364560E0,-7.832759057E-1,-1.181086691E0,4.638185296E0
3.441726313E1,4.227446870E0,-5.165691970E-1,-1.925972264E0,4.674133067E0
3.442722512E1,4.207055290E0,-5.889049557E-1,-1.920685796E0,4.662097938E0
3.443718637E1,4.149592947E0,-4.189281508E-2,-4.652149438E0,6.234049329E0
3.444714738E1,3.992507791E0,5.866657645E-3,-6.497871006E0,7.626433012E0
3.445710838E1,3.887081616E0,-1.946669653E-2,-7.871446867E0,8.778921245E0
3.446707037E1,3.977300060E0,-2.664166868E-1,-8.827407569E0,9.685712055E0
3.447703137E1,3.870068850E0,-3.877611758E-1,-8.831999388E0,9.650492465E0
3.448699237E1,4.289870574E0,-1.484956841E0,-9.520951080E0,1.054782422E1
3.449695337E1,3.235641566E0,-1.247808684E0,-8.219403561E0,8.921042414E0
3.450691438E1,2.603947563E0,-1.139347219E0,-7.607836844E0,8.121443002E0
3.451687638E1,2.553080003E0,-1.356721262E0,-7.327269895E0,7.877042224E0
3.452683737E1,2.507562060E0,-1.467206740E0,-7.307537296E0,7.863883547E0
3.453679837E1,1.787051483E0,-1.944350355E0,-6.059076648E0,6.609573445E0
3.454675937E1,1.205237007E0,-1.925675225E0,-5.108168525E0,5.590546216E0
3.455672037E1,4.109988879E-1,-1.431515628E0,-3.572649348E0,3.870656333E0
3.456668238E1,-5.142925836E-1,-8.513779879E-1,-1.155544299E0,1.524671757E0
3.457664338E1,-5.807672395E-1,-9.322239304E-1,-1.144296595E0,1.586110570E0
3.458660438E1,-1.898120368E0,1.020141788E0,1.321202350E0,2.527672021E0
3.459656537E1,-1.996946937E0,1.423100900E0,1.424421494E0,2.835840234E0
3.460652637E1,-1.761581304E0,2.115027072E0,4.775549662E-1,2.793665504E0
3.461648838E1,-1.376097180E0,3.011071355E0,1.570000792E-1,3.314339026E0
3.462644938E1,-1.523297765E0,2.926864433E0,1.659726316E-1,3.303712821E0
3.463641038E1,-9.331163616E-1,3.514381844E0,3.842943909E0,5.290539082E0
3.464637138E1,-2.042101767E0,3.942509127E0,6.359575585E0,7.756143337E0
3.465633337E1,-5.662665247E0,4.025852416E0,1.047064415E1,1.256613124E1
3.466629437E1,-9.690372400E0,4.289209547E0,1.268201083E1,1.652676721E1
3.467625538E1,-9.745440307E0,4.309649659E0,1.266570060E1,1.655193822E1
3.468621638E1,-1.263325733E0,6.163619016E0,1.305803942E1,1.449477784E1
3.469617738E1,-1.352132952E0,6.296518042E0,1.299344172E1,1.450185956E1
3.470613937E1,-1.929299914E0,7.748952377E-1,1.468709007E1,1.483351865E1
3.471610037E1,-1.929685684E-1,8.211525607E-1,1.151713437E1,1.154798305E1
3.472606137E1,-2.996323800E-1,9.949288863E-1,1.144929030E1,1.149634339E1
3.473602238E1,1.439681265E0,-2.002677208E-1,9.010951084E0,9.127432757E0
3.474598338E1,1.470678525E0,-8.816636413E-2,8.978679716E0,9.098755853E0
3.475594538E1,2.438364210E0,7.679320809E-1,8.065796036E0,8.461229544E0
3.476590637E1,2.109778318E0,9.184303486E-1,2.506559263E0,3.402575230E0
3.477586737E1,2.246228943E0,9.173041749E-1,2.520042942E0,3.498229244E0
3.478582837E1,-4.249208160E-2,2.669760022E0,1.100724898E0,2.888082314E0
3.479578937E1,1.287549578E-2,2.634433191E0,1.117804030E0,2.861798363E0
3.480575138E1,1.328071221E0,9.913158917E-1,-7.337493752E0,7.522319783E0
3.481571238E1,1.736861030E0,-8.488326949E-1,-8.587209798E0,8.802123340E0
3.482567337E1,1.709404552E0,-8.781801626E-1,-8.581604657E0,8.794157311E0
3.483563437E1,1.749188715E0,-3.018151748E0,-8.336911545E0,9.037311285E0
3.484559638E1,1.668374055E0,-3.067520083E0,-8.330388392E0,9.032636503E0
3.485555738E1,4.134118876E0,-3.632070216E0,-9.153552395E0,1.068037426E1
3.486551838E1,5.565737708E0,-4.740584774E0,-1.123767255E1,1.340656050E1
3.487547938E1,5.416691011E0,-4.861008181E0,-1.120689865E1,1.336280358E1
3.488544037E1,-1.145959426E1,1.326440871E-3,-1.246336823E1,1.693097310E1
3.489540237E1,-1.157398100E1,-7.995570391E-2,-1.243896663E1,1.699091875E1
3.490536338E1,-6.982967711E0,-2.927362616E0,-1.137905120E1,1.366799533E1
3.491532438E1,3.285468614E0,-5.537426659E0,-1.394769328E1,1.536214652E1
3.492528538E1,3.201350570E0,-5.565943530E0,-1.393742089E1,1.534536001E1
3.493524638E1,-1.387987055E0,-3.543617046E0,-9.862957063E0,1.057173836E1
3.494520837E1,-1.430467661E0,-3.548022923E0,-9.861074259E0,1.057712106E1
3.495516937E1,-5.129788970E-1,-4.358789366E0,-7.709403564E0,8.871138338E0
3.496513037E1,-5.289226826E-1,-4.191014038E0,-6.329436697E0,7.609607531E0
3.497509138E1,-5.399832758E-1,-4.257595991E0,-5.495547731E0,6.972786417E0
3.498505338E1,1.055350797E-1,-4.616262737E0,-4.236850362E0,6.266731229E0
3.499501437E1,1.692207599E-1,-4.563797133E0,-4.257165343E0,6.243423475E0
3.500497537E1,2.353256671E0,-1.088156600E0,-7.224030286E-1,2.691424879E0
3.501493637E1,2.494808991E0,-9.563983664E-1,4.654091299E-2,2.672252943E0
3.502489737E1,2.616324365E0,-9.107313198E-1,3.342619300E-2,2.770505735E0
3.503485938E1,5.220133568E-1,1.120565962E0,3.683530684E0,3.885429747E0
3.504482038E1,6.183365502E-1,1.172525783E0,3.670412455E0,3.902445950E0
3.505478137E1,7.092048396E-1,1.785899289E0,7.251035652E0,7.501328269E0
3.506474237E1,-1.116896835E0,1.597923878E0,7.654756656E0,7.899121389E0
3.507470337E1,-2.092870217E0,2.047314268E0,7.496916917E0,8.048314402E0
3.508466538E1,-1.218966123E0,3.087081358E0,9.293594964E0,9.868477951E0
3.509462638E1,-1.351125915E0,3.171096784E0,9.264614409E0,9.885063287E0
3.510458738E1,-1.428796563E-1,3.772886956E0,1.180289716E1,1.239207294E1
3.511454837E1,3.949654132E0,5.204209626E0,1.510531334E1,1.645764432E1
3.512451037E1,1.905875676E0,4.914252634E0,1.259121643E1,1.364994404E1
3.513447138E1,3.166278093E0,3.607402859E0,1.412094043E1,1.491441018E1
3.514443238E1,2.915361498E0,3.874831114E0,1.409807197E1,1.490869820E1
3.515439338E1,2.641131177E0,-9.184801961E-1,1.647774841E1,1.671332918E1
3.516435438E1,1.335758994E0,1.573996779E0,1.042546389E1,1.062788856E1
3.517431637E1,6.591592517E-1,3.713754941E0,8.674031594E0,9.458609347E0
3.518427737E1,9.912067681E-1,3.590778056E0,6.689628105E0,7.656846745E0
3.519423837E1,1.057036549E0,3.786726731E0,6.669638813E0,7.742138432E0
3.520419938E1,1.223004284E0,3.114769093E0,1.375743424E0,3.618037583E0
3.521416038E1,1.066715445E0,3.936759852E0,-6.845101476E-1,4.135760404E0
3.522412237E1,1.161014296E0,3.983566229E0,-6.940323383E-1,4.206950794E0
3.523408337E1,-7.832552212E-1,4.357210326E0,-2.397337368E0,5.034480809E0
3.524404437E1,-6.846270188E-1,4.300574487E0,-2.402515662E0,4.973503451E0
3.525400537E1,-1.804297553E0,3.249640677E0,-4.619057706E0,5.928857249E0
3.526396638E1,-1.855868241E0,2.850315025E0,-5.447241544E0,6.421914286E0
3.527392838E1,-1.693836048E0,1.871525915E0,-6.163229007E0,6.660111231E0
3.528388937E1,-1.120849991E0,7.357888401E-1,-7.668157305E0,7.784492686E0
3.529385037E1,-1.199916772E0,5.213157474E-1,-7.641457164E0,7.752640709E0
3.530381137E1,-7.684491941E-1,-4.169582239E-1,-9.972910445E0,1.001115933E1
3.531377338E1,-1.046929710E0,-9.639034139E-1,-9.996240835E0,1.009702939E1
3.532373438E1,-1.661579883E0,-1.063890071E0,-9.734521801E0,9.932453095E0
3.533369538E1,-1.910749915E0,-7.268059820E-1,-9.553399619E0,9.769680468E0
3.534365638E1,-1.981031108E0,-8.521401724E-1,-9.520290930E0,9.761483827E0
3.535361737E1,-1.447738144E0,-8.174840176E-1,-9.203811552E0,9.352773542E0
3.536357937E1,4.062717064E-1,-1.307816027E0,-6.678780935E0,6.817738205E0
3.537354038E1,5.434693857E-1,-1.534173147E0,-5.733448132E0,5.959989404E0
3.538350138E1,6.373048447E-2,-1.882279676E0,-5.085591840E0,5.423124811E0
3.539346238E1,1.632366463E-1,-1.957023464E0,-5.075717647E0,5.442379689E0
3.540342338E1,-8.502215548E-1,-1.505987229E0,-3.682196349E0,4.068100807E0
3.541338537E1,-2.669930761E-1,-1.152708399E0,-2.718452418E0,2.964794344E0
3.542334637E1,4.684836689E-1,-1.007122962E0,-1.077360594E0,1.547410565E0
3.543330775E1,1.500882463E0,-6.784267044E-1,1.156034296E0,2.012293779E0
3.544326875E1,1.458499213E0,-8.285826176E-1,1.206828473E0,2.066447210E0
3.545323075E1,2.047653991E0,4.834606540E-1,4.818842447E0,5.258123581E0
3.546319175E1,2.230599628E0,4.410060677E-1,6.160456257E0,6.566679705E0
3.547315275E1,2.549008879E0,7.805448174E-2,7.407754480E0,7.834434581E0
3.548311375E1,2.211094778E0,1.275116935E-1,8.665994596E0,8.944532503E0
3.549307475E1,2.323668736E0,1.372820985E-1,8.654480259E0,8.962048389E0
3.550303675E1,5.442003608E-1,7.442713228E-1,1.024357923E1,1.028498951E1
3.551299775E1,6.785990511E-1,8.375692034E-1,1.020460286E1,1.026138092E1
3.552295875E1,-5.349358130E-1,1.109819072E0,1.154863449E1,1.161416434E1
3.553291975E1,-9.401597714E-1,1.541262311E0,1.155892325E1,1.169906392E1
3.554288075E1,-9.349993113E-1,1.610470248E0,1.153643135E1,1.168576427E1
3.555284275E1,-2.029759026E0,2.613675283E0,9.895841804E0,1.043450551E1
3.556280375E1,-2.118001842E0,2.634840158E0,9.891441189E0,1.045317766E1
3.557276475E1,-1.762213388E0,2.819702512E0,8.993243376E0,9.588250346E0
3.558272575E1,-2.395327241E-1,3.439017082E0,6.474768072E0,7.335314309E0
3.559268775E1,-4.675538886E-1,3.413259805E0,6.500449044E0,7.356955002E0
3.560264875E1,9.818878412E-2,3.193845961E0,3.905402112E0,5.046033959E0
3.561260975E1,9.770809914E-1,2.100028963E0,4.703704923E-1,2.363484147E0
3.562257075E1,-1.868784741E-1,9.301812056E-1,-3.801063226E0,3.917683281E0
3.563253175E1,-3.046132137E0,1.981072039E0,-2.734411808E0,4.547590060E0
3.564249375E1,-3.042958853E0,2.125347700E0,-2.776948548E0,4.635530678E0
3.565245475E1,-3.515148122E0,-1.836334740E0,-5.007986425E0,6.388138980E0
3.566241575E1,-3.479936482E0,-1.728776524E0,-5.041114994E0,6.364861866E0
3.567237675E1,-1.887514834E0,-3.172107475E0,-5.510776804E0,6.632770090E0
3.568233775E1,-1.163362172E0,-3.702305216E0,-6.267559707E0,7.371755566E0
3.569229975E1,-1.087967443E0,-3.750116729E0,-6.265065284E0,7.382282279E0
3.570226075E1,-9.382790145E-1,-4.508807285E0,-9.240527973E0,1.032458560E1
3.571222175E1,-8.707357069E-1,-4.677188970E0,-9.202011194E0,1.035911615E1
3.572218275E1,4.151822783E-2,-4.768659888E0,-1.202757291E1,1.293848333E1
3.573214475E1,-8.998937979E-3,-4.075778866E0,-1.429329881E1,1.486305639E1
3.574210575E1,-3.637282424E-2,-4.281305281E0,-1.421978527E1,1.485035997E1
3.575206675E1,-4.660954176E0,-3.120049129E0,-1.711802320E1,1.801349268E1
3.576202775E1,-4.682230439E0,-3.186030572E0,-1.709067226E1,1.800458695E1
3.577198875E1,-1.439739445E0,-5.853823006E0,-1.501410730E1,1.617910725E1
3.578195075E1,-1.373648366E0,-5.018101523E0,-1.343899604E1,1.441092875E1
3.579191175E1,-1.153010262E0,-4.982158688E0,-1.196758632E1,1.301439435E1
3.580187275E1,-1.039243326E0,-5.077056659E0,-1.092133350E1,1.208850927E1
3.581183375E1,-9.433490621E-1,-5.002509338E0,-1.095582623E1,1.208077545E1
3.582179475E1,-4.552101240E-1,-3.371363627E0,-8.971236210E0,9.594602030E0
3.583175675E1,-4.219444370E-1,-1.781058672E0,-8.043445054E0,8.249073611E0
3.584171775E1,2.112669182E-1,-8.184607950E-1,-7.076911417E0,7.127214532E0
3.585167875E1,1.269326145E0,-3.643648580E-1,-5.672712518E0,5.824398503E0
3.586163975E1,1.116385349E0,-3.261366391E-1,-5.671705627E0,5.789725907E0
3.587160175E1,2.900278605E0,1.179036950E0,1.297935694E0,3.389156412E0
3.588156275E1,4.541653435E0,2.094516208E0,6.975820075E0,8.583453838E0
3.589152375E1,6.071981453E0,1.690254044E0,1.120821427E1,1.285884850E1
3.590148475E1,6.703335732E0,-1.896737355E-1,1.687993627E1,1.816323029E1
3.591144575E1,6.723734329E0,1.968652260E-1,1.679594921E1,1.809285132E1
3.592140775E1,3.658756323E0,-2.221358981E0,2.460077524E1,2.497036395E1
3.593136875E1,2.109587261E0,-1.845344715E0,2.690525648E1,2.705084993E1
3.594132975E1,1.505657153E0,-1.276951353E0,2.779022555E1,2.786026282E1
3.595129075E1,1.576665740E0,-6.798381492E-1,2.681976317E1,2.687466746E1
3.596125175E1,1.632901483E0,-4.690814371E-1,2.680972467E1,2.686350204E1
3.597121375E1,1.566833501E0,1.193280767E0,2.056716006E1,2.066124292E1
3.598117475E1,1.335366061E0,2.215793893E0,1.607069098E1,1.627759361E1
3.599113575E1,8.681450249E-1,3.134714531E0,1.133063275E1,1.178827169E1
3.600109675E1,3.144774373E-1,3.962581449E0,6.318887150E0,7.465204794E0
3.601105775E1,2.427718623E-1,3.895840160E0,6.327261533E0,7.434429853E0
3.602101975E1,-4.944522500E-1,4.052217511E0,-4.354329110E0,5.968679233E0
3.603098075E1,-1.081603918E0,4.267611979E0,-8.457926105E0,9.535139907E0
3.604094175E1,-2.327841602E0,4.520020491E0,-1.040647798E1,1.158206439E1
3.605090275E1,-3.114465038E0,3.612358375E0,-9.520680939E0,1.064858634E1
3.606086475E1,-3.127487665E0,3.766428122E0,-9.517238683E0,1.070256941E1
3.607082575E1,-2.768498737E0,1.830769945E0,-5.712014578E0,6.606316249E0
3.608078675E1,-2.084403010E0,1.341960258E0,-6.594524311E0,7.045093622E0
3.609074775E1,-1.209449926E0,7.746159600E-1,-8.263823104E0,8.387703577E0
3.610070875E1,-2.800776829E-1,5.148985744E-1,-1.013356036E1,1.015049799E1
3.611067075E1,-2.455472432E-1,4.939622533E-1,-1.013971747E1,1.015471135E1
3.612063175E1,1.010346825E0,-7.412771098E-1,-1.273363940E1,1.279515005E1
3.613059275E1,1.420947956E-1,-1.137493652E0,-1.264711581E1,1.269896142E1
3.614055375E1,-7.967699638E-1,-1.273903346E0,-1.122238091E1,1.132252204E1
3.615051475E1,-1.487695676E0,-1.287126239E0,-9.489026452E0,9.690797459E0
3.616047675E1,-1.387444141E0,-1.178832882E0,-9.494207085E0,9.667192787E0
3.617043775E1,-1.534789297E0,-1.457128479E0,-7.756633864E0,8.040159855E0
3.618039875E1,-1.334446586E0,-1.262358311E0,-7.098669491E0,7.332489668E0
3.619035975E1,-1.237869295E0,-7.368686747E-1,-6.708522797E0,6.861455673E0
3.620032175E1,-9.948193241E-1,-3.628231665E-1,-6.303324201E0,6.391650970E0
3.621028275E1,-9.602262461E-1,-3.231903002E-1,-6.301992790E0,6.382914659E0
3.622024375E1,-9.893803172E-2,1.435188849E-1,-5.164735073E0,5.167675956E0
3.623020475E1,5.509162534E-1,3.753351847E-1,-4.152118360E0,4.205290964E0
3.624016575E1,8.122316100E-1,7.960365768E-1,-2.854957421E0,3.073137859E0
3.625012775E1,6.488899331E-1,1.092045510E0,-1.037248694E0,1.639971462E0
3.626008875E1,6.877902163E-1,1.102340337E0,-1.038879483E0,1.663574519E0
3.627004975E1,1.031674617E0,7.029776280E-1,2.935110469E0,3.189577327E0
3.628001075E1,1.265340098E0,8.327575296E-1,5.503198813E0,5.707868940E0
3.628997175E1,1.422756207E0,1.124535345E0,8.000078595E0,8.203052632E0
3.629993375E1,1.695273294E0,1.214493881E0,9.701280380E0,9.922892116E0
3.630989475E1,1.730730225E0,1.174010464E0,9.694956617E0,9.917959038E0
3.631985575E1,3.032674770E0,-1.187980997E-1,1.286184194E1,1.321507501E1
3.632981675E1,3.635294663E0,-6.317437772E-1,1.487076982E1,1.532169255E1
3.633977875E1,4.407479716E0,-1.186447126E0,1.645044425E1,1.707192579E1
3.634973975E1,4.988171965E0,-2.050693374E0,1.680493638E1,1.764916682E1
3.635970075E1,4.937311714E0,-2.058312734E0,1.680774187E1,1.763842071E1
3.636966175E1,3.689383454E0,-3.183836989E0,1.596107206E1,1.668844479E1
3.637962275E1,3.726757687E0,-3.133510297E0,1.596347878E1,1.668952558E1
3.638958475E1,1.098752340E0,-3.021899814E0,1.437827171E1,1.473342569E1
3.639954575E1,-6.225936887E-1,-3.230095774E0,1.488117085E1,1.524041953E1
3.640950675E1,-5.529376724E-1,-3.132165729E0,1.489033227E1,1.522623385E1
3.641946775E1,-2.191139693E0,-2.129983372E0,1.265667484E1,1.302034333E1
3.642942875E1,-2.177683788E0,-2.150441318E0,1.265329281E1,1.301816129E1
3.643939087E1,-1.310665668E0,-5.084044375E-1,6.143095874E0,6.301900228E0
3.644935187E1,-3.776489645E-1,1.594947937E-1,2.097584535E0,2.137268867E0
3.645931287E1,-3.949430915E-1,3.584781736E-2,2.084757498E0,2.122140178E0
3.646927388E1,3.505490568E-1,8.513836889E-1,-4.444844593E0,4.539205028E0
3.647923488E1,4.052558257E-1,7.598538601E-1,-4.455153819E0,4.537621153E0
3.648919687E1,-6.504432459E-1,7.918401763E-1,-8.820503762E0,8.879829609E0
3.649915787E1,-1.992333045E0,7.971504714E-1,-9.988630099E0,1.021653420E1
3.650911887E1,-1.889323524E0,7.617015803E-1,-9.992615561E0,1.019814191E1
3.651907987E1,-2.404695065E0,-1.432108098E-1,-1.146464275E1,1.171499471E1
3.652904188E1,-2.329940313E0,-1.825181688E-1,-1.146680037E1,1.170254013E1
3.653900288E1,-3.098046057E0,3.099013332E-1,-1.302822797E1,1.339509807E1
3.654896387E1,-3.132055802E0,8.085920837E-2,-1.392018330E1,1.426842019E1
3.655892487E1,-3.128887780E0,5.961017087E-3,-1.392333378E1,1.427057104E1
3.656888587E1,-2.701277976E0,-4.018498957E-2,-1.450141057E1,1.475091272E1
3.657884788E1,-2.716581016E0,-1.000831724E-1,-1.450333898E1,1.475590291E1
3.658880888E1,-1.270338152E0,-7.559298668E-2,-1.327186975E1,1.333274166E1
3.659876988E1,-5.728423985E-1,-1.080620453E-1,-1.270369464E1,1.271706269E1
3.660873088E1,1.880196313E-1,-3.297861422E-1,-1.178181210E1,1.178792630E1
3.661869187E1,8.149597015E-1,-1.915937601E-1,-1.037324591E1,1.040697354E1
3.662865387E1,8.234888888E-1,-1.775713878E-1,-1.037289976E1,1.040705121E1
3.663861488E1,1.779674343E0,-1.888475605E-1,-7.711743620E0,7.916684523E0
3.664857588E1,1.853841889E0,-4.061357221E-1,-6.524821408E0,6.795216728E0
3.665853688E1,1.704559549E0,-4.251519637E-1,-5.198019179E0,5.486864390E0
3.666849887E1,1.777014737E0,-3.838513254E-1,-3.355327638E0,3.816195328E0
3.667845987E1,1.834446820E0,-2.946193793E-1,-3.349756411E0,3.830517423E0
3.668842087E1,-3.239993356E-1,-6.749039032E-1,1.458050001E-1,7.627122302E-1
3.669838188E1,-4.319038533E-1,-3.219982722E-1,2.345749723E0,2.406816484E0
3.670834288E1,-1.931181110E-1,-1.394253954E-1,4.353300000E0,4.359811342E0
3.671830487E1,2.217750956E-1,2.561011751E-1,6.166301134E0,6.175600512E0
3.672826587E1,2.132232138E-1,2.090971626E-1,6.162605109E0,6.169836910E0
3.673822687E1,1.239494967E-1,8.445380612E-1,8.675457730E0,8.717349072E0
3.674818787E1,3.461258575E-1,1.089038434E0,9.445797402E0,9.514667434E0
3.675814888E1,1.201567879E0,6.386837643E-1,1.108172263E1,1.116495673E1
3.676811088E1,2.629380320E0,4.522035588E-1,1.282420926E1,1.309879659E1
3.677807188E1,2.506109320E0,3.670993449E-1,1.282173940E1,1.306951977E1
3.678803287E1,3.799361687E0,-5.759670043E-1,1.477370838E1,1.526529877E1
3.679799387E1,2.678552480E0,-5.075352123E-1,1.407890363E1,1.434042408E1
3.680795588E1,1.211375634E0,-2.596318335E-1,1.331962864E1,1.337712027E1
3.681791688E1,2.168476470E-1,-6.116856713E-1,1.330753777E1,1.332335332E1
3.682787788E1,2.416586438E-1,-5.069988399E-1,1.330888497E1,1.332073068E1
3.683783888E1,-1.920151434E-1,-1.532728885E0,1.465967248E1,1.474083189E1
3.684779987E1,-7.767307518E-1,-1.627119756E0,1.426474568E1,1.437824046E1
3.685776187E1,-1.497861207E0,-1.462359983E0,1.227097729E1,1.244825163E1
3.686772288E1,-2.039352553E0,-9.041518866E-1,9.456068621E0,9.715641165E0
3.687768388E1,-2.000011024E0,-8.771699099E-1,9.457817523E0,9.706687563E0
3.688764488E1,-2.446744878E0,4.328321718E-1,3.631910879E0,4.400531879E0
3.689760588E1,-2.100901953E0,6.806286927E-1,1.116239315E0,2.474476640E0
3.690756787E1,-2.122902248E0,6.423591048E-1,1.113792256E0,2.481909016E0
3.691752887E1,-1.290674476E0,9.260645465E-1,-3.733054261E0,4.056985367E0
3.692748988E1,-1.306246342E0,8.723281230E-1,-3.735832858E0,4.052614342E0
3.693745088E1,-8.713598241E-1,6.188446002E-1,-7.469883485E0,7.545952283E0
3.694741287E1,-8.254598390E-1,3.592640759E-1,-8.773349476E0,8.819416968E0
3.695737387E1,-9.608789416E-1,1.915733131E-1,-9.788999725E0,9.837911582E0
3.696733487E1,-1.325438658E0,1.633905377E-1,-1.047690301E1,1.056167510E1
3.697729587E1,-1.257895570E0,1.129951219E-1,-1.047723747E1,1.055308364E1
3.698725687E1,-1.492691537E0,2.983958035E-1,-1.205559510E1,1.215131850E1
3.699721888E1,-1.017839154E0,1.816610766E-1,-1.298736529E1,1.302845557E1
3.700717988E1,-6.995269668E-1,3.530297335E-2,-1.382556833E1,1.384329888E1
3.701714087E1,-6.184434812E-1,7.825488592E-3,-1.440995310E1,1.442322023E1
3.702710187E1,-6.159399958E-1,-7.288464775E-2,-1.440892282E1,1.442226581E1
3.703706287E1,-2.895602587E-1,-3.014133688E-2,-1.415638274E1,1.415937591E1
3.704702488E1,-5.672175597E-2,-2.795154000E-1,-1.376204418E1,1.376499932E1
3.705698588E1,2.542689501E-1,-5.590731923E-1,-1.318514853E1,1.319944534E1
3.706694688E1,4.538703441E-1,-6.946924889E-1,-1.244586634E1,1.247349931E1
3.707690787E1,4.639585087E-1,-7.032843876E-1,-1.244519742E1,1.247368451E1
3.708686887E1,7.334326315E-1,-5.841548604E-1,-1.068243147E1,1.072350234E1
3.709683088E1,1.256447507E0,-5.718485911E-1,-9.304512885E0,9.406361208E0
3.710679188E1,1.848367725E0,-7.949775729E-1,-7.224132028E0,7.499102356E0
3.711675288E1,1.935958139E0,-8.060886714E-1,-4.506355548E0,4.970407748E0
3.712671388E1,1.872967546E0,-7.528268225E-1,-4.509138823E0,4.940353082E0
3.713667587E1,1.139123344E0,-3.676387506E-1,1.996389697E0,2.327731098E0
3.714663687E1,1.079491538E0,-3.186582696E-1,1.995102725E0,2.290694209E0
3.715659788E1,1.314865869E0,-1.576597730E-1,8.288199561E0,8.393329543E0
3.716655888E1,1.308151511E0,1.254134750E-1,1.099708301E1,1.107532499E1
3.717651988E1,1.304737322E0,1.464285782E-1,1.099705728E1,1.107515461E1
3.718648187E1,6.227747331E-1,3.413225891E-1,1.490335987E1,1.492027094E1
3.719644287E1,3.581839856E-1,-5.153459047E-2,1.611825925E1,1.612232095E1
3.720640387E1,8.805365905E-2,-5.869272446E-1,1.720589633E1,1.721612922E1
3.721636487E1,7.232334246E-2,-7.541452966E-1,1.794947505E1,1.796545630E1
3.722632588E1,4.577611545E-3,-7.291529082E-1,1.795002819E1,1.796483223E1
3.723628788E1,7.460778201E-1,-1.350368116E0,1.901603174E1,1.907851119E1
3.724624887E1,6.528332953E-1,-1.275128191E0,1.901941611E1,1.907328845E1
3.725620987E1,7.052809194E-1,-3.302518803E0,1.904429133E1,1.934138268E1
3.726617087E1,-3.194414310E-2,-2.625947712E0,1.677111491E1,1.697547988E1
3.727613288E1,-1.038176794E-2,-2.586805866E0,1.677179787E1,1.697011715E1
3.728609388E1,-5.827097576E-1,-2.532044279E-1,9.170850213E0,9.192831814E0
3.729605488E1,-5.202402983E-1,-2.704529832E-1,9.168490861E0,9.187220442E0
3.730601587E1,-8.577299644E-1,1.283501843E0,1.374608479E0,2.067033174E0
3.731597687E1,-7.345091770E-1,1.620170633E0,-1.959366297E0,2.646426439E0
3.732593888E1,-7.177577081E-1,1.571728936E0,-1.960906454E0,2.613553538E0
3.733589988E1,-4.871207187E-1,1.425668559E0,-6.770292199E0,6.935897483E0
3.734586088E1,-4.862048254E-1,1.398144399E0,-6.770833066E0,6.930756330E0
3.735582188E1,-7.510967776E-1,1.352798219E0,-8.296128386E0,8.439191643E0
3.736578287E1,-1.302471818E0,5.666133962E-1,-9.841227640E0,9.943200945E0
3.737574487E1,-1.312018129E0,5.722936373E-1,-9.841011293E0,9.944567102E0
3.738570587E1,-9.079047026E-1,3.312835045E-1,-8.782992704E0,8.836005916E0
3.739566688E1,-9.377033561E-1,3.115535006E-1,-8.782796237E0,8.838204734E0
3.740562788E1,-3.265673596E-1,-8.745867745E-2,-9.030925173E0,9.037250950E0
3.741558888E1,2.745624064E-2,-1.538563967E-1,-1.019122443E1,1.019242272E1
3.742555087E1,3.996133357E-3,-2.813015782E-1,-1.018965036E1,1.019353329E1
3.743551162E1,5.450644331E-1,-1.718029817E-1,-1.228602452E1,1.229930933E1
3.744547262E1,5.227807308E-1,-3.150268563E-1,-1.228019251E1,1.229535154E1
3.745543363E1,9.346200462E-1,-6.559728116E-2,-1.390840467E1,1.393992604E1
3.746539563E1,9.686985692E-1,-1.502061993E-1,-1.402426841E1,1.405848653E1
3.747535663E1,8.308054367E-1,-2.706717787E-1,-1.366970729E1,1.369760557E1
3.748531762E1,4.997455882E-1,-4.007186788E-1,-1.314408353E1,1.315968286E1
3.749527862E1,5.397378023E-1,-4.014131818E-1,-1.314537343E1,1.316257164E1
3.750523962E1,-5.622048879E-1,-8.095812133E-1,-1.173877425E1,1.178008136E1
3.751520163E1,-1.053704513E0,-8.824965772E-1,-1.068452595E1,1.077256646E1
3.752516263E1,-1.207911378E0,-7.678278543E-1,-9.326634656E0,9.435821295E0
3.753512363E1,-1.145119298E0,-4.841475557E-1,-7.833836991E0,7.931878659E0
3.754508462E1,-1.146162661E0,-4.478956592E-1,-7.836052501E0,7.932087882E0
3.755504562E1,-3.311936767E-1,-3.127171330E-1,-2.744165549E0,2.781712749E0
3.756500763E1,9.373172572E-2,-3.973960716E-1,7.371204704E-1,8.426481247E-1
3.757496863E1,-4.952032518E-2,-3.585152669E-1,7.393658012E-1,8.231933231E-1
3.758492963E1,1.001441954E0,-5.720486389E-1,8.193571147E0,8.274341893E0
3.759489063E1,8.120075154E-1,-5.119795347E-1,8.203378097E0,8.259351757E0
3.760485262E1,1.364612225E0,-7.458870547E-1,1.183996850E1,1.194166522E1
3.761481362E1,3.207197201E0,-3.397033196E0,1.802734359E1,1.862286404E1
3.762477463E1,3.200042548E0,-3.258953830E0,1.802666414E1,1.859628114E1
3.763473563E1,2.651841229E0,-3.523436843E0,2.241090410E1,2.284065436E1
3.764469663E1,2.722808009E0,-3.373061074E0,2.240737940E1,2.282283672E1
3.765465862E1,1.863789026E0,-4.095242493E0,2.395822003E1,2.437705946E1
3.766461962E1,1.181346088E0,-3.889745900E0,2.340573767E1,2.375614148E1
3.767458062E1,4.786766084E-1,-3.386170532E0,2.181367417E1,2.208011918E1
3.768454162E1,-1.081142865E-1,-2.700316986E0,1.913123007E1,1.932116365E1
3.769450263E1,-1.103297234E-1,-2.807569539E0,1.912596290E1,1.933124611E1
3.770446463E1,-4.812982806E-1,2.682896596E-1,7.944124249E0,7.963211504E0
3.771442562E1,-4.842448387E-1,3.667359268E-2,7.941139246E0,7.955974518E0
3.772438662E1,-1.098944713E-1,2.633219017E0,-4.877290045E0,5.543814334E0
3.773434762E1,-8.873266697E-1,2.795048312E0,-9.079389235E0,9.541223850E0
3.774430862E1,-7.796724129E-1,2.715955364E0,-9.082169001E0,9.511576966E0
3.775427063E1,-1.705598453E0,2.489165550E0,-1.120752898E1,1.160662384E1
3.776423163E1,-2.453945724E0,2.092424221E0,-1.131431668E1,1.176494159E1
3.777419262E1,-2.440551069E0,1.503403929E0,-8.580679627E0,9.046799199E0
3.778415362E1,-1.920767365E0,1.190875369E0,-7.542782477E0,7.874077654E0
3.779411563E1,-1.952473015E0,1.244156952E0,-7.542725174E0,7.890043120E0
3.780407663E1,-1.623956413E0,9.044785997E-1,-7.336476921E0,7.568302952E0
3.781403763E1,-1.137894186E0,6.885618295E-1,-7.948645901E0,8.059149597E0
3.782399863E1,7.835863928E-1,7.182952865E-1,-9.910795473E0,9.967638770E0
3.783395962E1,1.479671542E0,8.899340893E-1,-1.069130287E1,1.082983691E1
3.784392162E1,1.875802130E0,8.686239119E-1,-1.105103293E1,1.124270741E1
3.785388263E1,1.860639569E0,8.549542911E-1,-1.104972666E1,1.123785503E1
3.786384363E1,2.078706214E0,6.685314614E-1,-1.071326384E1,1.093352532E1
3.787380463E1,1.847888985E0,4.571895892E-2,-8.488832733E0,8.687753743E0
3.788376563E1,1.437094164E0,-2.999694903E-1,-7.403867835E0,7.548011676E0
3.789372762E1,1.478158868E0,-2.532916245E-1,-7.406774486E0,7.557077383E0
3.790368862E1,8.709255952E-1,-9.639116000E-1,-6.223959943E0,6.358090463E0
3.791364962E1,7.925224002E-1,-1.030794830E0,-5.992049430E0,6.131499499E0
3.792361063E1,8.433719802E-1,-1.057948349E0,-5.581712301E0,5.743347736E0
3.793357163E1,1.019310021E0,-9.419234379E-1,-4.869257725E0,5.063189062E0
3.794353362E1,1.075011036E0,-9.158661984E-1,-4.870914826E0,5.071515638E0
3.795349462E1,9.496058752E-1,-2.456583586E-1,-2.264972777E0,2.468238447E0
3.796345562E1,8.355565917E-1,-5.923676220E-2,-5.048678952E-1,9.780365043E-1
3.797341662E1,6.908175391E-1,-7.470831666E-2,1.762266013E0,1.894305072E0
3.798337863E1,4.209509585E-1,7.780607558E-2,4.361632283E0,4.382589379E0
3.799333963E1,5.008643067E-1,8.005906259E-2,4.362650868E0,4.392037921E0
3.800330062E1,1.172269346E-1,5.876536150E-1,8.048916879E0,8.071192096E0
3.801326162E1,1.601993832E-1,5.019890552E-1,8.049806240E0,8.067033988E0
3.802322262E1,-5.828011204E-1,2.277518563E0,9.205447603E0,9.500895406E0
3.803318463E1,-8.832320108E-1,2.406447476E0,1.051603492E1,1.082395855E1
3.804314563E1,-9.337526849E-1,2.322042772E0,1.051724646E1,1.081093196E1
3.805310663E1,-5.548451438E-1,7.023478098E-1,1.515776988E1,1.518417378E1
3.806306762E1,-6.386901232E-1,6.586173610E-1,1.515871245E1,1.518645005E1
3.807302862E1,1.977516201E0,-8.342542706E-1,1.803627462E1,1.816352809E1
3.808299063E1,2.102239942E0,-8.048842911E-1,1.719589642E1,1.734260952E1
3.809295163E1,2.006606683E0,-9.275528821E-1,1.720564607E1,1.734707702E1
3.810291263E1,1.844153198E0,-8.182190857E-1,1.507693680E1,1.521132495E1
3.811287363E1,1.941507439E0,-3.581947298E-1,1.300407546E1,1.315308835E1
3.812283463E1,9.623256889E-1,8.076254658E-1,7.467003146E0,7.571952563E0
3.813279662E1,-1.340144186E-1,1.331197873E0,4.589446821E0,4.780488444E0
3.814275762E1,-5.567700472E-2,1.375559236E0,4.581967063E0,4.784316598E0
3.815271863E1,-2.257555000E0,1.999745122E0,8.468247610E-1,3.132514534E0
3.816267963E1,-2.142650342E0,2.101397212E0,8.365149504E-1,3.115538154E0
3.817264162E1,-6.996147481E-1,2.134719178E0,6.719801491E-1,2.344790841E0
3.818260262E1,-2.239984994E-1,9.865882717E-1,-3.306179452E-1,1.064349553E0
3.819256362E1,-2.267071855E-1,1.021593725E0,-3.324574792E-1,1.097988097E0
3.820252462E1,7.260878708E-1,-9.778693423E-2,-3.121582269E0,3.206406360E0
3.821248563E1,7.146344179E-1,-1.609815214E-1,-3.118011374E0,3.202906857E0
3.822244763E1,1.245582941E0,-5.969753558E-1,-6.917034507E0,7.053596446E0
3.823240862E1,1.539981771E0,-5.086398610E-1,-9.406671928E0,9.545456256E0
3.824236962E1,1.555872749E0,-6.748838034E-1,-9.391086175E0,9.542992597E0
3.825233062E1,1.673801002E0,-6.849693002E-1,-1.326384153E1,1.338657106E1
3.826229162E1,1.728673467E0,-8.279417628E-1,-1.324555962E1,1.338352156E1
3.827225363E1,1.333205076E0,-9.249407847E-1,-1.521075618E1,1.529706033E1
3.828221463E1,1.115277814E0,-1.082857707E0,-1.514262676E1,1.522220650E1
3.829217563E1,8.216983252E-1,-1.291259051E0,-1.459983558E1,1.467984118E1
3.830213662E1,4.307822111E-1,-1.555507883E0,-1.385233922E1,1.394605608E1
3.831209762E1,4.877179752E-1,-1.543136929E0,-1.385230063E1,1.394651832E1
3.832205963E1,-3.079650643E-1,-2.337676034E0,-1.245419278E1,1.267542857E1
3.833202063E1,-4.238743471E-1,-2.843746555E0,-1.171687175E1,1.206447875E1
3.834198163E1,-6.652990475E-1,-3.043130469E0,-1.116278141E1,1.158926031E1
3.835194263E1,-7.109944531E-1,-3.031366748E0,-1.070923862E1,1.115268978E1
3.836190462E1,-7.185470822E-1,-3.040821696E0,-1.070815805E1,1.115471001E1
3.837186562E1,-3.287041881E-1,-2.728464605E0,-9.154088584E0,9.557714337E0
3.838182663E1,6.168136429E-2,-2.323421106E0,-7.775877051E0,8.115808902E0
3.839178763E1,3.728008918E-1,-1.755595509E0,-5.999806346E0,6.262489305E0
3.840174863E1,4.298052876E-1,-9.744022357E-1,-3.899203479E0,4.042026728E0
3.841171062E1,3.597185873E-1,-9.528757113E-1,-3.904261320E0,4.034925779E0
3.842167162E1,2.279380244E-1,4.347346365E-2,1.379334784E0,1.398717316E0
3.843163262E1,2.755475526E-1,6.574939647E-1,4.199246918E0,4.259330868E0
3.844159379E1,1.793941111E-1,1.346987256E0,7.286228288E0,7.411860737E0
3.845155479E1,-6.078351519E-2,2.219157650E0,1.052102493E1,1.075268901E1
3.846151679E1,-1.629698488E-1,2.226089378E0,1.052185524E1,1.075599696E1
3.847147779E1,1.103012183E0,3.004823897E0,1.633890627E1,1.664948830E1
3.848143879E1,1.594575031E0,2.553024747E0,1.874519105E1,1.898533098E1
3.849139979E1,1.995594768E0,1.805735530E0,2.072982726E1,2.090379912E1
3.850136079E1,2.333312695E0,1.284978118E0,2.253605790E1,2.269293773E1
3.851132279E1,2.198500460E0,1.324005652E0,2.254100231E1,2.268662999E1
3.852128379E1,3.180312873E0,4.926111080E-2,2.475124748E1,2.495478048E1
3.853124479E1,3.368481535E0,-8.723607212E-1,2.455873843E1,2.480401811E1
3.854120579E1,2.951261356E0,-1.324801019E0,2.286549471E1,2.309320007E1
3.855116779E1,1.779021502E0,-1.009411489E0,1.977586338E1,1.988136317E1
3.856112879E1,1.778035954E0,-1.051562386E0,1.978104635E1,1.988861458E1
3.857108979E1,-7.198757889E-1,4.248829553E-1,1.076256990E1,1.079498298E1
3.858105079E1,-1.457373916E0,7.666804844E-1,5.779418356E0,6.009443754E0
3.859101179E1,-2.503666061E0,1.298977084E0,1.063565258E0,3.014441286E0
3.860097379E1,-3.282505830E0,1.639864932E0,-3.073739181E0,4.786634943E0
3.861093479E1,-3.266469841E0,1.483570173E0,-3.047044888E0,4.706940432E0
3.862089579E1,-3.352890519E0,1.409304834E0,-8.658349362E0,9.391220827E0
3.863085679E1,-3.130707726E0,9.910798104E-1,-1.026240141E1,1.077499201E1
3.864081779E1,-2.970881103E0,5.369487901E-1,-1.122226630E1,1.162126110E1
3.865077979E1,-2.830715742E0,4.360151768E-2,-1.168312630E1,1.202124340E1
3.866074079E1,-2.816826559E0,7.197191566E-3,-1.167610379E1,1.201107670E1
3.867070179E1,-2.799554468E0,-7.191560698E-1,-1.231790120E1,1.265248516E1
3.868066279E1,-2.779150902E0,-8.827439144E-1,-1.246406756E1,1.280062095E1
3.869062379E1,-2.572229927E0,-9.280345465E-1,-1.251242754E1,1.280774991E1
3.870058579E1,-2.115146793E0,-8.407657300E-1,-1.243802640E1,1.264457329E1
3.871054679E1,-2.099428893E0,-8.864779463E-1,-1.242806625E1,1.263527901E1
3.872050779E1,-7.426490859E-1,-4.719480711E-1,-1.263738488E1,1.266798165E1
3.873046879E1,4.900829181E-2,-3.555583665E-1,-1.293176996E1,1.293674990E1
3.874043079E1,6.643263631E-1,-3.807341382E-1,-1.321648727E1,1.323864886E1
3.875039179E1,1.162546559E0,-5.957029286E-1,-1.329121702E1,1.335525464E1
3.876035279E1,1.104100642E0,-6.888575524E-1,-1.325629628E1,1.332002080E1
3.877031379E1,1.656667345E0,-1.234724077E0,-1.252638250E1,1.269564291E1
3.878027479E1,2.014533023E0,-1.801899610E0,-1.176466806E1,1.207114742E1
3.879023679E1,2.124804786E0,-2.148378420E0,-1.073922314E1,1.115621974E1
3.880019779E1,2.308118212E0,-2.333983371E0,-9.306467024E0,9.868394830E0
3.881015879E1,2.325800192E0,-2.328651002E0,-9.310508620E0,9.875096596E0
3.882011979E1,2.582251469E0,-3.005370612E0,-4.946273156E0,6.337656768E0
3.883008079E1,2.583252805E0,-3.570639953E0,-2.076785404E0,4.871930043E0
3.884004279E1,1.599259528E0,-3.701164424E0,7.648210698E-1,4.103803163E0
3.885000379E1,4.507039672E-1,-2.995608686E0,3.343806285E0,4.511966969E0
3.885996479E1,2.585119821E-2,-2.128647868E0,5.889267073E0,6.262210208E0
3.886992579E1,2.005214169E-1,-1.758508592E0,8.272571708E0,8.459787466E0
3.887988679E1,5.923910657E-1,-2.057581394E0,1.074038557E1,1.095173276E1
3.888984879E1,7.630734102E-1,-2.672744148E0,1.378482844E1,1.406226644E1
3.889980979E1,8.986631783E-1,-3.763979015E0,1.653257658E1,1.697943526E1
3.890977079E1,9.554804266E-1,-3.616662802E0,1.649016322E1,1.690912995E1
3.891973179E1,-3.823623685E-1,-3.751986376E0,1.905310543E1,1.942278119E1
3.892969279E1,-4.620985094E-1,-3.326647046E0,1.916776231E1,1.945978488E1
3.893965479E1,-4.175365135E-2,-3.531247553E0,1.835592787E1,1.869255308E1
3.894961579E1,3.708147754E-1,-3.321858176E0,1.698121005E1,1.730704308E1
3.895957679E1,4.252563731E-1,-1.848306183E0,1.527697824E1,1.539425681E1
3.896953779E1,6.405927341E-1,1.705641577E-1,1.324126777E1,1.325785138E1
3.897949979E1,1.049206835E0,1.974529297E0,1.093179417E1,1.115812371E1
3.898946079E1,9.389692783E-1,3.858754780E0,8.006931531E0,8.937706882E0
3.899942179E1,4.480410721E-1,5.430132006E0,4.796113735E0,7.258772717E0
3.900938279E1,-9.909225203E-2,5.946218369E0,1.574206109E0,6.151866143E0
3.901934379E1,-5.490349118E-1,5.459539407E0,-1.514993110E0,5.692382102E0
3.902930579E1,-6.078953965E-1,5.358341646E0,-1.492278432E0,5.595378176E0
3.903926679E1,-9.922359511E-1,3.003631358E0,-5.706116492E0,6.524269992E0
3.904922779E1,-1.202830074E0,1.983147654E0,-6.811817370E0,7.195869002E0
3.905918879E1,-1.405659533E0,1.192115417E0,-7.482768994E0,7.706416139E0
3.906914979E1,-1.562679200E0,2.859757693E-1,-8.171071061E0,8.324070561E0
3.907911179E1,-1.587897949E0,1.931751944E-1,-8.147638929E0,8.303177504E0
3.908907279E1,-2.384420576E0,-1.878111342E0,-9.551647208E0,1.002231151E1
3.909903379E1,-2.999000071E0,-2.439698691E0,-1.028268657E1,1.098543464E1
3.910899479E1,-3.362384935E0,-2.848886842E0,-1.130071956E1,1.212963525E1
3.911895579E1,-3.482204617E0,-3.427258331E0,-1.240161929E1,1.332936644E1
3.912891779E1,-3.381519949E0,-4.090172957E0,-1.340007581E1,1.441271049E1
3.913887879E1,-3.244238727E0,-4.566443582E0,-1.402696515E1,1.510408035E1
3.914883979E1,-3.304726711E0,-4.673632693E0,-1.419110117E1,1.530200685E1
3.915880079E1,-3.271606912E0,-4.795086379E0,-1.399296242E1,1.514923307E1
3.916876179E1,-3.105725497E0,-4.938200490E0,-1.344447605E1,1.465555496E1
3.917872379E1,-2.850569086E0,-4.890075567E0,-1.249248035E1,1.371497898E1
3.918868479E1,-2.610932647E0,-4.441143014E0,-1.147553260E1,1.257889379E1
3.919864579E1,-2.010916520E0,-3.914146915E0,-1.036171520E1,1.125741859E1
3.920860679E1,-1.190827494E0,-3.341011608E0,-9.071959178E0,9.740681291E0
3.921856879E1,-2.983889696E-1,-2.679098318E0,-7.696406373E0,8.154831380E0
3.922852979E1,4.963420701E-1,-1.910704014E0,-6.051158933E0,6.365034934E0
3.923849079E1,1.210945278E0,-9.541407564E-1,-3.791745688E0,4.093178278E0
3.924845179E1,2.000331598E0,-1.678054413E-1,-9.802395111E-1,2.233910174E0
3.925841279E1,2.364390208E0,6.379958394E-1,2.410347422E0,3.436154019E0
3.926837479E1,2.386443712E0,2.317886863E0,5.998395998E0,6.859188556E0
3.927833579E1,3.119335476E0,3.845806705E0,9.296925538E0,1.053343759E1
3.928829679E1,5.294091271E0,4.038122798E0,1.302327070E1,1.462666804E1
3.929825779E1,7.540503817E0,3.669579227E0,1.822419478E1,2.006106390E1
3.930821879E1,9.089801956E0,3.057005619E0,2.419756060E1,2.602867115E1
3.931818079E1,1.017550594E1,2.206204021E0,2.821234307E1,3.007232214E1
3.932814179E1,9.975168639E0,2.311476853E0,2.824554122E1,3.004425924E1
3.933810279E1,1.052872221E1,2.064705057E0,3.009164987E1,3.194721256E1
3.934806379E1,1.040356489E1,1.517965396E0,2.805561898E1,2.996091016E1
3.935802479E1,9.495079490E0,1.480799763E0,2.372560142E1,2.559791916E1
3.936798679E1,6.892223017E0,2.737632455E0,1.815304703E1,1.960944890E1
3.937794779E1,3.702823279E0,4.169210356E0,1.225014132E1,1.345953854E1
3.938790879E1,6.527027562E-1,4.905896378E0,7.028135113E0,8.595843375E0
3.939786979E1,-1.683901921E0,4.692564223E0,2.852392833E0,5.743851455E0
3.940783179E1,-3.424059904E0,3.984904949E0,-3.859571636E-2,5.254059698E0
3.941779279E1,-4.775167547E0,3.095452524E0,-1.931334161E0,6.009501066E0
3.942775379E1,-4.747752291E0,2.927152408E0,-1.892928479E0,5.890038308E0
3.943771417E1,-6.247034225E0,1.117552308E0,-4.773744627E0,7.941221413E0
3.944767517E1,-6.262308322E0,-1.025265411E-1,-6.250258380E0,8.848318882E0
3.945763717E1,-6.143309882E0,-1.371098980E0,-7.743968795E0,9.979439935E0
3.946759817E1,-6.025915918E0,-2.556230483E0,-9.094634095E0,1.120528207E1
3.947755917E1,-5.984752105E0,-3.574095365E0,-1.014861928E1,1.231202212E1
3.948752017E1,-6.056114448E0,-4.545650299E0,-1.092109727E1,1.328946291E1
3.949748117E1,-6.093159483E0,-5.489349682E0,-1.147424387E1,1.410382306E1
3.950744317E1,-6.143336195E0,-6.066503781E0,-1.201625972E1,1.479640312E1
3.951740417E1,-6.355767878E0,-6.358944086E0,-1.270332159E1,1.556297962E1
3.952736517E1,-6.541788858E0,-6.631454741E0,-1.336484984E1,1.629080737E1
3.953732617E1,-6.562203827E0,-6.794599074E0,-1.387473874E1,1.678503711E1
3.954728717E1,-6.245457816E0,-6.877538320E0,-1.417924887E1,1.695161866E1
3.955724917E1,-5.689643716E0,-6.862295798E0,-1.405377113E1,1.664246472E1
3.956721017E1,-4.887102550E0,-6.707573209E0,-1.338769023E1,1.575136691E1
3.957717117E1,-4.769049897E0,-6.629818690E0,-1.347845539E1,1.575966664E1
3.958713217E1,-2.674548891E0,-5.688550871E0,-1.166579515E1,1.325155083E1
3.959709317E1,-1.481653748E0,-5.233627553E0,-1.059733227E1,1.191174237E1
3.960705517E1,-2.237095007E-1,-4.825704739E0,-9.165444462E0,1.036063919E1
3.961701617E1,1.041275087E0,-4.320366728E0,-7.414924920E0,8.644705550E0
3.962697717E1,1.180234752E0,-4.112730346E0,-7.547914578E0,8.676319464E0
3.963693817E1,1.534085731E0,-2.450645556E0,-2.265096154E0,3.672838583E0
3.964689917E1,1.677074712E0,-2.234762553E0,-2.383924440E0,3.672851616E0
3.965686117E1,1.010539490E0,-3.783411652E-2,3.932394029E0,4.060337951E0
3.966682217E1,1.511154998E0,5.695427781E-1,7.382286932E0,7.556859715E0
3.967678317E1,3.346458289E0,1.457724311E0,1.109182311E1,1.167699803E1
3.968674417E1,6.599206762E0,2.348386817E0,1.449213805E1,1.609616463E1
3.969670617E1,1.000631910E1,2.759597813E0,1.782972290E1,2.063106446E1
3.970666717E1,1.214148602E1,2.968067715E0,2.085788830E1,2.431618007E1
3.971662817E1,1.368425750E1,1.752605097E0,2.158647943E1,2.561848205E1
3.972658917E1,1.404694041E1,2.343903172E-1,2.096528294E1,2.523716629E1
3.973655017E1,1.198493852E1,7.399956925E-1,2.048364779E1,2.374376069E1
3.974651217E1,8.749884599E0,2.727142550E0,1.833492584E1,2.049798265E1
3.975647317E1,5.304220988E0,5.083715469E0,1.570499559E1,1.733856424E1
3.976643417E1,3.809908602E0,5.001729319E0,1.383523261E1,1.519691946E1
3.977639517E1,3.787378403E0,3.291476336E0,1.195044580E1,1.296114217E1
3.978635617E1,3.045019997E0,3.030295246E0,9.953079028E0,1.084060045E1
3.979631817E1,1.464281671E0,3.651929991E0,7.637172325E0,8.591106715E0
3.980627917E1,-4.570309469E-1,3.779446655E0,4.572506853E0,5.949866656E0
3.981624017E1,-2.516990403E0,3.576841802E0,1.203138880E0,4.536141657E0
3.982620117E1,-2.474725851E0,3.479389767E0,1.213639310E0,4.438844621E0
3.983616217E1,-5.814996325E0,2.824764154E0,-4.578317231E0,7.921771484E0
3.984612417E1,-5.787597442E0,2.707792359E0,-4.555775630E0,7.847516499E0
3.985608517E1,-6.468904485E0,1.854038355E0,-6.304087847E0,9.220938512E0
3.986604617E1,-6.801647308E0,9.719709635E-2,-8.675821427E0,1.102459663E1
3.987600717E1,-6.830817897E0,-3.695878834E-2,-8.626659792E0,1.100366749E1
3.988596817E1,-7.043372957E0,-1.710618727E0,-9.994842181E0,1.234634315E1
3.989593017E1,-7.085763516E0,-1.870272272E0,-9.927713807E0,1.233958931E1
3.990589117E1,-7.523370890E0,-3.301946945E0,-1.109949582E1,1.380951740E1
3.991585217E1,-7.525876422E0,-3.960524691E0,-1.138174443E1,1.420804976E1
3.992581317E1,-7.561377207E0,-4.122373866E0,-1.130457873E1,1.421132970E1
3.993577417E1,-7.152074450E0,-4.878930774E0,-1.168436006E1,1.454236585E1
3.994573617E1,-7.168625579E0,-5.024703029E0,-1.161337018E1,1.454328712E1
3.995569717E1,-6.691729009E0,-5.440670443E0,-1.176392429E1,1.458663932E1
3.996565817E1,-6.265960493E0,-5.530358545E0,-1.168185044E1,1.436359134E1
3.997561917E1,-5.471681736E0,-5.528433641E0,-1.139800320E1,1.379917956E1
3.998558117E1,-4.559219640E0,-5.451129942E0,-1.103431106E1,1.312468369E1
3.999554217E1,-4.560280910E0,-5.498524548E0,-1.100900198E1,1.312356882E1
4.000550317E1,-2.151858391E0,-4.383540338E0,-9.073981145E0,1.030451621E1
4.001546417E1,-7.833017796E-1,-3.011094744E0,-7.329642110E0,7.962657013E0
4.002542517E1,-8.203415519E-1,-2.975645999E0,-7.335316833E0,7.958285143E0
4.003538717E1,2.464434752E0,-6.391696680E-1,-1.702882860E0,3.062970216E0
4.004534817E1,4.060243399E0,3.592868435E-1,2.712784712E0,4.896311304E0
4.005530917E1,5.472851179E0,1.551709239E0,7.639427011E0,9.524743915E0
4.006527017E1,6.839733732E0,2.377584888E0,1.184606364E1,1.388395085E1
4.007523117E1,8.655206484E0,2.169470789E0,1.456396291E1,1.708005323E1
4.008519317E1,1.015044828E1,1.028046931E0,1.621094464E1,1.915419554E1
4.009515417E1,1.021977872E1,1.135577812E0,1.613497878E1,1.913298080E1
4.010511517E1,1.046793689E1,1.170986795E-1,1.684191768E1,1.983032037E1
4.011507617E1,6.200353564E0,1.643371654E0,1.686164384E1,1.804051240E1
4.012503717E1,3.992057556E0,2.120418789E0,1.604954979E1,1.667395417E1
4.013499917E1,2.606713004E0,1.557920444E0,1.539740281E1,1.569401421E1
4.014496017E1,1.313361234E0,1.255475261E0,1.434901108E1,1.446358375E1
4.015492117E1,1.898327798E-2,1.600332638E0,1.288380642E1,1.298283070E1
4.016488217E1,-1.079101456E0,2.085351867E0,1.089814344E1,1.114821434E1
4.017484317E1,-1.908519495E0,2.526318466E0,8.541903232E0,9.109821210E0
4.018480517E1,-2.405761890E0,2.841179335E0,5.983115469E0,7.046819212E0
4.019476617E1,-2.206296845E0,2.968826099E0,5.937368608E0,6.995285567E0
4.020472717E1,-2.839621929E0,2.901415889E0,1.386122816E0,4.289872180E0
4.021468817E1,-2.639702117E0,2.551272336E0,-3.225107807E-1,3.685245040E0
4.022465017E1,-2.516539291E0,2.668428903E0,-3.480876714E-1,3.684378895E0
4.023461117E1,-2.155692556E0,1.936459976E0,-2.837188902E0,4.055431975E0
4.024457217E1,-2.087593251E0,2.039100830E0,-2.854220088E0,4.081978697E0
4.025453317E1,-1.918404505E0,1.886052299E0,-3.503175656E0,4.416979601E0
4.026449417E1,-1.482485515E0,1.825560222E0,-3.309977803E0,4.060343149E0
4.027445617E1,-5.330108365E-1,1.556249164E0,-2.926872327E0,3.357468336E0
4.028441717E1,5.657328421E-1,1.207021724E0,-2.835776800E0,3.133462167E0
4.029437817E1,4.696705441E-1,1.141208242E0,-2.823944959E0,3.081819560E0
4.030433917E1,2.024950276E0,9.568715523E-1,-3.735475008E0,4.355433426E0
4.031430017E1,2.473621312E0,7.945008056E-1,-4.686259171E0,5.358270145E0
4.032426217E1,2.819574458E0,5.982917833E-1,-5.891407739E0,6.558707062E0
4.033422317E1,2.998965572E0,3.016251111E-1,-7.130508165E0,7.741377067E0
4.034418417E1,2.992007970E0,2.849742875E-2,-7.065644417E0,7.673086395E0
4.035414517E1,3.135217391E0,-3.664841813E-1,-8.006718108E0,8.606476260E0
4.036410617E1,2.611530232E0,-9.839241341E-1,-8.654336418E0,9.093169727E0
4.037406817E1,2.314173296E0,-1.369229625E0,-8.131138671E0,8.564204803E0
4.038402917E1,2.170558517E0,-1.804823510E0,-7.224288148E0,7.756226623E0
4.039399017E1,2.168793827E0,-2.047405192E0,-7.130135112E0,7.728800774E0
4.040395117E1,1.892580716E0,-2.499829118E0,-4.959035289E0,5.867114997E0
4.041391217E1,1.314269745E0,-2.741786609E0,-3.890978785E0,4.938057784E0
4.042387417E1,4.237694261E-1,-2.648570005E0,-3.235792424E0,4.202958031E0
4.043383517E1,-7.780267140E-1,-2.119839330E0,-3.051799259E0,3.796382893E0
4.044379604E1,-2.065628770E0,-1.370971511E0,-3.071829481E0,3.947470261E0
4.045375704E1,-2.696045595E0,-4.739758855E-1,-3.040491328E0,4.091198175E0
4.046371904E1,-2.107556815E0,2.356059533E-1,-2.604401307E0,3.358602695E0
4.047368004E1,4.705875702E-2,1.716157794E-2,-1.018145256E0,1.019376677E0
4.048364104E1,1.858745364E0,-6.335545868E-1,1.142169378E0,2.271756287E0
4.049360204E1,1.711586002E0,-6.331862122E-1,1.161328365E0,2.163130831E0
4.050356304E1,2.427613227E0,-2.016754380E0,8.446566135E0,9.016933164E0
4.051352504E1,2.426349205E0,-1.929843705E0,8.384895551E0,8.939683473E0
4.052348604E1,-8.151688126E-1,1.088324123E0,9.782389448E0,9.876441307E0
4.053344704E1,-2.240741477E0,1.849057989E0,8.047568511E0,8.555892516E0
4.054340804E1,-2.046928644E0,1.907858759E0,7.988947250E0,8.464816601E0
4.055336904E1,-1.265263792E0,1.844525228E0,4.843620023E0,5.335149549E0
4.056333104E1,-1.169595158E0,1.952953656E0,4.768358172E0,5.283864161E0
4.057329204E1,-9.767310356E-1,3.026294289E0,5.642763079E0,6.477131758E0
4.058325304E1,-8.917155167E-1,2.626954603E0,5.088735888E0,5.795798477E0
4.059321404E1,-8.288012304E-1,2.725628121E0,5.028963311E0,5.779829765E0
4.060317504E1,-1.081403505E0,2.315913428E0,3.580919065E0,4.399530645E0
4.061313704E1,-1.352720597E0,1.767767658E0,1.667207243E0,2.781085310E0
4.062309804E1,-7.236451965E-1,4.986914814E-1,-1.903399673E0,2.096493710E0
4.063305904E1,-2.180197944E-1,3.909767058E-1,-3.131952891E0,3.163783230E0
4.064302004E1,3.711214253E-1,2.578937852E-1,-4.235064622E0,4.259109375E0
4.065298104E1,1.108065127E0,-2.719335347E-2,-5.261395395E0,5.376879142E0
4.066294304E1,1.114804409E0,-2.282577574E-2,-5.263650082E0,5.380457422E0
4.067290404E1,1.942505705E0,-6.420587772E-1,-7.406877397E0,7.684230649E0
4.068286504E1,2.230670671E0,-1.235668403E0,-8.423159730E0,8.800703829E0
4.069282604E1,2.475734496E0,-2.001187045E0,-9.153659983E0,9.691413827E0
4.070278704E1,2.484133729E0,-2.703803681E0,-9.568422870E0,1.024871655E1
4.071274904E1,2.528188406E0,-2.678120956E0,-9.581238213E0,1.026470624E1
4.072271004E1,1.771159774E0,-3.996043895E0,-9.482945933E0,1.044182155E1
4.073267104E1,1.289856158E0,-4.405246664E0,-9.174402396E0,1.025863472E1
4.074263204E1,9.746069614E-1,-4.661570764E0,-8.538023019E0,9.776396974E0
4.075259304E1,8.255631155E-1,-4.612479881E0,-7.678727317E0,8.995519902E0
4.076255504E1,7.793581250E-1,-4.285844766E0,-6.685629194E0,7.979567793E0
4.077251604E1,8.473271830E-1,-3.826007741E0,-5.379879865E0,6.655779890E0
4.078247704E1,1.140027397E0,-3.395349198E0,-3.925900111E0,5.314202699E0
4.079243804E1,1.521901449E0,-2.860628051E0,-2.578962411E0,4.141307038E0
4.080240004E1,1.900531029E0,-2.072715450E0,-1.154941451E0,3.040075210E0
4.081236104E1,1.817663850E0,-2.098423903E0,-1.144568490E0,3.002885575E0
4.082232204E1,1.349039628E0,9.092698082E-1,1.933226904E0,2.526666928E0
4.083228304E1,1.271691490E0,2.298099593E0,3.620882446E0,4.473170092E0
4.084224404E1,1.368110907E0,3.419139472E0,5.350885862E0,6.495707944E0
4.085220604E1,1.548713711E0,4.228304071E0,6.990761465E0,8.315516541E0
4.086216704E1,1.485437920E0,4.222150169E0,6.994865041E0,8.304288940E0
4.087212804E1,1.997168839E0,4.248712901E0,9.786239254E0,1.085406483E1
4.088208904E1,1.945021031E0,3.117937115E0,1.058022799E1,1.120026174E1
4.089205004E1,1.334713950E0,2.023616965E0,1.111220767E1,1.137355029E1
4.090201204E1,3.219929732E-1,1.592605835E0,1.183868679E1,1.194966852E1
4.091197304E1,3.026846997E-1,1.673959608E0,1.180022498E1,1.192220904E1
4.092193404E1,-6.617562926E-1,1.659488626E0,1.204769902E1,1.217944480E1
4.093189504E1,-1.012292705E0,2.206899401E0,1.102283181E1,1.128707059E1
4.094185604E1,-1.384380638E0,3.003996809E0,9.719560531E0,1.026695493E1
4.095181804E1,-1.491283966E0,3.221092816E0,8.594729317E0,9.298856856E0
4.096177904E1,-1.536625031E0,3.282921567E0,8.570031847E0,9.305065092E0
4.097174004E1,-1.167173388E0,2.924030288E0,6.707771430E0,7.409888285E0
4.098170104E1,-8.959310668E-1,2.509018309E0,5.257783570E0,5.894247486E0
4.099166204E1,-8.494379548E-1,1.831425418E0,3.622431373E0,4.147007711E0
4.100162404E1,-1.113025393E0,1.243717680E0,2.018478724E0,2.619144049E0
4.101158504E1,-1.551141767E0,7.482994696E-1,3.432140172E-1,1.756071963E0
4.102154604E1,-1.993821015E0,1.738847914E-1,-1.148070388E0,2.307297939E0
4.103150704E1,-2.178189572E0,-3.584293494E-1,-2.539922306E0,3.365142899E0
4.104146804E1,-2.155826896E0,-8.578950021E-1,-3.987569525E0,4.613489369E0
4.105143004E1,-1.981412200E0,-1.569514011E0,-5.399579719E0,5.961948480E0
4.106139104E1,-1.942121104E0,-1.512019801E0,-5.424633869E0,5.956902792E0
4.107135204E1,-1.737004872E0,-2.316615971E0,-7.872948432E0,8.388516704E0
4.108131304E1,-1.772550388E0,-2.232335958E0,-8.837402800E0,9.285738902E0
4.109127404E1,-1.754476352E0,-2.084194411E0,-9.593719679E0,9.973039201E0
4.110123604E1,-1.658090850E0,-1.890515625E0,-1.002201536E1,1.033267180E1
4.111119704E1,-1.585750121E0,-1.879658223E0,-1.002968574E1,1.032677658E1
4.112115804E1,-1.126876789E0,-1.186011216E0,-1.043256708E1,1.056006297E1
4.113111904E1,-5.693649131E-1,-7.764044040E-1,-1.038788032E1,1.043240326E1
4.114108004E1,3.384524467E-1,-4.718784893E-1,-1.039178392E1,1.040799656E1
4.115104204E1,1.201372729E0,-2.526312912E-1,-1.051872931E1,1.059012679E1
4.116100304E1,1.882063767E0,-1.192530861E-1,-1.072613590E1,1.089065548E1
4.117096404E1,2.581490747E0,-4.152932292E-1,-1.072883147E1,1.104284328E1
4.118092504E1,2.914231816E0,-7.533187196E-1,-1.048763850E1,1.091104016E1
4.119088604E1,2.846576315E0,-7.252219713E-1,-9.762411851E0,1.019478439E1
4.120084804E1,2.609638658E0,-5.469751570E-1,-8.289418121E0,8.707689047E0
4.121080904E1,2.519885652E0,-6.083832005E-1,-8.251724630E0,8.649330216E0
4.122077004E1,1.671564004E0,-8.657533675E-1,-2.983513135E0,3.527747970E0
4.123073104E1,5.209263229E-1,-7.237209910E-1,8.623187131E-1,1.240455509E0
4.124069204E1,-8.171688527E-2,-4.527317816E-1,4.415448886E0,4.439350468E0
4.125065404E1,2.113271445E-2,-5.261470824E-1,7.183507912E0,7.202781634E0
4.126061504E1,3.180052087E-2,-4.930366391E-1,7.166981342E0,7.183990392E0
4.127057604E1,1.138776092E0,-1.109328491E0,1.088531114E1,1.100079176E1
4.128053704E1,1.567253623E0,-1.160706221E0,1.222791489E1,1.238246443E1
4.129049804E1,1.576784293E0,-1.302849987E0,1.313686222E1,1.329514257E1
4.130046004E1,9.422101707E-1,-1.331279149E0,1.317917385E1,1.327970961E1
4.131042104E1,9.913938059E-1,-1.320243115E0,1.316952360E1,1.327261298E1
4.132038204E1,-1.281789486E0,3.079558915E-1,1.142319768E1,1.149901154E1
4.133034304E1,-1.263255128E0,3.078728610E-1,1.142160256E1,1.149537317E1
4.134030504E1,-1.719197469E0,1.279041002E0,9.973367697E0,1.020096314E1
4.135026604E1,-1.335898450E0,1.403189377E0,9.543369305E0,9.738042041E0
4.136022704E1,-1.409033961E0,1.441175521E0,9.534048843E0,9.744765309E0
4.137018804E1,-4.476376142E-1,1.055374478E0,7.818771055E0,7.902365186E0
4.138014904E1,-5.209252265E-1,1.111402206E0,7.803526779E0,7.899468853E0
4.139011104E1,-8.012436685E-1,8.715894735E-1,4.254076844E0,4.415747889E0
4.140007204E1,-1.242907694E0,7.879661036E-1,2.139034277E0,2.596377814E0
4.141003304E1,-1.242131915E0,8.860142621E-1,2.100185376E0,2.595898993E0
4.141999404E1,-2.411849572E0,1.266302842E0,-1.259433534E0,3.001118803E0
4.142995504E1,-2.372720590E0,1.407833820E0,-1.315808294E0,3.056656757E0
4.143991775E1,-2.353460300E0,2.033588221E0,-3.010208014E0,4.328464938E0
4.144987875E1,-1.819221987E0,2.221706013E0,-3.468618026E0,4.502983151E0
4.145983975E1,-1.808532107E0,2.372271231E0,-3.516279851E0,4.611147706E0
4.146980075E1,-3.499983953E-1,2.039751771E0,-4.730595099E0,5.163488758E0
4.147976175E1,-3.656093647E-1,2.155424023E0,-4.761035703E0,5.238986915E0
4.148972375E1,3.998103138E-1,1.509695241E0,-5.954179353E0,6.155589312E0
4.149968475E1,2.514454027E-1,1.224469377E0,-6.310565393E0,6.433178501E0
4.150964575E1,2.533933295E-1,1.301404701E0,-6.329672924E0,6.467041186E0
4.151960675E1,-5.254755297E-1,8.667668362E-1,-6.539368111E0,6.617457561E0
4.152956775E1,-5.065964053E-1,9.088198650E-1,-6.551177732E0,6.633289014E0
4.153952975E1,-7.394237617E-1,6.888632534E-1,-6.953807647E0,7.026857112E0
4.154949075E1,-6.690449931E-1,5.452608995E-1,-7.173936020E0,7.225668735E0
4.155945175E1,-4.671931884E-1,4.272826526E-1,-7.435201310E0,7.462108178E0
4.156941275E1,-1.057862176E-1,3.031347160E-1,-7.749984410E0,7.756631984E0
4.157937375E1,-9.785651609E-2,2.154409531E-1,-7.729347247E0,7.732968355E0
4.158933575E1,9.290457494E-1,3.086657435E-2,-8.384842342E0,8.436211226E0
4.159929675E1,1.299705939E0,-9.567974389E-2,-8.339429356E0,8.440644059E0
4.160925775E1,1.703019247E0,-1.732714185E-1,-7.687221567E0,7.875510965E0
4.161921875E1,2.007529228E0,-5.233725786E-2,-6.449437349E0,6.754861576E0
4.162917975E1,1.973474167E0,-1.421083903E-1,-6.418585101E0,6.716623391E0
4.163914175E1,2.253081587E0,2.540322840E-2,-2.874012328E0,3.651981493E0
4.164910275E1,2.099063880E0,-3.700009891E-1,-7.315393031E-1,2.253468362E0
4.165906375E1,1.410534064E0,-5.102835864E-1,1.056056263E0,1.834461915E0
4.166902475E1,4.795915514E-1,3.624688983E-2,2.472571152E0,2.518914448E0
4.167898575E1,4.538662876E-1,-7.313463449E-2,2.515088596E0,2.556758481E0
4.168894775E1,1.698657955E0,7.634914130E-2,6.120797517E0,6.352592407E0
4.169890875E1,3.722505007E0,-7.522425395E-1,8.158901251E0,8.999476762E0
4.170886975E1,5.077979935E0,-1.435979393E0,1.011745946E1,1.141099921E1
4.171883075E1,5.007783526E0,-1.888400980E0,1.147078934E1,1.265792093E1
4.172879175E1,5.030798167E0,-1.773217263E0,1.142541612E1,1.260925704E1
4.173875375E1,1.607490507E0,-1.436255381E0,1.269390289E1,1.287563691E1
4.174871475E1,5.165816224E-1,-1.108726520E0,1.275017299E1,1.280870963E1
4.175867575E1,2.239127646E-1,-1.143494065E0,1.294160615E1,1.299395572E1
4.176863675E1,5.228481565E-1,-1.385641006E0,1.334038977E1,1.342234593E1
4.177859775E1,6.187294831E-1,-1.147619129E0,1.327168966E1,1.333557656E1
4.178855975E1,5.448358069E-1,-1.149833616E0,1.245463717E1,1.251946286E1
4.179852075E1,6.686788112E-2,-6.125165972E-1,1.067773733E1,1.069550010E1
4.180848175E1,-2.490628085E-1,-1.206719130E-3,8.046814220E0,8.050667850E0
4.181844275E1,-4.735499159E-1,5.557013954E-1,4.963430057E0,5.016840788E0
4.182840375E1,-4.275410629E-1,5.539834835E-1,4.960870146E0,5.009982202E0
4.183836575E1,-1.170790037E0,2.116061590E0,-1.597850495E0,2.898550011E0
4.184832675E1,-1.576659601E0,2.660499494E0,-4.592589115E0,5.536784973E0
4.185828775E1,-1.803572206E0,2.825227253E0,-7.012170460E0,7.772085711E0
4.186824875E1,-1.764545404E0,2.474142299E0,-8.849577872E0,9.356817253E0
4.187820975E1,-1.721759280E0,2.435054394E0,-8.843259956E0,9.332587613E0
4.188817175E1,-1.554293124E0,1.602719471E0,-1.089267045E1,1.111911896E1
4.189813275E1,-1.343357450E0,1.376252424E0,-1.099522593E1,1.116215362E1
4.190809375E1,-9.357533097E-1,9.587235117E-1,-1.078529452E1,1.086818122E1
4.191805475E1,-3.146372855E-1,2.323521240E-1,-1.047008399E1,1.047738722E1
4.192801575E1,-3.669565267E-1,2.207891089E-1,-1.046573951E1,1.047449800E1
4.193797775E1,3.225512361E-1,-5.390426780E-1,-1.031821660E1,1.033732074E1
4.194793875E1,5.923723911E-1,-7.002983607E-1,-1.067412258E1,1.071345956E1
4.195789975E1,8.834714542E-1,-9.811243410E-1,-1.117034420E1,1.124809834E1
4.196786075E1,1.192342508E0,-1.098263805E0,-1.171822596E1,1.182982180E1
4.197782175E1,1.146403200E0,-1.190464163E0,-1.169292272E1,1.180914421E1
4.198778375E1,1.727582669E0,-1.128809221E0,-1.163190469E1,1.181354980E1
4.199774475E1,2.093303057E0,-1.086631939E0,-1.061540250E1,1.087425661E1
4.200770575E1,2.349217706E0,-9.151684794E-1,-9.213599791E0,9.552317954E0
4.201766675E1,2.230342935E0,-6.097026247E-1,-7.274757805E0,7.633365446E0
4.202762775E1,2.191288943E0,-5.922288054E-1,-7.275730782E0,7.621596985E0
4.203758975E1,5.988625447E-1,-3.470322490E-2,-7.970088226E-1,9.975288088E-1
4.204755075E1,5.359850228E-2,3.851619422E-2,2.116110853E0,2.117139919E0
4.205751175E1,-5.141263765E-1,3.769759865E-1,4.271325545E0,4.318640844E0
4.206747275E1,-6.833467709E-1,1.175740874E0,6.223148934E0,6.370000947E0
4.207743375E1,-6.804030633E-1,1.186508376E0,6.220151652E0,6.368754747E0
4.208739575E1,-1.805628964E-1,2.129633562E0,1.004538317E1,1.027023199E1
4.209735675E1,3.960901690E-1,1.289825022E0,1.227705021E1,1.235097154E1
4.210731775E1,9.139399794E-1,-5.219487816E-2,1.459849657E1,1.462717036E1
4.211727875E1,1.021394846E0,-1.270416505E0,1.636588883E1,1.644686970E1
4.212723975E1,1.048669037E0,-1.172052158E0,1.634132000E1,1.641682529E1
4.213720175E1,-5.659750264E-1,-2.346471561E0,1.903377219E1,1.918621225E1
4.214716275E1,-4.829537004E-1,-2.265705580E0,1.901046753E1,1.915109766E1
4.215712375E1,-1.462136912E0,-2.712438557E0,1.766359649E1,1.793035996E1
4.216708475E1,-1.425272264E0,-2.273844611E0,1.587914789E1,1.610431955E1
4.217704575E1,-1.347566861E0,-2.285900108E0,1.587726158E1,1.609747530E1
4.218700775E1,-6.821484572E-1,-3.788049956E-1,1.221938965E1,1.224427634E1
4.219696875E1,-6.772369422E-1,-4.293350253E-1,1.222918724E1,1.225544773E1
4.220692975E1,2.920851230E-1,1.473998135E0,7.348561946E0,7.500623101E0
4.221689075E1,2.803306480E-1,1.691009943E0,4.171121226E0,4.509584480E0
4.222685175E1,2.905295443E-1,1.597148683E0,4.191733246E0,4.495099436E0
4.223681375E1,-5.541534547E-1,4.076054563E-1,-1.771903394E0,1.900755086E0
4.224677475E1,-4.828434073E-1,3.344360308E-1,-1.756902947E0,1.852482977E0
4.225673575E1,-2.514210929E0,-3.070789553E-1,-5.926263576E0,6.444854851E0
4.226669675E1,-4.055333492E0,4.114486849E-1,-8.006936209E0,8.984767510E0
4.227665775E1,-4.027474726E0,2.764250734E-1,-7.970209848E0,8.934271571E0
4.228661975E1,-3.847280204E0,7.547714603E-1,-1.135090505E1,1.200892544E1
4.229658075E1,-3.925611843E0,5.932839355E-1,-1.129896891E1,1.197618940E1
4.230654175E1,-9.884199851E-1,8.170329049E-1,-1.218941916E1,1.225669027E1
4.231650275E1,4.872689821E-1,9.010310814E-1,-1.200139726E1,1.204503318E1
4.232646375E1,1.791880845E0,8.710977226E-1,-1.152873525E1,1.169963181E1
4.233642575E1,2.847597239E0,7.363933691E-1,-1.080746599E1,1.120055384E1
4.234638675E1,2.807810737E0,6.613200903E-1,-1.077542442E1,1.115486068E1
4.235634775E1,3.737203153E0,1.311188409E-1,-9.409897252E0,1.012571212E1
4.236630875E1,3.670875555E0,-1.012600634E0,-5.635427163E0,6.801376823E0
4.237626975E1,2.888204397E0,-1.851954700E0,-4.107496503E0,5.351914459E0
4.238623175E1,2.226167146E0,-2.881066409E0,-3.224950517E0,4.863812255E0
4.239619275E1,2.380812259E0,-2.886408717E0,-3.229252898E0,4.942438323E0
4.240615375E1,1.385296166E0,-3.704960437E0,-2.347139606E0,4.599439274E0
4.241611475E1,1.503591040E0,-3.854319959E0,-2.590075629E0,4.881092104E0
4.242607575E1,1.657292266E0,-3.917565198E0,-2.562025366E0,4.965673037E0
4.243603775E1,1.675691553E0,-3.744919139E0,-3.677146693E0,5.509425500E0
4.244599800E1,1.802778154E0,-3.836909582E0,-3.631582265E0,5.582138834E0
4.245595900E1,2.005025596E-1,-1.846861483E0,-4.068623044E0,4.472671694E0
4.246592000E1,-7.578311621E-1,-7.669248980E-1,-3.156518798E0,3.335579828E0
4.247588100E1,-1.614622210E0,3.751786986E-1,-1.129151137E0,2.005678495E0
4.248584300E1,-2.215460602E0,1.722162592E0,2.368269104E0,3.671894364E0
4.249580400E1,-2.184562160E0,1.757556958E0,2.354526978E0,3.661299712E0
4.250576500E1,-1.656644541E0,3.118879394E0,1.054218016E1,1.111797834E1
4.251572600E1,-1.023693460E0,2.781636261E0,1.365787954E1,1.397580489E1
4.252568700E1,-7.456987743E-1,2.213134872E0,1.508375115E1,1.526347212E1
4.253564900E1,-9.965302194E-1,2.246824189E0,1.532128610E1,1.551718722E1
4.254561000E1,-9.319668721E-1,2.278013822E0,1.531486936E1,1.551138720E1
4.255557100E1,-1.759721889E0,2.799444541E0,1.474254506E1,1.510881021E1
4.256553200E1,-1.864107407E0,2.664756267E0,1.436432143E1,1.472784955E1
4.257549300E1,-1.891433638E0,2.780636095E0,1.356855514E1,1.397909678E1
4.258545500E1,-1.568364741E0,2.922592457E0,1.234558192E1,1.278337622E1
4.259541600E1,-1.577337293E0,2.884714194E0,1.236059991E1,1.279038697E1
4.260537700E1,-8.746922985E-1,2.930547886E0,1.076388436E1,1.118992422E1
4.261533800E1,1.158325381E-1,2.352386897E0,5.305193964E0,5.804500348E0
4.262530000E1,1.252170999E-1,2.249693418E0,5.353365666E0,5.808211751E0
4.263526100E1,-1.458153496E0,1.464692145E0,-1.479625642E0,2.541815638E0
4.264522200E1,-1.384650487E0,1.352350468E0,-1.414518650E0,2.397284249E0
4.265518300E1,-1.638227127E0,-4.787907752E-1,-6.439381308E0,6.661731033E0
4.266514400E1,-8.171706069E-1,-1.408024147E0,-7.806905885E0,7.974840394E0
4.267510600E1,2.098733805E-1,-1.926273395E0,-8.667167548E0,8.881124328E0
4.268506700E1,1.229556893E0,-2.526942949E0,-9.369692382E0,9.782044068E0
4.269502800E1,1.211861026E0,-2.626970098E0,-9.315983952E0,9.754851923E0
4.270498900E1,2.315966784E0,-4.374070480E0,-1.056576315E1,1.166754240E1
4.271495000E1,2.671381747E0,-4.946473131E0,-1.076070113E1,1.214069873E1
4.272491200E1,2.989565004E0,-5.236091570E0,-1.098189896E1,1.252821849E1
4.273487300E1,3.244793043E0,-5.471434398E0,-1.135001978E1,1.301108086E1
4.274483400E1,3.277892377E0,-5.526724500E0,-1.130923194E1,1.300722834E1
4.275479500E1,3.581748493E0,-5.894203293E0,-1.117113123E1,1.312877480E1
4.276475600E1,3.595343562E0,-5.840801257E0,-1.026756334E1,1.234764397E1
4.277471800E1,3.514612517E0,-5.620523779E0,-8.852026686E0,1.105898572E1
4.278467900E1,3.157241514E0,-5.214358054E0,-7.277633466E0,9.493242479E0
4.279464000E1,3.188250175E0,-5.184305704E0,-7.291009557E0,9.497409393E0
4.280460100E1,1.828656761E0,-3.632745861E0,-4.306581917E0,5.923468228E0
4.281456200E1,7.994181678E-1,-2.375578709E0,-3.222340904E0,4.082392009E0
4.282452400E1,8.100400735E-1,-2.382260907E0,-3.216010709E0,4.083387910E0
4.283448500E1,-1.152847855E0,3.712034690E-1,-1.146655362E0,1.667833538E0
4.284444600E1,-1.159140044E0,3.593587643E-1,-1.140345631E0,1.665272507E0
4.285440700E1,-2.116981942E0,1.699273959E0,-1.053960621E-1,2.716662080E0
4.286436800E1,-3.567800252E0,3.611232201E0,3.112243096E0,5.954515408E0
4.287433000E1,-3.257532080E0,3.829236281E0,5.736786307E0,7.627927823E0
4.288429100E1,-2.641136147E0,3.523902281E0,8.472996134E0,9.549091628E0
4.289425200E1,-2.673516566E0,3.599255349E0,8.421028420E0,9.540233202E0
4.290421300E1,-2.905943972E0,3.042896288E0,1.211645760E1,1.282623378E1
4.291417400E1,-2.887748607E0,3.107298983E0,1.208176958E1,1.280482547E1
4.292413600E1,-3.292199344E0,3.246093464E0,1.258674331E1,1.340901959E1
4.293409700E1,-2.212836956E0,3.003156564E0,1.261542273E1,1.315539766E1
4.294405800E1,-2.237612486E0,3.039175412E0,1.259063873E1,1.314411200E1
4.295401900E1,-4.953575452E-1,2.786952842E0,1.187434779E1,1.220707257E1
4.296398000E1,-5.284836298E-1,2.814825934E0,1.185328612E1,1.219438116E1
4.297394200E1,-1.069275941E-1,2.076607649E0,9.194761816E0,9.426949543E0
4.298390300E1,-5.399479732E-2,1.663244585E0,7.432967674E0,7.616974887E0
4.299386400E1,-2.149275675E-2,1.684654750E0,7.426765532E0,7.615469114E0
4.300382500E1,5.906269607E-1,8.961205897E-1,3.778194766E0,3.927674631E0
4.301378600E1,6.306836039E-1,8.831511730E-1,3.792301174E0,3.944523545E0
4.302374800E1,1.624611008E0,-2.762847403E-1,-9.979109663E-1,1.926530686E0
4.303370900E1,1.818627617E0,-9.875929695E-1,-3.543887479E0,4.103886542E0
4.304367000E1,1.804056063E0,-1.062899260E0,-3.503974385E0,4.081936992E0
4.305363100E1,1.919876834E0,-2.834352126E0,-7.433749446E0,8.184137698E0
4.306359200E1,1.888676676E0,-2.897806402E0,-7.402047012E0,8.170353818E0
4.307355400E1,1.579141305E0,-4.300720668E0,-9.084180443E0,1.017409553E1
4.308351500E1,1.313117844E0,-4.811815848E0,-8.993356227E0,1.028388577E1
4.309347600E1,1.345053728E0,-4.831658959E0,-8.975494738E0,1.028171210E1
4.310343700E1,9.917023927E-1,-5.173611732E0,-8.527559427E0,1.002342266E1
4.311339800E1,9.962838323E-1,-5.349103630E0,-7.830861928E0,9.535611656E0
4.312336000E1,1.379712514E0,-5.114830842E0,-7.590199302E0,9.256145343E0
4.313332100E1,1.640265320E0,-4.882567157E0,-8.262796333E0,9.736720988E0
4.314328200E1,1.611379490E0,-4.488860094E0,-8.948184732E0,1.013984314E1
4.315324300E1,1.550307662E0,-3.943287392E0,-9.236971112E0,1.016241136E1
4.316320400E1,1.536989751E0,-4.034029747E0,-9.176258302E0,1.014097875E1
4.317316600E1,1.689701774E0,-2.784412519E0,-7.892883929E0,8.538481240E0
4.318312700E1,1.352110440E0,-1.854860181E0,-6.236592852E0,6.645584951E0
4.319308800E1,3.542471284E-1,-5.271370161E-1,-4.394485449E0,4.440142658E0
4.320304900E1,-1.042222921E0,9.420226943E-1,-2.483277404E0,2.853121455E0
4.321301000E1,-1.024137629E0,9.372887886E-1,-2.476266593E0,2.838884357E0
4.322297200E1,-3.126052758E0,3.612318029E0,1.005131693E0,4.881735051E0
4.323293300E1,-3.477449661E0,4.802339265E0,2.710519500E0,6.519358444E0
4.324289400E1,-2.913012087E0,5.677231246E0,4.346900808E0,7.720889889E0
4.325285500E1,-1.694635801E0,5.970034663E0,5.702723352E0,8.428176434E0
4.326281600E1,-1.798985504E0,5.962524499E0,5.690890927E0,8.436485452E0
4.327277800E1,7.016016320E-1,5.402778146E0,8.380755723E0,9.995965337E0
4.328273900E1,8.026752862E-1,5.302564471E0,1.010616381E1,1.144098005E1
4.329270000E1,2.116540769E-1,5.133178820E0,1.145939662E1,1.255834755E1
4.330266100E1,-9.072938148E-1,5.007849015E0,1.226189189E1,1.327613372E1
4.331262200E1,-8.734316388E-1,5.083628930E0,1.221477970E1,1.325922355E1
4.332258400E1,-2.005497613E0,4.878836049E0,1.191695177E1,1.303222166E1
4.333254500E1,-1.665279709E0,4.755524118E0,1.086931784E1,1.198041053E1
4.334250600E1,-1.050942800E0,4.535201032E0,9.495977622E0,1.057573261E1
4.335246700E1,-2.618571011E-1,3.899480637E0,8.019234073E0,8.920909903E0
4.336242800E1,-3.072928903E-1,3.875657326E0,8.029224041E0,8.920963363E0
4.337239000E1,9.808870172E-1,1.689940633E0,3.966341209E0,4.421527029E0
4.338235100E1,1.295428408E0,4.593116534E-1,1.474597036E0,2.015822010E0
4.339231200E1,1.527488903E0,-6.324348450E-1,-1.075528076E0,1.972297347E0
4.340227300E1,1.672416528E0,-1.511578336E0,-3.324869492E0,4.017039115E0
4.341223400E1,1.726802212E0,-1.564485698E0,-3.279707353E0,4.023175573E0
4.342219600E1,2.040330353E0,-2.710900739E0,-6.960547732E0,7.743458885E0
4.343215700E1,2.206201974E0,-3.292458960E0,-8.291766948E0,9.190267258E0
4.344211875E1,2.285227386E0,-3.897362190E0,-9.382816458E0,1.041388213E1
4.345207975E1,2.199061355E0,-4.537949808E0,-1.018670804E1,1.136652453E1
4.346204075E1,2.247840874E0,-4.566207647E0,-1.015678199E1,1.136060127E1
4.347200275E1,1.925124856E0,-5.590959088E0,-1.108224420E1,1.256109333E1
4.348196375E1,1.899314515E0,-6.006656944E0,-1.124382616E1,1.288840370E1
4.349192475E1,1.799768446E0,-6.144403312E0,-1.132792783E1,1.301210234E1
4.350188575E1,1.723105163E0,-6.084558229E0,-1.135150848E1,1.299414041E1
4.351184675E1,1.757262551E0,-6.093711460E0,-1.133728571E1,1.299058653E1
4.352180875E1,1.629559215E0,-5.672414310E0,-1.085167211E1,1.235275415E1
4.353176975E1,1.500423603E0,-5.295216860E0,-9.989350476E0,1.140516179E1
4.354173075E1,1.500983912E0,-4.951417537E0,-8.776894058E0,1.018839328E1
4.355169175E1,1.428667742E0,-4.480464077E0,-7.264279010E0,8.653635040E0
4.356165375E1,1.402334368E0,-4.442775264E0,-7.298625555E0,8.658794877E0
4.357161475E1,7.100899619E-1,-2.872897264E0,-3.351965489E0,4.471402362E0
4.358157575E1,1.080411963E-1,-2.056723022E0,-9.826047099E-1,2.281949716E0
4.359153675E1,-7.877820624E-1,-6.634250879E-1,1.418506451E0,1.752967192E0
4.360149775E1,-1.721702709E0,1.167925778E0,3.891187531E0,4.412442775E0
4.361145975E1,-1.841885648E0,1.181352739E0,3.861509988E0,4.438400210E0
4.362142075E1,-2.090678388E0,4.483475978E0,8.847566430E0,1.013666240E1
4.363138175E1,-1.701089227E0,5.949870540E0,1.052348193E1,1.220812582E1
4.364134275E1,-1.043581667E0,6.792605174E0,1.163169653E1,1.351017808E1
4.365130375E1,-5.653816071E-1,7.267699047E0,1.261074496E1,1.456605624E1
4.366126575E1,-9.070299592E-1,7.138710054E0,1.270353794E1,1.460012879E1
4.367122675E1,1.452518169E-1,8.096691554E0,1.344690499E1,1.569703048E1
4.368118775E1,1.269026476E0,8.056424119E0,1.371120966E1,1.595348451E1
4.369114875E1,2.547313771E0,8.050233087E0,1.294747091E1,1.545742744E1
4.370110975E1,3.526778526E0,8.198108001E0,1.077435555E1,1.399049245E1
4.371107175E1,3.097345560E0,7.925528349E0,1.119826348E1,1.406444646E1
4.372103275E1,4.706488783E0,8.292347576E0,4.349782315E0,1.048020378E1
4.373099375E1,4.542988354E0,8.000113678E0,4.815631741E0,1.038416444E1
4.374095475E1,5.635792029E0,5.603237071E0,-7.207196152E-1,7.979840489E0
4.375091575E1,3.264377415E0,3.373286777E0,-3.762013181E0,6.015643503E0
4.376087775E1,3.405527447E0,3.253545740E0,-3.631646877E0,5.947439459E0
4.377083875E1,-1.601333681E0,-5.164067906E-1,-5.093448744E0,5.364155631E0
4.378079975E1,-1.455526635E0,-5.158244079E-1,-5.167551677E0,5.393349881E0
4.379076075E1,-5.039784168E0,-3.308520677E0,-2.428929289E0,6.499648531E0
4.380072175E1,-5.142033843E0,-4.236113613E0,-6.342650235E-1,6.692343588E0
4.381068375E1,-5.091394617E0,-4.185635185E0,-7.380916929E-1,6.632240978E0
4.382064475E1,-3.297850093E0,-6.215204322E0,-1.909881896E-1,7.038540793E0
4.383060575E1,-3.298841781E0,-6.209980420E0,-1.989480042E-1,7.034614006E0
4.384056675E1,-1.521629554E0,-7.785969345E0,-2.627522367E0,8.357065809E0
4.385052775E1,-9.604841083E-1,-7.910678760E0,-3.961779211E0,8.899273155E0
4.386048975E1,-9.557754917E-1,-7.970988697E0,-3.863169428E0,8.909222504E0
4.387045075E1,-1.638197306E0,-8.210492989E0,-5.632207686E0,1.009047318E1
4.388041175E1,-1.601997779E0,-8.291845885E0,-5.502597134E0,1.007966668E1
4.389037275E1,-2.763675953E0,-7.581854741E0,-6.142356786E0,1.014154687E1
4.390033375E1,-3.191962865E0,-6.989268671E0,-6.078709844E0,9.797408680E0
4.391029575E1,-3.418215612E0,-6.272388337E0,-5.809067833E0,9.207188632E0
4.392025675E1,-3.545867931E0,-5.441400760E0,-5.520764433E0,8.524134064E0
4.393021775E1,-3.496928490E0,-5.516035790E0,-5.377014145E0,8.459754182E0
4.394017875E1,-2.885933046E0,-2.957356786E0,-4.404340346E0,6.039270038E0
4.395013975E1,-2.867408482E0,-3.007584953E0,-4.292249807E0,5.974195097E0
4.396010175E1,-1.888981754E0,-1.524933377E0,-3.443204858E0,4.212995794E0
4.397006275E1,2.451240510E-2,1.543257966E0,-1.517574656E0,2.164550495E0
4.398002375E1,2.421025023E-2,1.543276677E0,-1.517484901E0,2.164497508E0
4.398998475E1,3.133785993E-2,4.188784495E0,9.699641991E-1,4.299735824E0
4.399994575E1,-1.096344164E-1,5.119202220E0,2.768573581E0,5.820932121E0
4.400990775E1,-9.023364723E-2,5.753360825E0,4.492894965E0,7.300370405E0
4.401986875E1,9.348206788E-2,5.969883220E0,5.856661245E0,8.363535466E0
4.402982975E1,-2.285442710E-2,6.081465052E0,5.670227451E0,8.314819231E0
4.403979075E1,1.856018515E0,4.726635949E0,6.894087694E0,8.562379182E0
4.404975275E1,2.443504351E0,4.238333800E0,6.877814893E0,8.440291738E0
4.405971375E1,3.132239989E0,3.515207471E0,6.667928503E0,8.162651618E0
4.406967475E1,3.772967063E0,1.989537930E0,6.369978951E0,7.666170718E0
4.407963575E1,3.533129187E0,2.243243939E0,6.118003133E0,7.412496716E0
4.408959675E1,3.367146908E0,-2.169161471E0,5.998246309E0,7.212620784E0
4.409955875E1,2.399380969E0,-3.775019728E0,5.525615283E0,7.109165017E0
4.410951975E1,1.094977962E0,-4.844655565E0,4.746060984E0,6.869844186E0
4.411948075E1,-6.883900675E-1,-5.325262778E0,3.301581202E0,6.303391386E0
4.412944175E1,-7.486564422E-1,-5.093923538E0,3.101729802E0,6.010762950E0
4.413940275E1,-3.955468604E0,-5.149003724E0,-5.480718023E-1,6.516007515E0
4.414936475E1,-4.509296405E0,-4.367139775E0,-2.213833029E0,6.656329361E0
4.415932575E1,-4.144694735E0,-3.567658165E0,-3.962071572E0,6.753124489E0
4.416928675E1,-2.878901477E0,-3.157423362E0,-5.810632548E0,7.212547858E0
4.417924775E1,-2.839591523E0,-3.005108072E0,-5.948337400E0,7.244078435E0
4.418920875E1,-8.910688877E-1,-2.106584569E0,-8.620775739E0,8.919051331E0
4.419917075E1,-4.576156685E-1,-1.699658121E0,-9.104404793E0,9.272995010E0
4.420913175E1,-6.017846176E-1,-1.416555235E0,-9.300508711E0,9.426995054E0
4.421909275E1,-1.186303869E0,-1.275985832E0,-9.421425038E0,9.581164149E0
4.422905375E1,-9.801497564E-1,-1.195077324E0,-9.547079948E0,9.671382471E0
4.423901475E1,-1.400395870E0,-1.618894039E0,-9.166442581E0,9.413054557E0
4.424897675E1,-1.270397648E0,-1.551701930E0,-9.246882142E0,9.461845402E0
4.425893775E1,-5.053288020E-1,-2.435796551E0,-8.214027046E0,8.582464818E0
4.426889875E1,2.542790365E-1,-2.867424562E0,-7.057720855E0,7.622217861E0
4.427885975E1,3.383584893E-1,-2.789724129E0,-7.123352927E0,7.657623920E0
4.428882075E1,1.726049675E0,-3.333447942E0,-3.394688755E0,5.061129756E0
4.429878275E1,1.485629270E0,-2.567267395E0,-1.364947125E0,3.265124325E0
4.430874375E1,1.060141128E0,-1.561298380E0,9.694753718E-1,2.121658394E0
4.431870475E1,7.342385240E-1,-3.279983926E-1,3.367659416E0,3.462343007E0
4.432866575E1,7.467387016E-1,-3.523292416E-1,3.377428359E0,3.476891846E0
4.433862675E1,1.166206550E0,1.907722811E0,5.536509815E0,5.970961814E0
4.434858875E1,1.445315934E0,2.384755037E0,5.220426879E0,5.918517680E0
4.435854975E1,1.627904453E0,2.158924751E0,4.174848826E0,4.973971422E0
4.436851075E1,1.997833959E0,1.920195799E0,3.087334542E0,4.148509011E0
4.437847175E1,1.866864369E0,2.045545777E0,3.054769644E0,4.123233886E0
4.438843275E1,4.254348155E0,1.146612385E0,2.735506992E0,5.186250735E0
4.439839475E1,4.519370865E0,7.032645071E-1,4.384276795E0,6.335706511E0
4.440835575E1,3.569464078E0,2.045741951E-1,7.369023693E0,8.190569857E0
4.441831675E1,2.442211678E0,-4.600370005E-1,1.005968079E1,1.036210449E1
4.442827775E1,2.576030032E0,9.499094188E-2,9.880709209E0,1.021143322E1
4.443823875E1,5.994960174E-1,-3.019385219E-2,1.090533435E1,1.092184162E1
4.444820087E1,7.164857925E-1,3.510017775E-1,1.082149112E1,1.085086284E1
4.445816187E1,4.245715910E-1,5.414568472E-1,8.304122114E0,8.332579471E0
4.446812287E1,-1.518307020E-1,6.968132009E-1,5.923522986E0,5.966299168E0
4.447808388E1,-2.357948184E-1,6.890835473E-1,5.941865117E0,5.986334137E0
4.448804488E1,-1.939958365E0,2.893241043E-1,7.199185467E-1,2.089361053E0
4.449800687E1,-2.520801326E0,8.036500901E-2,-1.919287727E0,3.169315894E0
4.450796787E1,-2.854952744E0,-2.356343123E-1,-4.243192252E0,5.119663972E0
4.451792887E1,-3.006289794E0,-4.697989270E-1,-5.904084502E0,6.642040588E0
4.452788987E1,-3.120795819E0,-5.713084911E-1,-5.852903239E0,6.657494744E0
4.453785188E1,-2.559740274E0,-9.491106892E-1,-7.246070196E0,7.743294819E0
4.454781288E1,-2.558904707E0,-9.455623063E-1,-7.246952541E0,7.743410263E0
4.455777388E1,-2.508288869E0,-9.447476430E-1,-6.564892377E0,7.090971237E0
4.456773487E1,-2.247227063E0,-8.717172351E-1,-5.845280809E0,6.322754791E0
4.457769587E1,-2.159079410E0,-7.950277859E-1,-5.883344429E0,6.317233156E0
4.458765788E1,-1.935716941E0,-7.836113897E-1,-4.692515692E0,5.136219466E0
4.459761888E1,-1.870593869E0,-7.271000969E-1,-4.718473236E0,5.127551624E0
4.460757988E1,-1.291862484E0,-3.857318996E-1,-3.646940562E0,3.888170938E0
4.461754088E1,-6.557152417E-1,-4.508462007E-1,-3.216674953E0,3.313641882E0
4.462750187E1,-6.711551070E-1,-4.562626228E-1,-3.211818255E0,3.312763388E0
4.463746387E1,1.915255487E-1,-1.798441274E-1,-1.576888812E0,1.598625744E0
4.464742488E1,1.601900277E-1,-2.142563072E-1,-1.563594582E0,1.586314794E0
4.465738588E1,1.318740088E0,2.502586372E-1,1.236880823E0,1.825261344E0
4.466734688E1,2.304678295E0,7.266564395E-1,3.024339564E0,3.871201548E0
4.467730788E1,2.223696697E0,7.136884846E-1,3.049942183E0,3.841396305E0
4.468726987E1,5.423543948E0,1.763596839E0,6.738214374E0,8.827719735E0
4.469723087E1,5.337049595E0,1.815111832E0,6.757835875E0,8.800401983E0
4.470719188E1,9.456246961E0,-3.033115212E-1,8.856953550E0,1.295987001E1
4.471715288E1,9.807082239E0,-6.733569492E-1,9.342966514E0,1.356183228E1
4.472711388E1,9.857872324E0,-4.297598986E-1,9.302172829E0,1.356070646E1
4.473707587E1,7.109570455E0,-1.163356179E0,9.878049896E0,1.222600750E1
4.474703687E1,7.357709330E0,-7.539773353E-1,9.794782621E0,1.227363577E1
4.475699787E1,2.253055860E0,-2.955639751E0,1.336364999E1,1.387080416E1
4.476695887E1,1.122601817E0,-3.761346891E0,1.556690892E1,1.605417760E1
4.477691988E1,3.406501593E-1,-3.698370624E0,1.655501585E1,1.696651225E1
4.478688188E1,-1.776316872E-1,-2.782499310E0,1.587865205E1,1.612158324E1
4.479684287E1,2.462584108E-2,-2.615592878E0,1.588412972E1,1.609805918E1
4.480680387E1,-1.557591246E0,-1.682419360E-1,9.210016617E0,9.342312451E0
4.481676487E1,-2.383908506E0,1.251132534E0,4.532191470E0,5.271537907E0
4.482672587E1,-2.358883739E0,1.017178857E0,4.492109976E0,5.174749980E0
4.483668788E1,-3.816339954E0,3.395434860E0,-4.272495573E0,6.659402898E0
4.484664888E1,-3.835487247E0,3.104592599E0,-4.301193708E0,6.545970130E0
4.485660987E1,-3.842706512E0,3.498278320E0,-7.497912698E0,9.122666242E0
4.486657087E1,-2.816479526E0,4.121863112E0,-1.110395608E1,1.217456993E1
4.487653187E1,-2.512573124E0,3.948483812E0,-1.173838482E1,1.263697853E1
4.488649388E1,-2.237176576E0,3.393612868E0,-1.170904233E1,1.239448424E1
4.489645488E1,-2.126652360E0,3.327514188E0,-1.171773831E1,1.236528980E1
4.490641588E1,-1.686922300E0,1.826452069E0,-1.089798206E1,1.117799835E1
4.491637687E1,-1.524420722E0,1.798902327E0,-1.090538464E1,1.115738868E1
4.492633787E1,-1.673127549E0,7.431860065E-1,-1.045268034E1,1.061179568E1
4.493629988E1,-1.277958244E0,4.151091150E-1,-1.040014895E1,1.048659101E1
4.494626088E1,-1.133478369E0,3.431589802E-1,-1.039852576E1,1.046574743E1
4.495622188E1,-2.706855197E-1,-3.412271333E-1,-1.034123007E1,1.035039835E1
4.496618288E1,4.764277327E-1,-8.316338409E-1,-1.041071487E1,1.045473971E1
4.497614487E1,1.207508358E0,-1.471759236E0,-1.058489641E1,1.075472843E1
4.498610587E1,1.422865258E0,-1.992811494E0,-1.047586455E1,1.075823318E1
4.499606687E1,1.419755416E0,-2.130740587E0,-1.046527290E1,1.077393604E1
4.500602788E1,1.214839159E0,-1.860133639E0,-8.256590683E0,8.550276080E0
4.501598888E1,1.174003228E0,-1.837557393E0,-5.744473642E0,6.144418457E0
4.502595087E1,1.072654462E0,-1.913210569E0,-5.738700686E0,6.143585910E0
4.503591187E1,1.685150156E0,-1.857888162E0,1.667442886E0,3.011950406E0
4.504587287E1,1.459434037E0,-1.883734463E0,1.672148141E0,2.911096467E0
4.505583387E1,5.685806773E0,-1.899205757E0,9.349230051E0,1.110601115E1
4.506579488E1,8.661881080E0,-2.747876776E0,1.222489422E1,1.523243412E1
4.507575688E1,1.115632959E1,-3.465427786E0,1.433668047E1,1.849360123E1
4.508571787E1,1.246033236E1,-3.992040014E0,1.550626159E1,2.028892344E1
4.509567887E1,1.227956685E1,-3.754908814E0,1.551577618E1,2.014016914E1
4.510563987E1,1.125989080E1,-3.847530172E0,1.576378584E1,1.975058412E1
4.511560087E1,4.626348014E0,-2.916596722E0,1.346206799E1,1.453055081E1
4.512556288E1,2.543642889E0,-3.147129924E0,1.251656503E1,1.315442686E1
4.513552388E1,4.776101493E-1,-2.816302648E0,1.235994151E1,1.268573318E1
4.514548488E1,8.230555370E-1,-2.317010804E0,1.239477571E1,1.263631372E1
4.515544587E1,-3.981850948E0,-8.627556463E-1,1.109041393E1,1.181510751E1
4.516540687E1,-5.711912252E0,6.041357830E-1,8.886170332E0,1.058087637E1
4.517536888E1,-6.109173253E0,1.807052761E0,6.386309640E0,9.020664517E0
4.518532988E1,-5.392275378E0,2.838114224E0,3.559015396E0,7.056778067E0
4.519529088E1,-5.368235720E0,2.919415665E0,3.583051545E0,7.083727899E0
4.520525188E1,-4.098858996E0,4.030488380E0,-1.877813426E0,6.047451109E0
4.521521287E1,-4.227628133E0,4.378161777E0,-3.714276513E0,7.130006325E0
4.522517487E1,-4.190295123E0,4.376419014E0,-3.713691791E0,7.106554955E0
4.523513588E1,-3.374718175E0,4.100150646E0,-5.372379057E0,7.553966826E0
4.524509688E1,-3.296794086E0,4.074582234E0,-5.376638753E0,7.508616112E0
4.525505788E1,-2.160420761E0,3.559562403E0,-5.223114259E0,6.679732399E0
4.526501888E1,-1.853944653E0,4.057640219E0,-6.062197307E0,7.526738411E0
4.527498087E1,-1.094001185E0,3.485601849E0,-7.669034972E0,8.494725201E0
4.528494187E1,-4.295085414E-1,2.367803958E0,-9.039843931E0,9.354664690E0
4.529490288E1,-3.794719436E-1,2.144578899E0,-9.086077865E0,9.343448431E0
4.530486388E1,2.229419806E-1,2.308198611E0,-1.085978805E1,1.110461528E1
4.531482488E1,6.329733004E-1,2.234876574E0,-1.169002484E1,1.191855735E1
4.532478687E1,1.260625196E0,1.981911407E0,-1.236201727E1,1.258318798E1
4.533474787E1,1.834473718E0,1.740942533E0,-1.274324053E1,1.299178024E1
4.534470887E1,1.905587262E0,1.539400119E0,-1.275602605E1,1.298911914E1
4.535466987E1,2.301751471E0,1.369496551E0,-1.250887126E1,1.279239778E1
4.536463088E1,2.412305947E0,1.212807178E0,-1.177299216E1,1.207863674E1
4.537459288E1,2.100138453E0,1.127554993E0,-8.617079129E0,8.940694296E0
4.538455387E1,2.145612395E0,1.244003901E0,-6.293585079E0,6.764644218E0
4.539451487E1,2.014793224E0,1.102787796E0,-6.309505877E0,6.714566038E0
4.540447587E1,2.617495269E0,-1.095502348E-1,-1.860712659E0,3.213336948E0
4.541443687E1,2.405232132E0,-2.362974231E-1,-1.873299376E0,3.057814355E0
4.542439888E1,2.478176586E0,-9.871952127E-1,9.967233968E-1,2.847695754E0
4.543435988E1,4.315317072E0,-1.422480218E0,7.667176727E0,8.912407664E0
4.544432025E1,4.074698009E0,-1.361222887E0,7.668756060E0,8.790103021E0
4.545428125E1,7.369849904E0,-4.714748267E0,1.406333015E1,1.656263246E1
4.546424325E1,7.323162226E0,-4.529960465E0,1.406623505E1,1.649267156E1
4.547420425E1,6.256430116E0,-6.791975428E0,1.787192109E1,2.011664513E1
4.548416525E1,3.840731322E0,-6.395421941E0,1.832037212E1,1.978101801E1
4.549412625E1,3.955304005E0,-6.241992756E0,1.832727768E1,1.976097190E1
4.550408725E1,3.084257153E-1,-5.386753267E0,1.707105135E1,1.790343630E1
4.551404925E1,3.278534913E-1,-5.357073385E0,1.707331890E1,1.789703722E1
4.552401025E1,-8.545134842E-1,-3.042122994E0,1.359029158E1,1.395280369E1
4.553397125E1,-1.427065313E0,-1.786971376E0,1.101824058E1,1.125306214E1
4.554393225E1,-2.097640668E0,-5.823218679E-1,8.174334392E0,8.459251615E0
4.555389325E1,-2.666907750E0,3.901463281E-1,5.396036307E0,6.031734322E0
4.556385525E1,-2.827964043E0,1.814321764E-1,5.401783535E0,6.099964231E0
4.557381625E1,-3.397377305E0,1.167879877E0,1.783166301E0,4.010710413E0
4.558377725E1,-3.551382733E0,9.726186888E-1,1.801798453E0,4.099363865E0
4.559373825E1,-3.805085526E0,1.225648029E0,1.115782648E0,4.150404784E0
4.560369925E1,-3.812000443E0,1.405054493E0,6.337083685E-1,4.111825848E0
4.561366125E1,-3.530778022E0,1.358293870E0,-2.763932061E-1,3.793118622E0
4.562362225E1,-2.809203544E0,6.041312514E-1,-3.800897750E0,4.764810891E0
4.563358325E1,-2.916497904E0,2.467071846E-1,-5.563308774E0,6.286273059E0
4.564354425E1,-3.171219283E0,-8.216068894E-2,-7.056078372E0,7.736383141E0
4.565350525E1,-3.341713566E0,-3.986489837E-1,-7.942100528E0,8.625713383E0
4.566346725E1,-3.456050021E0,-6.624592741E-1,-7.851226026E0,8.603771507E0
4.567342825E1,-3.379566101E0,-7.148288378E-1,-9.141580220E0,9.772458044E0
4.568338925E1,-3.429704806E0,-1.142737727E0,-9.819069031E0,1.046340486E1
4.569335025E1,-3.608472315E0,-1.516017835E0,-1.044701205E1,1.115613926E1
4.570331125E1,-3.789705595E0,-1.863148609E0,-1.108321484E1,1.186047395E1
4.571327325E1,-3.788515102E0,-2.046596230E0,-1.101301901E1,1.182488861E1
4.572323425E1,-4.360510787E0,-2.714752300E0,-1.202680108E1,1.307776275E1
4.573319525E1,-4.686270573E0,-3.071349132E0,-1.218824504E1,1.341445618E1
4.574315625E1,-4.973525859E0,-3.313836966E0,-1.223830188E1,1.361960014E1
4.575311725E1,-5.080909390E0,-3.492211542E0,-1.205486303E1,1.353997431E1
4.576307925E1,-5.039050342E0,-3.532346830E0,-1.204744526E1,1.352813511E1
4.577304025E1,-4.587449997E0,-3.243283877E0,-1.072238082E1,1.210508316E1
4.578300125E1,-3.998835940E0,-2.827010947E0,-9.443156800E0,1.063747574E1
4.579296225E1,-3.062382719E0,-2.509820255E0,-7.764743367E0,8.715998233E0
4.580292425E1,-1.964080907E0,-2.146754356E0,-5.261160337E0,6.012152374E0
4.581288525E1,-2.070836447E0,-2.055290162E0,-5.272178246E0,6.025648902E0
4.582284625E1,8.599137533E-1,-1.236847786E0,3.408456609E0,3.726502458E0
4.583280725E1,2.428986592E0,1.753015718E-1,8.578229644E0,8.917215391E0
4.584276825E1,5.337846571E0,1.489818800E0,1.255119809E1,1.372023103E1
4.585273025E1,9.335062248E0,1.188548031E0,1.455324847E1,1.733069747E1
4.586269125E1,9.095259163E0,1.338991334E0,1.458854461E1,1.724361536E1
4.587265225E1,1.335858864E1,-1.507646084E0,1.701574136E1,2.168548688E1
4.588261325E1,1.253729458E1,-1.591159526E0,1.867796444E1,2.255176046E1
4.589257425E1,9.374767181E0,-9.823667282E-1,1.879346917E1,2.102488496E1
4.590253625E1,5.978473949E0,-5.396718384E-1,1.778840297E1,1.877393610E1
4.591249725E1,6.123394850E0,-3.557286666E-1,1.768331564E1,1.871689502E1
4.592245825E1,3.051363349E0,2.392666027E-2,1.441513139E1,1.473456494E1
4.593241925E1,2.835682660E0,6.470132692E-1,1.296537157E1,1.328761011E1
4.594238025E1,2.632908238E0,1.267700619E0,1.112211753E1,1.149959865E1
4.595234225E1,2.143146332E0,1.525467374E0,8.494472373E0,8.892479283E0
4.596230325E1,2.191785810E0,1.507675028E0,8.482111943E0,8.889501226E0
4.597226425E1,2.979761562E-1,1.587212802E0,2.360678834E0,2.860216569E0
4.598222525E1,-6.483179292E-1,1.551974703E0,-3.208454937E-1,1.712274349E0
4.599218625E1,-1.330250624E0,1.328679916E0,-2.555922627E0,3.172963523E0
4.600214825E1,-1.786265325E0,1.049233440E0,-4.296473835E0,4.769834592E0
4.601210925E1,-1.763500653E0,9.267439198E-1,-4.273856220E0,4.715361687E0
4.602207025E1,-2.620246092E0,5.065877075E-1,-6.777274359E0,7.283801784E0
4.603203125E1,-3.017973701E0,2.572304186E-1,-7.583282631E0,8.165813383E0
4.604199225E1,-3.143406124E0,-1.025800431E-1,-8.145003589E0,8.731128689E0
4.605195425E1,-2.974067836E0,-5.136223465E-1,-8.509123741E0,9.028514509E0
4.606191525E1,-2.924800366E0,-6.437842906E-1,-8.482560425E0,8.995707129E0
4.607187625E1,-2.449539847E0,-1.152716878E0,-9.028062961E0,9.425227980E0
4.608183725E1,-2.331711435E0,-1.402282181E0,-9.252145221E0,9.643934090E0
4.609179825E1,-2.296190038E0,-1.685258768E0,-9.506855782E0,9.924358552E0
4.610176025E1,-2.358371815E0,-2.010045285E0,-9.845721810E0,1.032184274E1
4.611172125E1,-2.288648592E0,-2.197579816E0,-9.787304032E0,1.028876036E1
4.612168225E1,-2.676051918E0,-2.620178557E0,-1.059497701E1,1.123744310E1
4.613164325E1,-2.951127747E0,-2.708152840E0,-1.093516217E1,1.164564375E1
4.614160525E1,-3.176587611E0,-2.736298997E0,-1.122639911E1,1.198374224E1
4.615156625E1,-3.336660402E0,-2.698414887E0,-1.139403177E1,1.217533184E1
4.616152725E1,-3.298528370E0,-2.894305674E0,-1.129566523E1,1.211814127E1
4.617148825E1,-3.810840356E0,-1.938608682E0,-1.142909869E1,1.220266384E1
4.618144925E1,-4.019874515E0,-7.801518846E-1,-1.113964865E1,1.186843714E1
4.619141125E1,-3.741253227E0,7.281332999E-1,-1.023138661E1,1.091826112E1
4.620137225E1,-2.664051678E0,2.087961772E0,-8.349015867E0,9.009041106E0
4.621133325E1,-2.862933608E0,2.074934176E0,-8.282378658E0,9.005528131E0
4.622129425E1,4.644367964E0,1.667476215E0,-6.484866214E-1,4.977063955E0
4.623125525E1,4.275896314E0,1.822913918E0,-6.143850750E-1,4.688685686E0
4.624121725E1,1.311377742E1,4.002480510E-1,9.427928896E0,1.615602674E1
4.625117825E1,1.272985859E1,6.861836207E-1,9.436859933E0,1.586109937E1
4.626113925E1,1.446425151E1,-1.830957641E0,1.308834203E1,1.959264338E1
4.627110025E1,1.265168015E1,-7.629710108E0,1.381090936E1,2.022421085E1
4.628106125E1,1.267969416E1,-7.269190671E0,1.363005381E1,1.998484786E1
4.629102325E1,2.508630931E0,-4.236217108E0,1.260730329E1,1.353450630E1
4.630098425E1,5.890987909E-1,-3.759367609E0,1.155325730E1,1.216378380E1
4.631094525E1,8.368681222E-1,-3.327422971E0,1.132346523E1,1.183186193E1
4.632090625E1,2.342722034E-1,-2.931392224E0,9.402360191E0,9.851513640E0
4.633086725E1,4.113159531E-1,-2.558783085E0,9.269396846E0,9.624877640E0
4.634082925E1,8.263834798E-1,-3.483657065E-1,7.071224415E0,7.127866655E0
4.635079025E1,1.251022314E0,4.909461864E-1,5.244803921E0,5.414245391E0
4.636075125E1,1.271623809E0,6.200406481E-1,5.225668908E0,5.413787311E0
4.637071225E1,1.060034124E0,2.013776101E0,1.224007008E0,2.584020063E0
4.638067325E1,1.040116169E0,1.994526336E0,1.232149256E0,2.564794093E0
4.639063525E1,-7.768259883E-2,3.720387146E0,-2.578591697E0,4.527300547E0
4.640059625E1,-5.115003920E-1,4.092835194E0,-4.684134293E0,6.241317702E0
4.641055725E1,-5.264371043E-1,3.962834926E0,-4.664337375E0,6.143064367E0
4.642051825E1,-1.577375300E0,4.099732862E0,-7.907175109E0,9.045404390E0
4.643047925E1,-1.563708018E0,3.984788005E0,-7.895533887E0,8.981267927E0
4.644044125E1,-2.391304795E0,3.586628287E0,-9.458077140E0,1.039410719E1
4.645040275E1,-2.942169812E0,3.252313147E0,-9.781787184E0,1.071994704E1
4.646036375E1,-3.421073146E0,2.890723670E0,-1.001224466E1,1.096836670E1
4.647032475E1,-3.881868238E0,2.573778269E0,-1.005017321E1,1.107696787E1
4.648028575E1,-3.817175522E0,2.527137954E0,-1.006192846E1,1.105439548E1
4.649024775E1,-4.668737989E0,2.039306360E0,-9.860873115E0,1.109922085E1
4.650020875E1,-4.880875850E0,1.765413423E0,-9.693432832E0,1.099555700E1
4.651016975E1,-4.938847193E0,1.554844224E0,-9.531840350E0,1.084738368E1
4.652013075E1,-4.734056358E0,1.333053779E0,-9.317415935E0,1.053577532E1
4.653009175E1,-4.770166423E0,1.271333933E0,-9.293749330E0,1.052352385E1
4.654005375E1,-3.753636753E0,1.569196653E0,-8.050497966E0,9.020126635E0
4.655001475E1,-2.668332424E0,2.206019687E0,-6.185329728E0,7.088358388E0
4.655997575E1,-5.600390062E-1,2.160990133E0,-3.338198805E0,4.015855240E0
4.656993675E1,3.075418209E0,8.319675708E-1,7.554286873E-1,3.274299880E0
4.657989875E1,2.693768397E0,9.687416925E-1,8.829412580E-1,2.995735954E0
4.658985975E1,1.000388315E1,1.136026001E0,1.227387400E1,1.587501862E1
4.659982075E1,1.266400023E1,-1.466734432E0,1.693159058E1,2.119450333E1
4.660978175E1,1.455781398E1,-6.817775098E0,1.778899587E1,2.397624615E1
4.661974275E1,1.418388337E1,-1.031355753E1,1.704495639E1,2.445572642E1
4.662970475E1,1.419644319E1,-1.019758737E1,1.702245046E1,2.439863945E1
4.663966575E1,6.065576997E0,-6.017125214E0,1.364873684E1,1.610233019E1
4.664962675E1,4.540164441E0,-5.973392719E0,1.148238086E1,1.371639836E1
4.665958775E1,4.258449976E0,-6.737987502E0,9.405939857E0,1.232909471E1
4.666954875E1,2.909830909E0,-6.374166727E0,8.228543928E0,1.080768488E1
4.667951075E1,3.225139090E0,-6.116900933E0,8.086374142E0,1.063989877E1
4.668947175E1,-9.415613490E-1,-4.145666834E0,6.272587143E0,7.577495677E0
4.669943275E1,-2.388083856E0,-3.360062421E0,4.892468832E0,6.397594490E0
4.670939375E1,-3.563639666E0,-2.432445804E0,3.126879846E0,5.328573715E0
4.671935475E1,-4.546901603E0,-1.149225871E0,1.186574303E0,4.837663989E0
4.672931675E1,-4.388240330E0,-1.127722516E0,1.142014427E0,4.672537663E0
4.673927775E1,-5.945668146E0,2.054904831E0,-3.017704729E0,6.977115837E0
4.674923875E1,-5.986930193E0,2.694768563E0,-5.184971702E0,8.365945391E0
4.675919975E1,-6.127496672E0,2.232809291E0,-6.852342668E0,9.459717376E0
4.676916075E1,-6.403324453E0,1.629685514E0,-8.562001866E0,1.081509662E1
4.677912275E1,-6.449755438E0,1.341916258E0,-8.550784568E0,1.079425779E1
4.678908375E1,-7.393163338E0,1.912844680E0,-1.183088193E1,1.408146321E1
4.679904475E1,-6.965226674E0,1.939000445E0,-1.292709453E1,1.481161296E1
4.680900575E1,-6.116030867E0,1.753525741E0,-1.386348285E1,1.525374848E1
4.681896675E1,-5.251468577E0,1.636503660E0,-1.431632982E1,1.533666737E1
4.682892875E1,-5.495866989E0,1.405164566E0,-1.418845355E1,1.528042066E1
4.683888975E1,-3.584534399E0,1.643444598E0,-1.226115865E1,1.287966647E1
4.684885075E1,-2.525153993E0,1.696147891E0,-1.005458903E1,1.050466948E1
4.685881175E1,-1.159569522E0,1.791945456E0,-7.151157607E0,7.462889863E0
4.686877275E1,6.254728577E-1,1.580293938E0,-4.008837603E0,4.354230604E0
4.687873475E1,4.934281102E-1,1.684563680E0,-3.964488811E0,4.335711893E0
4.688869575E1,3.989560795E0,8.845743853E-1,2.217779315E0,4.649474408E0
4.689865675E1,4.939693869E0,5.907175925E-1,4.378816080E0,6.627484671E0
4.690861775E1,5.363617004E0,1.324059592E-1,5.969817147E0,8.026495840E0
4.691857875E1,5.428538055E0,1.149900274E-1,5.939827947E0,8.047596173E0
4.692854075E1,6.076328273E0,-4.203662735E-1,6.837876656E0,9.157239226E0
4.693850175E1,9.324817926E0,-1.031731554E0,8.579686185E0,1.271328889E1
4.694846275E1,1.125691573E1,-1.307353659E0,9.336206548E0,1.468305411E1
4.695842375E1,1.256617047E1,-1.590368544E0,9.609827004E0,1.589926688E1
4.696838475E1,1.286083037E1,-1.653447283E0,9.596937987E0,1.613183389E1
4.697834675E1,1.279509013E1,-1.666054026E0,9.632880821E0,1.610225016E1
4.698830775E1,1.206644052E1,-2.165849754E0,9.538958166E0,1.553324225E1
4.699826875E1,1.099655910E1,-2.438525301E0,9.782995219E0,1.491903861E1
4.700822975E1,8.964198502E0,-2.165492197E0,9.907480102E0,1.353530100E1
4.701819075E1,6.113828806E0,-1.459337850E0,9.204278160E0,1.114573040E1
4.702815275E1,6.169455707E0,-1.331474154E0,9.155670256E0,1.112031047E1
4.703811375E1,-3.712976092E-1,1.213797112E0,6.376303884E0,6.501416505E0
4.704807475E1,-2.566562220E-1,1.304629733E0,6.307143602E0,6.445773156E0
4.705803575E1,-3.730446988E0,2.877555156E0,2.859987781E0,5.511450672E0
4.706799675E1,-4.361914996E0,2.861004027E0,1.548809313E0,5.441549114E0
4.707795875E1,-4.336675489E0,2.885899132E0,1.534413468E0,5.430432100E0
4.708791975E1,-5.410673057E0,2.097573864E0,-6.268145013E-1,5.836788112E0
4.709788075E1,-5.423255095E0,2.019875331E0,-6.129840821E-1,5.819565419E0
4.710784175E1,-7.761242055E0,1.465269558E0,-3.610856225E0,8.684594164E0
4.711780375E1,-9.089115493E0,1.120666827E0,-5.419919259E0,1.064159008E1
4.712776475E1,-9.080615981E0,8.798998287E-1,-5.385811865E0,1.059428052E1
4.713772575E1,-1.106078375E1,1.393787639E-1,-9.010625394E0,1.426715576E1
4.714768675E1,-1.103558693E1,-1.328940555E-1,-8.962735528E0,1.421732984E1
4.715764775E1,-1.149001966E1,-9.213682821E-1,-1.188556977E1,1.655706013E1
4.716760875E1,-1.091392391E1,-1.402016425E0,-1.276812745E1,1.685539865E1
4.717757075E1,-1.091789300E1,-1.615069668E0,-1.269955130E1,1.682520255E1
4.718753175E1,-8.318396337E0,-1.668161801E0,-1.331197347E1,1.578566182E1
4.719749275E1,-8.366267492E0,-1.806765955E0,-1.323801905E1,1.576400912E1
4.720745375E1,-4.029428865E0,-1.715325735E0,-1.228643850E1,1.304358886E1
4.721741575E1,-2.131041426E0,-1.469343313E0,-1.109814979E1,1.139601844E1
4.722737675E1,-2.183299161E0,-1.485110038E0,-1.106415642E1,1.137488041E1
4.723733775E1,2.940137905E0,-1.522234887E0,-7.531881512E0,8.227444869E0
4.724729875E1,2.909220752E0,-1.469007390E0,-7.536015494E0,8.210546731E0
4.725725975E1,6.534682737E0,-1.832776709E0,-3.043871019E0,7.438165077E0
4.726722175E1,7.614989158E0,-2.075704839E0,-4.559483349E-2,7.892951878E0
4.727718275E1,8.243361357E0,-2.057750086E0,3.136790877E0,9.056864738E0
4.728714375E1,8.882508806E0,-1.825422082E0,4.936940416E0,1.032494596E1
4.729710475E1,8.928599483E0,-1.777500056E0,4.896526800E0,1.033708711E1
4.730706575E1,1.175176559E1,-2.515794940E0,6.230140450E0,1.353690765E1
4.731702775E1,1.302335841E1,-3.060807479E0,6.599490352E0,1.491742872E1
4.732698875E1,1.324290499E1,-3.405184215E0,6.558310751E0,1.516513277E1
4.733694975E1,1.203927202E1,-3.108189514E0,6.139894524E0,1.386734356E1
4.734691075E1,1.206727316E1,-3.100859152E0,6.124087161E0,1.388304191E1
4.735687175E1,9.754244460E0,-1.781068904E0,6.063197765E0,1.162238610E1
4.736683375E1,8.484159054E0,7.946234509E-1,7.198713012E0,1.115499217E1
4.737679475E1,9.891142981E0,1.711702216E-1,7.668210515E0,1.251660742E1
4.738675575E1,1.041153465E1,-4.549382284E-2,9.364642142E0,1.400352262E1
4.739671675E1,1.022684333E1,1.795722319E-1,9.410908821E0,1.389912859E1
4.740667775E1,7.018767289E0,4.722331229E-1,9.628770229E0,1.192473541E1
4.741663975E1,3.849900926E0,1.287680263E0,9.098192126E0,9.962778606E0
4.742660075E1,3.908284497E0,1.498090418E0,9.026128117E0,9.949369397E0
4.743656175E1,-3.684865603E-1,2.718764659E0,6.135387490E0,6.720896017E0
4.744652237E1,-2.803184420E-1,2.906207974E0,6.061969265E0,6.728454101E0
4.745648337E1,-2.408257335E0,3.175746197E0,3.372600313E0,5.221063127E0
4.746644538E1,-3.188046400E0,3.148328311E0,2.238610606E0,5.008691290E0
4.747640638E1,-3.936928252E0,2.897917207E0,1.023634622E0,4.994512593E0
4.748636738E1,-4.698003011E0,2.537605931E0,-2.179520398E-1,5.343985334E0
4.749632838E1,-4.713989006E0,2.520991945E0,-2.084222478E-1,5.349816125E0
4.750628938E1,-5.825935296E0,1.371949165E0,-2.507601821E0,6.489363103E0
4.751625137E1,-6.204150161E0,6.918294729E-1,-3.620973077E0,7.216755037E0
4.752621237E1,-6.410171542E0,-1.454107516E-2,-4.565376758E0,7.869763375E0
4.753617338E1,-6.571284553E0,-6.318360901E-1,-5.445051761E0,8.557428714E0
4.754613438E1,-6.576203231E0,-7.928210467E-1,-5.421053619E0,8.559371267E0
4.755609538E1,-6.543889178E0,-1.626897708E0,-7.009763162E0,9.726564723E0
4.756605737E1,-6.559787757E0,-1.850528125E0,-7.748320293E0,1.031948337E1
4.757601837E1,-6.449896941E0,-2.025831597E0,-8.438226251E0,1.081243851E1
4.758597937E1,-6.367336010E0,-2.219723368E0,-8.439558831E0,1.080260584E1
4.759594038E1,-6.139819679E0,-2.341281281E0,-9.065236634E0,1.119631631E1
4.760590138E1,-5.803932223E0,-2.396774427E0,-9.608544125E0,1.147842660E1
4.761586337E1,-4.812610484E0,-2.010182694E0,-9.848320312E0,1.114412254E1
4.762582437E1,-4.765543614E0,-2.164005689E0,-9.824821522E0,1.113195601E1
4.763578537E1,-2.931433740E0,-1.651452506E0,-8.639602604E0,9.271641295E0
4.764574637E1,-2.935948960E0,-1.762689351E0,-8.599764354E0,9.256501336E0
4.765570738E1,-1.153712366E0,-1.090798957E0,-5.853752255E0,6.065254327E0
4.766566938E1,-3.671621659E-1,-6.504410532E-1,-3.948814765E0,4.018833122E0
4.767563037E1,3.841299087E-2,6.726315290E-2,-2.093808403E0,2.095240683E0
4.768559137E1,6.659809059E-1,5.087416756E-1,-5.809974736E-1,1.019758169E0
4.769555237E1,6.661472592E-1,4.505817604E-1,-5.580962688E-1,9.789011896E-1
4.770551337E1,2.832290398E0,1.267329906E0,2.384963490E0,3.913571877E0
4.771547538E1,4.010394716E0,1.594291002E0,3.903193034E0,5.818929922E0
4.772543638E1,5.591005865E0,1.456509259E0,5.214731106E0,7.782942009E0
4.773539738E1,7.084746686E0,1.019738915E0,6.545245732E0,9.699162064E0
4.774535837E1,7.109049468E0,1.104072137E0,6.500336192E0,9.695974950E0
4.775531937E1,7.953262278E0,3.839951304E-1,8.973358165E0,1.199679082E1
4.776528138E1,7.535520819E0,4.319542855E-2,1.041002022E1,1.285124355E1
4.777524238E1,6.829298791E0,-2.819205791E-2,1.172754058E1,1.357112099E1
4.778520338E1,6.402925673E0,1.079311225E-1,1.276191420E1,1.427849993E1
4.779516438E1,6.377127757E0,3.195677309E-1,1.271382903E1,1.422713361E1
4.780512537E1,6.664712534E0,7.007355863E-1,1.320875725E1,1.481150538E1
4.781508737E1,6.342114630E0,1.465384602E0,1.259112404E1,1.417413753E1
4.782504838E1,6.414333590E0,1.570214507E0,1.253476741E1,1.416790892E1
4.783500938E1,4.256565711E0,2.721653184E0,8.725747293E0,1.008287724E1
4.784497038E1,4.351453450E0,2.666513355E0,8.695973271E0,1.008292575E1
4.785493138E1,2.802990877E0,2.960203210E0,6.227108669E0,7.442878695E0
4.786489337E1,8.518834797E-1,3.185749029E0,3.698047566E0,4.954821706E0
4.787485437E1,-2.861000811E0,2.847524441E0,-9.608209080E-1,4.149324993E0
4.788481538E1,-4.248367622E0,2.073260702E0,-2.725420545E0,5.456643157E0
4.789477638E1,-4.345845093E0,1.862719131E0,-2.614479568E0,5.402924721E0
4.790473738E1,-5.888287665E0,1.072303044E0,-4.687873002E0,7.602494244E0
4.791469838E1,-5.961553277E0,8.991617265E-1,-4.587941748E0,7.576134817E0
4.792466037E1,-5.781421028E0,1.408176175E-1,-5.721555480E0,8.135161695E0
4.793462137E1,-5.385953368E0,-1.453682131E-1,-6.163198017E0,8.186246722E0
4.794458237E1,-5.369810375E0,-2.555610386E-1,-6.123898296E0,8.148760964E0
4.795454338E1,-4.318064387E0,-1.128482800E0,-7.019340316E0,8.318070206E0
4.796450438E1,-4.239847645E0,-1.230768144E0,-7.011615559E0,8.285761946E0
4.797446637E1,-3.969121560E0,-2.456435468E0,-8.233110019E0,9.464253893E0
4.798442737E1,-4.192533437E0,-2.890433648E0,-8.655031067E0,1.004198716E1
4.799438837E1,-4.646822917E0,-3.235298042E0,-8.848251139E0,1.050484007E1
4.800434937E1,-5.236317272E0,-3.497670210E0,-8.841435040E0,1.085466209E1
4.801431038E1,-5.126138188E0,-3.582256908E0,-8.845370800E0,1.083284090E1
4.802427238E1,-5.634561775E0,-3.683788253E0,-8.625602031E0,1.094164488E1
4.803423337E1,-5.513803323E0,-3.655433058E0,-7.375041062E0,9.907343165E0
4.804419437E1,-4.522140691E0,-3.664493611E0,-6.428893157E0,8.672308636E0
4.805415537E1,-3.108678634E0,-3.566657414E0,-5.448927296E0,7.216352031E0
4.806411637E1,-3.119401550E0,-3.660459325E0,-5.390678503E0,7.224198448E0
4.807407838E1,4.648822957E-1,-2.837730355E0,-3.252939384E0,4.341709773E0
4.808403938E1,1.977828003E0,-2.183487734E0,-2.225756671E0,3.692345468E0
4.809400037E1,2.238657091E0,-1.065715279E0,-1.348786590E0,2.822509503E0
4.810396137E1,1.239553877E0,4.547145724E-1,-5.800309289E-1,1.442114779E0
4.811392237E1,1.269117984E0,3.271914768E-1,-5.051146477E-1,1.404583756E0
4.812388438E1,-1.203758685E0,3.494489032E0,2.261096658E0,4.332787401E0
4.813384538E1,-4.147310194E-1,4.628018564E0,4.658459169E0,6.579650407E0
4.814380638E1,2.071530804E0,4.945827599E0,7.205855970E0,8.982027097E0
4.815376738E1,5.528928316E0,4.494045990E0,9.712336881E0,1.204553799E1
4.816372837E1,5.421599749E0,4.593885443E0,9.691778070E0,1.201782382E1
4.817369037E1,1.017164444E1,2.950037826E0,1.251656854E1,1.639602274E1
4.818365138E1,9.022844321E0,2.950959347E0,1.286472579E1,1.598815344E1
4.819361238E1,6.388445628E0,3.163955871E0,1.266935394E1,1.453737884E1
4.820357338E1,3.866403522E0,3.058167754E0,1.184370136E1,1.282866822E1
4.821353438E1,3.875206213E0,3.138668418E0,1.178919596E1,1.280053140E1
4.822349637E1,1.071020458E0,2.042156439E0,9.957445729E0,1.022096929E1
4.823345737E1,2.267135078E-1,2.012569820E0,9.002795972E0,9.227793431E0
4.824341838E1,-2.621853492E-1,1.623003170E0,7.735948169E0,7.908715099E0
4.825337938E1,-3.233264673E-1,1.679298993E0,7.732908202E0,7.919750903E0
4.826334038E1,-9.622800806E-1,1.065622601E0,6.245337948E0,6.408258778E0
4.827330138E1,-2.944557230E0,-1.892465964E-1,3.164373363E0,4.326602632E0
4.828326337E1,-4.120816460E0,-5.854577297E-1,1.583977976E0,4.453411645E0
4.829322437E1,-5.126679640E0,-1.044485501E0,-1.075712264E-2,5.232008200E0
4.830318537E1,-5.837430922E0,-1.619329657E0,-1.671371630E0,6.284211282E0
4.831314638E1,-5.907527928E0,-1.657128983E0,-1.611441763E0,6.343635175E0
4.832310738E1,-6.509092398E0,-2.660728997E0,-4.870120189E0,8.553702900E0
4.833306937E1,-6.388105320E0,-3.286443053E0,-6.451324246E0,9.655474201E0
4.834303037E1,-6.048308415E0,-4.013263653E0,-7.901647736E0,1.072960189E1
4.835299137E1,-5.711100073E0,-4.704700412E0,-9.098234811E0,1.172726510E1
4.836295237E1,-5.816880298E0,-4.778338784E0,-8.981705065E0,1.171919979E1
4.837291338E1,-5.666631414E0,-5.298425227E0,-1.114702550E1,1.358087622E1
4.838287538E1,-5.923250506E0,-5.223206061E0,-1.199653355E1,1.436257621E1
4.839283637E1,-6.080054703E0,-5.116462215E0,-1.288417597E1,1.513761015E1
4.840279737E1,-6.230921638E0,-5.002454959E0,-1.358302466E1,1.575904499E1
4.841275837E1,-6.311629001E0,-5.013510289E0,-1.351322411E1,1.573464877E1
4.842271937E1,-6.100094866E0,-4.925503846E0,-1.355258990E1,1.565708908E1
4.843268138E1,-4.799122127E0,-4.944478061E0,-1.258296718E1,1.434609701E1
4.844264238E1,-2.770858088E0,-4.852570356E0,-1.116534600E1,1.248559349E1
4.845260400E1,-6.746944267E-1,-4.449866182E0,-9.394203326E0,1.041669706E1
4.846256500E1,-7.381671220E-1,-4.251349118E0,-9.476352028E0,1.041249767E1
4.847252600E1,1.263373972E0,-3.429223288E0,-4.897592747E0,6.110818347E0
4.848248800E1,1.372092422E0,-2.741127920E0,-2.150269117E0,3.744339350E0
4.849244900E1,2.512764913E0,-2.053252700E0,8.662550586E-1,3.358605661E0
4.850241000E1,3.556071907E0,-1.696039279E0,3.940928040E0,5.572531782E0
4.851237100E1,3.474319062E0,-1.525144754E0,3.921905293E0,5.456949752E0
4.852233200E1,5.124565287E0,-1.431631111E0,8.618595312E0,1.012871770E1
4.853229300E1,6.565633804E0,-1.595166038E0,9.941182283E0,1.201995038E1
4.854225500E1,8.934960669E0,-1.229561278E0,1.080617844E1,1.407546928E1
4.855221600E1,1.146708220E1,-6.338226816E-1,1.108959298E1,1.596479809E1
4.856217700E1,1.142316611E1,-4.838500786E-1,1.106800974E1,1.591300331E1
4.857213800E1,1.427488125E1,-2.471822709E-1,1.015463372E1,1.751998629E1
4.858209900E1,1.336788805E1,2.294847956E-1,9.480550328E0,1.639005579E1
4.859206100E1,1.086040318E1,1.606579365E0,8.498029819E0,1.388329807E1
4.860202200E1,8.269803051E0,3.264406943E0,7.825883024E0,1.184442655E1
4.861198300E1,8.411157151E0,3.362676419E0,7.689111972E0,1.188181805E1
4.862194400E1,7.201656500E0,4.554430770E0,7.524400585E0,1.136764268E1
4.863190500E1,7.858257303E0,5.017557732E0,7.542003043E0,1.199207669E1
4.864186700E1,8.087206786E0,5.407983338E0,7.322365835E0,1.217646249E1
4.865182800E1,7.771947137E0,5.355077146E0,6.688997775E0,1.156817638E1
4.866178900E1,7.762740111E0,5.390394913E0,6.687565792E0,1.157756570E1
4.867175000E1,4.770225772E0,4.590827641E0,5.085749715E0,8.348389217E0
4.868171100E1,4.805912499E0,4.577041076E0,5.063610402E0,8.347829075E0
4.869167300E1,6.585151809E-1,3.580853577E0,2.446377380E0,4.386446953E0
4.870163400E1,-9.713903350E-1,3.028579381E0,1.175083355E0,3.390680335E0
4.871159500E1,-8.893550688E-1,3.009703399E0,1.124110837E0,3.333600480E0
4.872155600E1,-2.509078243E0,1.681387618E0,-5.435864031E-1,3.068879948E0
4.873151700E1,-2.413896682E0,1.651522380E0,-5.978573352E-1,2.985273314E0
4.874147800E1,-3.110528693E0,5.466712479E-1,-2.241530705E0,3.872815268E0
4.875144000E1,-3.267872003E0,-1.720177755E-1,-3.165222378E0,4.552714602E0
4.876140100E1,-3.213716846E0,-2.580918597E-1,-3.176683506E0,4.526135821E0
4.877136200E1,-3.102809783E0,-1.810180291E0,-4.442800992E0,5.713375700E0
4.878132300E1,-3.086373552E0,-1.937016046E0,-4.417877235E0,5.726724380E0
4.879128400E1,-3.009012258E0,-3.300578112E0,-5.651339775E0,7.203166796E0
4.880124600E1,-3.175095402E0,-3.911687284E0,-6.416761354E0,8.158269087E0
4.881120700E1,-3.203000069E0,-4.096361066E0,-6.337233959E0,8.197555591E0
4.882116800E1,-3.577151120E0,-4.921337121E0,-7.707613147E0,9.819514734E0
4.883112900E1,-3.617552456E0,-5.118766018E0,-7.603921548E0,9.854342912E0
4.884109000E1,-4.564061719E0,-4.972380390E0,-8.851007516E0,1.113083825E1
4.885105100E1,-5.324501470E0,-4.729191475E0,-9.398833151E0,1.179210043E1
4.886101300E1,-5.360272397E0,-4.896783785E0,-9.292955863E0,1.179279612E1
4.887097400E1,-6.451009666E0,-4.008553136E0,-9.789645258E0,1.239036635E1
4.888093500E1,-6.472964206E0,-4.127815870E0,-9.709954140E0,1.237826074E1
4.889089600E1,-6.546334484E0,-3.252593814E0,-9.222229112E0,1.176789580E1
4.890085700E1,-6.061614339E0,-2.804891514E0,-8.604540945E0,1.089259885E1
4.891081900E1,-5.435710250E0,-2.135275979E0,-7.770889376E0,9.720754658E0
4.892078000E1,-5.441313636E0,-2.144888217E0,-7.761151423E0,9.718225711E0
4.893074100E1,-4.846590993E0,-1.020346148E0,-6.517013621E0,8.185475982E0
4.894070200E1,-4.273791316E0,2.170727355E0,-3.577765077E0,5.981450695E0
4.895066300E1,-4.513437111E0,3.764083681E0,-1.596081712E0,6.089902901E0
4.896062500E1,-4.126649058E0,5.114661273E0,1.135511738E0,6.669211294E0
4.897058600E1,-1.356576251E0,5.519359932E0,4.166736984E0,7.047363356E0
4.898054700E1,-1.493118677E0,5.588099799E0,4.230245347E0,7.165977843E0
4.899050800E1,9.894375322E0,4.514286419E0,1.219946234E1,1.634332666E1
4.900046900E1,1.435292871E1,4.955697699E0,1.578558893E1,2.190320342E1
4.901043100E1,1.634268124E1,5.519901384E0,1.819378458E1,2.507122531E1
4.902039200E1,1.855451569E1,2.592035615E0,1.659082771E1,2.502487293E1
4.903035300E1,1.839930018E1,2.610514863E0,1.674642797E1,2.501583268E1
4.904031400E1,1.400390841E1,-2.824576751E0,1.268711194E1,1.910629461E1
4.905027500E1,6.753810652E0,3.876739061E-1,1.043474926E1,1.243576462E1
4.906023600E1,1.231850463E0,3.091876075E0,9.688885453E0,1.024459148E1
4.907019800E1,-2.703249657E-1,1.538717603E0,8.782099249E0,8.919977280E0
4.908015900E1,5.089065671E-2,1.767725266E0,8.411399810E0,8.595294599E0
4.909012000E1,-2.786115813E0,-5.671229079E-1,5.955576253E0,6.599466510E0
4.910008100E1,-4.142393271E0,-5.105508041E-1,3.914320870E0,5.722061867E0
4.911004200E1,-4.922044634E0,-5.234655493E-1,1.832055455E0,5.277969946E0
4.912000400E1,-5.160735578E0,-6.596090488E-1,4.251212293E-1,5.220057841E0
4.912996500E1,-5.029998268E0,-5.683879530E-1,3.276411277E-1,5.072602503E0
4.913992600E1,-5.404716498E0,-6.090572383E-1,-1.700700095E0,5.698621935E0
4.914988700E1,-5.406963583E0,-6.926901099E-1,-2.687691386E0,6.077726529E0
4.915984800E1,-5.309858288E0,-9.439416043E-1,-3.529062449E0,6.445145659E0
4.916980900E1,-5.204583848E0,-1.038050786E0,-4.378220249E0,6.879974928E0
4.917977100E1,-5.178257929E0,-1.024528515E0,-5.332583492E0,7.503363283E0
4.918973200E1,-5.262724468E0,-1.079937462E0,-6.307703181E0,8.285508624E0
4.919969300E1,-5.436553418E0,-1.212479515E0,-7.230284468E0,9.127060487E0
4.920965400E1,-5.534049307E0,-1.379602586E0,-8.119501542E0,9.922464932E0
4.921961500E1,-5.558550310E0,-1.451216944E0,-8.830651605E0,1.053489060E1
4.922957700E1,-5.524018993E0,-1.608199482E0,-8.791353053E0,1.050661601E1
4.923953800E1,-5.319340718E0,-1.416604059E0,-9.801599890E0,1.124159745E1
4.924949900E1,-5.120749394E0,-1.501558548E0,-1.024294890E1,1.154966469E1
4.925946000E1,-4.852556030E0,-1.662276286E0,-1.061512183E1,1.178945605E1
4.926942100E1,-4.387755303E0,-1.882697898E0,-1.070918950E1,1.172534382E1
4.927938200E1,-4.323869502E0,-1.982036245E0,-1.069596661E1,1.170589667E1
4.928934400E1,-3.345155822E0,-1.882195622E0,-1.007593838E1,1.078226610E1
4.929930500E1,-2.737837984E0,-1.761339522E0,-9.359459755E0,9.909468232E0
4.930926600E1,-2.098227144E0,-1.589479329E0,-8.467426661E0,8.867148129E0
4.931922700E1,-1.144283146E0,-1.319270138E0,-7.427173668E0,7.629729111E0
4.932918800E1,-1.136234746E0,-1.368260157E0,-7.406469262E0,7.617017276E0
4.933915000E1,1.791735395E0,-7.053326672E-1,-3.529830773E0,4.020884876E0
4.934911100E1,3.596240817E0,-3.190334415E-1,-5.823604596E-1,3.657030770E0
4.935907200E1,5.794768467E0,1.111938688E-1,2.944480632E0,6.500897773E0
4.936903300E1,8.673572588E0,4.292704135E-1,6.309132825E0,1.073407153E1
4.937899400E1,8.469918745E0,4.037531644E-1,6.434331068E0,1.064439554E1
4.938895500E1,1.516308617E1,2.949774116E-1,1.025727925E1,1.830895878E1
4.939891700E1,1.674272551E1,-6.149803215E-1,1.035665853E1,1.969663510E1
4.940887800E1,1.673934114E1,-1.778615120E0,9.807479850E0,1.948218865E1
4.941883900E1,1.515469308E1,-2.039633073E0,9.226621540E0,1.785932166E1
4.942880000E1,1.527593041E1,-1.917195008E0,9.084397375E0,1.787612828E1
4.943876100E1,8.143537692E0,-1.163128138E-2,9.669911238E0,1.264217247E1
4.944872238E1,5.776889436E0,-1.048692280E-1,9.813576157E0,1.138813971E1
4.945868338E1,4.396286683E0,-5.864880091E-1,9.911839786E0,1.085890753E1
4.946864438E1,3.546730688E0,-3.589383495E-1,9.925424037E0,1.054619257E1
4.947860538E1,3.725755474E0,-1.360161763E-1,9.769667076E0,1.045687090E1
4.948856637E1,2.638879999E0,1.428111087E0,8.648495049E0,9.154215179E0
4.949852737E1,2.713936028E0,1.548544141E0,8.582503958E0,9.133608921E0
4.950848938E1,1.578345645E0,2.965863315E0,5.120769274E0,6.124524319E0
4.951845038E1,6.589078215E-1,3.663574136E0,2.747130087E0,4.626300756E0
4.952841138E1,6.199931395E-1,3.624995377E0,2.773343740E0,4.606128361E0
4.953837238E1,-1.307571321E0,4.257559446E0,-1.283457989E0,4.635064142E0
4.954833337E1,-1.376795630E0,4.211070865E0,-1.241576137E0,4.601108056E0
4.955829537E1,-2.477428727E0,3.666196905E0,-3.227056684E0,5.476545233E0
4.956825638E1,-2.859663261E0,3.027974486E0,-3.651393217E0,5.538860521E0
4.957821738E1,-2.898265994E0,3.023708650E0,-3.633646917E0,5.544921071E0
4.958817838E1,-3.335830390E0,2.417567857E0,-4.029029793E0,5.762419614E0
4.959813938E1,-3.794595037E0,1.862401920E0,-4.435524716E0,6.127101428E0
4.960810037E1,-4.251495298E0,1.277037746E0,-4.860633082E0,6.582688784E0
4.961806237E1,-4.870759582E0,3.068259171E-1,-5.670794631E0,7.481734612E0
4.962802338E1,-4.827750387E0,2.893529749E-1,-5.683161492E0,7.462521256E0
4.963798438E1,-4.854388255E0,-5.778437778E-1,-6.477997490E0,8.115629380E0
4.964794538E1,-4.810546417E0,-6.158565268E-1,-6.483444756E0,8.096646960E0
4.965790638E1,-4.498090216E0,-1.287779666E0,-7.091053492E0,8.495541872E0
4.966786837E1,-4.323052061E0,-1.625165763E0,-7.422464905E0,8.742020827E0
4.967782937E1,-4.287426146E0,-1.708094191E0,-7.407711795E0,8.727760467E0
4.968779037E1,-4.045668337E0,-2.239704912E0,-8.148899004E0,9.369539229E0
4.969775138E1,-4.010646731E0,-2.347015353E0,-8.122678919E0,9.357974198E0
4.970771238E1,-4.100038964E0,-2.374867103E0,-8.644783237E0,9.858123071E0
4.971767338E1,-3.676763116E0,-2.457819212E0,-8.585717003E0,9.657846486E0
4.972763537E1,-3.653943480E0,-2.568942037E0,-8.548313534E0,9.644917336E0
4.973759637E1,-2.649525440E0,-2.222013284E0,-7.740601383E0,8.477867531E0
4.974755737E1,-2.655862652E0,-2.304858682E0,-7.701598701E0,8.466439778E0
4.975751838E1,-1.557031375E0,-1.058528174E0,-4.560636420E0,4.933987551E0
4.976747938E1,-1.303670644E0,-4.667200756E-1,-2.380013237E0,2.753515532E0
4.977744038E1,-1.596249527E0,7.309507808E-1,1.424621469E-1,1.761419047E0
4.978740237E1,-1.688317154E0,2.552807523E0,2.834134902E0,4.171278186E0
4.979736337E1,-1.821930417E0,2.524070797E0,2.905091448E0,4.257924395E0
4.980732437E1,3.802929365E0,2.987079937E0,7.304421315E0,8.760107822E0
4.981728538E1,7.799530792E0,2.544449513E0,9.236819669E0,1.235417911E1
4.982724638E1,7.598621632E0,2.592593147E0,9.315529624E0,1.229795439E1
4.983720838E1,1.158274481E1,1.874422918E0,1.249170384E1,1.713814760E1
4.984716937E1,1.148368479E1,1.968246171E0,1.250125117E1,1.708889377E1
4.985713037E1,1.096876261E1,1.482222390E0,1.345380470E1,1.742169903E1
4.986709137E1,6.761979212E0,1.467080148E0,1.325004210E1,1.494791968E1
4.987705237E1,5.225381809E0,9.974124911E-1,1.251205215E1,1.359598822E1
4.988701338E1,3.997251345E0,4.319849834E-1,1.161166397E1,1.228801731E1
4.989697538E1,4.085460978E0,5.810337263E-1,1.150805248E1,1.222554143E1
4.990693637E1,1.863689184E0,2.027653590E-1,9.171299863E0,9.360939715E0
4.991689737E1,8.690020806E-1,7.865879148E-2,7.752384108E0,7.801333936E0
4.992685837E1,-1.361386755E-1,-1.544425070E-2,6.075428386E0,6.076973123E0
4.993681937E1,-1.094900779E0,-1.656671146E-1,4.137983301E0,4.283591846E0
4.994678138E1,-1.072019747E0,-1.810049459E-1,4.132430785E0,4.273051991E0
4.995674238E1,-2.543776790E0,-9.205780309E-1,2.634229124E-1,2.718024264E0
4.996670337E1,-3.143478922E0,-1.177604966E0,-1.439975672E0,3.652635094E0
4.997666437E1,-3.760368360E0,-1.239588961E0,-2.989973724E0,4.961541480E0
4.998662537E1,-4.303896875E0,-1.266869730E0,-4.386298762E0,6.274400693E0
4.999658637E1,-4.371412336E0,-1.395780078E0,-4.303555398E0,6.291107764E0
5.000654838E1,-4.996989566E0,-1.337169342E0,-6.325029650E0,8.170919572E0
5.001650938E1,-5.086483541E0,-1.378855604E0,-6.951295683E0,8.723191460E0
5.002647038E1,-5.186412456E0,-1.519343146E0,-6.834028019E0,8.712704329E0
5.003643137E1,-4.718001658E0,-1.484355747E0,-7.837039511E0,9.267256332E0
5.004639237E1,-4.822147293E0,-1.629245950E0,-7.703451099E0,9.233130873E0
5.005635337E1,-4.199338719E0,-1.782019954E0,-8.585852659E0,9.722494879E0
5.006631538E1,-4.293910708E0,-1.964048163E0,-8.912572265E0,1.008608441E1
5.007627638E1,-4.466352699E0,-2.144960723E0,-9.131718307E0,1.038929459E1
5.008623738E1,-4.670685404E0,-2.235376511E0,-9.231585826E0,1.058462976E1
5.009619837E1,-4.698535692E0,-2.371712822E0,-9.124413965E0,1.053357440E1
5.010615937E1,-4.811094886E0,-2.331969590E0,-9.063746179E0,1.052312743E1
5.011612037E1,-4.505506532E0,-2.045632609E0,-8.787673985E0,1.008500947E1
5.012608238E1,-4.443358816E0,-1.814178763E0,-8.329275666E0,9.613090829E0
5.013604338E1,-4.170462829E0,-1.405305192E0,-7.585155494E0,8.769391471E0
5.014600438E1,-4.199817021E0,-1.491087939E0,-7.496484808E0,8.721186314E0
5.015596537E1,-2.998983114E0,-1.761380160E-1,-5.527196370E0,6.290852409E0
5.016592637E1,-1.989677678E0,5.132492942E-1,-3.944391346E0,4.447523490E0
5.017588838E1,-4.524943846E-1,1.123636628E0,-1.882958976E0,2.238938352E0
5.018584938E1,2.104729832E0,1.434102144E0,6.164052880E-1,2.620399227E0
5.019581038E1,2.001804804E0,1.441552082E0,6.975599635E-1,2.563568758E0
5.020577138E1,8.495609071E0,1.721461803E0,5.982530163E0,1.053230608E1
5.021573238E1,1.124708422E1,1.593803052E0,7.775368928E0,1.376566285E1
5.022569337E1,1.117886593E1,1.644805391E0,7.793675975E0,1.372639113E1
5.023565537E1,1.256559159E1,-7.444511247E-1,8.254649407E0,1.505282486E1
5.024561638E1,1.262596994E1,-6.601950860E-1,8.128478188E0,1.503073957E1
5.025557738E1,9.351398783E0,-2.014569275E0,8.554004629E0,1.283269823E1
5.026553838E1,7.334684165E0,-2.194231993E0,8.573213902E0,1.149400898E1
5.027549938E1,6.035329351E0,-2.337655130E0,8.556960397E0,1.072899823E1
5.028546037E1,5.469542239E0,-2.337563621E0,8.453116770E0,1.033611528E1
5.029542237E1,5.655604150E0,-2.076491289E0,8.180880350E0,1.015994477E1
5.030538338E1,5.707204074E0,-1.474779469E0,7.827270568E0,9.798638547E0
5.031534438E1,5.845964933E0,-1.215287055E0,7.624350550E0,9.684159743E0
5.032530538E1,5.816060518E0,4.248002172E-3,6.276791875E0,8.557142878E0
5.033526638E1,5.290049676E0,6.432802606E-1,4.923274888E0,7.255140983E0
5.034522737E1,5.387637951E0,7.880333465E-1,4.820281447E0,7.272052837E0
5.035518937E1,4.429301525E0,1.243917362E0,3.222361370E0,5.616907975E0
5.036515038E1,3.199140030E0,1.512422967E0,1.638598571E0,3.899605806E0
5.037511138E1,4.077930057E-1,1.961278044E0,-1.106797231E0,2.288647377E0
5.038507238E1,-6.622787413E-1,2.121384457E0,-2.213632470E0,3.136726615E0
5.039503338E1,-6.520864597E-1,2.107064041E0,-2.213341863E0,3.124710839E0
5.040499438E1,-1.864595211E0,1.532228071E0,-3.979823134E0,4.654399031E0
5.041495637E1,-1.911877843E0,1.499315263E0,-3.947269930E0,4.635101191E0
5.042491737E1,-2.108106892E0,9.297549435E-1,-4.537256328E0,5.088737949E0
5.043487838E1,-2.254362420E0,1.923909366E-1,-5.374096384E0,5.830958424E0
5.044483938E1,-2.309572122E0,1.488499376E-1,-5.331956670E0,5.812576161E0
5.045480004E1,-2.724410438E0,-4.023205966E-1,-6.000060700E0,6.601893857E0
5.046476204E1,-2.729376771E0,-4.681710622E-1,-5.972769406E0,6.583513961E0
5.047472304E1,-3.811889639E0,-7.511274755E-1,-7.081174622E0,8.076987627E0
5.048468404E1,-4.295900516E0,-9.202698827E-1,-7.545361099E0,8.731215952E0
5.049464504E1,-4.239003014E0,-1.013745811E0,-7.534508082E0,8.704345992E0
5.050460604E1,-4.851234267E0,-1.008312871E0,-8.445954516E0,9.792104802E0
5.051456704E1,-4.799008984E0,-1.110920103E0,-8.425906752E0,9.760150373E0
5.052452904E1,-4.605402119E0,-1.090302528E0,-8.912276981E0,1.009094491E1
5.053449004E1,-4.212611899E0,-1.142547400E0,-8.862639382E0,9.879164458E0
5.054445104E1,-3.612582031E0,-1.146866154E0,-8.419832080E0,9.233613765E0
5.055441204E1,-2.818033716E0,-8.827114624E-1,-7.778488417E0,8.320178821E0
5.056437304E1,-2.866799203E0,-9.920584881E-1,-7.698542946E0,8.274677106E0
5.057433404E1,-1.669292361E0,-3.013771892E-2,-6.035270879E0,6.261943775E0
5.058429604E1,-1.371688672E0,5.272522062E-1,-4.841540753E0,5.059648364E0
5.059425704E1,-1.488381555E0,1.373979026E0,-3.369574964E0,3.931556111E0
5.060421804E1,-2.099686024E0,2.556422856E0,-1.726324933E0,3.731511355E0
5.061417904E1,-2.139089533E0,2.475344779E0,-1.655553158E0,3.666591342E0
5.062414004E1,-3.467298310E0,4.409566295E0,-1.468142295E-1,5.611415766E0
5.063410104E1,-9.008498177E-1,7.355597316E0,3.979258878E0,8.411352060E0
5.064406304E1,5.130282694E0,6.767720593E0,6.988740082E0,1.099837854E1
5.065402404E1,1.165996080E1,5.671952380E0,1.062618243E1,1.676429189E1
5.066398504E1,1.147326739E1,5.885150049E0,1.061703037E1,1.670305928E1
5.067394604E1,1.742111713E1,4.103895203E0,1.776385986E1,2.521689900E1
5.068390704E1,1.652831981E1,1.591021824E0,1.835526480E1,2.475141313E1
5.069386804E1,1.378479453E1,-1.032876146E0,1.721370002E1,2.207711172E1
5.070383004E1,9.640050677E0,-1.124586216E0,1.524694226E1,1.807386288E1
5.071379104E1,9.959846596E0,-8.799691182E-1,1.497762067E1,1.800838724E1
5.072375204E1,3.487096397E0,-9.147571278E-1,1.035078793E1,1.096063103E1
5.073371304E1,2.069720506E0,-1.111216557E0,8.198995609E0,8.528896423E0
5.074367404E1,1.244888585E0,-6.964736970E-1,6.756165326E0,6.905113548E0
5.075363504E1,9.789224258E-1,-7.976356441E-1,5.378504600E0,5.524746462E0
5.076359704E1,1.122716861E0,-6.986501768E-1,5.308408763E0,5.470631483E0
5.077355804E1,-4.362095967E-1,-1.141412602E0,2.099121183E0,2.428870372E0
5.078351904E1,-8.689868778E-1,-1.749713503E0,5.618373173E-1,2.032805133E0
5.079348004E1,-4.086893839E-1,-3.218879060E0,-4.854802823E-1,3.280838387E0
5.080344104E1,-2.993701324E-1,-4.134768209E0,-1.254387971E0,4.331214587E0
5.081340204E1,-4.351144132E-1,-4.274919244E0,-1.170670461E0,4.453619699E0
5.082336404E1,-2.517471629E0,-3.497627525E0,-4.462017281E0,6.203278159E0
5.083332504E1,-4.531904664E0,-2.717223333E0,-6.497200330E0,8.374668630E0
5.084328604E1,-6.369553274E0,-2.132682447E0,-8.581649095E0,1.089790092E1
5.085324704E1,-7.566482411E0,-1.856361454E0,-1.060679774E1,1.316061899E1
5.086320804E1,-7.634002549E0,-2.187237554E0,-1.043088309E1,1.310974161E1
5.087316904E1,-9.187296091E0,-2.147315396E0,-1.362036498E1,1.656899861E1
5.088313104E1,-9.322833381E0,-2.318771839E0,-1.435804035E1,1.727556794E1
5.089309204E1,-9.007490702E0,-2.372112187E0,-1.470728051E1,1.740878815E1
5.090305304E1,-8.362376754E0,-2.483039423E0,-1.455054823E1,1.696506067E1
5.091301404E1,-8.448493377E0,-2.664523548E0,-1.438180460E1,1.689121161E1
5.092297504E1,-6.538400397E0,-3.007191435E0,-1.366718246E1,1.544622143E1
5.093293604E1,-5.943795283E0,-3.327585524E0,-1.262901634E1,1.434899235E1
5.094289804E1,-5.508311033E0,-3.603585212E0,-1.126920073E1,1.305075484E1
5.095285904E1,-5.045273534E0,-3.645931333E0,-9.612448896E0,1.145193320E1
5.096282004E1,-5.053778309E0,-3.666189011E0,-9.590979089E0,1.144414684E1
5.097278104E1,-3.727312003E0,-3.510564197E0,-4.800350043E0,7.018566540E0
5.098274204E1,-2.968363000E0,-3.492318546E0,-1.422020043E0,4.798917453E0
5.099270304E1,-2.177024807E0,-3.032413400E0,1.957327373E0,4.214984992E0
5.100266504E1,-1.223893572E0,-2.143440154E0,5.171654084E0,5.730467444E0
5.101262604E1,-1.205990860E0,-2.089295522E0,5.120149469E0,5.659991194E0
5.102258704E1,1.307440636E0,-4.484136128E-1,9.606416908E0,9.705345001E0
5.103254804E1,3.389776217E0,-3.219652355E-1,9.873547540E0,1.044419386E1
5.104250904E1,5.289691826E0,-7.082323015E-2,9.809079064E0,1.114467979E1
5.105247004E1,6.682477545E0,8.027268147E-1,9.611347865E0,1.173362196E1
5.106243204E1,6.698558557E0,8.275985312E-1,9.584416759E0,1.172248483E1
5.107239304E1,8.817525190E0,2.205366846E0,8.690136580E0,1.257500963E1
5.108235404E1,9.026186589E0,2.530992438E0,8.930898024E0,1.294754442E1
5.109231504E1,8.106977976E0,2.978271691E0,9.486782291E0,1.282935043E1
5.110227604E1,6.353535411E0,3.663596648E0,9.533409743E0,1.202810267E1
5.111223704E1,6.439043924E0,3.761459158E0,9.426855932E0,1.201979511E1
5.112219904E1,4.118969910E0,5.403882101E0,7.411793151E0,1.005497551E1
5.113216004E1,4.388886740E0,6.379885304E0,6.201988446E0,9.921185614E0
5.114212104E1,4.979456105E0,7.310766714E0,5.258310989E0,1.029039006E1
5.115208204E1,5.068440202E0,8.001424624E0,4.197931879E0,1.036023717E1
5.116204304E1,4.977283280E0,7.926772052E0,4.287943332E0,1.029531554E1
5.117200404E1,3.732275997E0,7.633140085E0,7.660887462E-1,8.531213491E0
5.118196604E1,3.580736048E0,7.509390782E0,9.295160848E-1,8.371177976E0
5.119192704E1,1.014195754E0,5.739058535E0,-2.104025243E0,6.196152687E0
5.120188804E1,-3.612137935E-1,4.622087733E0,-2.021088921E0,5.057565703E0
5.121184904E1,-4.252139077E-1,4.579556841E0,-1.950179737E0,4.995632966E0
5.122181004E1,-2.791755452E0,1.904194894E0,-9.448457301E-1,3.508930058E0
5.123177104E1,-2.764448370E0,1.920768827E0,-9.743156970E-1,3.504399914E0
5.124173304E1,-4.895015879E0,-5.454920107E-1,-2.164586610E-1,4.930070623E0
5.125169404E1,-5.811279835E0,-1.390148039E0,-2.879496431E-1,5.982173508E0
5.126165504E1,-5.705960371E0,-1.353703514E0,-3.749304843E-1,5.876314306E0
5.127161604E1,-6.927926116E0,-2.504479408E0,-1.370692599E0,7.493155248E0
5.128157704E1,-6.838874776E0,-2.497249911E0,-1.424161878E0,7.418537751E0
5.129153804E1,-6.876396943E0,-3.430360864E0,-3.081488496E0,8.279358787E0
5.130150004E1,-6.729141249E0,-3.805822860E0,-3.966363428E0,8.688939431E0
5.131146104E1,-6.704349055E0,-3.852540944E0,-3.947275193E0,8.681667433E0
5.132142204E1,-6.312875043E0,-4.429313804E0,-5.337700975E0,9.378819957E0
5.133138304E1,-6.315070088E0,-4.499272816E0,-5.287134254E0,9.384953634E0
5.134134404E1,-5.452804585E0,-4.898536488E0,-6.287359548E0,9.657102446E0
5.135130504E1,-4.617180457E0,-5.188837296E0,-6.557074649E0,9.551838348E0
5.136126704E1,-4.603177545E0,-5.274449304E0,-6.499811697E0,9.552832620E0
5.137122804E1,-2.673559543E0,-5.423605928E0,-6.440665941E0,8.834342062E0
5.138118904E1,-2.604794240E0,-5.530726919E0,-6.392021200E0,8.844875822E0
5.139115004E1,-3.541709976E0,-4.705080189E0,-7.234183976E0,9.328178114E0
5.140111104E1,-3.612078293E0,-4.858366116E0,-7.798706920E0,9.872723056E0
5.141107204E1,-2.923905450E0,-5.133598650E0,-7.885237525E0,9.852919821E0
5.142103404E1,-2.001821468E0,-4.919772990E0,-6.923481063E0,8.726170150E0
5.143099504E1,-1.968101160E0,-4.940639949E0,-6.922144389E0,8.729228387E0
5.144095604E1,-1.121842410E0,-1.952304030E0,-4.112976514E0,4.688986801E0
5.145091725E1,-8.642158422E-1,-3.161010629E-1,-2.916191803E0,3.057934521E0
5.146087825E1,-3.291073170E-1,1.261130980E0,-1.576209365E0,2.045287006E0
5.147083925E1,1.370285048E0,2.867729495E0,4.155475831E-1,3.205344499E0
5.148080125E1,1.314646744E0,2.980847390E0,3.483484572E-1,3.276445310E0
5.149076225E1,6.823256278E0,4.696983549E0,8.328392737E0,1.174651464E1
5.150072325E1,1.054347473E1,3.903367866E0,1.116759016E1,1.584664665E1
5.151068425E1,1.359275793E1,1.399260340E0,1.341277362E1,1.914741481E1
5.152064525E1,1.340182880E1,-5.947010082E-1,1.610373243E1,2.095931494E1
5.153060625E1,1.350927139E1,-3.631857669E-1,1.590673973E1,2.087239053E1
5.154056825E1,6.904699806E0,9.550350881E-1,1.738848031E1,1.873355863E1
5.155052925E1,2.706220335E0,2.651791528E0,1.543597572E1,1.589418049E1
5.156049025E1,1.369233134E0,2.131994814E0,1.348422192E1,1.372022019E1
5.157045125E1,1.558017800E0,1.041924713E0,1.164409379E1,1.179397926E1
5.158041225E1,1.595986110E0,1.111382326E0,1.159729619E1,1.175923557E1
5.159037325E1,3.577829397E-1,3.000727338E0,7.949960940E0,8.504954564E0
5.160033525E1,-3.232299882E-1,3.186793342E0,5.579501469E0,6.433581123E0
5.161029625E1,-8.072239083E-1,3.034404377E0,3.186655932E0,4.473700525E0
5.162025725E1,-9.721609980E-1,2.803985488E0,1.345457186E0,3.258479195E0
5.163021825E1,-1.110805790E0,2.764716173E0,1.423207027E0,3.301978689E0
5.164017925E1,-1.075821607E0,1.646344963E0,-3.380865937E-1,1.995531611E0
5.165014025E1,-1.198288030E0,8.031326115E-1,-9.651390767E-1,1.735629463E0
5.166010125E1,-1.451189170E0,7.085041970E-2,-1.819716076E0,2.328591074E0
5.167006325E1,-2.026281541E0,-4.393369800E-1,-2.724291447E0,3.423535856E0
5.168002425E1,-2.017952474E0,-4.082555205E-1,-2.743941600E0,3.430454819E0
5.168998525E1,-3.206897823E0,-8.374768174E-1,-4.489433121E0,5.580373717E0
5.169994625E1,-3.600844330E0,-8.030089429E-1,-5.369453110E0,6.514747113E0
5.170990725E1,-3.468338529E0,-9.677852342E-1,-6.250562435E0,7.213564388E0
5.171986825E1,-3.089316164E0,-1.204809137E0,-7.138306012E0,7.870886362E0
5.172983025E1,-3.116837838E0,-1.267680739E0,-7.093192404E0,7.850800663E0
5.173979125E1,-2.373485990E0,-1.927173867E0,-8.639543547E0,9.164559322E0
5.174975225E1,-2.073834314E0,-2.459964263E0,-9.352919059E0,9.890869925E0
5.175971325E1,-2.164583978E0,-2.891934336E0,-1.001281652E1,1.064449166E1
5.176967425E1,-2.576568853E0,-3.259620705E0,-1.061700347E1,1.140107876E1
5.177963525E1,-2.573302891E0,-3.356231910E0,-1.056084447E1,1.137618637E1
5.178959725E1,-3.531786082E0,-4.034437005E0,-1.147272477E1,1.266387020E1
5.179955825E1,-4.020466545E0,-4.384814154E0,-1.150238068E1,1.294973002E1
5.180951925E1,-4.304527205E0,-4.631888544E0,-1.117525235E1,1.284015619E1
5.181948025E1,-4.262419066E0,-4.722538805E0,-1.031884342E1,1.212225715E1
5.182944125E1,-4.247540241E0,-4.722306086E0,-1.032619220E1,1.212320165E1
5.183940225E1,-3.406102520E0,-4.014448006E0,-7.519512897E0,9.179346457E0
5.184936425E1,-2.560715297E0,-3.543782522E0,-5.695628341E0,7.180239522E0
5.185932525E1,-1.454601021E0,-2.988771244E0,-3.458390661E0,4.796778465E0
5.186928625E1,1.318164137E-1,-2.220161763E0,-1.237011800E0,2.544934580E0
5.187924725E1,2.614231646E-2,-2.172647873E0,-1.212674519E0,2.488304984E0
5.188920825E1,4.239704095E0,-5.853042403E-1,3.436223282E0,5.488652140E0
5.189916925E1,6.326616000E0,3.703187853E-2,5.893415673E0,8.646374365E0
5.190913025E1,7.785320889E0,1.329303083E-1,8.014497828E0,1.117412490E1
5.191909225E1,8.590495348E0,-3.206993133E-1,9.764324475E0,1.300928479E1
5.192905325E1,8.572631519E0,-1.659182525E-1,9.687777405E0,1.293717786E1
5.193901425E1,7.643477962E0,-1.192770890E0,1.189412191E1,1.418857264E1
5.194897525E1,6.040933907E0,-9.929797170E-1,1.273071696E1,1.412621837E1
5.195893625E1,4.219878526E0,-2.050589293E-1,1.298955683E1,1.365935615E1
5.196889725E1,2.644826617E0,7.181146806E-1,1.262000344E1,1.291415051E1
5.197885925E1,2.733772708E0,9.069458324E-1,1.250266971E1,1.283015252E1
5.198882025E1,2.213824551E0,2.466495018E0,1.178103325E1,1.223835615E1
5.199878125E1,2.211844391E0,2.589417232E0,1.173887014E1,1.222286421E1
5.200874225E1,3.809996603E0,3.703919924E0,1.020383102E1,1.150448888E1
5.201870325E1,3.777476728E0,4.093150944E0,8.467592137E0,1.013525193E1
5.202866425E1,3.707207521E0,4.089788210E0,8.502308811E0,1.013701190E1
5.203862625E1,1.898285113E0,4.676977593E0,4.538260295E0,6.787739851E0
5.204858725E1,1.850610133E0,4.656610571E0,4.568811997E0,6.781063555E0
5.205854825E1,5.633643177E-1,4.359431975E0,1.007011573E0,4.509556387E0
5.206850925E1,-5.897530943E-2,3.740714114E0,4.003448224E-1,3.762538524E0
5.207847025E1,-1.542115420E-2,3.780106221E0,3.655006796E-1,3.797766659E0
5.208843125E1,-1.323987671E0,2.568536825E0,-5.937748092E-1,2.950066660E0
5.209839225E1,-1.250752465E0,2.618132324E0,-6.446531868E-1,2.972301520E0
5.210835425E1,-2.272220986E0,1.382380306E0,-1.969266218E0,3.309376521E0
5.211831525E1,-2.661523049E0,9.436441272E-1,-2.816762239E0,3.988523373E0
5.212827625E1,-2.595064181E0,9.598552403E-1,-2.851291802E0,3.973102708E0
5.213823725E1,-2.989257440E0,7.074692398E-2,-4.211474615E0,5.164995993E0
5.214819825E1,-2.933235559E0,5.701298386E-2,-4.231390817E0,5.148960047E0
5.215815925E1,-2.778986010E0,-1.093768173E0,-5.501545220E0,6.259879541E0
5.216812125E1,-2.671777896E0,-1.541617530E0,-6.091841521E0,6.828287841E0
5.217808225E1,-2.724261919E0,-1.838731222E0,-6.662970648E0,7.429516362E0
5.218804325E1,-2.848468766E0,-2.192923971E0,-7.202471017E0,8.049737797E0
5.219800425E1,-2.793303503E0,-2.274069583E0,-7.197867504E0,8.048803236E0
5.220796525E1,-3.185374222E0,-2.767509388E0,-8.403570973E0,9.403495215E0
5.221792625E1,-3.397431392E0,-2.870058733E0,-8.979976044E0,1.002096537E1
5.222788725E1,-3.343402242E0,-2.973540417E0,-8.963175824E0,1.001792404E1
5.223784925E1,-3.787578962E0,-3.003962603E0,-9.721257977E0,1.085690575E1
5.224781025E1,-3.746762766E0,-3.107704195E0,-9.696283350E0,1.084960679E1
5.225777125E1,-3.296183344E0,-3.059087521E0,-9.780585582E0,1.076488251E1
5.226773225E1,-3.036292150E0,-2.792876363E0,-9.497888492E0,1.035514916E1
5.227769325E1,-3.043615496E0,-2.266983635E0,-8.967037910E0,9.737072402E0
5.228765425E1,-3.286317337E0,-1.722586223E0,-7.926273285E0,8.751742290E0
5.229761625E1,-3.295396602E0,-1.795132043E0,-7.890294782E0,8.737212917E0
5.230757725E1,-4.677299482E0,1.396262473E-1,-5.164974225E0,6.969475208E0
5.231753825E1,-5.039146237E0,1.173450520E0,-3.136100321E0,6.050215380E0
5.232749925E1,-4.625270080E0,2.825833610E0,-4.310836351E-1,5.437305583E0
5.233746025E1,-2.394805523E0,4.537428529E0,3.623928845E0,6.281417947E0
5.234742125E1,-2.555802467E0,4.623141401E0,3.650396267E0,6.421133511E0
5.235738225E1,2.819951018E0,5.292648763E0,8.522752431E0,1.042120740E1
5.236734425E1,1.344859951E1,5.560433114E0,1.643912404E1,2.195513708E1
5.237730525E1,1.475133109E1,4.558026516E0,1.834849255E1,2.398008660E1
5.238726625E1,1.422176748E1,1.807678121E0,1.838677193E1,2.331522577E1
5.239722725E1,1.429153178E1,1.895294555E0,1.831934418E1,2.331176512E1
5.240718825E1,7.379711818E0,3.154925139E0,1.719631157E1,1.897700795E1
5.241714925E1,6.142799420E0,2.652056115E0,1.625967767E1,1.758250563E1
5.242711125E1,6.250799248E0,2.715979338E0,1.619170262E1,1.756759143E1
5.243707225E1,4.762108960E0,6.288677511E-1,1.162182292E1,1.257536975E1
5.244703325E1,4.830614938E0,6.048649308E-1,1.160297617E1,1.258291534E1
5.245699438E1,-2.398147792E-2,9.332966021E-1,5.273023168E0,5.355034173E0
5.246695538E1,-2.290326304E0,9.845474473E-1,1.671739420E0,3.001606394E0
5.247691637E1,-4.156904598E0,1.154874793E0,-1.686414762E0,4.632233411E0
5.248687737E1,-5.516512338E0,1.238006704E0,-4.414084731E0,7.172775821E0
5.249683938E1,-5.532837179E0,1.138399386E0,-4.367272507E0,7.140119716E0
5.250680038E1,-6.568371470E0,6.753475606E-1,-7.390758378E0,9.910747071E0
5.251676138E1,-6.620536820E0,1.312053797E-1,-7.925600855E0,1.032782027E1
5.252672238E1,-6.485572557E0,-3.561813873E-1,-8.087032539E0,1.037254124E1
5.253668337E1,-6.362345411E0,-7.438757586E-1,-8.102242316E0,1.032855851E1
5.254664437E1,-6.395261142E0,-6.935236305E-1,-8.109954793E0,1.035141086E1
5.255660638E1,-5.983679726E0,-1.553146192E0,-7.898817099E0,1.003035382E1
5.256656738E1,-5.975901759E0,-1.765996829E0,-7.951244988E0,1.010210094E1
5.257652838E1,-6.062929963E0,-2.012539999E0,-7.953590891E0,1.020142368E1
5.258648938E1,-6.014591031E0,-2.159399545E0,-7.791144716E0,1.007671810E1
5.259645038E1,-6.005405640E0,-2.105687899E0,-7.815353943E0,1.007861973E1
5.260641137E1,-5.478111334E0,-2.263681420E0,-7.538257316E0,9.589540173E0
5.261637237E1,-4.026797910E0,-2.289270882E0,-7.445774245E0,8.769003176E0
5.262633438E1,-4.072080503E0,-2.313654064E0,-7.417868993E0,8.772662945E0
5.263629538E1,-2.770453461E0,-1.769039428E0,-7.424800283E0,8.119887445E0
5.264625638E1,-2.865502290E0,-1.834529997E0,-7.357849079E0,8.106450934E0
5.265621738E1,-7.336434236E-1,-6.251275796E-1,-5.774127211E0,5.854021029E0
5.266617837E1,6.564590076E-1,-9.136245221E-2,-4.516325635E0,4.564699636E0
5.267613937E1,2.182296656E0,2.632796556E-1,-2.654909556E0,3.446778151E0
5.268610037E1,3.391667791E0,1.035692458E0,-4.551180303E-1,3.575360359E0
5.269606238E1,3.308515999E0,9.982334402E-1,-3.941947210E-1,3.478237714E0
5.270602338E1,5.173001867E0,3.361224263E0,4.489229053E0,7.629610367E0
5.271598438E1,6.445198703E0,4.131544932E0,6.846612981E0,1.027065524E1
5.272594537E1,7.916249403E0,4.468228486E0,8.857538856E0,1.269204731E1
5.273590637E1,9.080798414E0,4.241600347E0,1.072343683E1,1.467801658E1
5.274586737E1,9.137131659E0,4.269948818E0,1.068044225E1,1.468984290E1
5.275582938E1,8.048223399E0,2.942536433E0,1.376868077E1,1.621755193E1
5.276579038E1,8.113192981E0,2.962477485E0,1.372645569E1,1.621776060E1
5.277575138E1,5.237605999E0,2.665698838E0,1.674872358E1,1.774987912E1
5.278571238E1,4.390711656E0,2.237862162E0,1.732885859E1,1.801598501E1
5.279567337E1,4.401355050E0,2.238467934E0,1.732327684E1,1.801328914E1
5.280563437E1,2.023053293E0,1.277171355E0,1.539200349E1,1.557683160E1
5.281559537E1,2.020405089E0,1.217038004E0,1.541945500E1,1.559880799E1
5.282555738E1,1.450970192E0,5.346436715E-1,1.319644652E1,1.328673621E1
5.283551838E1,-5.474473196E-1,9.408199221E-2,3.634554990E0,3.676756718E0
5.284547938E1,-5.274583206E-1,-7.241308808E-2,3.705663564E0,3.743714517E0
5.285544037E1,-1.895032599E0,1.074507737E-1,-1.047497109E0,2.167935519E0
5.286540137E1,-3.237138161E0,3.746889943E-1,-5.164184850E0,6.106411424E0
5.287536237E1,-4.453366033E0,-2.400627011E-1,-1.120881888E1,1.206348705E1
5.288532337E1,-4.371854677E0,-1.312848433E0,-1.246016513E1,1.326998113E1
5.289528538E1,-4.301848888E0,-1.316236895E0,-1.249252245E1,1.327785753E1
5.290524638E1,-4.805383911E0,-3.113169003E0,-1.075310443E1,1.218247884E1
5.291520737E1,-4.704741342E0,-3.068893594E0,-1.082401011E1,1.219474861E1
5.292516837E1,-6.598540764E0,-3.031246588E0,-9.386703687E0,1.186757777E1
5.293512937E1,-6.653537335E0,-3.536824043E0,-9.742200950E0,1.231621544E1
5.294509037E1,-6.612809724E0,-3.576043365E0,-9.738236538E0,1.230246274E1
5.295505238E1,-5.473349946E0,-4.644527593E0,-1.142842509E1,1.349585478E1
5.296501338E1,-5.507959031E0,-4.732379084E0,-1.136433259E1,1.348632937E1
5.297497438E1,-4.738014046E0,-5.056807752E0,-1.250073428E1,1.429295068E1
5.298493537E1,-4.226223632E0,-5.551700882E0,-1.236918362E1,1.420137501E1
5.299489637E1,-4.277784672E0,-5.603774430E0,-1.231397538E1,1.418928184E1
5.300485737E1,-3.281910876E0,-5.867434739E0,-1.092052191E1,1.282402153E1
5.301481837E1,-3.303958095E0,-5.863732867E0,-1.091242468E1,1.282109647E1
5.302478038E1,-2.293607762E0,-6.090520050E0,-9.552616677E0,1.155887349E1
5.303474138E1,1.666427225E0,-5.794304198E0,-4.830822222E0,7.725786962E0
5.304470237E1,1.619880172E0,-5.717750112E0,-4.854270726E0,7.673370993E0
5.305466337E1,6.493177446E0,-4.723769644E0,4.568955839E-2,8.029784588E0
5.306462437E1,6.434025843E0,-4.644876379E0,2.948575437E-2,7.935517282E0
5.307458537E1,1.044800607E1,-2.833617716E0,3.814098424E0,1.147769868E1
5.308454638E1,1.091768484E1,-1.634932952E0,5.360676439E0,1.227215140E1
5.309450838E1,9.312496088E0,5.543201369E-1,7.263429410E0,1.182316628E1
5.310446937E1,6.734559864E0,3.273898144E0,8.704075173E0,1.148188270E1
5.311443037E1,6.733809666E0,3.388400952E0,8.644478597E0,1.146963225E1
5.312439137E1,4.855685168E0,6.168745855E0,1.347683571E1,1.559667287E1
5.313435237E1,4.500139081E0,8.040151902E0,1.650507829E1,1.890272213E1
5.314431337E1,4.392764028E0,9.254156663E0,1.925592663E1,2.181115544E1
5.315427438E1,4.904087834E0,9.255716701E0,2.084740073E1,2.333093411E1
5.316423638E1,5.064671087E0,9.566741796E0,2.067211524E1,2.333473356E1
5.317419737E1,2.123817483E0,6.188305961E0,2.132038668E1,2.230167303E1
5.318415837E1,-1.177866045E-1,5.273005042E0,1.939304617E1,2.009747983E1
5.319411937E1,-8.160420942E-1,3.778654357E0,1.680915690E1,1.724795376E1
5.320408037E1,-9.744159767E-1,2.229601362E0,1.368343421E1,1.389809270E1
5.321404138E1,-7.194279653E-1,2.316419504E0,1.360357294E1,1.381812479E1
5.322400238E1,-1.146797449E0,-8.242751200E-1,6.404320818E0,6.558193273E0
5.323396437E1,-9.861592323E-1,-1.868034689E0,2.406902243E0,3.202380683E0
5.324392537E1,-7.991703920E-1,-2.442050441E0,-1.853313008E0,3.168130802E0
5.325388637E1,-9.396905324E-1,-2.550208435E0,-6.226385368E0,6.793707096E0
5.326384737E1,-8.810327268E-1,-2.818857297E0,-6.169176210E0,6.839657172E0
5.327380838E1,-2.493112421E0,-2.408706694E0,-1.468989323E1,1.509339062E1
5.328376938E1,-3.241319797E0,-2.757686358E0,-1.779959103E1,1.830126850E1
5.329373137E1,-3.635014581E0,-3.192014905E0,-1.976418064E1,2.034760739E1
5.330369237E1,-3.738008022E0,-3.494180299E0,-2.072633764E1,2.134860820E1
5.331365337E1,-3.712395464E0,-3.591665078E0,-2.069287286E1,2.132784389E1
5.332361437E1,-2.945648029E0,-3.928805885E0,-1.929906738E1,1.991397398E1
5.333357537E1,-2.745862995E0,-4.146031116E0,-1.763773893E1,1.832536963E1
5.334353638E1,-2.412601378E0,-4.352728143E0,-1.576754092E1,1.653427453E1
5.335349738E1,-2.053398588E0,-4.352689843E0,-1.417241932E1,1.496729180E1
5.336345937E1,-2.161547958E0,-4.296880509E0,-1.417480381E1,1.496865174E1
5.337342037E1,-8.808517554E-1,-4.877230696E0,-1.198878599E1,1.297282809E1
5.338338137E1,9.833116382E-2,-5.196671981E0,-1.068521124E1,1.188228967E1
5.339334237E1,1.136578855E0,-5.325135309E0,-8.990660661E0,1.051098743E1
5.340330338E1,1.988387052E0,-5.309397528E0,-7.185795343E0,9.153089090E0
5.341326438E1,1.884321816E0,-5.193988109E0,-7.199194238E0,9.075052553E0
5.342322538E1,3.361540305E0,-5.356637768E0,-3.069678875E0,7.029683477E0
5.343318737E1,3.988399245E0,-5.129146580E0,-1.036582112E0,6.579511810E0
5.344314837E1,4.713319792E0,-4.697360402E0,8.425024992E-1,6.707487508E0
5.345310929E1,4.844684801E0,-3.411104521E0,2.350902874E0,6.374429323E0
5.346307029E1,4.917334117E0,-3.346065941E0,2.315072891E0,6.382467751E0
5.347303129E1,4.151933003E0,1.127548269E0,5.377648568E0,6.886872794E0
5.348299229E1,3.729916061E0,5.176545864E0,8.908470443E0,1.095763417E1
5.349295329E1,3.671314681E0,9.471002410E0,1.408871175E1,1.736865674E1
5.350291529E1,4.272911895E0,1.165160279E1,1.828522217E1,2.209902653E1
5.351287629E1,4.526142818E0,1.178176415E1,1.821461470E1,2.216005695E1
5.352283729E1,5.604708230E0,5.390984312E0,2.057434512E1,2.199497995E1
5.353279829E1,4.090856497E0,2.792429051E0,2.336048490E1,2.387980364E1
5.354275929E1,3.600993142E0,-1.198082793E-1,2.498114363E1,2.523963238E1
5.355272029E1,3.586294411E0,-4.034950098E0,2.230524257E1,2.294920862E1
5.356268129E1,3.962246988E0,-3.944365034E0,2.230765630E1,2.299758567E1
5.357264329E1,-1.940532416E0,-4.433038773E0,1.242784523E1,1.333674757E1
5.358260429E1,-3.713108239E0,-3.810941220E0,7.402363932E0,9.116218380E0
5.359256529E1,-3.603962650E0,-3.958970793E0,7.434272187E0,9.161353584E0
5.360252629E1,-2.218089510E0,-2.751834172E0,1.409412861E-2,3.534502939E0
5.361248729E1,-2.247104563E0,-2.879539701E0,3.117969275E-2,3.652697631E0
5.362244829E1,2.024736122E0,-4.286018136E0,-3.837759182E0,6.099008392E0
5.363240929E1,2.043952411E0,-4.282062787E0,-3.836166986E0,6.101637511E0
5.364237029E1,2.101800085E0,-5.670811003E0,-3.507339458E0,6.991215281E0
5.365233229E1,7.973453298E-1,-5.354145684E0,-2.755116214E0,6.073985589E0
5.366229329E1,9.029349348E-1,-5.264987925E0,-2.753623420E0,6.009811252E0
5.367225429E1,5.534136723E-1,-3.970137806E0,-2.841830422E0,4.913681007E0
5.368221529E1,5.994815455E-1,-3.978988152E0,-2.833168357E0,4.921236407E0
5.369217629E1,1.753498406E0,-2.047637034E0,-4.745837036E0,5.458071386E0
5.370213729E1,1.730085716E0,-1.192578370E0,-6.355834537E0,6.694181982E0
5.371209829E1,1.661502846E0,-1.359120374E0,-6.337409375E0,6.691080443E0
5.372206029E1,1.299413140E0,-6.584327352E-1,-9.786555589E0,9.894376103E0
5.373202129E1,1.221911220E0,-8.416736564E-1,-9.758333418E0,9.870488978E0
5.374198229E1,1.143228309E0,-1.596153925E0,-1.149850280E1,1.166491513E1
5.375194329E1,1.293217869E0,-2.487399107E0,-1.191499179E1,1.224036748E1
5.376190429E1,1.259101412E0,-2.604175605E0,-1.188822674E1,1.223507262E1
5.377186529E1,6.659491847E-1,-3.683766911E0,-1.110057171E1,1.171479062E1
5.378182629E1,7.036919385E-1,-3.745253892E0,-1.107838737E1,1.171549299E1
5.379178829E1,-2.833591988E0,-1.451247642E0,-9.908039095E0,1.040694970E1
5.380174929E1,-3.828024153E0,-1.961258748E0,-1.014910109E1,1.102291058E1
5.381171029E1,-3.418002481E0,-3.464925217E0,-1.047252462E1,1.154825613E1
5.382167129E1,-2.508290331E0,-5.159453284E0,-1.057243248E1,1.202862449E1
5.383163229E1,-2.509654779E0,-5.242135252E0,-1.054527918E1,1.204081651E1
5.384159329E1,-2.402255461E-1,-7.669770552E0,-9.334875721E0,1.208399741E1
5.385155429E1,3.767809819E-1,-7.392183344E0,-6.963894094E0,1.016278306E1
5.386151629E1,2.677288751E-1,-6.350687817E0,-3.749650998E0,7.379891402E0
5.387147729E1,-1.857577821E-1,-3.659274679E0,-9.100565511E-1,3.775314564E0
5.388143829E1,-3.706482759E-1,-3.710875188E0,-9.101074219E-1,3.838785006E0
5.389139929E1,9.498878572E-1,2.143876064E0,2.572005978E0,3.480475007E0
5.390136029E1,3.449619546E0,4.387448032E0,3.698353375E0,6.695326201E0
5.391132129E1,6.288116178E0,5.752817034E0,5.710370926E0,1.025883254E1
5.392128229E1,8.561525903E0,6.498760368E0,7.989872280E0,1.339297096E1
5.393124429E1,8.493447356E0,6.522257404E0,7.979427398E0,1.335476511E1
5.394120529E1,6.746761833E0,7.698620129E0,1.340040325E1,1.686292840E1
5.395116629E1,5.042798408E0,7.509912938E0,1.545352673E1,1.790642612E1
5.396112729E1,4.315070320E0,5.858048789E0,1.667785299E1,1.819580578E1
5.397108829E1,3.281340772E0,3.846202269E0,1.781786475E1,1.852125194E1
5.398104929E1,3.314514073E0,4.059696684E0,1.775331733E1,1.851073789E1
5.399101029E1,-3.861064868E-1,4.395328617E-1,1.967639055E1,1.968508604E1
5.400097229E1,-2.988603429E0,1.056333129E-1,1.900422270E1,1.923807135E1
5.401093329E1,-4.975999231E0,8.924877146E-1,1.727882865E1,1.800319477E1
5.402089429E1,-5.696185580E0,1.556378387E0,1.481691229E1,1.595022676E1
5.403085529E1,-5.828039124E0,1.505151077E0,1.482894586E1,1.600403559E1
5.404081629E1,-5.122771361E0,1.545815538E0,7.830674817E0,9.484292287E0
5.405077729E1,-4.361239350E0,1.014918178E0,3.820711040E0,5.886280696E0
5.406073829E1,-3.110766090E0,3.113057613E-3,-2.008156049E-1,3.117242734E0
5.407070029E1,-1.979825412E0,-1.085565114E0,-3.487816774E0,4.154879797E0
5.408066129E1,-2.136921093E0,-1.229774409E0,-3.424023067E0,4.219325873E0
5.409062229E1,-1.061744435E0,-3.094612572E0,-7.133867390E0,7.848311421E0
5.410058329E1,-8.854991224E-1,-4.109036367E0,-7.706533166E0,8.778322277E0
5.411054429E1,-7.956674713E-1,-4.879987658E0,-7.392344728E0,8.893487889E0
5.412050529E1,-6.392518944E-1,-5.190362835E0,-6.619462686E0,8.435982195E0
5.413046629E1,-6.008698938E-1,-5.153865684E0,-6.636819561E0,8.424413927E0
5.414042729E1,2.860384807E-3,-5.182549785E0,-5.948673030E0,7.889584354E0
5.415038929E1,2.268240932E-1,-5.353201359E0,-6.867130861E0,8.710091860E0
5.416035029E1,2.515476559E-1,-5.628586505E0,-8.365102726E0,1.008559398E1
5.417031129E1,9.959927872E-2,-5.830717149E0,-9.993824766E0,1.157081311E1
5.418027229E1,5.797850534E-2,-5.967568308E0,-9.936380550E0,1.159081065E1
5.419023329E1,-3.366685709E-1,-6.341526985E0,-1.233624976E1,1.387484661E1
5.420019429E1,-5.098488459E-1,-6.715882688E0,-1.254442818E1,1.423817771E1
5.421015529E1,-9.494493891E-1,-6.821235480E0,-1.230546768E1,1.410160425E1
5.422011729E1,-1.708281302E0,-6.737132639E0,-1.196997082E1,1.384150940E1
5.423007829E1,-1.688406909E0,-6.729112598E0,-1.197616419E1,1.384052683E1
5.424003929E1,-2.923501992E0,-6.416690018E0,-1.085299008E1,1.294249467E1
5.425000029E1,-2.925149152E0,-6.346316439E0,-1.019881177E1,1.236317077E1
5.425996129E1,-2.920903489E0,-6.303377995E0,-1.021728781E1,1.235545311E1
5.426992229E1,-2.903058664E0,-5.568263705E0,-9.342267187E0,1.125660990E1
5.427988329E1,-2.974048832E0,-5.532327887E0,-9.347281759E0,1.126158491E1
5.428984529E1,-3.561226813E0,-3.585910249E0,-7.089528539E0,8.706463325E0
5.429980629E1,-2.707712252E0,-9.527722156E-1,-4.681377330E0,5.491336290E0
5.430976729E1,5.610163683E-1,1.767012783E0,2.997007924E-1,1.878002690E0
5.431972829E1,6.607398711E0,3.625993497E0,9.172721906E0,1.187199957E1
5.432968929E1,6.217121040E0,3.870061541E0,9.193329833E0,1.175360727E1
5.433965029E1,1.649592974E1,5.538180950E0,2.398913309E1,2.963554711E1
5.434961129E1,1.378444253E1,5.655577837E0,2.395234241E1,2.820835201E1
5.435957229E1,8.224744992E0,6.991988795E0,2.262328433E1,2.506685723E1
5.436953429E1,5.424322797E0,6.889967161E0,2.221676952E1,2.388471840E1
5.437949529E1,5.551314965E0,7.123758139E0,2.212733519E1,2.389945586E1
5.438945629E1,3.488784196E0,5.923137070E0,2.036693502E1,2.149574865E1
5.439941729E1,3.574593255E0,6.117479807E0,2.031055851E1,2.151092892E1
5.440937829E1,1.833397391E-1,5.903772846E0,1.498276038E1,1.610500717E1
5.441933929E1,-1.518192999E-1,5.040720892E0,1.509724184E1,1.591724309E1
5.442930029E1,-1.082975967E-1,5.193923205E0,1.506929449E1,1.593964250E1
5.443926229E1,-2.529530342E-1,3.466103724E0,1.025032808E1,1.082345075E1
5.444922329E1,-2.647774199E-1,3.500491199E0,1.024999947E1,1.083448360E1
5.445918454E1,-6.483014108E-1,2.808038194E0,3.613162367E0,4.621722136E0
5.446914554E1,-6.415217105E-1,2.257487026E0,-3.783388263E-1,2.377170176E0
5.447910654E1,-6.531395432E-1,2.163132992E0,-3.655942351E-1,2.288972422E0
5.448906754E1,-2.379896731E0,1.349251736E0,-6.783021002E0,7.313943028E0
5.449902854E1,-2.365855081E0,1.220951107E0,-6.769985220E0,7.274660937E0
5.450898954E1,-3.903792374E0,3.660299988E-1,-1.066375664E1,1.136174628E1
5.451895154E1,-4.724542646E0,6.309291869E-2,-1.174639434E1,1.266108463E1
5.452891254E1,-4.706507494E0,-8.460482508E-2,-1.172520520E1,1.263482520E1
5.453887354E1,-5.480970038E0,-9.987642212E-1,-1.330001591E1,1.441974292E1
5.454883454E1,-5.496841720E0,-1.159615861E0,-1.326273173E1,1.440347287E1
5.455879554E1,-4.188002722E0,-2.129165639E0,-1.424031602E1,1.499530971E1
5.456875654E1,-3.077081157E0,-2.624894044E0,-1.417012136E1,1.473603870E1
5.457871754E1,-3.149699775E0,-2.754158148E0,-1.411723914E1,1.472421260E1
5.458867954E1,-2.211537120E0,-3.061812031E0,-1.331453572E1,1.383988623E1
5.459864054E1,-2.251143528E0,-3.129746736E0,-1.328407874E1,1.383219830E1
5.460860154E1,-2.452464332E0,-3.704887639E0,-1.130721465E1,1.214882204E1
5.461856254E1,-2.476184147E0,-3.942627826E0,-9.811351876E0,1.085994603E1
5.462852354E1,-2.249883745E0,-4.143113648E0,-8.278908336E0,9.527207922E0
5.463848454E1,-1.887692005E0,-4.324668817E0,-6.858812612E0,8.325229842E0
5.464844554E1,-1.847562271E0,-4.272362841E0,-6.884529251E0,8.310434020E0
5.465840654E1,-1.298016678E0,-4.116213532E0,-5.019645188E0,6.620037685E0
5.466836854E1,-1.064221023E0,-3.695471283E0,-4.379473307E0,5.828281122E0
5.467832954E1,-5.571501893E-1,-3.486798774E0,-3.496360141E0,4.969176618E0
5.468829054E1,-1.309995577E-2,-3.191658810E0,-2.265466867E0,3.913974667E0
5.469825154E1,7.075949550E-2,-3.160692540E0,-2.293334112E0,3.905683755E0
5.470821254E1,-9.554636890E-1,-6.241508022E-1,5.721091211E-2,1.142693386E0
5.471817354E1,-1.997818026E0,8.122675703E-1,7.351207227E-1,2.278477111E0
5.472813454E1,-2.536277736E0,1.956450291E0,1.498106936E0,3.536202326E0
5.473809654E1,-1.475464471E0,2.796167761E0,3.593179507E0,4.786072348E0
5.474805754E1,-1.505301350E0,2.795898789E0,3.599181674E0,4.799696961E0
5.475801854E1,3.698494878E0,4.632812696E0,1.035535343E1,1.193210637E1
5.476797954E1,5.769494462E0,4.202987089E0,1.341070370E1,1.519207493E1
5.477794054E1,7.124351047E0,2.919383213E0,1.554340662E1,1.734579677E1
5.478790154E1,7.915917866E0,1.551385450E0,1.692542410E1,1.874936088E1
5.479786254E1,7.936705302E0,1.702709344E0,1.688816097E1,1.873767571E1
5.480782354E1,5.929312899E0,6.685794085E-1,1.852058663E1,1.945805435E1
5.481778554E1,3.180356142E0,1.232798882E0,1.815454509E1,1.847219439E1
5.482774654E1,3.337585140E0,1.414775342E0,1.809706228E1,1.845656325E1
5.483770754E1,1.258682313E0,2.346597861E0,1.706259393E1,1.726913184E1
5.484766854E1,3.541643903E-1,3.667768929E0,1.561128928E1,1.604027164E1
5.485762954E1,3.533698998E-1,4.534724776E0,1.405834833E1,1.477585046E1
5.486759054E1,6.050159352E-1,5.218013148E0,9.160604137E0,1.055984724E1
5.487755154E1,1.176559923E0,4.581337025E0,5.618608232E0,7.344501389E0
5.488751354E1,1.279319329E0,3.638876959E0,2.095401769E0,4.389623224E0
5.489747454E1,1.225085235E0,3.550801812E0,2.118273738E0,4.312320833E0
5.490743554E1,-2.742639425E-1,1.306249558E0,-3.435761937E0,3.685914907E0
5.491739654E1,-1.661873560E0,4.481501958E-1,-5.578265952E0,5.837783257E0
5.492735754E1,-1.549730834E0,3.977587451E-1,-5.590319402E0,5.814769875E0
5.493731854E1,-3.581676280E0,-8.394907446E-1,-8.314673415E0,9.092136365E0
5.494727954E1,-3.476653562E0,-9.046256572E-1,-8.319689741E0,9.062157854E0
5.495724054E1,-3.370382172E0,-2.032988736E0,-9.902376652E0,1.065596465E1
5.496720254E1,-2.852472939E0,-2.361006863E0,-1.061561417E1,1.124287416E1
5.497716354E1,-2.345138104E0,-2.794477623E0,-1.168765789E1,1.224377903E1
5.498712454E1,-1.925784861E0,-3.638947711E0,-1.287790424E1,1.352002239E1
5.499708554E1,-1.969077499E0,-3.802635543E0,-1.283182000E1,1.352748712E1
5.500704654E1,-1.719864052E0,-5.347620192E0,-1.436192992E1,1.542141385E1
5.501700754E1,-2.065490922E0,-5.655488960E0,-1.439135544E1,1.560006153E1
5.502696854E1,-2.088806256E0,-5.735910394E0,-1.436449450E1,1.560776992E1
5.503692954E1,-2.188234942E0,-6.279600878E0,-1.323005749E1,1.480730159E1
5.504689154E1,-2.192729112E0,-6.292864117E0,-1.322536568E1,1.480940570E1
5.505685254E1,-1.933681379E0,-6.043769807E0,-1.124254912E1,1.290973230E1
5.506681354E1,-1.740950573E0,-5.688049765E0,-1.028279884E1,1.187942638E1
5.507677454E1,-1.628947742E0,-5.014314866E0,-9.380569373E0,1.076066476E1
5.508673554E1,-1.248794378E0,-4.210639633E0,-8.567788855E0,9.627875123E0
5.509669654E1,-1.272664905E0,-4.185201321E0,-8.571064466E0,9.622823501E0
5.510665754E1,-7.679186323E-1,-3.235710855E0,-7.612081922E0,8.306823398E0
5.511661854E1,-1.917953977E-1,-1.017170233E0,-4.293122796E0,4.416143578E0
5.512658054E1,-2.797439530E-1,1.736716604E-1,-2.161052552E0,2.185993289E0
5.513654154E1,-3.898164721E-1,1.414546131E0,4.093062651E-1,1.523295526E0
5.514650254E1,-4.179781245E-1,1.500506341E0,3.920955706E-1,1.606226612E0
5.515646354E1,1.110633005E0,3.319827438E0,6.198331012E0,7.118571993E0
5.516642454E1,2.874220196E0,3.737015750E0,9.625163666E0,1.071775182E1
5.517638554E1,4.944043613E0,3.476114742E0,1.330558714E1,1.461388347E1
5.518634654E1,6.671093600E0,2.816504962E0,1.676811763E1,1.826488321E1
5.519630854E1,6.648001192E0,3.039910115E0,1.673346118E1,1.826049552E1
5.520626954E1,7.363299268E0,1.626952526E0,2.143349990E1,2.272135710E1
5.521623054E1,5.979006046E0,1.884749832E0,2.202270043E1,2.289760096E1
5.522619154E1,6.088703905E0,2.036570301E0,2.198547472E1,2.290373403E1
5.523615254E1,3.799767483E0,2.474778184E0,1.943773995E1,1.995967170E1
5.524611354E1,3.828286693E0,2.514780740E0,1.942929891E1,1.996190265E1
5.525607454E1,3.194800519E0,2.793411676E0,1.498275570E1,1.557218249E1
5.526603554E1,3.129243291E0,2.725546552E0,1.500056047E1,1.556398349E1
5.527599754E1,7.662850665E-1,2.916984685E0,7.618954155E0,8.194172006E0
5.528595854E1,-3.287499060E-1,2.622639650E0,3.551882377E0,4.427435336E0
5.529591954E1,-3.707371536E-1,2.501382430E0,3.575639614E0,4.379447311E0
5.530588054E1,-1.838206726E0,1.180703845E0,-2.876186907E0,3.611857786E0
5.531584154E1,-1.829532236E0,1.099862580E0,-2.865828565E0,3.573493985E0
5.532580254E1,-3.434427895E0,-6.155204581E-1,-6.316017337E0,7.215693688E0
5.533576354E1,-4.128230145E0,-1.508483259E0,-6.716556287E0,8.026825912E0
5.534572454E1,-4.150871149E0,-1.573112241E0,-6.701096249E0,8.037978872E0
5.535568654E1,-4.839538082E0,-2.581070040E0,-6.690619208E0,8.651441312E0
5.536564754E1,-5.573541986E0,-3.508097257E0,-6.073039799E0,8.958399915E0
5.537560854E1,-6.640543653E0,-4.253340095E0,-6.458932643E0,1.019340634E1
5.538556954E1,-6.804811821E0,-4.856031908E0,-8.091382282E0,1.163430174E1
5.539553054E1,-7.144557270E0,-5.244867071E0,-7.866088479E0,1.185026064E1
5.540549154E1,-5.815232552E0,-4.621722282E0,-1.251425304E1,1.455279271E1
5.541545254E1,-6.079886304E0,-4.983683642E0,-1.225692643E1,1.456139985E1
5.542541354E1,-5.715498349E0,-4.629958670E0,-1.468886996E1,1.642760906E1
5.543537554E1,-4.462336831E0,-3.963596818E0,-1.643021990E1,1.748069437E1
5.544533654E1,-4.489198648E0,-4.023790103E0,-1.638581965E1,1.745963565E1
5.545529725E1,-3.091654758E0,-2.768479148E0,-1.246204676E1,1.313489305E1
5.546525825E1,-3.021074479E0,-2.654321034E0,-1.255377086E1,1.318216500E1
5.547521925E1,-1.153060402E0,-1.819549431E0,-6.816672898E0,7.148939629E0
5.548518025E1,-3.817652947E-1,-1.196450543E0,-4.155153649E0,4.340799522E0
5.549514125E1,3.817693877E-1,-5.974494919E-1,-1.756276125E0,1.893990388E0
5.550510225E1,1.205480105E0,-1.076753068E-1,1.612779021E-1,1.220977812E0
5.551506425E1,1.324175075E0,2.255066425E-2,6.599576890E-2,1.326010408E0
5.552502525E1,1.364982793E0,1.278574102E0,2.488890731E0,3.113279112E0
5.553498625E1,8.795276535E-1,2.797402985E0,3.321187500E0,4.430498704E0
5.554494725E1,1.468356595E0,3.561265404E0,4.466495664E0,5.898157838E0
5.555490825E1,2.704981018E0,3.777664131E0,6.337471356E0,7.858193926E0
5.556486925E1,2.745980817E0,3.907510033E0,6.283622008E0,7.892588349E0
5.557483025E1,5.938264986E0,3.583710819E0,1.248779673E1,1.428464355E1
5.558479125E1,7.147725291E0,2.831937810E0,1.490161038E1,1.676806013E1
5.559475325E1,7.191698692E0,3.004399974E0,1.484432287E1,1.676606307E1
5.560471425E1,6.694859608E0,2.115681667E0,1.760635458E1,1.895470854E1
5.561467525E1,6.747077583E0,2.265403571E0,1.755887753E1,1.894648488E1
5.562463625E1,5.955012581E0,2.069401833E0,1.849241358E1,1.953750134E1
5.563459725E1,5.233905296E0,2.010198043E0,1.965137850E1,2.043554104E1
5.564455825E1,5.326743293E0,2.396965192E0,1.856214513E1,1.945951870E1
5.565451925E1,5.033935198E0,2.778770540E0,1.579643318E1,1.681039472E1
5.566448025E1,4.930730088E0,2.658675748E0,1.585137713E1,1.681210316E1
5.567444225E1,2.020036714E0,3.498264287E0,7.482704090E0,8.503485276E0
5.568440325E1,5.375918376E-1,3.438072464E0,3.557595692E0,4.976528344E0
5.569436425E1,-3.433432406E-1,2.955100930E0,-4.845119834E-2,2.975374532E0
5.570432525E1,-7.119838750E-1,2.285834766E0,-3.248182674E0,4.035176861E0
5.571428625E1,-7.379858583E-1,2.132748813E0,-3.192148222E0,3.909354281E0
5.572424725E1,-1.752400006E0,8.513961142E-1,-8.374422019E0,8.598065205E0
5.573420825E1,-2.493146335E0,1.508327284E-1,-1.033713234E1,1.063460550E1
5.574416925E1,-3.187937057E0,-6.357616183E-1,-1.209883293E1,1.252792456E1
5.575413125E1,-3.739313998E0,-1.426660978E0,-1.306160856E1,1.366101932E1
5.576409225E1,-3.551181296E0,-1.349904578E0,-1.314443554E1,1.368244556E1
5.577405325E1,-4.322711461E0,-1.726752949E0,-1.326354566E1,1.405664091E1
5.578401425E1,-4.204735699E0,-2.158712497E0,-1.283644515E1,1.367896801E1
5.579397525E1,-4.082806635E0,-2.526332792E0,-1.205925429E1,1.297987987E1
5.580393625E1,-4.065949989E0,-2.499435892E0,-1.150140770E1,1.245236958E1
5.581389725E1,-3.915872429E0,-2.399663682E0,-1.155465478E1,1.243392496E1
5.582385825E1,-4.046862338E0,-2.522358732E0,-1.118060606E1,1.215505410E1
5.583382025E1,-4.004238183E0,-2.711533115E0,-1.121659918E1,1.221468102E1
5.584378125E1,-3.885589406E0,-2.828770374E0,-1.114196064E1,1.213437406E1
5.585374225E1,-3.527419381E0,-2.953451430E0,-1.083359954E1,1.176998054E1
5.586370325E1,-3.552096385E0,-2.985014116E0,-1.082239043E1,1.177505128E1
5.587366425E1,-2.360664508E0,-2.795060298E0,-9.464196836E0,1.014672956E1
5.588362525E1,-1.840105317E0,-2.384328190E0,-8.638161850E0,9.148160943E0
5.589358625E1,-1.401198546E0,-2.037114385E0,-7.752257808E0,8.136995361E0
5.590354725E1,-7.850708547E-1,-1.728260361E0,-6.260647128E0,6.542088549E0
5.591350925E1,-8.454695226E-1,-1.753918382E0,-6.242763419E0,6.539353447E0
5.592347025E1,6.689214706E-1,-2.968479359E-1,-1.984432141E0,2.115075780E0
5.593343125E1,1.522316456E0,3.334779646E-1,2.452585369E-1,1.577595225E0
5.594339225E1,2.064095338E0,1.234232180E0,2.738566255E0,3.644662367E0
5.595335325E1,2.360720495E0,2.455700766E0,5.541638408E0,6.504861548E0
5.596331425E1,2.326153218E0,2.492937589E0,5.539513530E0,6.504762622E0
5.597327525E1,4.406952882E0,3.466888128E0,1.121371066E1,1.253745802E1
5.598323625E1,6.117116695E0,3.003035234E0,1.442665275E1,1.595511350E1
5.599319725E1,7.388746936E0,2.384886014E0,1.716399635E1,1.883836599E1
5.600315925E1,7.750929905E0,1.682497274E0,1.861589274E1,2.023509758E1
5.601312025E1,7.697460626E0,1.715973899E0,1.862122774E1,2.022240315E1
5.602308125E1,5.621211997E0,1.482251042E0,1.869054180E1,1.957374377E1
5.603304225E1,5.613866724E0,1.498110445E0,1.868884260E1,1.957122051E1
5.604300325E1,3.074405179E0,1.529883776E0,1.714339778E1,1.748395261E1
5.605296425E1,2.599716518E0,1.642070063E0,1.611102274E1,1.640182836E1
5.606292525E1,2.596634158E0,1.647797850E0,1.611054210E1,1.640144242E1
5.607288625E1,1.902128926E0,2.574348958E0,1.179054433E1,1.221729522E1
5.608284825E1,1.894140168E0,2.525272984E0,1.180343744E1,1.221826117E1
5.609280925E1,4.351221608E-1,2.538452901E0,5.301636518E0,5.894100796E0
5.610277025E1,-3.617358036E-1,2.305035414E0,2.223644657E0,3.223140799E0
5.611273125E1,-3.616404940E-1,2.219354555E0,2.244809239E0,3.177339612E0
5.612269225E1,-1.266418325E0,7.488989554E-1,-2.896831087E0,3.249045301E0
5.613265325E1,-1.256628186E0,6.748090321E-1,-2.879606359E0,3.213505004E0
5.614261425E1,-2.380898213E0,-7.918960172E-1,-6.425159710E0,6.897713600E0
5.615257525E1,-2.862086347E0,-1.634693216E0,-7.753446547E0,8.424944719E0
5.616253725E1,-2.853510236E0,-1.701257627E0,-7.736317713E0,8.419466131E0
5.617249825E1,-3.525045996E0,-3.351136647E0,-9.855634010E0,1.099043165E1
5.618245925E1,-3.548706462E0,-3.434084078E0,-9.824201717E0,1.099550774E1
5.619242025E1,-3.784563553E0,-4.534048254E0,-1.174270241E1,1.314426014E1
5.620238125E1,-4.191903985E0,-4.591745069E0,-1.285864702E1,1.428289134E1
5.621234225E1,-4.656675476E0,-4.555703417E0,-1.423039446E1,1.565066090E1
5.622230325E1,-4.725083221E0,-4.505194583E0,-1.571208475E1,1.701448786E1
5.623226425E1,-4.807999078E0,-4.629667771E0,-1.563976054E1,1.700449319E1
5.624222525E1,-4.177558718E0,-4.124392325E0,-1.768246428E1,1.863148282E1
5.625218725E1,-3.728015715E0,-4.264976931E0,-1.710570896E1,1.801925105E1
5.626214825E1,-3.746625064E0,-4.201875241E0,-1.712532754E1,1.802691871E1
5.627210925E1,-2.834640101E0,-4.657791709E0,-1.242054790E1,1.356466801E1
5.628207025E1,-2.786979739E0,-4.465508069E0,-1.250634760E1,1.356896270E1
5.629203125E1,-3.126701799E0,-4.645968639E0,-6.181229076E0,8.340796222E0
5.630199225E1,-3.440162259E0,-3.964370405E0,-3.344538356E0,6.223896359E0
5.631195325E1,-3.284607612E0,-3.265982768E0,-1.284109368E0,4.806685706E0
5.632191425E1,-2.463473470E0,-2.684657266E0,-1.839276767E-1,3.648275697E0
5.633187625E1,-2.431641666E0,-2.592921469E0,-2.154330593E-1,3.561254602E0
5.634183725E1,-7.979008153E-1,-3.817167628E-1,-4.072351813E-1,9.737524793E-1
5.635179825E1,5.503389139E-1,4.938135879E-1,-3.232598090E-1,8.069830753E-1
5.636175925E1,1.861197247E0,1.455434249E0,4.845324486E-1,2.411869760E0
5.637172025E1,2.855398886E0,2.639131722E0,2.339547581E0,4.537819072E0
5.638168125E1,2.834864634E0,2.715047584E0,2.327708724E0,4.563569741E0
5.639164225E1,3.941073928E0,4.513171940E0,9.340949224E0,1.109748247E1
5.640160325E1,4.865209113E0,4.577331975E0,1.332250898E1,1.490340475E1
5.641156525E1,6.295838596E0,4.240877924E0,1.719003049E1,1.879148151E1
5.642152625E1,7.874247683E0,3.918935200E0,2.033747675E1,2.215795095E1
5.643148725E1,7.800483304E0,4.007251545E0,2.034383852E1,2.215349567E1
5.644144825E1,9.303684919E0,3.647656261E0,2.153988180E1,2.374511439E1
5.645140967E1,8.212352403E0,3.657425205E0,2.099367468E1,2.283755389E1
5.646137067E1,6.591993052E0,3.839896632E0,2.025750087E1,2.164637430E1
5.647133167E1,5.443397584E0,3.834619228E0,1.928301678E1,2.040023573E1
5.648129267E1,5.505396781E0,3.853975266E0,1.926269302E1,2.040132009E1
5.649125367E1,3.390576701E0,3.630756054E0,1.516822938E1,1.596100192E1
5.650121567E1,1.892352820E0,3.456237717E0,1.175842089E1,1.240109029E1
5.651117667E1,5.362421541E-1,2.980084913E0,8.100421493E0,8.647848871E0
5.652113767E1,-5.316914123E-1,2.344011784E0,4.725640753E0,5.301770226E0
5.653109867E1,-5.013785693E-1,2.207371856E0,4.742180772E0,5.254726392E0
5.654105967E1,-1.486142802E0,6.426553394E-1,-1.167768488E0,1.996324010E0
5.655102067E1,-1.677054393E0,-2.575765738E-1,-3.700115726E0,4.070591298E0
5.656098167E1,-1.810040689E0,-1.020757792E0,-5.985814544E0,6.336258322E0
5.657094267E1,-2.033768900E0,-1.649718952E0,-8.147812591E0,8.558308161E0
5.658090367E1,-2.010005670E0,-1.781752736E0,-8.119550659E0,8.552301942E0
5.659086567E1,-2.453239380E0,-2.615230643E0,-1.160927480E1,1.215043522E1
5.660082667E1,-2.678945121E0,-2.936517309E0,-1.275722590E1,1.336213656E1
5.661078767E1,-2.915012127E0,-3.294034493E0,-1.361842721E1,1.431116762E1
5.662074867E1,-3.163965227E0,-3.543035540E0,-1.424421260E1,1.501537111E1
5.663070967E1,-3.112827233E0,-3.576419341E0,-1.424560424E1,1.501391717E1
5.664067067E1,-3.839855702E0,-3.722645340E0,-1.480176800E1,1.573832634E1
5.665063167E1,-4.087185615E0,-4.082296465E0,-1.474212406E1,1.583352306E1
5.666059267E1,-4.340956528E0,-4.309388873E0,-1.438687063E1,1.563319489E1
5.667055467E1,-4.417660888E0,-4.414816802E0,-1.383948354E1,1.518346600E1
5.668051567E1,-4.406291269E0,-4.389488418E0,-1.384948111E1,1.518193460E1
5.669047667E1,-3.675265059E0,-4.638350594E0,-1.259080011E1,1.391222904E1
5.670043767E1,-3.132454289E0,-4.692533818E0,-1.212139265E1,1.337012728E1
5.671039867E1,-2.564404013E0,-4.678516873E0,-1.159531866E1,1.276385925E1
5.672035967E1,-1.895394250E0,-4.563466473E0,-1.088831077E1,1.195713414E1
5.673032067E1,-1.956233505E0,-4.514739578E0,-1.088890484E1,1.194897367E1
5.674028167E1,-4.311017615E-1,-4.374706072E0,-8.179356565E0,9.285783530E0
5.675024267E1,-2.487288594E-2,-4.379844605E0,-6.607044954E0,7.926960354E0
5.676020467E1,-2.722826135E-1,-4.170150003E0,-5.487843440E0,6.897877535E0
5.677016567E1,-7.974554037E-1,-3.901680359E0,-5.031081172E0,6.416449369E0
5.678012667E1,-7.468730414E-1,-3.844038507E0,-5.056703671E0,6.395678494E0
5.679008767E1,-9.312765352E-1,-3.728060739E0,-4.484638989E0,5.905734478E0
5.680004867E1,-1.358546470E-1,-2.790193076E0,-3.021385551E0,4.114900307E0
5.681000967E1,8.369469135E-1,-1.305292807E0,-3.808250624E-1,1.596651865E0
5.681997067E1,1.948643527E0,8.416906133E-2,2.993675011E0,3.573007990E0
5.682993167E1,1.833760942E0,1.875728309E-1,2.998988961E0,3.520198510E0
5.683989267E1,3.669778617E0,1.675398608E0,1.058656403E1,1.132914708E1
5.684985467E1,5.253618014E0,1.523922832E0,1.498920869E1,1.595616558E1
5.685981567E1,6.878674434E0,1.084918851E0,1.967992227E1,2.087564493E1
5.686977667E1,7.793107041E0,1.107441887E0,2.368764597E1,2.496124029E1
5.687973767E1,7.851851093E0,1.306041982E0,2.364911750E1,2.495271668E1
5.688969867E1,8.150241525E0,2.274668777E0,2.759243998E1,2.886075707E1
5.689965967E1,8.195537565E0,2.380396230E0,2.757241677E1,2.886297436E1
5.690962067E1,9.165509951E0,4.093629539E0,2.790139750E1,2.965218976E1
5.691958167E1,9.258976523E0,5.423133473E0,2.454947411E1,2.679208282E1
5.692954267E1,9.185373527E0,5.335617027E0,2.457574448E1,2.677325368E1
5.693950467E1,6.831687963E0,7.615972660E0,1.572638938E1,1.876151175E1
5.694946567E1,6.857840220E0,7.507800339E0,1.573080520E1,1.873113106E1
5.695942667E1,1.598769677E0,7.332672722E0,8.794576038E0,1.156151899E1
5.696938767E1,1.217545250E-1,5.949527893E0,6.876315667E0,9.093702407E0
5.697934867E1,1.646181241E-1,5.873399484E0,6.875765444E0,9.044339173E0
5.698930967E1,-1.036737209E0,3.103274345E0,3.857543237E0,5.058238381E0
5.699927067E1,-1.028334906E0,2.995785856E0,3.871876516E0,5.002362775E0
5.700923167E1,-9.814048612E-1,3.694756168E-1,-6.722146225E-1,1.245608378E0
5.701919367E1,-1.297638217E0,-6.486564830E-1,-2.971469625E0,3.306698037E0
5.702915467E1,-1.288997787E0,-7.869149204E-1,-2.946735318E0,3.311193051E0
5.703911567E1,-2.160884884E0,-2.309440122E0,-7.108136133E0,7.780008769E0
5.704907667E1,-2.126751031E0,-2.444000341E0,-7.086169313E0,7.791662413E0
5.705903767E1,-3.046674759E0,-3.751717989E0,-1.053427355E1,1.159001873E1
5.706899867E1,-3.587500107E0,-4.271441905E0,-1.199306966E1,1.322683230E1
5.707895967E1,-3.526903364E0,-4.382045790E0,-1.197741666E1,1.323253122E1
5.708892067E1,-4.985647137E0,-4.663805863E0,-1.402686341E1,1.560002114E1
5.709888167E1,-4.931950402E0,-4.747821581E0,-1.401422524E1,1.559693731E1
5.710884367E1,-5.518874613E0,-4.764234130E0,-1.456890849E1,1.629137804E1
5.711880467E1,-5.364542034E0,-4.878678174E0,-1.449772565E1,1.620999263E1
5.712876567E1,-4.987532279E0,-5.020026426E0,-1.437120711E1,1.601898053E1
5.713872667E1,-4.525783507E0,-5.114732024E0,-1.433568177E1,1.587938827E1
5.714868767E1,-4.541892001E0,-5.158002005E0,-1.431824186E1,1.588224851E1
5.715864867E1,-3.655116139E0,-5.556165816E0,-1.421361646E1,1.569260162E1
5.716860967E1,-3.292792836E0,-5.622617667E0,-1.386806590E1,1.532251826E1
5.717857067E1,-2.950169680E0,-5.814050245E0,-1.335299402E1,1.485964774E1
5.718853167E1,-2.747167802E0,-5.889609135E0,-1.250592310E1,1.409370566E1
5.719849367E1,-2.721985890E0,-5.819175915E0,-1.253383420E1,1.408435356E1
5.720845467E1,-1.795474397E0,-5.466047943E0,-9.805235104E0,1.136855505E1
5.721841567E1,-1.201701927E0,-5.138146614E0,-8.671829533E0,1.015112140E1
5.722837667E1,-1.154112754E0,-5.047108390E0,-8.707444339E0,1.013039319E1
5.723833767E1,-4.310978146E-1,-4.159650158E0,-6.671959573E0,7.874235157E0
5.724829867E1,-3.996981204E-1,-4.093686257E0,-6.695595188E0,7.858054510E0
5.725825967E1,-6.560084796E-1,-2.661666598E0,-5.164535099E0,5.846985462E0
5.726822067E1,-2.327636218E-1,-2.082904077E0,-4.339799364E0,4.819390710E0
5.727818167E1,6.270764565E-1,-1.705692740E0,-3.306001697E0,3.772566742E0
5.728814367E1,1.444928556E0,-1.173056564E0,-1.740645348E0,2.548279118E0
5.729810467E1,1.372641622E0,-1.091002002E0,-1.745554671E0,2.474144599E0
5.730806567E1,2.403400784E0,1.017307642E0,3.294556941E0,4.203017441E0
5.731802667E1,2.584887394E0,1.639784241E0,5.981993973E0,6.719731177E0
5.732798767E1,3.568470343E0,1.726434422E0,9.410228205E0,1.021111900E1
5.733794867E1,5.123463671E0,1.613549100E0,1.363822822E1,1.465792242E1
5.734790967E1,5.046992615E0,1.833721181E0,1.362144203E1,1.464166490E1
5.735787067E1,6.860899483E0,1.230613777E0,1.796248042E1,1.926751294E1
5.736783167E1,7.907841107E0,-3.053880867E-1,2.418105274E1,2.544308402E1
5.737779367E1,6.260833070E0,-2.150504322E-1,2.474295146E1,2.552367380E1
5.738775467E1,3.976986650E0,7.246050900E-1,2.399112114E1,2.432931090E1
5.739771567E1,3.995978406E0,7.389892405E-1,2.398541426E1,2.432722849E1
5.740767667E1,2.263841633E0,3.081385585E0,2.114276932E1,2.148573040E1
5.741763767E1,2.957501212E0,4.460128923E0,1.925261710E1,1.998256312E1
5.742759867E1,2.865690278E0,4.360539146E0,1.928547495E1,1.997888952E1
5.743755967E1,2.625014789E0,5.918775047E0,1.476406749E1,1.612142331E1
5.744752067E1,2.554637994E0,5.809558999E0,1.479634296E1,1.609996633E1
5.745748129E1,6.899758324E-1,5.411130894E0,1.077248561E1,1.207488511E1
5.746744229E1,3.241164261E-1,4.224415088E0,9.895240710E0,1.076413132E1
5.747740429E1,-1.333203176E-1,2.871498317E0,9.134774061E0,9.576396715E0
5.748736529E1,-7.667179066E-1,1.604545849E0,7.682214596E0,7.885356354E0
5.749732629E1,-7.059869707E-1,1.538128935E0,7.675557541E0,7.859926322E0
5.750728729E1,-1.251415247E0,-8.404945654E-1,2.732146597E0,3.120432063E0
5.751724829E1,-1.596980429E0,-1.834133556E0,-9.063827455E-2,2.433640830E0
5.752720929E1,-2.151622894E0,-2.522947839E0,-2.809271371E0,4.345889151E0
5.753717029E1,-2.472265343E0,-3.011730629E0,-5.282810238E0,6.564350792E0
5.754713129E1,-2.403353714E0,-3.157257301E0,-5.268331363E0,6.595430091E0
5.755709229E1,-2.884861836E0,-3.578258582E0,-9.538934777E0,1.058856170E1
5.756705429E1,-2.764163026E0,-3.760770648E0,-1.103698441E1,1.198328077E1
5.757701529E1,-2.684485065E0,-3.831971901E0,-1.208010429E1,1.295451228E1
5.758697629E1,-2.810285863E0,-3.623432416E0,-1.296359519E1,1.375070069E1
5.759693729E1,-2.738086199E0,-3.723049091E0,-1.295019571E1,1.375011925E1
5.760689829E1,-2.964413790E0,-3.503789321E0,-1.365870049E1,1.440917721E1
5.761685929E1,-2.891222730E0,-3.361247944E0,-1.463631285E1,1.529309682E1
5.762682029E1,-2.865774186E0,-3.432294538E0,-1.461889984E1,1.528743079E1
5.763678129E1,-1.776151688E0,-3.638953850E0,-1.462965872E1,1.517971061E1
5.764674229E1,-1.788635932E0,-3.689602140E0,-1.461074298E1,1.517518345E1
5.765670429E1,-1.092224508E0,-3.370053266E0,-1.408800190E1,1.452659667E1
5.766666529E1,-8.449200305E-1,-3.491231256E0,-1.380413829E1,1.426382906E1
5.767662629E1,-6.686880206E-1,-3.557935123E0,-1.371567810E1,1.418541053E1
5.768658729E1,-4.760124707E-1,-3.584315128E0,-1.364807259E1,1.411891598E1
5.769654829E1,-5.318982576E-1,-3.595458167E0,-1.363226640E1,1.410846988E1
5.770650929E1,-4.357479590E-1,-4.058156820E0,-1.284503471E1,1.347788669E1
5.771647029E1,-4.709555063E-1,-4.027741359E0,-1.284775483E1,1.347253888E1
5.772643129E1,-1.042273499E0,-3.585305062E0,-1.107658994E1,1.168895167E1
5.773639229E1,-1.370196170E0,-3.193488404E0,-1.022372559E1,1.079816515E1
5.774635329E1,-1.364233180E0,-3.121479650E0,-1.024877038E1,1.080009545E1
5.775631529E1,-1.335644534E0,-1.963941451E0,-7.579046908E0,7.942478478E0
5.776627629E1,-1.362238110E0,-1.878028019E0,-7.599653081E0,7.945905163E0
5.777623729E1,-8.920687616E-2,-6.019524327E-1,-2.226392848E0,2.308057563E0
5.778619829E1,6.132507151E-1,4.850870571E-1,1.521212209E0,1.710401262E0
5.779615929E1,4.757784359E-1,5.473552260E-1,1.538250995E0,1.700640758E0
5.780612029E1,4.052679733E0,2.821123677E0,9.462848468E0,1.067372723E1
5.781608129E1,3.859660513E0,2.870960958E0,9.505418537E0,1.065328014E1
5.782604229E1,6.796333358E0,3.044000827E0,1.288263815E1,1.488013622E1
5.783600329E1,1.192652484E1,2.442862034E0,1.954366343E1,2.302529804E1
5.784596529E1,1.193712818E1,2.236492452E0,2.199876427E1,2.512852079E1
5.785592629E1,1.194187495E1,2.348911897E0,2.197049649E1,2.511629910E1
5.786588729E1,1.065660198E1,1.839305418E0,2.350333004E1,2.587185214E1
5.787584829E1,6.040852046E0,1.737410376E0,2.338222251E1,2.421236911E1
5.788580929E1,4.646193464E0,2.600776033E0,2.322414888E1,2.382671276E1
5.789577029E1,4.698802910E0,3.511379299E0,2.146292543E1,2.225007194E1
5.790573129E1,5.429183003E0,4.532782039E0,1.854953035E1,1.985213382E1
5.791569229E1,5.326764343E0,4.380557381E0,1.861886663E1,1.985512266E1
5.792565329E1,5.253080070E0,6.366132653E0,1.095174370E1,1.371361314E1
5.793561429E1,3.806335076E0,6.506975706E0,7.068767999E0,1.033423440E1
5.794557629E1,2.208375531E0,5.666526164E0,4.622148544E0,7.638762885E0
5.795553729E1,9.070186302E-1,4.335883192E0,3.345922977E0,5.551375182E0
5.796549829E1,9.606536776E-1,4.294168863E0,3.339156579E0,5.523830950E0
5.797545929E1,-1.282541437E0,1.437772734E0,1.888904425E0,2.698159169E0
5.798542029E1,-2.140679684E0,-2.553537548E-2,6.736887056E-1,2.244330198E0
5.799538129E1,-2.857288999E0,-1.309628664E0,-7.058314347E-1,3.221401197E0
5.800534229E1,-3.379492719E0,-2.515053221E0,-2.142288837E0,4.726083495E0
5.801530329E1,-3.363000355E0,-2.611406564E0,-2.115021517E0,4.754211990E0
5.802526429E1,-3.559089655E0,-3.716682057E0,-3.595420745E0,6.277570790E0
5.803522629E1,-3.146733482E0,-4.952098153E0,-7.311288870E0,9.374441459E0
5.804518729E1,-3.123370640E0,-5.244760652E0,-9.472399895E0,1.126895373E1
5.805514829E1,-3.846338217E0,-5.203734832E0,-1.183055916E1,1.348463214E1
5.806510929E1,-3.772222712E0,-5.374570009E0,-1.178100518E1,1.348731812E1
5.807507029E1,-6.927861797E0,-4.814671336E0,-1.584891311E1,1.795450851E1
5.808503129E1,-8.020857260E0,-4.899800071E0,-1.738081344E1,1.975942479E1
5.809499229E1,-8.016154345E0,-5.364056715E0,-1.809662958E1,2.050658034E1
5.810495329E1,-7.131068913E0,-5.681074036E0,-1.750528312E1,1.973731702E1
5.811491429E1,-7.096413635E0,-5.692115918E0,-1.750988020E1,1.973208491E1
5.812487529E1,-4.437812732E0,-4.643298508E0,-1.399434704E1,1.539792687E1
5.813483729E1,-3.036578664E0,-4.182261634E0,-1.264034708E1,1.365615233E1
5.814479829E1,-1.526559780E0,-4.364082558E0,-1.156635155E1,1.245616673E1
5.815475929E1,-4.362726004E-1,-5.014173363E0,-1.010065457E1,1.128518901E1
5.816472029E1,-3.373583230E-1,-4.884772142E0,-1.018603561E1,1.130177557E1
5.817468129E1,-2.910330261E-1,-5.437049262E0,-6.146186128E0,8.211078420E0
5.818464229E1,-7.941037796E-1,-5.336477737E0,-4.627325084E0,7.107793813E0
5.819460329E1,-1.109241514E0,-5.492854503E0,-3.757779213E0,6.747056539E0
5.820456429E1,-1.064765545E0,-5.873157409E0,-3.701579869E0,7.023488958E0
5.821452529E1,-9.305190285E-1,-5.764810258E0,-3.763225894E0,6.946997344E0
5.822448629E1,-6.845003535E-1,-5.893799250E0,-4.516603963E0,7.456884181E0
5.823444829E1,-8.292788748E-1,-4.609206902E0,-7.099428459E0,8.504961856E0
5.824440929E1,-8.218035020E-1,-3.854215294E0,-8.107097259E0,9.014175642E0
5.825437029E1,-6.719104211E-1,-3.650408838E0,-8.637756053E0,9.401477434E0
5.826433129E1,-6.887378307E-1,-3.636379614E0,-8.640176216E0,9.399481982E0
5.827429229E1,-1.613213177E0,-9.679112417E-1,-6.827096145E0,7.081564142E0
5.828425329E1,-1.190009834E0,-5.921855360E-2,-3.986172041E0,4.160432403E0
5.829421429E1,1.510767035E-1,8.809035033E-1,-7.596024299E-1,1.172949702E0
5.830417529E1,1.947507121E0,2.091108744E0,3.623455220E0,4.614644894E0
5.831413629E1,1.758860010E0,2.206461444E0,3.624068593E0,4.593031005E0
5.832409729E1,6.724568142E0,5.689188802E0,1.405931429E1,1.659069028E1
5.833405929E1,9.855770835E0,6.172561748E0,1.907599494E1,2.234122468E1
5.834402029E1,1.216217230E1,5.623678937E0,2.417086221E1,2.763647554E1
5.835398129E1,1.293998179E1,4.575532787E0,2.901735497E1,3.209961867E1
5.836394229E1,1.287587292E1,4.722751644E0,2.900353450E1,3.208266666E1
5.837390329E1,1.117061785E1,3.169710701E0,3.182542650E1,3.387753741E1
5.838386429E1,9.072386609E0,3.097414557E0,2.872686530E1,3.028423626E1
5.839382529E1,6.364012452E0,3.863721405E0,2.384214578E1,2.497752816E1
5.840378629E1,3.614910100E0,4.419309218E0,1.804354856E1,1.892531410E1
5.841374729E1,3.629719343E0,4.195615505E0,1.809399717E1,1.892540054E1
5.842370829E1,-5.428864914E-1,5.442445657E0,8.855180089E0,1.040812927E1
5.843367029E1,-4.601390344E-1,5.156315668E0,6.249744410E0,8.115332672E0
5.844363129E1,8.223392531E-1,4.237085128E0,5.388861188E0,6.904270934E0
5.845359275E1,1.803441229E0,3.150442371E0,5.085709954E0,6.248370438E0
5.846355375E1,1.786350694E0,3.119676077E0,5.100940197E0,6.240434161E0
5.847351475E1,1.491925260E0,4.019791192E-1,2.590352787E0,3.016182314E0
5.848347575E1,3.381550062E-1,-4.427684185E-1,5.844976169E-1,8.074838356E-1
5.849343675E1,-7.546454528E-1,-1.346721061E0,-1.078971502E0,1.883434861E0
5.850339775E1,-1.816132610E0,-2.067522245E0,-2.324868146E0,3.602498826E0
5.851335875E1,-1.781832258E0,-2.065769250E0,-2.334878579E0,3.590819791E0
5.852331975E1,-3.631274702E0,-2.841758794E0,-3.803574606E0,5.977368048E0
5.853328175E1,-3.646387123E0,-2.882326484E0,-3.785935895E0,5.994769021E0
5.854324275E1,-3.613026127E0,-3.868646222E0,-6.075064105E0,8.057715884E0
5.855320375E1,-3.246855356E0,-4.173200496E0,-7.169212639E0,8.908158168E0
5.856316475E1,-3.293552974E0,-4.259455698E0,-7.124672059E0,8.930364269E0
5.857312575E1,-2.911250028E0,-4.208602171E0,-9.071879656E0,1.041569534E1
5.858308675E1,-2.930287101E0,-4.295932383E0,-9.032698048E0,1.042263170E1
5.859304775E1,-2.956685233E0,-4.062666193E0,-1.073719065E1,1.185472510E1
5.860300875E1,-3.310715722E0,-3.924396500E0,-1.153713302E1,1.262803091E1
5.861296975E1,-3.299972340E0,-4.005346815E0,-1.150664213E1,1.262281401E1
5.862293075E1,-3.112716428E0,-3.929112571E0,-1.222063394E1,1.320874040E1
5.863289175E1,-3.136998746E0,-3.996018459E0,-1.218394850E1,1.320066384E1
5.864285375E1,-2.606339074E0,-4.281250024E0,-1.177754714E1,1.279971569E1
5.865281475E1,-2.536797846E0,-4.185776395E0,-1.128932334E1,1.230466939E1
5.866277575E1,-2.555091153E0,-4.220756485E0,-1.126739745E1,1.230030575E1
5.867273675E1,-2.685945407E0,-4.470146373E0,-1.091691768E1,1.209857855E1
5.868269775E1,-2.673268351E0,-4.476651400E0,-1.091794913E1,1.209910677E1
5.869265875E1,-2.917746577E0,-4.688893926E0,-1.024930131E1,1.164247176E1
5.870261975E1,-3.030096733E0,-4.690407186E0,-9.885115671E0,1.135327784E1
5.871258075E1,-3.001441283E0,-4.659068449E0,-9.908385251E0,1.135304659E1
5.872254175E1,-2.728261414E0,-4.936352186E0,-8.880988530E0,1.052059602E1
5.873250375E1,-2.711446284E0,-4.894339649E0,-8.904889024E0,1.051682224E1
5.874246475E1,-2.450712799E0,-4.737276127E0,-7.043043174E0,8.834717623E0
5.875242575E1,-2.211086884E0,-4.396904442E0,-6.218083491E0,7.930084248E0
5.876238675E1,-2.009328124E0,-3.617977549E0,-5.542609631E0,6.917201932E0
5.877234775E1,-1.766953726E0,-2.765989404E0,-4.555478007E0,5.614730868E0
5.878230875E1,-1.788601288E0,-2.736317708E0,-4.561528121E0,5.611957587E0
5.879226975E1,9.548707813E-2,-6.365857834E-1,-1.198720724E0,1.360621408E0
5.880223075E1,1.571078141E0,5.916961241E-1,1.314269891E0,2.132063830E0
5.881219175E1,2.355592633E0,2.639249835E0,4.272806645E0,5.547191449E0
5.882215275E1,2.039533086E0,5.280386567E0,7.304785597E0,9.241324046E0
5.883211375E1,2.003995171E0,5.315973891E0,7.302002322E0,9.251746482E0
5.884207575E1,2.966810271E0,8.624212732E0,1.192890231E1,1.501591552E1
5.885203675E1,5.101434871E0,9.261639345E0,1.401645887E1,1.755744060E1
5.886199775E1,7.698542361E0,9.404935305E0,1.647343082E1,2.047179244E1
5.887195875E1,1.022116919E1,8.579407273E0,1.877388217E1,2.303339272E1
5.888191975E1,1.027395200E1,8.761655045E0,1.869330754E1,2.305993139E1
5.889188075E1,8.147129052E0,5.948100588E0,2.088920599E1,2.319729594E1
5.890184175E1,3.191006553E0,4.121771018E0,2.117773567E1,2.180981447E1
5.891180275E1,-8.476685143E-1,2.575653471E0,2.108606069E1,2.125969162E1
5.892176375E1,-1.660834363E0,1.743664997E0,2.120187064E1,2.133818308E1
5.893172475E1,-1.417708890E0,1.972605709E0,2.111344437E1,2.125273170E1
5.894168675E1,2.228667708E0,1.649951964E0,1.900165928E1,1.920292573E1
5.895164775E1,2.358903034E0,2.506974123E0,1.466839535E1,1.506688969E1
5.896160875E1,1.172543909E0,1.353470795E0,9.429628097E0,9.598157555E0
5.897156975E1,7.585046151E-1,2.192424326E0,3.660672748E0,4.333887244E0
5.898153075E1,7.618144315E-1,2.041009361E0,3.690290065E0,4.285361269E0
5.899149175E1,3.953890148E-1,2.424555279E-1,-1.636863703E0,1.701305363E0
5.900145275E1,6.509529769E-2,-6.475168607E-1,-3.402046891E0,3.463731880E0
5.901141375E1,1.266791962E-1,-1.186636722E0,-4.895407643E0,5.038766746E0
5.902137475E1,8.626104891E-3,-1.900825436E0,-7.022491381E0,7.275204254E0
5.903133575E1,-2.994651496E-2,-2.018746234E0,-6.984316079E0,7.270275390E0
5.904129675E1,-8.439581636E-1,-2.418540541E0,-1.053746145E1,1.084433943E1
5.905125875E1,-8.692228130E-1,-2.651998812E0,-1.109711718E1,1.144266820E1
5.906121975E1,-5.995746624E-1,-2.880015664E0,-1.124357589E1,1.162204710E1
5.907118075E1,-5.343324535E-1,-2.947333196E0,-1.117776548E1,1.157215301E1
5.908114175E1,-5.020673713E-1,-2.947043174E0,-1.118262452E1,1.157532834E1
5.909110275E1,-6.584885761E-1,-3.339856198E0,-1.111412790E1,1.162377243E1
5.910106375E1,-5.378040916E-1,-3.784370595E0,-1.133080115E1,1.195816661E1
5.911102475E1,-6.303118671E-1,-4.062765596E0,-1.120234367E1,1.193297369E1
5.912098575E1,-9.016040354E-1,-4.103016366E0,-1.085178906E1,1.163653552E1
5.913094675E1,-8.691771316E-1,-4.087138545E0,-1.086059029E1,1.163669161E1
5.914090775E1,-1.430101479E0,-4.338311540E0,-1.039488646E1,1.135428561E1
5.915086975E1,-1.647748587E0,-4.378210893E0,-1.027841460E1,1.129290099E1
5.916083075E1,-1.796406443E0,-4.210287923E0,-1.010842785E1,1.109657218E1
5.917079175E1,-1.749797118E0,-3.896491248E0,-9.889234450E0,1.077225102E1
5.918075275E1,-1.786222933E0,-3.902024176E0,-9.882891390E0,1.077441076E1
5.919071375E1,-1.165182703E0,-3.572675076E0,-9.011772033E0,9.763897434E0
5.920067475E1,-9.201926994E-1,-3.225198439E0,-8.248949541E0,8.904708199E0
5.921063575E1,-6.493042083E-1,-2.758556716E0,-7.282121789E0,7.814123678E0
5.922059675E1,-2.230594365E-1,-2.357934735E0,-5.806336014E0,6.270817302E0
5.923055775E1,-2.636500767E-1,-2.332397606E0,-5.807639943E0,6.264045950E0
5.924051875E1,4.073363382E-1,-7.371146232E-1,-2.618255700E0,2.750367934E0
5.925047975E1,5.605146772E-1,3.691016874E-1,-9.123615235E-1,1.132614810E0
5.926044175E1,8.898916970E-1,8.222670400E-1,1.058810887E0,1.609071413E0
5.927040275E1,1.221565357E0,1.279068191E0,3.370694706E0,3.806549640E0
5.928036375E1,1.153260815E0,1.255169744E0,3.389614542E0,3.794067518E0
5.929032475E1,1.548194185E0,3.774631765E0,7.970719140E0,8.954167399E0
5.930028575E1,1.597886163E0,4.945449868E0,9.565709177E0,1.088639089E1
5.931024675E1,1.914618871E0,5.144161645E0,1.153974672E1,1.277865090E1
5.932020775E1,2.774286311E0,5.077040287E0,1.442093885E1,1.553822641E1
5.933016875E1,2.772807842E0,5.170460082E0,1.439419134E1,1.554396556E1
5.934012975E1,5.947598897E0,4.046579626E0,2.148904143E1,2.266114827E1
5.935009075E1,6.008550857E0,4.223093033E0,2.143178550E1,2.265521193E1
5.936005175E1,6.216843882E0,1.926242259E0,2.505698436E1,2.588845345E1
5.937001375E1,4.529386561E0,1.089383785E0,2.497647989E1,2.540721644E1
5.937997475E1,4.710804028E0,1.278178391E0,2.491305865E1,2.538672697E1
5.938993575E1,3.448390753E0,4.642046034E-1,2.331472693E1,2.357293738E1
5.939989675E1,3.600271010E0,5.569464138E-1,2.328279178E1,2.356608864E1
5.940985775E1,7.613611992E-1,1.638835530E0,1.442057164E1,1.453335265E1
5.941981875E1,-1.146347725E0,2.263539625E0,8.712136145E0,9.074086232E0
5.942977975E1,-1.039887031E0,2.153784317E0,8.722484547E0,9.044439651E0
5.943974075E1,-2.252485171E0,3.000298737E0,-1.248733714E0,3.954088751E0
5.944970175E1,-2.209817162E0,2.836956768E0,-1.219509330E0,3.797211950E0
5.945966250E1,-6.629587725E-1,1.881087136E0,-9.167353578E0,9.381810847E0
5.946962450E1,-7.717184454E-1,1.018060471E0,-1.245323384E1,1.251858736E1
5.947958550E1,-7.146880661E-1,8.891695659E-1,-1.242419539E1,1.247645914E1
5.948954650E1,-1.853981491E0,-9.539811274E-1,-1.561305982E1,1.575166544E1
5.949950750E1,-1.767657292E0,-1.016327064E0,-1.559903352E1,1.573173162E1
5.950946850E1,-2.804736271E0,-2.649886505E0,-1.508242500E1,1.556817227E1
5.951942950E1,-3.168613471E0,-2.961322952E0,-1.498266916E1,1.559775369E1
5.952939050E1,-3.212239255E0,-3.068517910E0,-1.503224653E1,1.567490730E1
5.953935150E1,-2.758976546E0,-3.321362040E0,-1.533204030E1,1.592842921E1
5.954931250E1,-2.830676566E0,-3.460065012E0,-1.528756871E1,1.592779134E1
5.955927350E1,-1.541088795E0,-4.646716790E0,-1.578849032E1,1.653007436E1
5.956923450E1,-1.521822073E0,-5.234456688E0,-1.521176073E1,1.615899575E1
5.957919650E1,-1.769632920E0,-5.485418599E0,-1.414044440E1,1.527002246E1
5.958915750E1,-1.840825256E0,-5.557276787E0,-1.291913998E1,1.418365752E1
5.959911850E1,-1.960310184E0,-5.598366340E0,-1.289397824E1,1.419292770E1
5.960907950E1,-1.974174955E0,-5.541771140E0,-1.186225107E1,1.324090611E1
5.961904050E1,-2.060999676E0,-5.589395542E0,-9.791277215E0,1.146115927E1
5.962900150E1,-2.168742372E0,-5.455210714E0,-8.889801453E0,1.065323131E1
5.963896250E1,-2.123980182E0,-5.359532139E0,-7.784428604E0,9.686754113E0
5.964892350E1,-2.154543140E0,-5.289369060E0,-7.806669658E0,9.672826492E0
5.965888450E1,-1.447504840E0,-4.547610286E0,-5.138221459E0,7.012656368E0
5.966884550E1,-1.055985293E0,-3.713074910E0,-3.787757303E0,5.408247000E0
5.967880650E1,-5.588657624E-1,-2.816133079E0,-2.688494208E0,3.933311273E0
5.968876750E1,4.090408746E-1,-2.017905989E0,-1.616726477E0,2.617835655E0
5.969872950E1,3.944211544E-1,-1.991191230E0,-1.623630284E0,2.599343352E0
5.970869050E1,1.738602331E0,9.802681625E-2,1.008041267E0,2.012087105E0
5.971865150E1,2.002950273E0,1.147968354E0,2.302724741E0,3.260702742E0
5.972861250E1,2.648338455E0,1.526923769E0,3.723435591E0,4.817589166E0
5.973857350E1,3.597933294E0,2.224635760E0,5.142692825E0,6.658935181E0
5.974853450E1,3.486274279E0,2.099855009E0,5.206584765E0,6.608481242E0
5.975849550E1,4.287520579E0,4.743562177E0,8.204676763E0,1.040196787E1
5.976845650E1,2.972737302E0,6.093633692E0,8.920856600E0,1.120496413E1
5.977841750E1,2.088652036E0,6.757461069E0,9.746976371E0,1.204281096E1
5.978837850E1,2.863323033E0,6.796678344E0,1.082817566E1,1.310125351E1
5.979833950E1,2.742869806E0,6.705796241E0,1.089493917E1,1.308398783E1
5.980830150E1,7.592217761E0,5.953099372E0,1.368486795E1,1.674385779E1
5.981826250E1,8.690030746E0,5.836000693E0,1.534704893E1,1.857706783E1
5.982822350E1,8.600575948E0,5.867814808E0,1.535572503E1,1.855261298E1
5.983818450E1,5.879530874E0,4.276920746E0,1.519671701E1,1.684639850E1
5.984814550E1,5.944986945E0,4.417016817E0,1.511697620E1,1.683377191E1
5.985810650E1,4.097582841E0,2.756998725E0,1.530513726E1,1.608224031E1
5.986806750E1,1.195664677E0,7.085594532E-1,1.559534276E1,1.565715128E1
5.987802850E1,7.233415067E-2,4.538985935E-1,1.367571823E1,1.368343982E1
5.988798950E1,-8.604790328E-1,3.569614059E-1,1.053772809E1,1.057882597E1
5.989795050E1,-7.702401231E-1,4.685259882E-1,1.048484353E1,1.052353222E1
5.990791150E1,-1.761050523E0,8.609761924E-2,3.149029099E0,3.609029788E0
5.991787350E1,-2.114340462E0,-1.121963739E-1,-1.875161129E-1,2.125602481E0
5.992783450E1,-2.401673955E0,-4.092989561E-1,-2.770343533E0,3.689223050E0
5.993779550E1,-2.560069472E0,-8.572521007E-1,-4.525606921E0,5.269720568E0
5.994775650E1,-2.511138217E0,-8.140388381E-1,-4.545799695E0,5.256688049E0
5.995771750E1,-2.646997104E0,-2.063389141E0,-6.155369180E0,7.010901379E0
5.996767850E1,-2.103866637E0,-3.126257703E0,-7.273576083E0,8.191742860E0
5.997763950E1,-1.402621320E0,-4.091516355E0,-8.456862497E0,9.498756547E0
5.998760050E1,-1.033871927E0,-4.390776852E0,-9.284625335E0,1.032240670E1
5.999756150E1,-1.097435839E0,-4.468497750E0,-9.252392558E0,1.033337339E1
6.000752250E1,-7.743514466E-1,-3.620580729E0,-1.181598907E1,1.238248047E1
6.001748350E1,-8.970033731E-1,-2.982661781E0,-1.354225202E1,1.389580786E1
6.002744550E1,-1.008840289E0,-3.081117198E0,-1.348917802E1,1.387331847E1
6.003740650E1,-1.317406484E0,-1.882887055E0,-1.503037542E1,1.520503235E1
6.004736750E1,-1.400638968E0,-1.910651682E0,-1.500346888E1,1.518935343E1
6.005732850E1,-1.485178158E0,-1.545669942E0,-1.400950770E1,1.417254938E1
6.006728950E1,-1.866713218E0,-1.437628308E0,-1.286537600E1,1.307934605E1
6.007725050E1,-2.215875023E0,-1.467636803E0,-1.141858774E1,1.172383068E1
6.008721150E1,-2.376781042E0,-1.640099552E0,-9.869576111E0,1.028336264E1
6.009717250E1,-2.390269984E0,-1.541454685E0,-9.897888329E0,1.029843029E1
6.010713350E1,-2.317921654E0,-1.621646909E0,-8.396937307E0,8.860646457E0
6.011709450E1,-2.554822766E0,-1.691700937E0,-7.054448168E0,7.691177438E0
6.012705550E1,-2.934838573E0,-2.128001751E0,-5.382966610E0,6.489838090E0
6.013701650E1,-2.824476471E0,-2.286292895E0,-5.328578734E0,6.449694090E0
6.014697850E1,-2.811555294E0,-2.264236613E0,-5.337641333E0,6.443758656E0
6.015693950E1,-3.018333305E0,-1.748076867E0,-5.405355599E0,6.433037993E0
6.016690050E1,-2.994531921E0,-1.738191857E0,-5.413337633E0,6.425944031E0
6.017686150E1,-2.290503183E0,-7.625143433E-1,-4.099068911E0,4.757120862E0
6.018682250E1,-1.244613327E0,-7.331358853E-1,-2.176212044E0,2.611981895E0
6.019678350E1,-1.261520551E0,-7.185380191E-1,-2.176472245E0,2.616249686E0
6.020674450E1,1.761557038E-1,9.594754636E-1,2.884223905E0,3.044728483E0
6.021670550E1,1.129978810E-1,9.457304138E-1,2.902384188E0,3.054669951E0
6.022666650E1,5.070817973E-1,1.726608815E0,5.272787526E0,5.571408999E0
6.023662750E1,2.272232827E0,2.960708994E0,1.145521587E1,1.204785501E1
6.024658850E1,2.146297104E0,2.939987339E0,1.149316079E1,1.205582273E1
6.025654950E1,6.385599203E0,2.723455296E0,1.511715278E1,1.663494497E1
6.026651150E1,6.269423214E0,2.744815467E0,1.514444057E1,1.661907818E1
6.027647250E1,1.053151834E1,1.751678167E0,1.972070776E1,2.242515484E1
6.028643350E1,1.039670728E1,1.140326335E0,2.131407871E1,2.374198428E1
6.029639450E1,8.956702956E0,3.320455429E-1,2.187097688E1,2.363625207E1
6.030635550E1,6.796936791E0,4.003606099E-1,2.125768114E1,2.232146155E1
6.031631650E1,6.887547584E0,5.038884866E-1,2.120756349E1,2.230365361E1
6.032627750E1,4.278810566E0,2.080326332E0,1.659964414E1,1.726800982E1
6.033623850E1,3.746915963E0,3.412152050E0,1.326441339E1,1.419953602E1
6.034619950E1,3.259507269E0,4.595329120E0,9.700828975E0,1.121817811E1
6.035616050E1,2.768190588E0,5.212008643E0,6.072637510E0,8.467871017E0
6.036612150E1,2.719275121E0,5.179662430E0,6.093525519E0,8.447154155E0
6.037608250E1,1.603384300E0,4.524975714E0,1.075860783E0,4.919727924E0
6.038604450E1,6.573030531E-1,3.388632794E0,5.574267626E-2,3.452243729E0
6.039600550E1,-1.471755874E-1,1.896763667E0,-1.782131928E-1,1.910793816E0
6.040596650E1,-1.001586526E0,4.715459289E-1,-2.913562310E-1,1.144735596E0
6.041592750E1,-9.724153519E-1,5.525275268E-1,-3.159917200E-1,1.162208695E0
6.042588850E1,-1.989619499E0,-5.953126270E-1,-6.893118811E-1,2.188180464E0
6.043584950E1,-3.084260661E0,-2.448551083E0,-1.778392049E0,4.320965692E0
6.044581050E1,-2.952794788E0,-3.095172735E0,-2.694858318E0,5.055823639E0
6.045577100E1,-2.789692554E0,-3.390043142E0,-4.016226729E0,5.950197828E0
6.046573200E1,-2.755939794E0,-3.433883811E0,-4.017475110E0,5.960441967E0
6.047569300E1,-3.137040553E0,-2.700978599E0,-6.971332337E0,8.107760688E0
6.048565400E1,-3.151357753E0,-2.199849998E0,-8.211653076E0,9.066512116E0
6.049561500E1,-2.957544481E0,-1.661499922E0,-9.467574188E0,1.005696835E1
6.050557700E1,-2.477666709E0,-8.389802827E-1,-1.050915625E1,1.082982389E1
6.051553800E1,-2.417887553E0,-9.797781658E-1,-1.049046387E1,1.080999435E1
6.052549900E1,-1.203221911E0,4.592944041E-2,-1.216011759E1,1.221958724E1
6.053546000E1,-7.084803696E-1,8.064772189E-2,-1.290435588E1,1.292404152E1
6.054542100E1,-5.889511487E-1,-6.687840611E-2,-1.347073824E1,1.348377265E1
6.055538200E1,-8.918339959E-1,-2.855476069E-1,-1.407549002E1,1.410660571E1
6.056534300E1,-8.001498006E-1,-4.013806567E-1,-1.405820565E1,1.408667783E1
6.057530400E1,-1.323994396E0,-1.969219148E0,-1.421826032E1,1.441491282E1
6.058526500E1,-1.542182663E0,-2.599104022E0,-1.384236037E1,1.416843709E1
6.059522600E1,-1.529513939E0,-3.082562337E0,-1.315302393E1,1.359572146E1
6.060518700E1,-1.226706960E0,-3.302779296E0,-1.237216219E1,1.286404129E1
6.061514800E1,-1.149913138E0,-3.312915152E0,-1.238071199E1,1.286777900E1
6.062511000E1,-7.072314043E-1,-3.409310010E0,-1.142975358E1,1.194834038E1
6.063507100E1,4.258277191E-1,-2.937254058E0,-9.108005508E0,9.579381764E0
6.064503200E1,5.632861112E-1,-2.047000272E0,-7.927385425E0,8.206761909E0
6.065499300E1,7.971009162E-1,-1.621888399E0,-6.412051422E0,6.661853742E0
6.066495400E1,7.356140815E-1,-1.657701133E0,-6.389824401E0,6.642210250E0
6.067491500E1,1.157460724E0,-3.483157128E-1,-1.087125444E0,1.625693973E0
6.068487600E1,7.136152482E-1,1.377533549E0,1.589695383E0,2.221255684E0
6.069483700E1,1.554514441E-1,3.421551741E0,4.026124896E0,5.285911761E0
6.070479800E1,3.447433564E-1,4.933070143E0,6.749388987E0,8.367095119E0
6.071475900E1,1.761064410E-1,4.918256807E0,6.793699188E0,8.388957751E0
6.072472000E1,4.037219403E0,5.824220892E0,1.355701273E1,1.529749273E1
6.073468100E1,7.174337724E0,5.396324574E0,1.895362908E1,2.097216003E1
6.074464300E1,9.238541674E0,4.711126209E0,2.538849576E1,2.742482597E1
6.075460400E1,9.328278308E0,3.885970937E0,3.091933728E1,3.252880207E1
6.076456500E1,9.296395780E0,3.984350925E0,3.089534966E1,3.250877816E1
6.077452600E1,5.352288024E0,3.491699033E0,3.265838342E1,3.327775468E1
6.078448700E1,3.863217667E0,4.021846196E0,3.052035369E1,3.102566175E1
6.079444800E1,3.490750030E0,4.533978964E0,2.681218752E1,2.741597528E1
6.080440900E1,3.124279297E0,5.395294880E0,2.159076661E1,2.247290660E1
6.081437000E1,3.202246656E0,5.239574171E0,2.162656795E1,2.248145819E1
6.082433100E1,1.997305517E0,6.149198613E0,1.587436253E1,1.714051512E1
6.083429200E1,-8.205276395E-1,6.426626776E0,3.762642342E0,7.492147538E0
6.084425300E1,-1.799642877E0,5.467103366E0,-1.103197685E0,5.860458927E0
6.085421400E1,-2.104618443E0,4.197717286E0,-5.065297909E0,6.907061033E0
6.086417600E1,-2.054789056E0,4.113211864E0,-5.037455807E0,6.820310177E0
6.087413700E1,-1.359476908E0,6.330262908E-1,-7.963170969E0,8.103147021E0
6.088409800E1,-1.148416397E0,-1.252767123E0,-8.381834534E0,8.552393574E0
6.089405900E1,-1.058903711E0,-2.851518382E0,-9.048930504E0,9.546495557E0
6.090402000E1,-7.044112922E-1,-4.338415621E0,-9.512386079E0,1.047871816E1
6.091398100E1,-6.125073878E-1,-4.313032565E0,-9.542488130E0,1.048982816E1
6.092394200E1,-1.336495889E0,-4.885768800E0,-1.118266311E1,1.227635582E1
6.093390300E1,-1.241235244E0,-4.900062319E0,-1.119299397E1,1.228146529E1
6.094386400E1,-2.523700960E0,-4.990396246E0,-1.203593910E1,1.327165971E1
6.095382500E1,-2.608104349E0,-4.739348965E0,-1.240690985E1,1.353495656E1
6.096378600E1,-2.594557227E0,-4.826385940E0,-1.236753120E1,1.352706754E1
6.097374700E1,-2.041975175E0,-4.460415144E0,-1.407676589E1,1.490705550E1
6.098370800E1,-1.969183918E0,-4.282122429E0,-1.496920887E1,1.569367618E1
6.099367000E1,-2.093756070E0,-4.184309913E0,-1.589205854E1,1.656652615E1
6.100363100E1,-2.116316675E0,-4.370423571E0,-1.630958366E1,1.701710661E1
6.101359200E1,-2.170620059E0,-4.440032043E0,-1.626090091E1,1.699536332E1
6.102355300E1,-2.014983551E0,-4.897650635E0,-1.537664987E1,1.626310246E1
6.103351400E1,-2.063603733E0,-4.877923591E0,-1.537839702E1,1.626492219E1
6.104347500E1,-1.813550918E0,-5.321019453E0,-1.308810346E1,1.424432052E1
6.105343600E1,-1.715634614E0,-5.581195992E0,-1.175419453E1,1.312456627E1
6.106339700E1,-1.780453339E0,-5.628597615E0,-1.060884543E1,1.214078773E1
6.107335800E1,-1.663071069E0,-5.549657865E0,-9.367805486E0,1.101454890E1
6.108331900E1,-1.629636836E0,-5.374993932E0,-9.459026728E0,1.100088463E1
6.109328000E1,-1.125841320E0,-5.225140904E0,-6.928701457E0,8.750801108E0
6.110324100E1,-8.164385355E-1,-4.807728936E0,-5.695378080E0,7.497877092E0
6.111320200E1,-7.906463210E-1,-4.625573258E0,-5.774541194E0,7.440858524E0
6.112316400E1,-1.185305457E0,-3.331119873E0,-3.328930383E0,4.856241976E0
6.113312500E1,-1.165857033E0,-3.188280581E0,-3.384682415E0,4.793790852E0
6.114308600E1,-1.448935215E0,-1.949995842E0,-1.071991096E0,2.655383578E0
6.115304700E1,-1.207575016E0,-1.182985574E0,2.997007924E-1,1.716832215E0
6.116300800E1,-8.661541942E-1,7.496422827E-3,1.739259558E0,1.943013921E0
6.117296900E1,-9.347616220E-1,1.645034309E0,3.192434735E0,3.711004811E0
6.118293000E1,-9.622166383E-1,1.695681722E0,3.181051376E0,3.730989844E0
6.119289100E1,-3.945964247E-2,3.482522705E0,8.152258814E0,8.865034982E0
6.120285200E1,2.379531426E0,2.987523156E0,1.239727715E1,1.297227602E1
6.121281300E1,5.823175410E0,2.150902078E0,1.721221717E1,1.829743620E1
6.122277400E1,9.672902673E0,8.853494337E-1,2.148869996E1,2.358205071E1
6.123273500E1,9.538912557E0,1.048115745E0,2.147644419E1,2.352290489E1
6.124269700E1,1.074003239E1,-1.722775380E0,2.369678634E1,2.607400878E1
6.125265800E1,7.472972569E0,-1.104014103E0,2.239344197E1,2.363324797E1
6.126261900E1,4.280794526E0,2.520743439E-1,2.063319617E1,2.107409613E1
6.127258000E1,2.873621734E0,7.712750803E-1,1.870487918E1,1.894003886E1
6.128254100E1,2.923061989E0,8.082364999E-1,1.868732466E1,1.893181557E1
6.129250200E1,2.684880044E0,2.608994295E0,1.422396837E1,1.470838905E1
6.130246300E1,2.402505575E0,3.652122072E0,1.216424105E1,1.292589606E1
6.131242400E1,1.810303228E0,4.250587226E0,9.614626399E0,1.066703944E1
6.132238500E1,1.122127169E0,4.308880457E0,7.267382712E0,8.522937972E0
6.133234600E1,1.090329572E0,4.327163531E0,7.270561844E0,8.530781460E0
6.134230700E1,-2.364304107E-1,3.114593385E0,4.551725264E0,5.520398008E0
6.135226800E1,-7.838632585E-1,2.166716750E0,3.914317362E0,4.542134244E0
6.136222900E1,-1.223123201E0,1.322650998E0,3.441893327E0,3.884850796E0
6.137219100E1,-1.408314169E0,8.580408901E-1,2.614377242E0,3.091043728E0
6.138215200E1,-1.342059515E0,9.174339831E-1,2.591821023E0,3.059468102E0
6.139211300E1,-9.818091962E-1,4.130516991E-1,-5.818096519E-2,1.066745531E0
6.140207400E1,-6.467837660E-1,1.438570002E-1,-2.028019626E0,2.133515333E0
6.141203500E1,-5.599904743E-1,-1.678323385E-1,-4.106176202E0,4.147582431E0
6.142199600E1,-6.474412854E-1,-5.119401026E-1,-6.001562265E0,6.058053525E0
6.143195700E1,-6.637898080E-1,-6.363102333E-1,-5.975207695E0,6.045545022E0
6.144191800E1,-1.149282077E0,-1.319209181E0,-9.003239191E0,9.171667138E0
6.145187900E1,-1.514621958E0,-1.599622348E0,-1.005764829E1,1.029607501E1
6.146184075E1,-1.842955981E0,-1.944195111E0,-1.076920766E1,1.109739677E1
6.147180175E1,-1.958649867E0,-2.408624686E0,-1.115474383E1,1.157869129E1
6.148176275E1,-1.901760259E0,-2.463220578E0,-1.115187986E1,1.157793471E1
6.149172375E1,-1.926775964E0,-2.946735318E0,-1.143423489E1,1.196400611E1
6.150168475E1,-2.071709436E0,-3.004271920E0,-1.150540953E1,1.207029736E1
6.151164675E1,-2.233550864E0,-2.904760496E0,-1.149939158E1,1.206906747E1
6.152160775E1,-2.183735656E0,-2.749556389E0,-1.147885382E1,1.200386799E1
6.153156875E1,-2.110550736E0,-2.780990728E0,-1.148108746E1,1.200015429E1
6.154152975E1,-1.882921992E0,-2.465374984E0,-1.165922639E1,1.206486755E1
6.155149075E1,-1.734895489E0,-2.364659033E0,-1.179667455E1,1.215578073E1
6.156145175E1,-1.573533387E0,-2.304610468E0,-1.189256070E1,1.221557353E1
6.157141275E1,-1.455122300E0,-2.247528487E0,-1.188465526E1,1.218252010E1
6.158137375E1,-1.435712760E0,-2.291501887E0,-1.187448929E1,1.217849531E1
6.159133475E1,-1.222656082E0,-1.957043491E0,-1.121346741E1,1.144843913E1
6.160129575E1,-1.232938045E0,-1.979521065E0,-1.120573622E1,1.144583611E1
6.161125675E1,-5.736804872E-1,-1.056783072E0,-9.705224912E0,9.779432006E0
6.162121775E1,2.639411218E-2,-3.432879844E-1,-8.702669502E0,8.709477582E0
6.163117875E1,-3.751646653E-2,-3.086987802E-1,-8.704523070E0,8.710076021E0
6.164114075E1,1.447964431E0,7.966384014E-1,-6.099973243E0,6.319881906E0
6.165110175E1,1.793952513E0,9.978130254E-1,-3.745925737E0,4.271516836E0
6.166106275E1,1.598204105E0,1.216369667E0,5.385373324E-1,2.079383079E0
6.167102375E1,1.072644814E0,1.879360892E0,6.971642824E0,7.299751223E0
6.168098475E1,9.423513079E-1,1.993454541E0,6.968923869E0,7.309431365E0
6.169094575E1,2.169593727E0,1.216863465E0,1.714775044E1,1.732723980E1
6.170090675E1,4.493457760E0,-7.406774779E-1,1.876655210E1,1.931122066E1
6.171086775E1,7.561228103E0,-1.747076701E0,1.967701269E1,2.115205134E1
6.172082875E1,1.014289368E1,-1.697111512E0,2.066234103E1,2.308009568E1
6.173078975E1,1.007316213E1,-1.668901913E0,2.067344841E1,2.305743476E1
6.174075075E1,9.824554889E0,-1.516703421E0,2.041068857E1,2.270282969E1
6.175071175E1,6.748907177E0,-1.215208849E0,1.928243439E1,2.046550162E1
6.176067275E1,3.994930585E0,-1.079097655E0,1.808423232E1,1.855164091E1
6.177063375E1,1.927108670E0,-7.634940442E-1,1.692079194E1,1.704728338E1
6.178059575E1,2.105717281E0,-6.374739754E-1,1.686386228E1,1.700677128E1
6.179055675E1,1.607184698E-1,3.612884916E-1,1.257181303E1,1.257803016E1
6.180051775E1,3.016746663E-1,4.273358622E-1,1.253907798E1,1.254998407E1
6.181047875E1,-2.486937761E-2,1.488708122E0,6.624131103E0,6.789402273E0
6.182043975E1,3.102202258E-1,1.862769271E0,3.589979911E0,4.056365579E0
6.183040075E1,3.885053802E-1,1.869481582E0,3.578953816E0,4.056452667E0
6.184036175E1,1.053045751E0,3.132690809E0,-8.050253552E-1,3.401576529E0
6.185032275E1,1.129844178E0,3.122157635E0,-8.122297096E-1,3.418206147E0
6.186028375E1,1.673824245E0,3.434793053E0,-2.132970130E0,4.375963037E0
6.187024475E1,2.597911482E0,2.717910381E0,-4.790480527E0,6.089736003E0
6.188020575E1,2.667519661E0,2.665682758E0,-4.789035680E0,6.095604027E0
6.189016675E1,2.218672477E0,9.370076837E-1,-6.784612030E0,7.199406320E0
6.190012775E1,2.274535606E0,8.520134340E-1,-6.775130770E0,7.197349239E0
6.191008875E1,9.050582050E-1,-7.249309261E-1,-8.311635202E0,8.392135302E0
6.192005075E1,4.368390495E-1,-1.395441962E0,-8.970435142E0,9.088827937E0
6.193001175E1,4.428540802E-1,-1.530316616E0,-8.944238446E0,9.085009085E0
6.193997275E1,-1.121447723E-1,-2.416288193E0,-1.037861833E1,1.065676985E1
6.194993375E1,-1.251000825E-1,-2.580138286E0,-1.034002905E1,1.065781236E1
6.195989475E1,-2.400894521E-1,-3.468509853E0,-1.155629434E1,1.206798005E1
6.196985575E1,-2.126091465E-1,-3.913513077E0,-1.200171184E1,1.262544551E1
6.197981675E1,-2.363682110E-1,-4.081519078E0,-1.195156378E1,1.263149020E1
6.198977775E1,-1.901476523E-1,-4.635306826E0,-1.264700588E1,1.347104240E1
6.199973875E1,-2.189285979E-1,-4.778972915E0,-1.259800973E1,1.347576940E1
6.200969975E1,-7.157710435E-1,-4.838252572E0,-1.265202163E1,1.356446340E1
6.201966075E1,-1.071791705E0,-4.947724435E0,-1.241170691E1,1.340444639E1
6.202962175E1,-1.459525984E0,-5.064837148E0,-1.208288055E1,1.318251849E1
6.203958275E1,-1.781957389E0,-5.050546553E0,-1.163974814E1,1.281277212E1
6.204954375E1,-1.863659364E0,-5.114163090E0,-1.160585300E1,1.281888116E1
6.205950475E1,-2.179890089E0,-4.549757968E0,-9.989184415E0,1.119089021E1
6.206946675E1,-2.401057366E0,-4.029872961E0,-9.028721357E0,1.017461360E1
6.207942775E1,-2.112381645E0,-3.649055208E0,-8.026265935E0,9.066350146E0
6.208938875E1,-1.532946986E0,-3.256816673E0,-6.736215795E0,7.637629511E0
6.209934975E1,-1.668553711E0,-3.256325799E0,-6.712681922E0,7.645117905E0
6.210931075E1,-1.117204837E0,-2.773189958E0,-4.784402931E0,5.641740919E0
6.211927175E1,-1.363160216E0,1.831102359E-1,4.527019608E-1,1.447989709E0
6.212923275E1,-2.427646848E0,2.717502538E0,2.634127382E0,4.496322534E0
6.213919375E1,-3.229216061E0,5.513471786E0,4.265825070E0,7.682673429E0
6.214915475E1,-3.392766775E0,5.453172374E0,4.333688439E0,7.747826200E0
6.215911575E1,5.646669019E0,8.220129200E0,1.042209823E1,1.442482328E1
6.216907675E1,1.017130296E1,8.644015498E0,1.569459690E1,2.060327110E1
6.217903775E1,1.243540451E1,7.685174457E0,2.206959510E1,2.647202712E1
6.218899875E1,1.215967905E1,6.420047489E0,2.580626528E1,2.924103507E1
6.219895975E1,1.199274923E1,6.558718302E0,2.582152885E1,2.921633400E1
6.220892175E1,4.179469588E0,5.920627445E0,2.113609882E1,2.234404772E1
6.221888275E1,1.100428444E0,5.768064233E0,1.844571421E1,1.935783770E1
6.222884375E1,-3.896344775E-1,5.203176423E0,1.620977987E1,1.702885267E1
6.223880475E1,-1.049528432E-1,4.471818969E0,1.451450833E1,1.518812471E1
6.224876575E1,-1.668906444E-1,4.544014540E0,1.451546377E1,1.521100289E1
6.225872675E1,1.482793078E0,2.187380226E0,1.194951843E1,1.223823101E1
6.226868775E1,1.292220041E0,2.164677241E0,1.204021108E1,1.230131469E1
6.227864875E1,-1.324979067E-2,4.662388498E-1,8.805405082E0,8.817749876E0
6.228860975E1,-8.008805564E-1,-2.453573549E-1,6.401491935E0,6.456059858E0
6.229857075E1,-9.636158770E-1,-3.636178762E-1,6.530110799E0,6.610833576E0
6.230853175E1,-7.947418571E-1,-1.945977050E0,9.647584230E-1,2.312833784E0
6.231849275E1,-2.350381887E-1,-2.508670400E0,-1.418232216E0,2.891375580E0
6.232845375E1,8.647534937E-2,-2.715264516E0,-3.449051489E0,4.390455050E0
6.233841475E1,-1.055936980E-1,-2.696012558E0,-4.985133752E0,5.668438256E0
6.234837575E1,-2.128731483E-1,-2.827227586E0,-4.851539492E0,5.619249616E0
6.235833775E1,-7.692877579E-1,-2.614111193E0,-6.289975008E0,6.854864447E0
6.236829875E1,-2.039820476E0,-2.576610076E0,-9.432711334E0,9.988785220E0
6.237825975E1,-2.800135682E0,-2.840327395E0,-1.022851095E1,1.097864545E1
6.238822075E1,-3.701069992E0,-2.937159626E0,-1.036572405E1,1.139179797E1
6.239818175E1,-3.747828421E0,-3.012039362E0,-1.028440449E1,1.135286636E1
6.240814275E1,-5.621720704E0,-3.117732170E0,-9.993854002E0,1.188280755E1
6.241810375E1,-6.363539413E0,-3.242524616E0,-9.857184691E0,1.217262050E1
6.242806475E1,-6.402913393E0,-3.294656052E0,-9.791471928E0,1.215421659E1
6.243802575E1,-7.460137931E0,-3.905219679E0,-9.842529230E0,1.295298345E1
6.244798675E1,-7.522096197E0,-3.951213585E0,-9.759100572E0,1.293963152E1
6.245794775E1,-7.506533833E0,-4.288015253E0,-8.560902590E0,1.216651874E1
6.246790875E1,-7.287745056E0,-4.359495710E0,-7.678351926E0,1.144873439E1
6.247786975E1,-6.978825544E0,-4.419709752E0,-7.103076537E0,1.089456454E1
6.248783075E1,-6.385084063E0,-4.544873496E0,-7.196037326E0,1.063993077E1
6.249779175E1,-6.408713247E0,-4.576689951E0,-7.150118557E0,1.063681775E1
6.250775375E1,-4.559492120E0,-4.560916502E0,-5.709806085E0,8.613525019E0
6.251771475E1,-3.789092222E0,-3.954160874E0,-4.255386035E0,6.935482564E0
6.252767575E1,-2.605015849E0,-3.014154884E0,-3.580154250E0,5.356187235E0
6.253763675E1,-1.578392715E0,-2.316660410E0,-3.587836906E0,4.553110221E0
6.254759775E1,-1.622974811E0,-2.364997587E0,-3.505133303E0,4.529152272E0
6.255755875E1,-1.576069617E0,-1.370516013E0,-1.260537488E0,2.439521333E0
6.256751975E1,-1.742119431E0,-7.129287851E-1,4.209410548E-1,1.928843938E0
6.257748075E1,-1.925381110E0,4.516857147E-2,1.688953038E0,2.561580564E0
6.258744175E1,-1.740250077E0,1.162762687E0,2.867168747E0,3.549809011E0
6.259740275E1,-1.733374920E0,1.183192858E0,2.843179375E0,3.533865152E0
6.260736375E1,-1.260777808E0,2.645621839E0,4.305118943E0,5.207967426E0
6.261732475E1,-2.687099648E-1,4.283906707E0,6.533475872E0,7.817312114E0
6.262728575E1,1.419526790E0,5.712529718E0,9.079212649E0,1.082035833E1
6.263724675E1,7.530924908E0,6.686614450E0,1.295864026E1,1.641194687E1
6.264720775E1,7.434963913E0,6.769850149E0,1.299236583E1,1.642897225E1
6.265716975E1,1.255263299E1,7.102218751E0,1.387966794E1,2.001637551E1
6.266713075E1,1.254662790E1,7.221119542E0,1.379659889E1,1.999771437E1
6.267709175E1,1.159352824E1,5.414620512E0,1.810817667E1,2.217282288E1
6.268705275E1,1.069222556E1,6.366283511E0,1.758061163E1,2.153906123E1
6.269701375E1,1.076926613E1,6.445695716E0,1.745483919E1,2.149873246E1
6.270697475E1,9.408039007E0,5.970029401E0,1.311936151E1,1.721249823E1
6.271693575E1,9.448623946E0,5.963641902E0,1.308608500E1,1.720718280E1
6.272689675E1,8.318666478E0,6.093070021E0,7.770353771E0,1.291139466E1
6.273685775E1,7.441556649E0,5.560452994E0,5.605358441E0,1.084967493E1
6.274681875E1,7.469657782E0,5.452026905E0,5.650886616E0,1.083756911E1
6.275677975E1,3.948047610E0,3.756628188E0,1.657792642E0,5.696280516E0
6.276674075E1,4.003808413E0,3.607568920E0,1.712337223E0,5.654832808E0
6.277670175E1,3.235258573E-1,2.447475195E0,-1.182801679E0,2.737484909E0
6.278666275E1,-1.109602726E-1,1.632506357E0,-1.626783103E0,2.307338825E0
6.279662375E1,-5.391015887E-2,1.489535503E0,-1.564631293E0,2.160947339E0
6.280658475E1,3.013064378E-1,5.586505848E-1,-1.404060904E0,1.540864390E0
6.281654675E1,3.492085826E-1,3.904355460E-1,-1.301804212E0,1.403239380E0
6.282650775E1,4.613125706E-1,1.878844875E-1,-1.074042884E0,1.183924822E0
6.283646875E1,7.459158522E-1,-1.431138775E0,-2.060592710E0,2.617363362E0
6.284642975E1,8.805865842E-1,-2.577390679E0,-2.775824128E0,3.888904092E0
6.285639075E1,9.091174883E-1,-2.821214894E0,-2.527004052E0,3.895060663E0
6.286635175E1,7.896226197E-1,-3.815863699E0,-3.194004128E0,5.038450359E0
6.287631275E1,1.908441727E0,-5.043256245E0,-4.688776397E0,7.145712524E0
6.288627375E1,7.740573317E-1,-6.120881132E0,-4.711355713E0,7.762810267E0
6.289623475E1,-1.815963918E-1,-6.910993164E0,-4.215746591E0,8.097365194E0
6.290619575E1,-3.955349028E-2,-7.287479593E0,-4.027018350E0,8.326211629E0
6.291615675E1,1.427843285E-1,-7.517768088E0,-3.792151485E0,8.421261026E0
6.292611775E1,-9.128617528E-1,-8.361873309E0,-2.463092816E0,8.764762862E0
6.293607875E1,-7.007212606E-1,-8.552870269E0,-2.283646153E0,8.880182424E0
6.294603975E1,1.834827036E-2,-8.564821393E0,-3.634494764E-1,8.572549077E0
6.295600075E1,7.388638178E-1,-8.532944713E0,8.246740463E-1,8.604484441E0
6.296596175E1,9.609589022E-1,-8.693426809E0,1.014984251E0,8.805072670E0
6.297592375E1,2.534174493E0,-9.108152273E0,2.523272652E0,9.785059176E0
6.298588475E1,2.894673757E0,-9.485492980E0,2.789158704E0,1.030209297E1
6.299584575E1,2.597460077E0,-9.682537715E0,2.749867753E0,1.039519640E1
6.300580675E1,1.638489813E0,-9.667354251E0,2.378698198E0,1.008962795E1
6.301576775E1,1.984314174E0,-9.809821075E0,2.732241907E0,1.037474039E1
6.302572875E1,1.706762780E-1,-9.444094693E0,1.941497206E0,9.643104602E0
6.303568975E1,-4.472862697E0,-7.411719477E0,2.332278176E-1,8.659935422E0
6.304565075E1,-6.276823450E0,-6.723587564E0,-1.049904993E0,9.257831433E0
6.305561175E1,-1.115604074E1,-4.045707806E0,-6.148542556E0,1.336523745E1
6.306557275E1,-1.091454605E1,-4.054228953E0,-5.885299737E0,1.304610444E1
6.307553375E1,-1.008441685E1,-7.776888034E0,-8.022501497E0,1.505111228E1
6.308549475E1,-1.060955295E1,-6.589493367E0,-7.728785330E0,1.468734691E1
6.309545575E1,-1.217132437E1,-5.277886298E0,-8.167269201E0,1.557888015E1
6.310541675E1,-1.361383247E1,-4.845206373E0,-8.616998438E0,1.682453926E1
6.311537775E1,-1.372647791E1,-4.846601518E0,-8.766604128E0,1.699291293E1
6.312533875E1,-1.138802551E1,-3.796045731E0,-9.273082931E0,1.516862404E1
6.313529975E1,-6.898101808E0,-3.127324820E0,-8.453140159E0,1.134986994E1
6.314526175E1,-1.930405330E0,-2.359172006E0,-7.355414298E0,7.962052298E0
6.315522275E1,1.347546249E0,-1.718255190E0,-6.076667411E0,6.457102185E0
6.316518375E1,1.011297436E0,-1.637883457E0,-6.352540215E0,6.637782153E0
6.317514475E1,3.822205004E0,-2.923335931E0,-2.197747339E0,5.290107506E0
6.318510575E1,3.994120161E0,-3.594655929E0,2.028735325E-2,5.373542471E0
6.319506675E1,3.705213913E0,-3.672461320E0,2.227994986E0,5.672701644E0
6.320502775E1,4.224591674E0,-3.627579846E0,3.239052247E0,6.441891788E0
6.321498875E1,3.846773250E0,-3.374912887E0,2.890215255E0,5.877163062E0
6.322494975E1,5.849025366E0,-3.590223740E0,2.134599164E0,7.187302541E0
6.323491075E1,6.976386670E0,-4.411385071E0,-5.601135582E-2,8.254297456E0
6.324487175E1,5.792997930E0,-4.260612862E0,-3.853826746E-1,7.201400335E0
6.325483275E1,4.560573855E0,-4.533687188E0,-5.105478805E-1,6.450876882E0
6.326479375E1,4.294584015E0,-4.265285372E0,-6.832418865E-1,6.091217500E0
6.327475475E1,2.520980251E0,-5.367410678E0,-6.395383349E-1,5.964348086E0
6.328471575E1,1.833045974E0,-5.774239478E0,-4.525025707E-1,6.075084992E0
6.329467675E1,7.450042713E-1,-5.860744940E0,2.426881009E-1,5.912889322E0
6.330463875E1,-4.317642510E-1,-5.807111354E0,7.975613844E-1,5.877505152E0
6.331459975E1,-6.095020652E-1,-5.501577380E0,6.371824917E-1,5.571790373E0
6.332456075E1,-1.679771156E0,-5.918632960E0,5.213468108E-1,6.174435176E0
6.333452175E1,-1.872576660E0,-5.752748036E0,1.346280473E-1,6.051345142E0
6.334448275E1,-1.845484171E0,-5.398638902E0,-2.784713066E-1,5.712150216E0
6.335444375E1,-2.132102988E0,-4.677534540E0,-7.499013144E-1,5.194953754E0
6.336440475E1,-2.269852279E0,-4.448394146E0,-7.673996919E-1,5.052656938E0
6.337436575E1,-2.884808627E0,-3.447368368E0,-1.401224420E0,4.708492259E0
6.338432675E1,-3.089710266E0,-2.980448025E0,-1.421314868E0,4.522114098E0
6.339428775E1,-2.748523479E0,-2.578252559E0,-1.371954720E0,4.010489661E0
6.340424875E1,-1.978401908E0,-2.200090903E0,-1.357916433E0,3.255520101E0
6.341420975E1,-2.097816669E0,-2.014158216E0,-1.306699501E0,3.188280365E0
6.342417075E1,-1.287793699E0,-1.422056003E0,-1.241129410E0,2.284963478E0
6.343413175E1,-1.880721831E-1,-5.483328804E-1,-8.969166881E-1,1.067941777E0
6.344409275E1,2.235602798E0,9.081763789E-1,-3.762773904E-1,2.442189362E0
6.345405375E1,2.679951426E0,1.324158118E0,4.495070422E-1,3.022844844E0
6.346401504E1,2.470924577E0,1.557171416E0,1.653584693E0,3.356276719E0
6.347397704E1,2.172859835E0,1.822095601E0,3.067530023E0,4.177450500E0
6.348393804E1,2.761183285E0,1.629223146E0,4.224674120E0,5.303430268E0
6.349389904E1,3.634252104E0,1.412853655E0,4.951461391E0,6.302452992E0
6.350386004E1,3.774920325E0,1.933792330E0,5.543007826E0,6.979578211E0
6.351382104E1,4.221624212E0,2.826593163E0,6.272500019E0,8.071926436E0
6.352378204E1,5.371511330E0,3.060348473E0,6.877214969E0,9.247429506E0
6.353374304E1,6.657046834E0,3.075564682E0,7.273257410E0,1.032839019E1
6.354370404E1,7.936750910E0,3.268783000E0,7.530578168E0,1.141869366E1
6.355366504E1,9.077026960E0,3.416712293E0,7.753553551E0,1.241708235E1
6.356362604E1,1.036600004E1,3.375439137E0,8.144815893E0,1.360829057E1
6.357358704E1,1.192327145E1,3.285531764E0,8.452113973E0,1.497989825E1
6.358354804E1,1.344954910E1,3.261245061E0,8.607190903E0,1.629754047E1
6.359350904E1,1.451475625E1,3.141665701E0,8.755781516E0,1.723983534E1
6.360347004E1,1.451019192E1,3.205010342E0,8.738867276E0,1.723907080E1
6.361343104E1,1.557946406E1,1.840424721E0,1.008705160E1,1.865088399E1
6.362339204E1,1.597647947E1,1.338612727E0,1.132698292E1,1.963008717E1
6.363335304E1,1.581391168E1,1.268940375E0,1.302503773E1,2.052660761E1
6.364331404E1,1.467362861E1,1.486200836E0,1.410313917E1,2.040643781E1
6.365327504E1,1.247581929E1,1.934215815E0,1.386879563E1,1.875448613E1
6.366323704E1,9.398316257E0,2.519390685E0,1.245304906E1,1.580361063E1
6.367319804E1,6.211457427E0,3.044782015E0,1.023556152E1,1.235393138E1
6.368315904E1,3.479110855E0,3.071075774E0,7.765619865E0,9.046577841E0
6.369312004E1,1.389355742E0,2.754539971E0,5.459853988E0,6.271188515E0
6.370308104E1,1.789481878E-2,2.590065104E0,3.232775846E0,4.142414409E0
6.371304204E1,-8.019006032E-1,2.715514192E0,4.735326666E-1,2.870765593E0
6.372300304E1,-1.155314503E0,2.600936539E0,-1.500982597E0,3.217541179E0
6.373296404E1,-1.342883241E0,2.313422952E0,-2.540331026E0,3.688975858E0
6.374292504E1,-1.200439221E0,2.120890952E0,-3.054704155E0,3.907742344E0
6.375288604E1,-1.246816996E0,1.730704497E0,-3.323357402E0,3.948999253E0
6.376284704E1,-1.475311566E0,1.394531405E0,-3.765769433E0,4.278116580E0
6.377280804E1,-1.696015890E0,7.249044675E-1,-4.288968349E0,4.668747786E0
6.378276904E1,-1.863372558E0,-2.730942070E-3,-4.604025099E0,4.966811035E0
6.379273004E1,-1.771735579E0,-7.029630831E-1,-4.844098910E0,5.205621798E0
6.380269104E1,-1.423687668E0,-1.569113184E0,-5.030597023E0,5.458562921E0
6.381265204E1,-1.290389278E0,-2.341568086E0,-5.232221298E0,5.875728491E0
6.382261304E1,-1.286074033E0,-3.078699667E0,-5.440100924E0,6.381776878E0
6.383257504E1,-1.420209745E0,-3.952178668E0,-5.421485728E0,6.857785316E0
6.384253604E1,-1.523684412E0,-4.705307060E0,-5.002459636E0,7.034637953E0
6.385249704E1,-1.299470004E0,-5.422311940E0,-4.429624876E0,7.121212369E0
6.386245804E1,-8.606160039E-1,-6.319384164E0,-3.784985722E0,7.416292405E0
6.387241904E1,-6.039629978E-1,-7.113495691E0,-3.184731029E0,7.817231222E0
6.388238004E1,-4.809285173E-1,-7.669760027E0,-2.723454711E0,8.153141522E0
6.389234104E1,-3.811007586E-1,-8.037271564E0,-2.449486930E0,8.410883319E0
6.390230204E1,-7.963615358E-2,-8.459873228E0,-2.547671621E0,8.835520791E0
6.391226304E1,7.070453167E-3,-8.738718756E0,-2.804521093E0,9.177722705E0
6.392222404E1,-4.230548233E-2,-8.711571304E0,-3.075747700E0,9.238695159E0
6.393218504E1,-2.535519353E-1,-8.691819994E0,-3.425310039E0,9.345842512E0
6.394214604E1,-1.039534956E0,-8.379737138E0,-3.446875155E0,9.120393399E0
6.395210704E1,-2.132820441E0,-7.365164530E0,-3.210927724E0,8.312919369E0
6.396206804E1,-3.231060565E0,-6.116489289E0,-3.126044279E0,7.591004310E0
6.397202904E1,-4.032687811E0,-5.111542953E0,-3.117671944E0,7.218747861E0
6.398199004E1,-4.289669430E0,-4.415638921E0,-3.062048258E0,6.875701450E0
6.399195104E1,-4.033203827E0,-3.844455999E0,-3.054100723E0,6.354062186E0
6.400191204E1,-3.979724316E0,-2.964212646E0,-2.763447619E0,5.679912410E0
6.401187304E1,-4.397242411E0,-1.657052384E0,-2.157703560E0,5.170807294E0
6.402183404E1,-4.468524647E0,-6.750908679E-1,-1.087187132E0,4.648164806E0
6.403179604E1,-4.332451753E0,-3.102117473E-1,-1.645500040E-1,4.346659203E0
6.404175704E1,-4.373741866E0,-3.132780272E-1,6.385986874E-1,4.431204048E0
6.405171804E1,-4.179975665E0,-5.393898565E-1,1.514190872E0,4.478382741E0
6.406167904E1,-2.932939398E0,-1.540020363E0,2.305603617E0,4.036038190E0
6.407164004E1,-1.027270421E0,-2.587853687E0,2.863640244E0,3.994083959E0
6.408160104E1,5.918759260E-1,-3.049710633E0,3.100267414E0,4.388930404E0
6.409156204E1,1.857059319E0,-3.207653283E0,2.761414835E0,4.622025616E0
6.410152304E1,2.320530682E0,-3.527555621E0,1.576052660E0,4.506933913E0
6.411148404E1,1.824659897E0,-3.942906738E0,-2.773112190E-1,4.353481227E0
6.412144504E1,1.589120310E0,-4.468870803E0,-1.972910203E0,5.136972287E0
6.413140604E1,1.544843439E0,-4.692771215E0,-3.093925524E0,5.829323981E0
6.414136704E1,9.569509283E-1,-3.753993140E0,-3.783471878E0,5.415060390E0
6.415132804E1,2.331895915E-1,-2.327058513E0,-3.988811474E0,4.623872369E0
6.416128904E1,-4.213696557E-1,-1.488863658E0,-3.866431589E0,4.164560074E0
6.417125004E1,-1.221934755E0,-1.136654284E0,-3.773007701E0,4.125614453E0
6.418121104E1,-2.004878685E0,-1.060297249E0,-3.801279573E0,4.426454020E0
6.419117204E1,-2.658282815E0,-1.287898364E0,-4.081871665E0,5.038534113E0
6.420113304E1,-3.176572409E0,-1.731906685E0,-4.583397877E0,5.839319235E0
6.421109504E1,-3.605328267E0,-2.295724454E0,-5.098131194E0,6.652795229E0
6.422105604E1,-3.723057277E0,-2.863779700E0,-5.483032351E0,7.219836107E0
6.423101704E1,-3.801728640E0,-3.319956661E0,-5.641569078E0,7.569845081E0
6.424097804E1,-3.995109510E0,-3.672679421E0,-5.552439970E0,7.763959283E0
6.425093904E1,-4.104843621E0,-3.958997106E0,-5.201225792E0,7.718558737E0
6.426090004E1,-3.775151875E0,-3.967522931E0,-4.822213074E0,7.297036989E0
6.427086104E1,-3.880776563E0,-3.799938222E0,-4.852093516E0,7.283046664E0
6.428082204E1,-2.747686742E0,-3.532121127E0,-4.147746397E0,6.101595059E0
6.429078304E1,-2.298910017E0,-3.287175124E0,-3.512535878E0,5.331830442E0
6.430074404E1,-1.704755139E0,-2.769524631E0,-2.538473366E0,4.125567087E0
6.431070504E1,-8.830248731E-1,-2.337032401E0,-1.385356246E0,2.856687820E0
6.432066604E1,-2.947411841E-1,-1.763279335E0,-3.203712845E-1,1.816222492E0
6.433062704E1,7.284168899E-2,-9.930124614E-1,5.564251345E-1,1.140608868E0
6.434058804E1,6.281184304E-1,-3.996598211E-1,1.170993812E0,1.387619272E0
6.435054904E1,1.390918702E0,-1.912445900E-1,1.556410693E0,2.096101995E0
6.436051004E1,1.898963975E0,-2.772428066E-2,1.984832091E0,2.747069573E0
6.437047104E1,2.042473943E0,1.995648855E-1,2.235630280E0,3.034727121E0
6.438043204E1,2.147993381E0,4.152052286E-1,2.630282838E0,3.421207207E0
6.439039304E1,2.594832923E0,7.796911240E-1,3.553862829E0,4.468894400E0
6.440035404E1,3.643359143E0,1.196525679E0,4.754580377E0,6.108336444E0
6.441031604E1,5.412219645E0,1.540353946E0,6.167282882E0,8.348663960E0
6.442027704E1,7.497546077E0,1.830211244E0,7.745444047E0,1.093411057E1
6.443023804E1,9.588030338E0,2.198163953E0,9.468452439E0,1.365334546E1
6.444019904E1,1.143800517E1,3.095704539E0,1.060871329E1,1.590459514E1
6.445016004E1,1.345489579E1,2.633572774E0,1.126694605E1,1.774581639E1
6.446012050E1,1.525931263E1,1.322729351E0,1.195671752E1,1.943088595E1
6.447008150E1,1.543660138E1,6.488690293E-1,1.254742079E1,1.990345350E1
6.448004250E1,1.428714169E1,1.040891071E0,1.244097807E1,1.897323924E1
6.449000350E1,1.214012245E1,2.204792942E0,1.156693861E1,1.691265071E1
6.449996450E1,1.026743587E1,3.299119231E0,1.084184996E1,1.529215935E1
6.450992550E1,9.954115155E0,3.106409914E0,1.063921353E1,1.489721637E1
6.451988650E1,1.025805109E1,2.561261427E0,1.029359748E1,1.475621297E1
6.452984750E1,9.876513247E0,2.685163927E0,9.837781291E0,1.419639250E1
6.453980850E1,8.516194194E0,2.922980420E0,9.049779519E0,1.276588765E1
6.454976950E1,6.496154264E0,2.930227459E0,7.805304333E0,1.056924921E1
6.455973050E1,4.190873705E0,2.973478144E0,6.249459651E0,8.090781211E0
6.456969150E1,2.010614803E0,3.027324568E0,4.642242501E0,5.895564550E0
6.457965250E1,2.200383264E-1,2.888396186E0,3.083922107E0,4.231054828E0
6.458961350E1,-1.112605855E0,2.600627514E0,1.565194380E0,3.232798896E0
6.459957450E1,-2.263686390E0,2.342930926E0,2.065967470E-1,3.264396363E0
6.460953650E1,-2.193274219E0,2.211842199E0,1.622795302E-1,3.119139682E0
6.461949750E1,-4.016767012E0,1.695313201E0,-2.100790563E0,4.839610012E0
6.462945850E1,-4.428790478E0,1.287745313E0,-3.126868737E0,5.572233052E0
6.463941950E1,-4.526083469E0,8.929790269E-1,-3.915231866E0,6.050775461E0
6.464938050E1,-4.215228528E0,5.243638279E-1,-4.741687267E0,6.366058993E0
6.465934150E1,-3.539889738E0,5.073044300E-2,-5.793406066E0,6.789473233E0
6.466930250E1,-3.214246604E0,-4.458174491E-1,-6.643978307E0,7.394091031E0
6.467926350E1,-3.304376755E0,-6.224749902E-1,-6.898086605E0,7.673980692E0
6.468922450E1,-3.428665171E0,-7.802381310E-1,-6.838763094E0,7.689811249E0
6.469918550E1,-3.454802810E0,-1.211396318E0,-6.724350625E0,7.656372171E0
6.470914650E1,-3.358902041E0,-1.636522225E0,-6.442686154E0,7.447726687E0
6.471910750E1,-3.169867991E0,-2.002303863E0,-6.073660773E0,7.137691436E0
6.472906850E1,-2.857492774E0,-2.391467932E0,-5.497689566E0,6.641458755E0
6.473902950E1,-2.197951992E0,-2.956397257E0,-4.738417504E0,6.001989515E0
6.474899050E1,-1.376172609E0,-3.426737344E0,-3.994438834E0,5.439845722E0
6.475895150E1,-5.530325800E-1,-3.855838773E0,-3.274837791E0,5.088997960E0
6.476891250E1,1.609843719E-1,-4.468556222E0,-2.639997987E0,5.192639025E0
6.477887350E1,7.135117525E-1,-5.084487886E0,-2.281483560E0,5.618387964E0
6.478883450E1,1.164306936E0,-5.645255747E0,-2.028145925E0,6.110474531E0
6.479879550E1,1.520932712E0,-6.097430874E0,-1.806563934E0,6.538774566E0
6.480875650E1,1.585612273E0,-6.206790179E0,-1.609759519E0,6.605280941E0
6.481871750E1,1.293706403E0,-6.043638244E0,-1.741187970E0,6.421135027E0
6.482867950E1,6.471870777E-1,-5.614287139E0,-1.781874358E0,5.925719148E0
6.483864050E1,-5.453756511E-2,-4.728903499E0,-1.582003371E0,4.986806324E0
6.484860150E1,-4.658032322E-1,-3.603833719E0,-1.367216429E0,3.882508324E0
6.485856250E1,-3.416238669E-1,-3.794773377E0,-1.126798802E0,3.973246454E0
6.486852350E1,4.132119128E-1,-1.665337304E0,-1.024439784E0,1.998391676E0
6.487848450E1,1.128136645E0,-7.640574235E-1,-1.488932655E0,2.018265713E0
6.488844550E1,8.383565310E-1,5.028266323E-1,-1.926968922E0,2.160760403E0
6.489840650E1,1.475995106E-1,1.590913358E0,-1.509291783E0,2.197897317E0
6.490836750E1,-6.286379555E-1,2.026957186E0,-7.736205447E-1,2.258811604E0
6.491832850E1,-1.576222521E0,1.845715721E0,-1.167507702E-1,2.429974218E0
6.492828950E1,-2.675731198E0,1.517707973E0,4.149383032E-1,3.104053597E0
6.493825050E1,-2.713210681E0,1.638474610E0,1.840162620E-1,3.174897358E0
6.494821150E1,-3.825194685E0,5.385086811E-1,2.094402480E0,4.394158364E0
6.495817250E1,-2.675994031E0,-9.494854957E-1,2.888693517E0,4.050557615E0
6.496813350E1,-1.477875278E0,-2.203597478E0,3.473165406E0,4.370679023E0
6.497809450E1,-7.595103362E-1,-3.152533336E0,3.526217194E0,4.790566781E0
6.498805550E1,-3.790717748E-1,-3.931603485E0,2.368301849E0,4.605437550E0
6.499801650E1,-1.198352057E0,-5.043003645E0,9.018996853E-1,5.261307486E0
6.500797750E1,-2.829134071E0,-5.953893424E0,-3.351448596E-2,6.591962509E0
6.501793850E1,-3.457742790E0,-5.786467175E0,-8.332533735E-1,6.792164512E0
6.502789950E1,-3.527973112E0,-5.484875393E0,-1.065445722E0,6.607997196E0
6.503786150E1,-3.295337545E0,-5.528580991E0,-2.556093366E0,6.925176575E0
6.504782250E1,-2.324199809E0,-5.425219175E0,-2.849736443E0,6.554075499E0
6.505778350E1,-1.539124569E0,-5.078386316E0,-3.016804258E0,6.104098619E0
6.506774450E1,-1.577681694E0,-4.336930428E0,-3.113471596E0,5.567023482E0
6.507770550E1,-2.133040296E0,-3.493671007E0,-3.374857339E0,5.305210652E0
6.508766650E1,-2.552706074E0,-2.841477543E0,-4.043108134E0,5.562106283E0
6.509762750E1,-2.976532729E0,-2.187805903E0,-4.822044967E0,6.074401980E0
6.510758850E1,-3.067649306E0,-2.058438888E0,-4.821228696E0,6.073869364E0
6.511754950E1,-3.815918078E0,-8.125036517E-1,-6.103459353E0,7.243866995E0
6.512751050E1,-3.794844713E0,-5.857331336E-2,-6.727370712E0,7.724104733E0
6.513747150E1,-3.589166563E0,5.777139696E-1,-7.299993804E0,8.155107576E0
6.514743250E1,-3.357431467E0,9.988514909E-1,-7.721752299E0,8.479121943E0
6.515739350E1,-3.098033193E0,1.358484782E0,-7.812608675E0,8.513527170E0
6.516735450E1,-2.855590090E0,1.776934631E0,-7.478505204E0,8.199995825E0
6.517731550E1,-2.544010679E0,2.161066293E0,-6.445143154E0,7.258241394E0
6.518727650E1,-1.923609404E0,2.638580914E0,-4.611821777E0,5.650777157E0
6.519723750E1,-8.770864409E-1,3.154163247E0,-2.200320114E0,3.944544970E0
6.520719850E1,6.978879923E-1,3.301499048E0,4.792489046E-1,3.408316759E0
6.521715950E1,2.367384421E0,3.293542449E0,3.217753179E0,5.177438207E0
6.522712050E1,2.383710431E0,3.405012599E0,3.164451131E0,5.223977142E0
6.523708150E1,4.239324903E0,3.331713073E0,7.063192679E0,8.885993386E0
6.524704250E1,4.295181016E0,3.104128915E0,7.986435286E0,9.584745425E0
6.525700350E1,4.159969416E0,3.240637427E0,8.325596598E0,9.855081694E0
6.526696550E1,4.479271830E0,3.388599465E0,9.097654767E0,1.069176341E1
6.527692650E1,5.565789163E0,2.909339451E0,1.049081120E1,1.222699410E1
6.528688750E1,6.959848990E0,1.798607774E0,1.222883875E1,1.418516778E1
6.529684850E1,8.505198505E0,2.556434843E-1,1.378789823E1,1.620215704E1
6.530680950E1,9.757065157E0,-1.434638042E0,1.465604954E1,1.766517181E1
6.531677050E1,9.787002316E0,-2.485368661E0,1.506660243E1,1.813739178E1
6.532673150E1,9.026045086E0,-2.639537226E0,1.501569423E1,1.771744112E1
6.533669250E1,8.071600567E0,-2.445071259E0,1.429552777E1,1.659792828E1
6.534665350E1,6.982237394E0,-2.172276429E0,1.293082272E1,1.485518765E1
6.535661450E1,7.030624273E0,-2.185597702E0,1.290665267E1,1.485894337E1
6.536657550E1,5.268567005E0,-4.792410108E-1,1.004685667E1,1.135459375E1
6.537653650E1,5.112393138E0,2.685708010E-1,9.052219563E0,1.039958523E1
6.538649750E1,5.096680500E0,6.940766309E-1,8.038104792E0,9.543009124E0
6.539645850E1,4.670143660E0,1.172920616E0,6.985344604E0,8.484163118E0
6.540641950E1,3.667889382E0,1.684352888E0,5.647346712E0,6.941396261E0
6.541638050E1,2.383777674E0,2.061071743E0,4.072759364E0,5.149541880E0
6.542634150E1,2.344190270E0,2.060412177E0,4.096483272E0,5.149922481E0
6.543630250E1,5.701479650E-1,1.901576072E0,1.729397060E0,2.632845314E0
6.544626350E1,1.548354399E-1,1.961706938E0,1.296717135E0,2.356638167E0
6.545622450E1,4.282489049E-1,2.351451635E0,1.638491567E0,2.897822723E0
6.546618563E1,1.324675596E0,2.696968286E0,2.390725336E0,3.839787885E0
6.547614663E1,2.455237082E0,2.967228347E0,2.988215466E0,4.874634844E0
6.548610763E1,3.661693087E0,2.845989547E0,3.380702800E0,5.739059521E0
6.549606962E1,4.799529094E0,2.194071633E0,2.817399586E0,5.982237899E0
6.550603062E1,5.014777966E0,1.085072048E0,1.567019296E0,5.364786004E0
6.551599162E1,4.255214712E0,7.579102457E-2,-6.547653615E-2,4.256393274E0
6.552595263E1,2.706322954E0,-7.701198167E-1,-1.945109616E0,3.420631503E0
6.553591363E1,7.906306797E-1,-1.488826236E0,-4.778033559E0,5.066685813E0
6.554587463E1,-1.400398208E0,-1.754759358E0,-7.491615831E0,7.820780224E0
6.555583563E1,-2.877644033E0,-2.646817594E0,-8.650916381E0,9.493409967E0
6.556579663E1,-3.197893111E0,-3.465600278E0,-1.012713660E1,1.117120412E1
6.557575762E1,-3.039903098E0,-3.892474503E0,-1.036158422E1,1.147844921E1
6.558571862E1,-2.615463654E0,-4.297221109E0,-9.284759236E0,1.055999590E1
6.559567962E1,-2.099495405E0,-4.458293774E0,-7.462048216E0,8.942394976E0
6.560564062E1,-2.015052840E0,-4.731630056E0,-7.195653749E0,8.844557298E0
6.561560163E1,-7.187450105E-1,-5.768699241E0,-4.156546456E0,7.146423145E0
6.562556263E1,-5.634721988E-1,-6.019987426E0,-3.941466569E0,7.217541704E0
6.563552363E1,-8.939983428E-2,-7.610205551E0,-1.845694086E0,7.831334977E0
6.564548463E1,-3.506478748E-1,-8.355553638E0,-1.322647197E0,8.466854560E0
6.565544562E1,-8.770256299E-1,-8.807083232E0,-1.250404263E0,8.938534547E0
6.566540662E1,-1.715156751E0,-8.858410091E0,-1.332379595E0,9.120769014E0
6.567536762E1,-2.578232386E0,-8.885079827E0,-1.436906761E0,9.362511779E0
6.568532862E1,-3.735227671E0,-8.662610813E0,-1.354388223E0,9.530326296E0
6.569528963E1,-5.184044918E0,-7.740135945E0,-1.113874117E0,9.382150165E0
6.570525063E1,-6.731456746E0,-6.096739148E0,-8.796337804E-1,9.124499644E0
6.571521163E1,-7.915280519E0,-4.187329123E0,-5.517344981E-1,8.971610883E0
6.572517263E1,-8.109666526E0,-2.712982932E0,-3.760847247E-1,8.559696681E0
6.573513462E1,-7.148366146E0,-1.806027160E0,-1.293936199E-1,7.374117938E0
6.574509562E1,-5.891248695E0,-9.620663649E-1,2.749889973E-1,5.975617275E0
6.575505662E1,-5.538574467E0,2.774825424E-1,4.010511661E-1,5.560004112E0
6.576501763E1,-6.495398803E0,1.790629687E0,2.481556861E-1,6.742265312E0
6.577497863E1,-8.220068974E0,3.495711685E0,-4.741748370E-1,8.945075511E0
6.578493963E1,-9.161484143E0,4.648617135E0,-1.416256004E0,1.037054550E1
6.579490063E1,-7.949927026E0,4.357462049E0,-2.393450285E0,9.376428931E0
6.580486162E1,-5.358083199E0,2.892617583E0,-2.829774048E0,6.714455541E0
6.581482262E1,-2.997123699E0,1.546604328E0,-1.807734547E0,3.826570214E0
6.582478362E1,-3.277217023E0,1.641222802E0,-1.837012140E0,4.099802106E0
6.583474462E1,4.987560931E-1,-1.128964611E0,1.813266744E0,2.193457320E0
6.584470563E1,1.526870852E0,-3.040682532E0,2.780181473E0,4.393915553E0
6.585466663E1,1.868178092E0,-5.027421400E0,2.710221877E0,6.009189458E0
6.586462763E1,1.479887305E0,-6.970712532E0,1.902546418E0,7.375675054E0
6.587458863E1,5.083999059E-1,-8.286392772E0,1.444942297E0,8.426780754E0
6.588454963E1,4.178817916E-1,-8.621504887E0,2.090395237E0,8.881144293E0
6.589451062E1,2.408958124E0,-8.959030733E0,3.061424360E0,9.769320858E0
6.590447162E1,4.072792109E0,-8.732818916E0,4.272034228E0,1.054040029E1
6.591443262E1,4.334602944E0,-7.544268839E0,6.056057146E0,1.060097180E1
6.592439362E1,3.238459924E0,-6.311368800E0,6.925986010E0,9.914145501E0
6.593435463E1,1.618494675E0,-5.406984048E0,5.806727192E0,8.097720803E0
6.594431563E1,-5.435922503E-2,-4.672510613E0,3.613702065E0,5.907127302E0
6.595427663E1,-1.589344550E0,-4.170710751E0,1.517212713E0,4.714104230E0
6.596423763E1,-2.773385839E0,-3.678958746E0,-1.270915711E-1,4.608965039E0
6.597419862E1,-3.668764125E0,-3.066875719E0,-1.139365638E0,4.915659767E0
6.598415962E1,-4.276252994E0,-2.389558817E0,-1.980254306E0,5.283723888E0
6.599412163E1,-4.705638598E0,-1.826114100E0,-2.945086403E0,5.843908045E0
6.600408263E1,-4.942624494E0,-1.484387614E0,-4.087979082E0,6.583655250E0
6.601404363E1,-5.059519106E0,-1.184557598E0,-5.201899391E0,7.352663977E0
6.602400463E1,-5.108439835E0,-1.093079079E0,-5.238219371E0,7.397967397E0
6.603396563E1,-5.322060843E0,-7.721686810E-1,-6.542889304E0,8.469355143E0
6.604392662E1,-5.417944654E0,-6.636917210E-1,-6.698995344E0,8.641246993E0
6.605388762E1,-5.251821749E0,-5.807670933E-1,-6.477899841E0,8.359551929E0
6.606384862E1,-4.765169685E0,-4.686812317E-1,-5.739569582E0,7.474567761E0
6.607380962E1,-3.995700079E0,-2.589363438E-1,-4.518467470E0,6.037318563E0
6.608377063E1,-3.109962682E0,2.347189307E-2,-3.078685049E0,4.376153613E0
6.609373163E1,-2.152470009E0,2.835192078E-1,-1.542982562E0,2.663513745E0
6.610369263E1,-1.467495593E0,8.543703005E-1,-2.370344281E-2,1.698250211E0
6.611365363E1,-1.078999568E0,1.583047391E0,1.322957100E0,2.328195567E0
6.612361462E1,-5.288613600E-1,2.107939369E0,2.358166870E0,3.206876004E0
6.613357562E1,3.453494203E-1,2.494087737E0,3.193598331E0,4.066793597E0
6.614353662E1,1.426762134E0,3.569544769E0,4.310436986E0,5.775566384E0
6.615349762E1,3.331581511E0,4.835309083E0,5.730721575E0,8.204926512E0
6.616345863E1,6.336980190E0,5.384755273E0,6.879288976E0,1.079247535E1
6.617341963E1,1.009877293E1,5.288737561E0,7.811365557E0,1.381931227E1
6.618338063E1,1.349498664E1,5.039435674E0,8.714615364E0,1.683612477E1
6.619334163E1,1.567818143E1,4.761266084E0,9.463911492E0,1.892196206E1
6.620330263E1,1.655128767E1,4.602625568E0,9.843464785E0,1.979957284E1
6.621326362E1,1.691021082E1,4.049045689E0,9.791368432E0,1.995547285E1
6.622322462E1,1.707623432E1,2.903244898E0,9.479932863E0,1.974577769E1
6.623318562E1,1.625301886E1,1.927950085E0,8.997094937E0,1.867686620E1
6.624314763E1,1.419139587E1,1.600599856E0,8.386446818E0,1.656170664E1
6.625310863E1,1.165525028E1,1.736468390E0,7.598583625E0,1.402136422E1
6.626306963E1,9.585003819E0,1.854411992E0,6.808027205E0,1.190211647E1
6.627303062E1,9.708940818E0,2.075268052E0,6.591543986E0,1.191716079E1
6.628299162E1,6.610971944E0,2.308883028E0,4.943937778E0,8.571954949E0
6.629295262E1,5.395629340E0,2.825913717E0,4.006143790E0,7.290253245E0
6.630291362E1,4.405025055E0,3.275878596E0,3.080645328E0,6.294918740E0
6.631287463E1,3.642908907E0,3.586472459E0,2.048553293E0,5.507280690E0
6.632283563E1,2.915463240E0,3.666519671E0,9.999417043E-1,4.789903529E0
6.633279663E1,2.088997314E0,3.580968182E0,-1.351086885E-1,4.147950971E0
6.634275763E1,1.313423215E0,3.350669162E0,-1.461848937E0,3.884464787E0
6.635271863E1,2.881203818E-1,2.786249129E0,-2.872885569E0,4.012439290E0
6.636267962E1,-1.166429476E0,1.969499229E0,-4.384258668E0,4.945827434E0
6.637264062E1,-2.689651957E0,1.235371949E0,-5.805009865E0,6.516019570E0
6.638260162E1,-3.893434616E0,8.488370803E-1,-6.855321824E0,7.929362825E0
6.639256262E1,-4.256499345E0,4.171073279E-1,-7.566638532E0,8.691707765E0
6.640252363E1,-3.783304063E0,2.120434284E-2,-7.756222805E0,8.629764276E0
6.641248463E1,-2.981726811E0,-1.117677730E-1,-7.568435966E0,8.135380125E0
6.642244563E1,-2.106931309E0,-1.503137881E-1,-7.512391573E0,7.803703026E0
6.643240663E1,-1.428823863E0,-9.949563682E-2,-7.581709145E0,7.715811725E0
6.644236762E1,-7.652046472E-1,-1.442122185E-1,-7.341953423E0,7.383130459E0
6.645232862E1,-1.540431422E-1,-3.347764850E-1,-6.602582359E0,6.612858565E0
6.646228912E1,5.482016104E-1,-6.370599926E-1,-5.434617990E0,5.499222048E0
6.647225012E1,1.078069276E0,-1.187625048E0,-3.976066883E0,4.287399500E0
6.648221112E1,1.343801839E0,-2.036364772E0,-2.331565108E0,3.374726762E0
6.649217212E1,1.376324052E0,-2.744422241E0,-8.982954615E-1,3.198914827E0
6.650213313E1,1.462518443E0,-3.519526809E0,4.809533679E-1,3.841529032E0
6.651209413E1,1.540357747E0,-4.436823383E0,1.833791932E0,5.041913979E0
6.652205612E1,7.622447866E-1,-4.889183866E0,2.753554423E0,5.662790651E0
6.653201712E1,-1.051201905E0,-4.889429449E0,3.516546191E0,6.113725779E0
6.654197812E1,-3.332148691E0,-4.488123930E0,3.922375410E0,6.828726101E0
6.655193912E1,-5.377852051E0,-3.989199729E0,3.979877513E0,7.789379447E0
6.656190013E1,-6.522574908E0,-3.467035770E0,4.279714546E0,8.536994614E0
6.657186113E1,-5.989629267E0,-3.620894725E0,4.088540415E0,8.105720208E0
6.658182213E1,-4.064075664E0,-4.769674965E0,3.658653705E0,7.256187512E0
6.659178313E1,-3.047795085E0,-5.353597800E0,3.728656863E0,7.200898992E0
6.660174412E1,-3.545101361E0,-5.090997006E0,3.880467830E0,7.317378271E0
6.661170512E1,-5.022446589E0,-4.874350065E0,3.798442504E0,7.963191807E0
6.662166612E1,-6.589315027E0,-4.558695729E0,3.033628451E0,8.567594812E0
6.663162712E1,-7.262451171E0,-4.698332502E0,1.982851639E0,8.874076060E0
6.664158812E1,-6.775825419E0,-5.880637752E0,8.002739078E-1,9.007449628E0
6.665154913E1,-5.546716130E0,-6.969579341E0,-6.567592621E-3,8.907364322E0
6.666151013E1,-4.061664857E0,-7.157541012E0,-3.803964615E-2,8.229760736E0
6.667147113E1,-2.427666290E0,-7.073125345E0,-1.441864908E-2,7.478159777E0
6.668143213E1,-1.129294394E0,-7.238574066E0,-5.139217240E-1,7.344138879E0
6.669139312E1,-3.578563222E-1,-7.443996692E0,-1.463052878E0,7.594845069E0
6.670135412E1,-3.385643113E-1,-7.471224836E0,-2.682984377E0,7.945579369E0
6.671131512E1,-7.847837564E-1,-7.493422036E0,-3.773933315E0,8.426733176E0
6.672127612E1,-1.387235249E0,-7.488616794E0,-4.420261729E0,8.805822897E0
6.673123713E1,-1.827687293E0,-7.265978796E0,-4.849958405E0,8.925076203E0
6.674119813E1,-1.808316345E0,-6.916287233E0,-4.993613384E0,8.720161221E0
6.675115913E1,-1.361273611E0,-6.265161179E0,-4.531618443E0,7.851170368E0
6.676112013E1,-4.484016261E-1,-5.052577876E0,-3.353516756E0,6.080763261E0
6.677108113E1,8.678715214E-1,-3.566455393E0,-2.623262671E0,4.511575344E0
6.678104212E1,2.243029054E0,-2.321941615E0,-2.778412106E0,4.259362162E0
6.679100312E1,3.138371964E0,-1.353816365E0,-3.406960891E0,4.825927875E0
6.680096412E1,3.062346759E0,-3.915663975E-1,-4.355851141E0,5.338982213E0
6.681092512E1,2.528314998E0,9.734862694E-1,-5.393357697E0,6.035591064E0
6.682088713E1,2.132540944E0,2.270446356E0,-5.984588968E0,6.746700130E0
6.683084813E1,2.102542389E0,3.206301700E0,-6.283044303E0,7.360550306E0
6.684080912E1,2.223120747E0,4.090162432E0,-5.772931455E0,7.416092783E0
6.685077012E1,2.443544989E0,4.890666136E0,-4.404601716E0,7.020686836E0
6.686073112E1,2.611054269E0,5.565383951E0,-3.082721089E0,6.877083119E0
6.687069212E1,2.465362120E0,6.017043353E0,-1.481824780E0,6.669229774E0
6.688065313E1,2.766517115E0,6.030018325E0,6.670152783E-1,6.667806785E0
6.689061413E1,3.443844543E0,5.857574580E0,2.956808901E0,7.410395676E0
6.690057513E1,3.905671669E0,5.743090775E0,5.249257160E0,8.705863746E0
6.691053613E1,4.059266329E0,5.712150818E0,7.463833956E0,1.023792593E1
6.692049713E1,3.939000798E0,5.862045946E0,8.943558415E0,1.139590045E1
6.693045812E1,3.624413579E0,5.463103870E0,9.285431081E0,1.136666653E1
6.694041912E1,3.755116391E0,5.544888875E0,9.156510501E0,1.134408993E1
6.695038012E1,3.630199399E0,3.306284117E0,1.021439460E1,1.133330135E1
6.696034112E1,4.524813454E0,2.642760504E0,1.134065839E1,1.249274399E1
6.697030213E1,4.516867087E0,2.182607144E0,1.231650722E1,1.329895531E1
6.698026313E1,4.150154280E0,1.016586388E0,1.286949712E1,1.356027966E1
6.699022413E1,4.298998370E0,-7.636308691E-1,1.291662685E1,1.363465321E1
6.700018513E1,4.284334723E0,-1.191542682E0,1.107888322E1,1.193804638E1
6.701014612E1,3.416223466E0,-9.515402073E-1,8.858640472E0,9.542092147E0
6.702010712E1,1.952501958E0,-7.962893227E-1,7.360215447E0,7.656311906E0
6.703006812E1,6.731761971E-1,-6.450684853E-1,5.536444327E0,5.614400709E0
6.704002912E1,-5.765179217E-2,-6.005435461E-1,3.925200784E0,3.971294182E0
6.704999013E1,-3.046811584E-1,-6.262381120E-1,2.829844215E0,2.914279167E0
6.705995113E1,-1.416101491E0,-1.384718607E0,-1.096833576E0,2.264030244E0
6.706991213E1,-1.634023125E0,-1.884741792E0,-2.817278548E0,3.762890062E0
6.707987313E1,-1.281439237E0,1.895955875E0,1.402761068E0,2.684115089E0
6.708983413E1,-1.047124349E0,2.983555528E0,8.651856029E-1,3.278203642E0
6.709979512E1,2.873137584E-1,9.063087782E-1,-2.277818525E0,2.468279164E0
6.710975612E1,4.448237148E-1,8.443797478E-1,-2.312688396E0,2.501873880E0
6.711971712E1,1.752304112E0,-1.313824918E0,-7.672448577E0,7.978920527E0
6.712967913E1,1.915248178E0,-6.046982852E-1,-7.509146369E0,7.773102005E0
6.713964013E1,2.119802054E0,4.656596830E-1,-5.650739851E0,6.053202504E0
6.714960113E1,2.019662931E0,1.555256160E0,-2.816469294E0,3.798731283E0
6.715956212E1,1.140081337E0,2.165601394E0,-2.241178118E0,3.318507829E0
6.716952312E1,2.352397715E-1,1.871358100E0,-3.830650722E0,4.269801383E0
6.717948412E1,-1.881256852E-1,1.068531298E0,-5.104974191E0,5.218995296E0
6.718944512E1,-1.725722377E-1,3.202575561E-1,-5.871810796E0,5.883069615E0
6.719940613E1,-2.910805348E-1,-1.316757882E-1,-6.170719290E0,6.178983974E0
6.720936713E1,-9.153490122E-1,-5.181372741E-1,-5.884316821E0,5.977584336E0
6.721932813E1,-1.559849294E0,-6.927950674E-1,-5.314353043E0,5.581706109E0
6.722928913E1,-1.841321830E0,-6.764763656E-1,-4.437860679E0,4.852081385E0
6.723925013E1,-2.196264047E0,-1.175430387E0,-3.520607960E0,4.312759298E0
6.724921112E1,-2.099140479E0,-1.243022738E0,-3.263557928E0,4.074592817E0
6.725917212E1,-1.427626061E0,-7.105530614E-1,-2.239283620E0,2.749071289E0
6.726913312E1,-4.652998600E-1,-2.292547077E-2,-2.381056380E-1,5.231862305E-1
6.727909412E1,5.962654307E-1,4.980696300E-1,1.312575953E0,1.525274222E0
6.728905513E1,1.472874447E0,4.870300868E-1,2.620705683E0,3.045431943E0
6.729901613E1,1.603717884E0,-2.123857829E-1,3.187789122E0,3.574775274E0
6.730897713E1,2.056111550E0,-1.031272255E0,2.212671772E0,3.191713261E0
6.731893813E1,1.744475421E0,-1.611670974E0,2.939257899E0,3.778877455E0
6.732889912E1,1.036620850E0,-1.983677558E0,3.359678552E0,4.036954224E0
6.733886012E1,3.408614630E-1,-1.806808932E0,2.835317793E0,3.379315322E0
6.734882112E1,-2.192897366E-1,-1.274565543E0,1.899058700E0,2.297613818E0
6.735878212E1,-1.210417860E-1,-1.338268034E0,1.938503432E0,2.358687771E0
6.736874313E1,-2.449333587E-1,-2.130184516E-1,3.260243726E-1,4.600664109E-1
6.737870413E1,1.538689683E-1,-5.746497363E-2,-1.953636611E-1,2.552348774E-1
6.738866513E1,4.702542058E-1,-2.330039424E-1,-6.424768531E-1,8.295820406E-1
6.739862613E1,6.473435638E-1,-6.329385826E-1,-9.527096504E-1,1.314275700E0
6.740858713E1,5.510290316E-1,-1.038530696E0,-1.267349494E0,1.728685553E0
6.741854812E1,2.606218768E-1,-1.358174295E0,-1.854470172E0,2.313357040E0
6.742850912E1,-1.343017727E-1,-1.582363560E0,-2.418351676E0,2.893153337E0
6.743847012E1,-6.163725436E-1,-1.635660053E0,-2.574676986E0,3.111954451E0
6.744843112E1,-1.209797397E0,-1.369632206E0,-2.508556672E0,3.103604146E0
6.745839313E1,-1.958265120E0,-8.414429837E-1,-2.199173475E0,3.062546742E0
6.746835467E1,-2.558705902E0,-2.632556820E-1,-1.608662581E0,3.033821805E0
6.747831567E1,-2.866865861E0,1.885782596E-1,-7.694304299E-1,2.974307451E0
6.748827667E1,-2.507976628E0,3.618827149E-1,-1.204497188E-1,2.536811779E0
6.749823767E1,-1.583557269E0,2.620792222E-1,2.248792362E-1,1.620774448E0
6.750819867E1,-4.598313247E-1,-4.334716380E-2,4.475493944E-1,6.431362874E-1
6.751815967E1,4.629236247E-1,-3.757710215E-1,5.409300131E-1,8.050511921E-1
6.752812067E1,9.682886794E-1,-5.040390524E-1,5.068255430E-1,1.203540803E0
6.753808167E1,1.066619697E0,-2.698238593E-1,5.772780597E-1,1.242470302E0
6.754804267E1,7.719751382E-1,8.685804963E-2,5.156858289E-1,9.324279108E-1
6.755800367E1,2.640349697E-1,3.778871289E-1,2.282367074E-1,5.143978441E-1
6.756796467E1,-1.176655671E-1,5.610955980E-1,-2.765148282E-2,5.739669506E-1
6.757792567E1,-4.706609528E-1,5.443073648E-1,-5.031996846E-2,7.213351087E-1
6.758788667E1,-8.028493139E-1,4.308061847E-1,1.023847461E-3,9.111322834E-1
6.759784767E1,-1.077638775E0,4.032944503E-1,2.211498821E-1,1.171690665E0
6.760780867E1,-1.056741119E0,3.943058181E-1,2.302803093E-1,1.151176742E0
6.761776967E1,-1.041368642E0,3.708248618E-1,6.220443428E-1,1.268423782E0
6.762773067E1,-1.034410017E0,3.668309212E-1,6.256310248E-1,1.263322282E0
6.763769167E1,-7.844472492E-1,2.385216674E-1,1.231691419E0,1.479633003E0
6.764765267E1,-8.096927489E-1,2.080301920E-1,1.673307644E0,1.870517944E0
6.765761367E1,-7.293805110E-1,1.792545819E-1,1.878198173E0,2.022809065E0
6.766757467E1,-5.492491391E-1,9.361918509E-2,1.966229174E0,2.043647801E0
6.767753567E1,-4.731952822E-1,5.280445039E-2,2.057246348E0,2.111626061E0
6.768749667E1,-5.194941205E-1,6.568235815E-2,1.898848200E0,1.969724041E0
6.769745767E1,-5.334350520E-1,4.709610611E-2,1.800128489E0,1.878093068E0
6.770741867E1,-4.561766687E-1,-2.922204494E-2,1.625199677E0,1.688260960E0
6.771737967E1,-2.627436121E-1,-8.832423896E-2,1.182939674E0,1.214982160E0
6.772734067E1,1.758403927E-2,-1.454524130E-1,7.238163006E-1,7.384955247E-1
6.773730167E1,2.310066797E-1,-1.324306637E-1,3.023583519E-1,4.028927149E-1
6.774726267E1,3.076258162E-1,-4.238441974E-2,-1.724139243E-1,3.551853644E-1
6.775722367E1,4.357628694E-1,4.693560004E-2,-6.659148324E-1,7.972043608E-1
6.776718467E1,5.634268829E-1,1.353975409E-1,-9.931618577E-1,1.149849043E0
6.777714567E1,6.709003146E-1,1.597228351E-1,-1.291209642E0,1.463844581E0
6.778710667E1,8.016674455E-1,1.277271634E-1,-1.508801494E0,1.713320422E0
6.779706867E1,8.641506457E-1,5.721149683E-2,-1.607757432E0,1.826174541E0
6.780702967E1,8.494065991E-1,-4.349626780E-2,-1.772357723E0,1.965867593E0
6.781699067E1,8.145545626E-1,-1.837446588E-1,-1.893087523E0,2.069067811E0
6.782695167E1,8.291375184E-1,-2.444504517E-1,-1.850409865E0,2.042361799E0
6.783691267E1,4.865520769E-1,-4.211082852E-1,-2.258684097E0,2.348556783E0
6.784687367E1,2.123989391E-1,-3.754128796E-1,-2.811427824E0,2.844323215E0
6.785683467E1,-4.845771798E-1,3.079096985E-1,-5.155581257E0,5.187450388E0
6.786679567E1,-9.698308825E-2,3.304378510E-2,-1.656973447E0,1.660138131E0
6.787675667E1,8.201678896E-1,-6.139892185E-1,-2.199845320E-1,1.047879441E0
6.788671767E1,5.196525800E-1,-1.009311283E-1,-3.875300646E-2,5.307802672E-1
6.789667867E1,6.075112344E-1,-9.781631649E-2,8.013316691E-1,1.010331815E0