"Time (s)","Linear Acceleration x (m/s^2)","Linear Acceleration y (m/s^2)","Linear Acceleration z (m/s^2)","Absolute acceleration (m/s^2)"
9.003500003E-3,-7.100690581E-1,-2.070300257E-1,3.488787997E-1,8.177872068E-1
1.895850000E-2,-8.140474628E-1,-1.672941023E-1,3.653457284E-1,9.078205162E-1
2.891350001E-2,-8.054082017E-1,-4.949171036E-2,1.094224548E-1,8.143126392E-1
3.886850001E-2,-8.317993172E-1,2.405222923E-2,-2.301388067E-1,8.633843200E-1
4.882350001E-2,-8.172866741E-1,-8.012088776E-2,-5.746631849E-1,1.002304664E0
5.877850001E-2,-7.244621256E-1,-3.182657021E-1,-7.927497107E-1,1.120085056E0
6.873350000E-2,-6.075132079E-1,-5.979573226E-1,-8.232645750E-1,1.185069541E0
7.868850000E-2,-4.076928721E-1,-7.577465236E-1,-7.079592365E-1,1.114270861E0
8.864350000E-2,-2.732219687E-1,-7.715354276E-1,-7.883058268E-1,1.136372842E0
9.859750001E-2,-1.276557543E-1,-7.404551375E-1,-9.447282010E-1,1.207096175E0
1.085525000E-1,1.735803708E-1,-6.219876248E-1,-6.028578740E-1,8.834230961E-1
1.185075000E-1,5.262846382E-1,-5.113004172E-1,-1.308723807E-1,7.453396656E-1
1.284625000E-1,5.959630566E-1,-4.637754178E-1,-1.246977210E-2,7.552582990E-1
1.384175000E-1,4.310557877E-1,-4.828364637E-1,1.151749456E-1,6.574233118E-1
1.483725000E-1,6.946389869E-2,-4.691142181E-1,3.266242969E-1,5.758270696E-1
1.583275000E-1,-3.212537024E-1,-4.485252947E-2,6.766345328E-1,7.503665649E-1
1.682825000E-1,-6.744727441E-1,3.437718415E-1,7.740620095E-1,1.082711668E0
1.782375000E-1,-6.600354570E-1,4.811495420E-1,-1.704732335E-1,8.343936779E-1
1.881925000E-1,-2.426489611E-1,1.204415327E-1,-7.652104944E-1,8.117461314E-1
1.981465000E-1,1.666259117E-2,-1.509967428E-1,-2.091239136E-1,2.584772128E-1
2.081015000E-1,7.443560343E-2,3.761279941E-2,5.336169004E-1,5.400947863E-1
2.180565000E-1,-4.984597854E-2,1.838227192E-1,7.179918891E-1,7.428241828E-1
2.280115000E-1,-3.076988698E-1,4.655786991E-2,9.561074674E-2,3.255574368E-1
2.379665000E-1,-5.690702866E-1,-2.097247151E-1,-3.357284117E-1,6.932092134E-1
2.479215000E-1,-8.323843311E-1,-3.999878499E-1,-4.307643771E-3,9.235109693E-1
2.578765000E-1,-9.398195366E-1,-5.482627138E-1,8.888872916E-1,1.404981630E0
2.678315000E-1,-1.038675634E0,-7.561706990E-1,1.542297269E0,2.007317131E0
2.777865000E-1,-1.060470107E0,-6.833439204E-1,1.192215697E0,1.735780524E0
2.877415000E-1,-1.005542752E0,-8.872144032E-1,7.298178828E-1,1.526728452E0
2.976965000E-1,-9.985730173E-1,-8.745718458E-1,9.239542133E-1,1.617317338E0
3.076505000E-1,-5.671371605E-1,-1.421794340E-1,1.518530676E0,1.627204647E0
3.176055000E-1,-6.626213699E-2,1.374203852E-1,4.482557380E-1,4.735063249E-1
3.275605000E-1,-4.557440844E-1,-1.518779182E-1,1.139534622E-1,4.937154687E-1
3.375155000E-1,-1.083525679E0,-5.963700959E-1,-3.169114870E-1,1.276760776E0
3.474705000E-1,-1.701780075E0,-1.101587070E0,-1.013286805E0,2.266340585E0
3.574255000E-1,-2.137806947E0,-1.333492905E0,-2.157868159E0,3.317350880E0
3.673805000E-1,-2.315528973E0,-1.702810062E0,-2.622004935E0,3.890520070E0
3.773355000E-1,-2.579836569E0,-2.336794712E0,-2.253928556E0,4.146849429E0
3.872905000E-1,-2.527384706E0,-2.528901182E0,-2.221254900E0,4.209155256E0
3.972455000E-1,-2.406513257E0,-2.174147684E0,-2.699141403E0,4.219429881E0
4.072005000E-1,-2.574041686E0,-2.061667720E0,-3.080892080E0,4.513098758E0
4.171545000E-1,-3.157165500E0,-2.364008531E0,-2.506413667E0,4.673150950E0
4.271095000E-1,-3.564047509E0,-2.712813071E0,-1.016279994E0,4.592887374E0
4.370645000E-1,-3.286606775E0,-2.821341779E0,1.529257393E-1,4.334182715E0
4.470195000E-1,-3.008901161E0,-2.199969281E0,-1.669222194E-1,3.731114319E0
4.569745000E-1,-2.943627816E0,-1.997564695E0,-9.524436021E-1,3.682710719E0
4.669295000E-1,-2.188880621E0,-1.152157299E0,-9.896459270E-1,2.664219187E0
4.768845000E-1,-1.506401212E0,6.093327883E-1,-1.415205697E0,2.154840649E0
4.868395000E-1,-1.316916926E0,1.006257574E0,-2.857814956E0,3.303623892E0
4.967945000E-1,-1.792502550E0,-1.149445653E-1,-3.657930404E0,4.075135885E0
5.067495000E-1,-1.971681703E0,-1.281915493E0,-3.180283636E0,3.955381154E0
5.167045000E-1,2.314936066E-1,-1.251391273E0,-1.635473235E0,2.072279448E0
5.266595000E-1,7.042085985E0,-5.576700068E-1,1.936860949E-1,7.066787471E0
5.366135000E-1,7.544861746E0,2.383734405E-1,1.664132193E0,7.729883351E0
5.465685000E-1,5.797339488E0,7.796507782E-1,3.164016683E0,6.650413674E0
5.565235000E-1,3.929471006E0,8.941603106E-1,2.664893092E0,4.831347663E0
5.664785000E-1,2.200155807E0,7.063272786E-1,1.529208276E0,2.770931568E0
5.764335000E-1,1.783993682E0,2.343859318E-1,7.487757254E-1,1.948906182E0
5.863885000E-1,1.538206556E0,-2.473246506E-1,-6.191815460E-1,1.676494760E0
5.963435000E-1,-2.874451454E0,-6.451057613E-2,-5.939481207E0,6.598793055E0
6.062985000E-1,-2.692855062E0,1.053295793E0,-2.623262086E0,3.904152198E0
6.162535000E-1,-2.960890258E0,2.814987025E-1,1.188844192E-1,2.976616560E0
6.262085000E-1,-3.812713219E0,-9.892693663E-1,2.034451563E0,4.433331606E0
6.361635000E-1,-4.918333406E0,-1.586461288E0,5.481879280E0,7.533781477E0
6.461175000E-1,-5.541260093E0,-2.539862664E0,6.968547893E0,9.258354363E0
6.560725000E-1,-5.423319415E0,-3.011160817E0,5.351117411E0,8.192309839E0
6.660275000E-1,-4.863726844E0,-2.957879234E0,3.566102221E0,6.717289143E0
6.759825000E-1,-4.807944406E0,-4.176536917E0,4.511281827E0,7.804579025E0
6.859375000E-1,-4.730686900E0,-6.212561381E0,5.384781586E0,9.485314448E0
6.958925000E-1,-5.088674492E0,-7.351977305E0,4.873548412E0,1.018320443E1
7.058475000E-1,-5.228515332E0,-7.511308084E0,2.747684403E0,9.555463950E0
7.158025000E-1,-4.568713764E0,-7.257509689E0,-3.987508714E-1,8.585079766E0
7.257575000E-1,-4.200086578E0,-7.435156871E0,-2.386635209E0,8.866696825E0
7.357125000E-1,-3.823589625E0,-8.049059551E0,-2.584947621E0,9.278423976E0
7.456675000E-1,-3.320648387E0,-8.084064492E0,-2.335920553E0,9.046288148E0
7.556225000E-1,-2.996332571E0,-7.208260930E0,-2.268080572E0,8.129035859E0
7.655765000E-1,-2.952252166E0,-5.954906162E0,-3.128718503E0,7.346126852E0
7.755315000E-1,-2.350095373E0,-5.980031063E0,-4.300784402E0,7.731782864E0
7.854865000E-1,-2.646163291E-1,-7.410569329E0,-4.178888667E0,8.511737195E0
7.954415000E-1,2.085080849E0,-8.424522132E0,-3.067475059E0,9.204864938E0
8.053965000E-1,3.489838741E0,-8.446784821E0,-2.977037636E0,9.611966570E0
8.153515000E-1,4.160055370E0,-7.880543380E0,-4.822143492E0,1.013223038E1
8.253065000E-1,3.721522967E0,-7.243184595E0,-6.805023490E0,1.061234192E1
8.352615000E-1,2.981425095E0,-6.489168595E0,-8.008274637E0,1.072989596E1
8.452161250E-1,2.550820931E0,-6.665904197E0,-8.479231020E0,1.108324523E1
8.551711250E-1,2.844163461E0,-7.815601864E0,-8.365990918E0,1.179672422E1
8.651261250E-1,3.801501183E0,-8.553577198E0,-8.972015644E0,1.296580730E1
8.750801250E-1,4.876560313E0,-8.595681244E0,-9.503093099E0,1.371041046E1
8.850351250E-1,5.669116480E0,-7.801811206E0,-1.055510952E1,1.429746400E1
8.949901250E-1,6.224932335E0,-6.378562664E0,-1.069878964E1,1.392479601E1
9.049451250E-1,6.307403803E0,-5.150583642E0,-9.846426984E0,1.277747937E1
9.149001250E-1,6.350200744E0,-4.223902287E0,-9.815902179E0,1.243054044E1
9.248551250E-1,6.842183130E0,-3.579580638E0,-9.466463801E0,1.221649722E1
9.348101250E-1,7.913555591E0,-2.839526035E0,-9.405144635E0,1.261522952E1
9.447651250E-1,1.003510143E1,-3.095004920E0,-9.520740581E0,1.417486569E1
9.547201250E-1,1.204487716E1,-3.807272385E0,-9.115406914E0,1.557770946E1
9.646751250E-1,1.366892727E1,-4.161338249E0,-8.222565150E0,1.648535370E1
9.746301250E-1,1.538118848E1,-4.081897978E0,-6.832225907E0,1.731826091E1
9.845851250E-1,1.686480017E1,-3.836037762E0,-5.241405519E0,1.807232698E1
9.945391250E-1,1.756343134E1,-3.097968873E0,-3.847758798E0,1.824491106E1
1.004494125E0,1.785997639E1,-2.025777803E0,-2.409859765E0,1.813532345E1
1.014449125E0,1.747064890E1,-7.156541723E-1,-1.109427017E0,1.752046124E1
1.024404125E0,1.661442941E1,8.450472075E-1,3.048095047E-2,1.663593396E1
1.034359125E0,1.552274840E1,1.742255087E0,6.134617996E-1,1.563225851E1
1.044314125E0,1.387856516E1,2.072511089E0,8.148387372E-1,1.405609602E1
1.054269125E0,1.236802236E1,2.021080735E0,1.614314500E0,1.263561458E1
1.064224125E0,1.117574819E1,1.674944279E0,2.572893586E0,1.158976132E1
1.074179125E0,1.003159661E1,1.535336743E0,3.270138969E0,1.066226985E1
1.084134125E0,9.163774497E0,1.547700096E0,3.789253605E0,1.003636296E1
1.094089125E0,8.058165420E0,1.565438794E0,4.210610397E0,9.225717775E0
1.104044125E0,7.062065921E0,1.480999737E0,4.592369844E0,8.553127854E0
1.113999125E0,6.674565092E0,9.428231782E-1,4.919197624E0,8.344893048E0
1.123953125E0,5.958994535E0,6.319009942E-1,5.400414117E0,8.066807756E0
1.133908125E0,5.142208675E0,6.924974442E-1,5.855448532E0,7.823563145E0
1.143863125E0,4.736963301E0,6.243042916E-1,5.113391842E0,6.998239300E0
1.153818125E0,4.218607341E0,4.842120212E-1,4.779031094E0,6.392984231E0
1.163773125E0,3.652116517E0,8.003750646E-1,4.433172382E0,5.799273460E0
1.173728125E0,2.962097123E0,1.216509708E0,3.704753737E0,4.896847506E0
1.183683125E0,2.852380261E0,9.870205271E-1,3.129562549E0,4.347924151E0
1.193638125E0,3.057218458E0,-1.725337923E-2,2.679356765E0,4.065198033E0
1.203593125E0,4.819356417E0,-1.664299423E0,2.913833621E0,5.872522049E0
1.213548125E0,5.836329891E0,-2.416832569E0,2.803986658E0,6.911307217E0
1.223503125E0,6.029793792E0,-1.894189138E0,3.128194885E0,7.052089683E0
1.233458125E0,5.977533717E0,-1.419649581E0,4.160900293E0,7.420202526E0
1.243412125E0,5.335537505E0,-6.907286614E-1,4.530506303E0,7.033530686E0
1.253367125E0,4.288968934E0,-6.230851471E-2,4.258893195E0,6.044609840E0
1.263322125E0,3.156893604E0,7.613758904E-1,3.821715007E0,5.015094822E0
1.273277125E0,1.680560822E0,2.217372349E0,3.462029969E0,4.441472314E0
1.283232125E0,1.636878321E-1,2.822406557E0,2.678765026E0,3.894682855E0
1.293187125E0,-1.213701144E0,2.224840997E0,2.403031386E0,3.492498787E0
1.303142125E0,-2.330773542E0,9.913398653E-1,2.401854342E0,3.490582231E0
1.313097125E0,-3.677165989E0,-7.166639864E-2,2.213725441E0,4.292699164E0
1.323052125E0,-5.184587540E0,-1.025498714E0,1.712459430E0,5.555547936E0
1.333007125E0,-5.963167108E0,-1.647702101E0,1.110476884E0,6.285494657E0
1.342962125E0,-5.930426209E0,-1.678726843E0,1.717341855E0,6.398229590E0
1.352917125E0,-5.064411471E0,-9.305832016E-1,1.969182603E0,5.512887516E0
1.362871125E0,-3.026418250E0,7.003683811E-1,2.672264677E0,4.097648325E0
1.372826125E0,-1.406260627E0,3.328436294E0,3.875252114E0,5.298456007E0
1.382781125E0,-1.021959980E0,5.359505242E0,5.092282809E0,7.463246133E0
1.392736125E0,-1.227520892E0,6.383910527E0,5.081638538E0,8.251313313E0
1.402691125E0,-1.788068606E0,7.782533521E0,4.734783459E0,9.283490279E0
1.412646125E0,-1.916214284E0,8.310431845E0,4.605257108E0,9.692447970E0
1.422601125E0,6.609028915E-1,8.346244286E0,1.518128387E0,8.508895352E0
1.432556125E0,8.244491040E0,-5.336827401E0,-8.417558098E-1,9.857074214E0
1.442511125E0,1.070668338E1,-2.222909311E1,-1.073283798E1,2.690649477E1
1.452466125E0,2.753700603E0,-1.048612407E1,-1.474282573E1,1.830007037E1
1.462421125E0,6.028955301E0,-8.663144664E0,-7.841457667E0,1.314864388E1
1.472376125E0,9.735640959E0,-8.345111096E-1,-6.367419040E0,1.166289582E1
1.482331125E0,8.996089801E0,1.741902500E0,-3.039501979E0,9.654140475E0
1.492285125E0,9.080820633E0,-1.184306753E0,-3.512411917E0,9.808206938E0
1.502240125E0,7.525278836E0,-2.194373496E0,-2.285319918E0,8.165034215E0
1.512195125E0,5.509994447E0,1.975288850E-1,4.393703091E-1,5.531012812E0
1.522150125E0,4.051156534E0,4.217745169E0,1.186897069E0,5.967408837E0
1.532105125E0,3.653319874E0,5.961366166E0,7.661828864E-1,7.033609947E0
1.542060125E0,2.335159830E0,1.760372100E0,-1.434452977E0,3.257228378E0
1.552015125E0,-2.141594773E0,-3.638162722E0,-2.955285702E0,5.153287275E0
1.561970125E0,-6.826178716E0,-7.605570463E0,-2.189434937E0,1.045155698E1
1.571925125E0,-8.814054283E0,-7.896220935E0,-1.072818477E0,1.188228923E1
1.581880125E0,-8.637730910E0,-6.153106892E0,-3.075992113E-1,1.060970014E1
1.591835125E0,-7.211809021E0,-4.015306962E0,6.748423612E-1,8.281804849E0
1.601789125E0,-5.215507032E0,-1.464166773E0,4.309339464E-2,5.417301448E0
1.611744125E0,-3.069793188E0,-2.680983460E-1,-2.467525005E-1,3.091341737E0
1.621699125E0,-1.362877503E0,8.362354535E-1,1.215082403E0,2.008270417E0
1.631654125E0,-8.322856593E-1,2.578395815E0,1.365424842E0,3.034008800E0
1.641609125E0,-2.041882789E-1,3.400061177E0,1.016877580E0,3.554736119E0
1.651564125E0,-1.978142291E-1,3.696269428E0,7.929099244E-1,3.785530914E0
1.661519125E0,-5.497797740E-1,3.828525259E0,-1.673718703E-1,3.871417932E0
1.671474125E0,-1.098028747E0,4.576988744E0,-2.358854502E-1,4.712762994E0
1.681429125E0,-1.717813141E0,6.034750476E0,5.310441256E-1,6.296912193E0
1.691384125E0,-1.570498974E0,6.809222960E0,1.166821239E0,7.084734022E0
1.701339125E0,-1.174449517E0,6.234825824E0,1.181493073E0,6.453550232E0
1.711294125E0,-8.572784132E-1,5.958326198E0,7.319231728E-1,6.064015905E0
1.721248125E0,-6.713778859E-1,6.224621263E0,7.641088790E-1,6.307180076E0
1.731203125E0,-3.350882877E-1,7.416683763E0,5.346980506E-1,7.443479308E0
1.741158125E0,3.587968469E-2,9.152439669E0,5.163910031E-2,9.152655672E0
1.751113125E0,-6.285562406E-1,9.188402969E0,2.408640620E-1,9.213025972E0
1.761068125E0,1.252999842E0,5.979171522E0,7.214551950E-1,6.151503743E0
1.771023125E0,6.515369384E0,-1.107964336E0,-1.148431161E-1,6.609902580E0
1.780978125E0,1.125998611E0,-3.144475873E0,-8.996409059E-1,3.459039627E0
1.790933125E0,-2.057521460E0,-3.811962436E0,1.167480659E0,4.486364147E0
1.800888125E0,-3.538983420E-1,-6.948312433E0,2.501396756E0,7.393326412E0
1.810843125E0,3.207667902E0,-1.054980142E1,1.433249620E0,1.111942660E1
1.820798125E0,1.449841826E0,-1.028959564E1,4.843681419E-1,1.040252048E1
1.830753125E0,-1.225714834E0,-7.675229512E0,1.135765507E0,7.855029485E0
1.840707125E0,-2.067398138E0,-4.700992400E0,1.485201985E0,5.345960114E0
1.850662125E0,-5.194697084E-1,-2.324064739E0,3.239721168E0,4.020810731E0
1.860617125E0,2.377783547E0,-4.491252190E-1,5.837295266E0,6.318986002E0
1.870572125E0,4.117405779E0,1.730226780E0,5.579048309E0,7.146502298E0
1.880527125E0,1.685744817E0,1.276670541E0,-3.820488846E0,4.366664434E0
1.890482125E0,-3.044251673E0,-2.568677158E0,-1.303195265E1,1.362708188E1
1.900437125E0,-2.148912271E0,-3.675810605E0,-2.131581416E0,4.761622295E0
1.910392125E0,5.205173832E-1,-8.462067103E-1,5.014973263E0,5.112432001E0
1.920347125E0,9.258316080E-1,3.649974682E0,2.774145977E0,4.677110780E0
1.930302125E0,1.103250018E0,5.816784988E0,1.004056390E0,6.005021019E0
1.940257125E0,1.004487330E0,6.878392598E0,4.989757291E-1,6.969236422E0
1.950212125E0,1.017840908E0,7.286044686E0,6.146628908E-1,7.382428987E0
1.960167125E0,9.666725090E-1,7.558496869E0,1.100983199E0,7.699187922E0
1.970121125E0,9.080116336E-1,7.493171775E0,1.672456289E0,7.731055453E0
1.980076125E0,5.454358774E-1,7.356168589E0,1.921050516E0,7.622411147E0
1.990031125E0,-1.345600004E-1,7.320727445E0,8.274470884E-1,7.368570106E0
1.999986125E0,-8.954821468E-1,7.063233025E0,-4.976834214E-1,7.137144935E0
2.009941125E0,-1.455283537E0,6.598785177E0,-1.211582406E0,6.865110918E0
2.019896125E0,-1.997198367E0,5.236334229E0,-1.727514841E0,5.864495290E0
2.029851125E0,-2.159114200E0,3.830425605E0,-1.381806402E0,4.609047990E0
2.039806125E0,-1.986211741E0,3.473003438E0,-1.485199792E0,4.267623271E0
2.049761125E0,-1.923160338E0,2.961288453E0,-1.523986713E0,3.845817272E0
2.059716125E0,-2.137911173E0,-3.069133329E0,-1.577826705E0,4.059529614E0
2.069671125E0,-2.270310262E0,-1.461756083E1,-1.807827517E0,1.490287333E1
2.079626125E0,-1.057072729E0,-2.268139629E1,-2.548801888E0,2.284862210E1
2.089581125E0,1.897858193E-1,-2.533452128E1,-1.749001604E0,2.539553098E1
2.099536125E0,1.694007079E-1,-1.705931832E1,-3.972101301E-1,1.706478286E1
2.109490125E0,2.644270620E-1,-6.517510049E0,5.211512214E-1,6.543657808E0
2.119445125E0,6.220029006E-1,-1.092906001E0,5.988958007E-1,1.392841454E0
2.129400125E0,1.988095129E0,1.748268948E0,2.382436323E-1,2.658143447E0
2.139355125E0,4.181804674E0,2.982531388E0,-2.063213432E-1,5.140578985E0
2.149310125E0,6.227603928E0,3.165303655E0,-4.539158428E-1,7.000588368E0
2.159265125E0,6.706117837E0,2.520901898E0,-8.553072437E-1,7.215158578E0
2.169220125E0,5.518015657E0,1.592068768E0,-1.242831534E0,5.876036928E0
2.179175125E0,3.880574834E0,6.763187832E-1,-1.009659777E0,4.066408859E0
2.189130125E0,2.654197950E0,-2.810136759E-1,-5.670758379E-1,2.728609618E0
2.199085125E0,1.714625239E0,-1.205774220E0,1.069373699E-1,2.098872740E0
2.209040125E0,9.308202332E-1,-1.838685029E0,7.019173086E-1,2.177125823E0
2.218995125E0,2.424943023E-1,-1.744868208E0,1.118044935E0,2.086478619E0
2.228950125E0,-3.965740261E-1,-1.199508344E0,1.561552150E0,2.008615529E0
2.238904125E0,-7.494434774E-1,-2.091508108E-1,1.741669196E0,1.907569442E0
2.248859125E0,-8.338823877E-1,1.000669683E0,1.669570103E0,2.117584468E0
2.258814125E0,-8.741643680E-1,1.985741917E0,1.634552298E0,2.716449065E0
2.268769125E0,-8.329363082E-1,2.172922985E0,1.541354697E0,2.791263423E0
2.278724125E0,-7.625606824E-1,9.420835054E-1,1.297539253E0,1.775564203E0
2.288679125E0,-8.984365256E-1,3.266815996E-1,1.105240703E0,1.461323396E0
2.298634125E0,-8.934780867E-1,-6.251258254E-2,6.239704156E-1,1.091581419E0
2.308589125E0,-9.215764430E-1,-3.935445106E-1,2.527728669E-1,1.033476920E0
2.318544125E0,-1.064720521E0,-6.701125485E-1,8.727795281E-2,1.261070203E0
2.328499125E0,-1.157926674E0,-7.141853517E-1,-1.322524698E-1,1.366874396E0
2.338454125E0,-1.165487489E0,-5.768137908E-1,-5.487601657E-1,1.411457741E0
2.348409125E0,-8.659860867E-1,-2.997358757E-1,-8.913203180E-1,1.278368259E0
2.358364125E0,-3.399503572E-1,-1.365324855E-3,-1.503731811E0,1.541680080E0
2.368319125E0,2.299581643E-1,1.965664333E-1,-2.135468645E0,2.156790545E0
2.378273125E0,8.066546819E-1,2.895143580E-1,-2.780227082E0,2.909325174E0
2.388228125E0,1.391900450E0,4.310263324E-1,-3.298481008E0,3.605987732E0
2.398183125E0,1.952986839E0,6.387784892E-1,-3.499565292E0,4.058220396E0
2.408138125E0,2.276188029E0,8.041675687E-1,-3.010415590E0,3.858797669E0
2.418093125E0,2.169932719E0,8.742552191E-1,-2.008740917E0,3.083499678E0
2.428048125E0,1.972890030E0,7.826235026E-1,-8.577841973E-1,2.289233135E0
2.438003125E0,1.898968360E0,7.063173383E-1,-2.936954096E-2,2.026284182E0
2.447958125E0,2.021525123E0,6.241914403E-1,4.271772565E-1,2.158392732E0
2.457913125E0,2.294935957E0,4.593175006E-1,6.161807549E-1,2.420202953E0
2.467868125E0,2.613605702E0,2.543532962E-1,6.665697205E-1,2.709233389E0
2.477823125E0,2.865064334E0,5.288514197E-2,6.458812483E-1,2.937439882E0
2.487778125E0,3.015792397E0,-8.712643683E-2,6.472601679E-1,3.085699357E0
2.497733125E0,3.080009151E0,-1.279487729E-1,6.660740228E-1,3.153804347E0
2.507688125E0,3.142725509E0,-9.381097376E-2,6.535984035E-1,3.211341619E0
2.517642125E0,3.116094072E0,-2.089560986E-1,6.834063394E-1,3.196990639E0
2.527597125E0,3.003767890E0,-5.743462658E-1,7.188670711E-1,3.141538642E0
2.537552125E0,2.833325062E0,-1.105702633E0,7.647770695E-1,3.136111157E0
2.547507125E0,2.615350803E0,-1.702575881E0,5.911874163E-1,3.176212684E0
2.557462125E0,2.449122356E0,-2.328118613E0,2.690210366E-1,3.389794818E0
2.567417125E0,2.261258918E0,-3.004796416E0,2.603180408E-3,3.760598379E0
2.577372125E0,2.076470970E0,-3.523301772E0,-1.015836775E-1,4.090929761E0
2.587327125E0,1.840325611E0,-3.784600391E0,3.212811112E-2,4.208447539E0
2.597282125E0,1.578466683E0,-3.502750563E0,5.599378493E-1,3.882569893E0
2.607237125E0,1.381305588E0,-2.572694780E0,1.389624714E0,3.233855347E0
2.617192125E0,1.577546039E0,-9.764259571E-1,1.913367713E0,2.665151996E0
2.627147125E0,1.814305940E0,7.065085423E-1,1.662828556E0,2.560441206E0
2.637102125E0,1.737264196E0,2.020094894E0,8.904819734E-1,2.809239828E0
2.647057125E0,1.406436043E0,3.101347395E0,-3.316643044E-2,3.405512886E0
2.657011125E0,8.467746942E-1,4.071928475E0,-7.885601807E-1,4.233137849E0
2.666966125E0,1.116674202E-1,4.836814449E0,-1.187749593E0,4.981766024E0
2.676921125E0,-4.642554011E-1,5.406126847E0,-1.521699136E0,5.635362350E0
2.686876125E0,-7.898241294E-1,5.871841201E0,-1.901128614E0,6.222268980E0
2.696831125E0,-1.005158444E0,6.266461015E0,-2.328276050E0,6.760158764E0
2.706786125E0,-1.448363503E0,6.467188911E0,-2.835728853E0,7.208581510E0
2.716741125E0,-2.079959711E0,6.581691427E0,-3.410621248E0,7.699170848E0
2.726696125E0,-2.448944601E0,7.047322167E0,-3.548324639E0,8.261518451E0
2.736651125E0,-2.692642808E0,6.898551459E0,-3.090121618E0,8.024287453E0
2.746606125E0,-2.974591161E0,6.018315707E0,-2.946760461E0,7.331556025E0
2.756561125E0,-3.487315668E0,5.044920947E0,-2.838876994E0,6.758092964E0
2.766516125E0,-4.158203265E0,3.620307664E0,-2.619783870E0,6.104141995E0
2.776471125E0,-4.707754705E0,2.632766150E0,-2.518023899E0,5.952718397E0
2.786426125E0,-5.094510013E0,2.211212307E0,-2.301975127E0,6.011870061E0
2.796381125E0,-5.110039049E0,1.944552961E0,-1.604483576E0,5.698083261E0
2.806336125E0,-5.080027045E0,1.665117449E0,1.098972487E-1,5.347089704E0
2.816290125E0,-5.386218247E0,9.981992340E-1,3.682375566E0,6.600578651E0
2.826245125E0,-4.775289169E0,8.041722465E-1,4.038920943E0,6.305787978E0
2.836200125E0,-3.686160469E0,1.085356661E0,3.233978033E0,5.022389073E0
2.846155125E0,-3.150624804E0,1.138598483E0,2.701841355E0,4.303811087E0
2.856109917E0,-2.701736690E0,1.004882017E0,2.243807903E0,3.652922517E0
2.866064917E0,-2.224611202E0,8.267752433E-1,1.673218181E0,2.903809805E0
2.876019917E0,-2.018253021E0,3.586559290E-1,5.793178609E-1,2.130161618E0
2.885974917E0,-1.920023160E0,-4.462273389E-1,-8.618714011E-1,2.151378648E0
2.895929917E0,-1.529844161E0,-1.706630926E0,-2.177467149E0,3.161388217E0
2.905884917E0,-6.664855206E-1,-3.098008050E0,-2.968930472E0,4.342396225E0
2.915839917E0,7.461935949E-1,-4.523473856E0,-2.844094172E0,5.395135982E0
2.925794917E0,2.163062533E0,-6.129403449E0,-2.749678888E0,7.057560496E0
2.935749917E0,3.071197397E0,-7.635978908E0,-3.303622757E0,8.868728807E0
2.945704917E0,3.187510210E0,-8.639511387E0,-3.912116470E0,1.000530028E1
2.955659917E0,1.604691153E0,-8.250834684E0,-3.532647961E0,9.117615274E0
2.965613917E0,1.117744242E-1,-7.017147025E0,-2.809570749E0,7.559532637E0
2.975568917E0,-4.245584348E-1,-6.689822817E0,-2.137696434E0,7.035888375E0
2.985523917E0,-6.485557647E-1,-7.238861749E0,-1.480210656E0,7.417059227E0
2.995478917E0,-6.400663385E-1,-8.024168538E0,-9.651203656E-1,8.107306764E0
3.005433917E0,-2.920807010E-1,-8.589662704E0,-8.187657273E-1,8.633538894E0
3.015388917E0,4.412703618E-1,-8.417449340E0,-1.038059703E0,8.492687494E0
3.025343917E0,1.210698818E0,-7.616136382E0,-1.708232478E0,7.898695032E0
3.035298917E0,1.446491809E0,-6.920882560E0,-2.417247429E0,7.472217817E0
3.045253917E0,1.241786929E0,-6.389299321E0,-2.530993315E0,6.983631416E0
3.055208917E0,9.740956955E-1,-5.881184467E0,-2.318868903E0,6.396432298E0
3.065163917E0,8.325102655E-1,-5.533823020E0,-2.192733059E0,6.010353469E0
3.075118917E0,8.231179561E-1,-5.316676726E0,-2.024565968E0,5.748342538E0
3.085073917E0,8.217357474E-1,-5.046532440E0,-1.770789499E0,5.410955068E0
3.095028917E0,7.259701225E-1,-4.573052398E0,-1.533188184E0,4.877551318E0
3.104983917E0,5.101463961E-1,-3.844551893E0,-1.321170191E0,4.097111089E0
3.114938917E0,2.013939676E-1,-2.884549595E0,-1.110403794E0,3.097447737E0
3.124892917E0,-1.383650760E-1,-1.733094254E0,-9.100194213E-1,1.962369979E0
3.134847917E0,-4.336964634E-1,-4.684450042E-1,-7.254826109E-1,9.663634736E-1
3.144802917E0,-6.965375047E-1,8.426194435E-1,-5.506929629E-1,1.224105699E0
3.154757917E0,-9.359678295E-1,2.137599955E0,-3.723294966E-1,2.363048582E0
3.164712917E0,-1.177345789E0,3.334808004E0,-2.019955730E-1,3.542300064E0
3.174667917E0,-1.355633680E0,4.506228663E0,-3.635579422E-2,4.705864552E0
3.184622917E0,-1.446399862E0,5.667238355E0,1.254661913E-1,5.850248276E0
3.194577917E0,-1.421261366E0,6.668954689E0,1.783353996E-1,6.821051534E0
3.204532917E0,-1.323839152E0,7.541633499E0,2.439119963E-1,7.660827566E0
3.214487917E0,-1.168720999E0,8.276174178E0,2.713038627E-1,8.362689375E0
3.224442917E0,-9.892432000E-1,8.868503555E0,2.729292425E-1,8.927678746E0
3.234397917E0,-8.461116200E-1,9.313191907E0,5.088024867E-1,9.365379241E0
3.244352917E0,-8.485314171E-1,9.651408309E0,1.125034697E0,9.753737283E0
3.254307917E0,-9.032738540E-1,9.854085667E0,1.419401075E0,9.996679819E0
3.264262917E0,-7.781964295E-1,1.004614448E1,1.327549503E0,1.016331621E1
3.274217917E0,-5.931258779E-1,1.003973126E1,1.118392260E0,1.011922938E1
3.284171917E0,-4.642402349E-1,1.000372527E1,9.532540262E-1,1.005975803E1
3.294126917E0,-3.688204363E-1,9.889007578E0,7.335133231E-1,9.923030847E0
3.304081917E0,-4.691693281E-1,9.533768762E0,5.807162225E-1,9.562954459E0
3.314036917E0,-7.623979837E-1,8.671187509E0,5.777399898E-1,8.723790861E0
3.323991917E0,-9.812325876E-1,6.934728182E0,7.481804788E-1,7.043652914E0
3.333946917E0,-8.920817716E-1,3.247424290E0,1.050793769E0,3.527852315E0
3.343901917E0,-1.294661254E-1,-2.722476472E0,-2.225683252E-2,2.725643957E0
3.353856917E0,1.131324839E0,-1.024880196E1,-3.039130096E0,1.074961159E1
3.363811917E0,1.761938861E0,-1.655133445E1,-5.652955946E0,1.757859526E1
3.373766917E0,1.308115405E0,-1.819553173E1,-5.864681286E0,1.916202044E1
3.383721917E0,4.216101956E-1,-1.367635441E1,-4.217455148E0,1.431807784E1
3.393676917E0,4.069350364E-1,-6.330597954E0,-1.671319005E0,6.560135196E0
3.403631917E0,4.731733186E-1,-1.600184703E0,-6.221547090E-2,1.669836770E0
3.413586917E0,3.875764038E-1,1.187133297E0,1.361533520E0,1.847504928E0
3.423541917E0,-1.664917912E-2,3.650326685E0,5.570217844E0,6.659766432E0
3.433496917E0,-5.203716048E-1,5.689637868E0,7.417787132E0,9.363030045E0
3.443451917E0,-6.283566313E-1,6.893562614E0,6.144105688E0,9.255596809E0
3.453406917E0,-5.004957859E-1,7.659273630E0,5.348038852E0,9.355024754E0
3.463360917E0,-4.548475600E-1,8.250225989E0,4.956532681E0,9.635368773E0
3.473315917E0,-2.176854799E-1,8.468659839E0,4.614479044E0,9.646709454E0
3.483270917E0,4.528541346E-1,8.105228489E0,4.101456037E0,9.095149661E0
3.493225917E0,1.489061878E0,7.221382082E0,3.008802635E0,7.963576945E0
3.503180917E0,2.768604864E0,6.550108861E0,1.064158165E0,7.190377708E0
3.513135917E0,3.065478527E0,5.706018843E0,-1.355863768E0,6.617716842E0
3.523090917E0,2.833571230E0,4.859384117E0,-3.674041530E0,6.718729126E0
3.533045917E0,2.149689658E0,3.711382726E0,-4.673169886E0,6.343031148E0
3.543000917E0,1.466487825E0,2.533119655E0,-3.744308982E0,4.752592080E0
3.552955917E0,1.201157917E0,1.114592155E0,-2.580909534E0,3.057153910E0
3.562910917E0,1.249996566E0,-1.497141561E0,-1.999486090E0,2.793182574E0
3.572865917E0,1.464390575E0,-5.767592947E0,-1.943684649E0,6.259990270E0
3.582820917E0,1.547623351E0,-1.061064053E1,-1.697599901E0,1.085645780E1
3.592775917E0,1.254655335E0,-1.395606415E1,-4.548179220E-1,1.401972703E1
3.602730917E0,5.104610859E-1,-1.438863649E1,2.107033928E-1,1.439923006E1
3.612685917E0,-6.349663239E-1,-1.178368788E1,-1.431466073E0,1.188728638E1
3.622640917E0,-1.534024774E0,-8.764635370E0,-3.836599972E0,9.689765969E0
3.632594917E0,-1.991930172E0,-7.477379615E0,-5.589787306E0,9.545926558E0
3.642549917E0,-2.441998985E0,-7.538336254E0,-6.570743685E0,1.029390815E1
3.652504917E0,-2.915464994E0,-8.017327881E0,-6.639514543E0,1.081020980E1
3.662459917E0,-3.192739668E0,-8.118057865E0,-5.333206805E0,1.022445817E1
3.672414917E0,-3.122096239E0,-8.177056856E0,-3.290782271E0,9.350988809E0
3.682369917E0,-2.728161427E0,-8.421535374E0,-1.763128477E0,9.026280787E0
3.692324917E0,-2.117200628E0,-8.520267949E0,-9.758666709E-1,8.833448940E0
3.702279917E0,-1.384508692E0,-8.249377558E0,-7.971184579E-1,8.402647930E0
3.712234917E0,-7.034866282E-1,-7.655534921E0,-7.788266131E-1,7.727139138E0
3.722189917E0,-2.301980463E-1,-6.770969891E0,-5.106306186E-1,6.794098029E0
3.732144917E0,2.550442178E-2,-5.617617713E0,-6.767479688E-2,5.618083225E0
3.742099917E0,1.411926067E-1,-4.185586653E0,5.610590529E-1,4.225382615E0
3.752054917E0,3.483122045E-1,-2.554290084E0,2.206301816E0,3.393152948E0
3.762009917E0,3.034272595E-1,-7.765792358E-1,3.665207556E0,3.758841556E0
3.771964917E0,-2.677328950E-1,9.535095495E-1,3.978104345E0,4.099533576E0
3.781919917E0,-1.002598825E0,2.414867905E0,3.755628022E0,4.576192002E0
3.791874917E0,-1.540296351E0,3.786501905E0,3.349103862E0,5.284563010E0
3.801829917E0,-1.806405036E0,5.176261690E0,2.997443542E0,6.248315935E0
3.811784917E0,-1.855510245E0,6.428745807E0,2.659465999E0,7.200309044E0
3.821738917E0,-1.724988551E0,7.531454666E0,2.230758087E0,8.042056735E0
3.831693917E0,-1.665802888E0,8.545840747E0,2.100767467E0,8.956534893E0
3.841648917E0,-1.614770875E0,9.226285325E0,2.023951864E0,9.582703535E0
3.851604125E0,-1.515248926E0,9.643017554E0,1.874588248E0,9.939710658E0
3.861559125E0,-1.399019435E0,9.942399673E0,1.736299113E0,1.018937198E1
3.871514125E0,-1.264474126E0,1.011937033E1,1.617079210E0,1.032547800E1
3.881469125E0,-1.150850154E0,1.017037092E1,1.584748785E0,1.035723561E1
3.891424125E0,-1.080116825E0,1.015639139E1,1.601157388E0,1.033840624E1
3.901379125E0,-1.017997029E0,1.012230096E1,1.514383100E0,1.028545822E1
3.911334125E0,-8.772063088E-1,1.008700599E1,1.413082573E0,1.022320807E1
3.921289125E0,-7.553437565E-1,9.973025050E0,1.143427772E0,1.006673730E1
3.931244125E0,-5.928642516E-1,9.651122380E0,8.019584906E-1,9.702514552E0
3.941199125E0,-3.808066437E-1,9.035407063E0,3.759945314E-1,9.051241152E0
3.951154125E0,8.288004264E-2,7.459842646E0,-2.158933083E-1,7.463426246E0
3.961109125E0,1.129781394E0,2.367985514E0,-1.657969812E0,3.103647095E0
3.971064125E0,3.039144714E0,-7.169971023E0,-5.145443355E0,9.333834817E0
3.981019125E0,4.229509475E0,-1.964283455E1,-8.139921774E0,2.167920722E1
3.990974125E0,3.209160111E0,-2.599795572E1,-7.841205068E0,2.734368130E1
4.000929125E0,6.793279065E-1,-2.353440682E1,-4.079639783E0,2.389504659E1
4.010883125E0,-4.129042031E-1,-1.467568332E1,-6.932235952E-1,1.469784779E1
4.020838125E0,6.804799542E-2,-5.555699793E0,5.997147617E0,8.175341599E0
4.030793125E0,-6.290800050E-3,-1.189136553E-1,9.338301605E0,9.339060815E0
4.040748125E0,-2.733932190E-1,2.593346561E0,6.450209182E0,6.957398129E0
4.050703125E0,-6.840458786E-1,4.589248016E0,5.869160253E0,7.481721606E0
4.060658125E0,-1.153164482E0,6.392305375E0,5.953068967E0,8.810810771E0
4.070613125E0,-1.550584527E0,7.766895728E0,6.171565382E0,1.004077691E1
4.080568125E0,-1.705586467E0,8.582561261E0,6.275871524E0,1.076828428E1
4.090523125E0,-1.334505058E0,8.324470425E0,5.752101334E0,1.020609530E1
4.100478125E0,-8.108670160E-1,7.214144983E0,5.380033647E0,9.035826205E0
4.110433125E0,-4.661671483E-1,6.211722890E0,5.357053505E0,8.215889199E0
4.120388125E0,-4.257919780E-1,5.278571007E0,4.853132858E0,7.183140624E0
4.130343125E0,-5.442747300E-1,4.763203851E0,4.347059560E0,6.471574207E0
4.140298125E0,1.491737272E-1,5.954542465E0,3.879487252E0,7.108392934E0
4.150253125E0,1.160286756E0,7.631274823E0,1.688148462E0,7.901421771E0
4.160208125E0,2.330144674E0,9.802219695E0,-1.157590824E0,1.014165182E1
4.170163125E0,3.163870210E0,1.025716465E1,-3.200843324E0,1.120111152E1
4.180118125E0,2.749705786E0,8.912253592E0,-3.577885530E0,9.989515046E0
4.190073125E0,2.670885319E0,8.238785326E0,-4.814770446E0,9.909249542E0
4.200028125E0,3.424597556E0,7.999189818E0,-5.894136050E0,1.050979286E1
4.209982125E0,4.317278521E0,6.883685498E0,-6.225253347E0,1.023610273E1
4.219937125E0,4.108434981E0,3.632859882E0,-5.096001638E0,7.486397105E0
4.229892125E0,2.695548874E0,-9.270760417E-2,-3.875880397E0,4.721972817E0
4.239847125E0,1.506359112E0,-4.492441514E0,-3.562845322E0,5.928323145E0
4.249802125E0,3.304905124E-1,-1.027222474E1,-3.269415961E0,1.078503156E1
4.259757125E0,-1.107112250E0,-1.552160703E1,-2.303956749E0,1.573067700E1
4.269712125E0,-2.987850600E0,-1.847253071E1,-2.260340613E-1,1.871397161E1
4.279667125E0,-5.231902040E0,-1.790492277E1,6.552395707E-1,1.866516534E1
4.289622125E0,-6.795248700E0,-1.366654044E1,-2.797488647E0,1.551694800E1
4.299577125E0,-7.352445667E0,-9.727256051E0,-7.694612448E0,1.441821862E1
4.309532125E0,-7.027837490E0,-8.006263779E0,-9.781394252E0,1.446258735E1
4.319487125E0,-5.151664208E0,-8.114550705E0,-9.253801737E0,1.334235451E1
4.329442125E0,-2.750784889E0,-9.209696774E0,-8.407214373E0,1.276975277E1
4.339397125E0,-9.581767239E-1,-1.088561052E1,-7.545105575E0,1.327942910E1
4.349352125E0,5.801361422E-1,-1.258682634E1,-6.426021590E0,1.414420407E1
4.359307125E0,2.204808437E0,-1.303000085E1,-5.454993782E0,1.429681991E1
4.369262125E0,3.972063879E0,-1.179569572E1,-3.581464026E0,1.295154870E1
4.379217125E0,5.321590726E0,-9.714037251E0,-1.296487924E0,1.115180382E1
4.389172125E0,5.237509519E0,-7.723327539E0,-6.761313799E-1,9.356198367E0
4.399127125E0,3.705277356E0,-6.276509455E0,-1.002563596E0,7.357226718E0
4.409082125E0,2.122040661E0,-5.426261734E0,-1.384295854E0,5.988626552E0
4.419037125E0,8.280885279E-1,-4.584515280E0,-1.302964008E0,4.837481386E0
4.428992125E0,-2.161132550E-1,-3.636082283E0,-1.146607414E0,3.818704999E0
4.438946125E0,-8.823490081E-1,-2.521909958E0,-1.080679473E0,2.882089126E0
4.448901125E0,-1.348255371E0,-1.319970927E0,-9.603785661E-1,2.117178023E0
4.458856125E0,-1.660477098E0,-5.530998230E-2,-7.434725931E-1,1.820163423E0
4.468811125E0,-1.815663517E0,1.360129604E0,-5.136239545E-1,2.326025820E0
4.478766125E0,-1.754166596E0,2.751803766E0,-3.459339957E-1,3.281645128E0
4.488721125E0,-1.533162456E0,4.100845880E0,-3.139633209E-2,4.378185672E0
4.498676125E0,-1.481745404E0,5.629647190E0,1.003100224E0,5.907174196E0
4.508631125E0,-1.409128832E0,7.040174530E0,1.684331545E0,7.374732147E0
4.518586125E0,-1.340944012E0,8.140201855E0,1.902865237E0,8.466517182E0
4.528541125E0,-1.264307042E0,8.869449635E0,1.933609897E0,9.165394500E0
4.538496125E0,-1.149218269E0,9.349729403E0,1.906727908E0,9.611126566E0
4.548451125E0,-1.035092826E0,9.780411335E0,1.718742409E0,9.984084260E0
4.558406125E0,-9.359274837E-1,1.003523241E1,1.397891507E0,1.017526169E1
4.568361125E0,-8.574137031E-1,1.006266754E1,1.195310189E0,1.016962157E1
4.578316125E0,-8.620897946E-1,1.001326091E1,1.080786477E0,1.010824872E1
4.588271125E0,-8.735580117E-1,9.968873527E0,1.037998965E0,1.006076463E1
4.598226125E0,-8.793736524E-1,1.000822529E1,1.159880594E0,1.011351543E1
4.608181125E0,-8.941991946E-1,1.005650458E1,1.284542062E0,1.017756969E1
4.618136125E0,-9.934068561E-1,1.014583834E1,1.447408068E0,1.029659569E1
4.628091125E0,-1.025588104E0,1.024176542E1,1.575013025E0,1.041279290E1
4.638046125E0,-1.005257700E0,1.029501952E1,1.757597011E0,1.049224081E1
4.648001125E0,-9.845312212E-1,1.025679510E1,2.025439249E0,1.050112145E1
4.657955125E0,-1.033341731E0,1.005830552E1,1.980225070E0,1.030332938E1
4.667910125E0,-9.239812566E-1,1.001274986E1,1.376578406E0,1.014908219E1
4.677865125E0,-4.454612075E-1,9.694386513E0,7.583417702E-1,9.734199905E0
4.687820125E0,3.089355925E-1,9.262853227E0,8.759129047E-3,9.268007760E0
4.697775125E0,1.399913621E0,9.206522321E0,-1.166625503E-1,9.313077984E0
4.707730125E0,2.375843880E0,8.063869963E0,-3.647352425E-1,8.414491353E0
4.717685125E0,3.277863725E0,-1.802454511E0,-1.388933573E0,3.990284368E0
4.727640125E0,5.277524355E0,-1.839378625E1,-3.704855479E0,1.949126959E1
4.737595125E0,5.037309042E0,-3.200005944E1,-6.537272469E0,3.304715143E1
4.747550125E0,1.976726680E0,-3.205838892E1,-5.393005110E0,3.256888474E1
4.757505125E0,-4.754409785E-1,-2.112768584E1,-2.230383866E-1,2.113421159E1
4.767460125E0,-2.654138893E0,-9.576535882E0,6.933621304E0,1.211732632E1
4.777415125E0,-2.628265548E0,-2.266531060E0,5.610655434E0,6.597302269E0
4.787370125E0,-2.491206813E0,1.638331354E0,3.587162430E0,4.664544491E0
4.797325125E0,-2.783308857E0,3.661224141E0,3.365160316E0,5.698743226E0
4.807280125E0,-2.790781598E0,5.225501093E0,3.391471617E0,6.826155824E0
4.817235125E0,-2.324240886E0,6.586845748E0,3.588304684E0,7.852678722E0
4.827190125E0,-9.322476847E-1,7.162752051E0,4.325555547E0,8.419295308E0
4.837145125E0,5.849102110E-1,6.585437154E0,5.266808748E0,8.452773323E0
4.847100125E0,1.341733386E0,5.488859686E0,6.100844479E0,8.315535610E0
4.857059250E0,1.846636072E0,4.724384186E0,7.429217269E0,8.995728984E0
4.867014250E0,2.086170185E0,4.551514179E0,8.897250221E0,1.020928249E1
4.876969250E0,6.674813745E-1,4.870956341E0,9.467578865E0,1.066802684E1
4.886923250E0,-7.384502734E-1,5.487570375E0,8.216420896E0,9.907992217E0
4.896878250E0,-1.291662802E0,5.873051575E0,4.949500235E0,7.788368261E0
4.906833250E0,-1.137147935E0,5.924963740E0,1.285435809E0,6.168520566E0
4.916788250E0,-2.896831964E-1,5.439760031E0,-1.889857521E0,5.765974939E0
4.926743250E0,2.645549881E-1,4.124303155E0,-4.251720124E0,5.929333003E0
4.936698250E0,2.175244987E-1,1.919101201E0,-6.186465257E0,6.480942733E0
4.946653250E0,-8.506083481E-2,-1.097239373E0,-7.855175235E0,7.931894324E0
4.956608250E0,-6.027864649E-1,-3.982343869E0,-8.510697227E0,9.415645570E0
4.966563250E0,-1.103153393E0,-6.670152199E0,-8.080261463E0,1.053558271E1
4.976518250E0,-1.467790585E0,-1.044355634E1,-7.136703290E0,1.273400220E1
4.986473250E0,-1.795070355E0,-1.400054275E1,-6.268737921E0,1.544456377E1
4.996428250E0,-1.467543686E0,-1.476839093E1,-4.577733679E0,1.553108820E1
5.006383250E0,2.801442132E-2,-1.255641029E1,-3.155117805E0,1.294677538E1
5.016338250E0,2.130363003E0,-1.026981568E1,-3.023279464E0,1.091548347E1
5.026293250E0,3.563354907E0,-9.201754501E0,-3.047976641E0,1.032763021E1
5.036248250E0,4.325148873E0,-8.561432932E0,-2.474724974E0,9.906023941E0
5.046203250E0,4.650217811E0,-8.333988522E0,-1.649735471E0,9.685118352E0
5.056158250E0,4.678934948E0,-8.654010728E0,-1.001637397E0,9.888761874E0
5.066113250E0,4.301045481E0,-9.110398774E0,-5.279310679E-1,1.008846218E1
5.076068250E0,3.416470511E0,-9.312043514E0,-3.829762530E-1,9.926383831E0
5.086023250E0,2.274336947E0,-9.022362510E0,-4.937880063E-1,9.317696089E0
5.095978250E0,1.198193817E0,-8.271936116E0,-7.639691305E-1,8.393106955E0
5.105933250E0,2.558920275E-1,-7.079767197E0,-9.315146631E-1,7.145369400E0
5.115888250E0,-4.940971778E-1,-5.535629809E0,-8.351005089E-1,5.620028672E0
5.125843250E0,-1.141830459E0,-3.882811394E0,-2.701998353E-1,4.056230895E0
5.135797250E0,-1.973477236E0,-2.314752463E0,7.307163075E-1,3.128360224E0
5.145752250E0,-2.492521560E0,-7.851915997E-1,7.779074308E-1,2.726596697E0
5.155707250E0,-2.686808749E0,6.684355670E-1,5.641086683E-1,2.825591256E0
5.165662250E0,-2.718551236E0,2.021353215E0,4.504180384E-1,3.417494119E0
5.175617250E0,-2.632370878E0,3.352168388E0,4.235860428E-1,4.283203763E0
5.185572250E0,-2.497586418E0,4.714562033E0,4.904059768E-1,5.357754297E0
5.195527250E0,-2.335755223E0,5.995101677E0,6.363302600E-1,6.465439875E0
5.205482250E0,-2.172708685E0,7.133891948E0,7.565069139E-1,7.495690767E0
5.215437250E0,-2.000901847E0,8.127375403E0,8.942579591E-1,8.417691871E0
5.225392250E0,-1.802175306E0,8.972108615E0,9.877901669E-1,9.204471644E0
5.235347250E0,-1.680081935E0,9.508733323E0,1.055286770E0,9.713511975E0
5.245302250E0,-1.513761979E0,9.767991849E0,9.626469934E-1,9.931355865E0
5.255257250E0,-1.391555464E0,9.920355670E0,7.870000704E-1,1.004834575E1
5.265212250E0,-1.287996890E0,1.003165157E1,5.918913480E-1,1.013130321E1
5.275167250E0,-1.216127008E0,1.005667064E1,4.497222197E-1,1.013991318E1
5.285122250E0,-1.184937740E0,1.005901186E1,3.515112162E-1,1.013466118E1
5.295077250E0,-1.238673871E0,9.604706013E0,1.267547715E-1,9.685079108E0
5.305032250E0,-1.229007839E0,8.715821060E0,-1.678794086E-1,8.803645865E0
5.314987250E0,-1.221094291E0,7.414315640E0,-3.020051801E-1,7.520262948E0
5.324942250E0,-1.265762852E0,5.285119303E0,-5.659011322E-1,5.463962458E0
5.334897250E0,-1.122758011E0,1.556025361E0,-1.245490263E0,2.287585293E0
5.344852250E0,-1.008133946E0,-3.806052656E0,-3.322974409E0,5.152138371E0
5.354807250E0,-1.188259178E0,-1.013510519E1,-5.933176739E0,1.180402064E1
5.364762250E0,-1.702846754E0,-1.475101066E1,-7.076473460E0,1.644896590E1
5.374716250E0,-2.294847079E0,-1.418394184E1,-6.333941392E0,1.570252664E1
5.384671250E0,-1.991239470E0,-7.602623466E0,-3.726222374E0,8.697680805E0
5.394626250E0,-1.272334392E0,-2.012143850E0,-1.573256521E0,2.853540566E0
5.404581250E0,-8.923709165E-1,9.319689918E-1,-3.357236974E-1,1.333267586E0
5.414536250E0,-6.440129167E-1,2.777235062E0,4.389224855E-1,2.884517320E0
5.424491250E0,-5.045882522E-1,3.934675028E0,1.114178830E0,4.120396988E0
5.434446250E0,-3.818033016E-1,4.726864575E0,1.439547364E0,4.955937760E0
5.444401250E0,-3.320476625E-1,5.331285995E0,1.598647470E0,5.575709797E0
5.454356250E0,-3.012822450E-1,5.654100246E0,1.699701390E0,5.911734551E0
5.464311250E0,-2.808291232E-1,5.659859753E0,1.775087203E0,5.938334110E0
5.474266250E0,-3.106722155E-1,5.304520365E0,1.939595107E0,5.656543353E0
5.484221250E0,-3.235738776E-1,4.737707652E0,2.094035129E0,5.189947685E0
5.494176250E0,-2.433975875E-1,4.309169894E0,2.179330072E0,4.835045721E0
5.504131250E0,-2.303028211E-2,3.979365297E0,2.438888851E0,4.667339434E0
5.514086250E0,3.542719790E-1,3.659381098E0,3.308104355E0,4.945718662E0
5.524041250E0,6.882968044E-1,3.435459636E0,3.963405614E0,5.290058550E0
5.533996250E0,5.510365599E-1,3.328868988E0,3.998842080E0,5.232183866E0
5.543951250E0,-5.723912492E-2,3.346789534E0,3.637025439E0,4.942896979E0
5.553906250E0,-3.126026738E-1,3.602694681E0,2.979294077E0,4.685437290E0
5.563861250E0,-3.413377553E-1,3.825619193E0,2.113531061E0,4.383935130E0
5.573816250E0,-3.866527630E-1,3.952486231E0,1.223993267E0,4.155695764E0
5.583771250E0,-4.030265382E-1,3.994186819E0,2.708883449E-1,4.023597797E0
5.593726250E0,-4.608119758E-1,3.712254546E0,-7.392435944E-1,3.813090948E0
5.603680250E0,-4.529709327E-1,2.858133044E0,-1.598187879E0,3.305799701E0
5.613635250E0,-7.236102046E-2,1.324715942E0,-2.220845303E0,2.586940723E0
5.623590250E0,5.461206595E-1,-1.048556625E0,-2.914582357E0,3.145235934E0
5.633545250E0,8.434626120E-1,-4.552823955E0,-3.422842222E0,5.758079890E0
5.643500250E0,8.200272641E-1,-9.234424065E0,-3.726065961E0,9.991526413E0
5.653455250E0,6.874507854E-1,-1.409503376E1,-3.267148118E0,1.448505513E1
5.663410250E0,7.825119670E-1,-1.712767695E1,-1.518695860E0,1.721267207E1
5.673365250E0,1.826039694E0,-1.630235065E1,1.141078287E-1,1.640469684E1
5.683320250E0,3.365292463E0,-1.290352557E1,-5.637584201E-1,1.334705920E1
5.693275250E0,3.147667868E0,-1.070274938E1,-2.565566440E0,1.144721750E1
5.703230250E0,1.897538716E0,-1.025081457E1,-4.099052247E0,1.120187850E1
5.713185250E0,1.243042911E0,-9.949383588E0,-4.797371471E0,1.111531207E1
5.723140250E0,1.077833560E0,-9.410001333E0,-4.696367545E0,1.057193068E1
5.733095250E0,9.135501163E-1,-9.260255309E0,-3.861136643E0,1.007448651E1
5.743050250E0,7.580599344E-1,-9.163896704E0,-2.410456181E0,9.505890629E0
5.753005250E0,7.700978165E-1,-8.691261585E0,-1.352106347E0,8.829454692E0
5.762960250E0,8.735213935E-1,-7.700879493E0,-1.017210871E0,7.816732217E0
5.772915250E0,9.149259661E-1,-6.471769620E0,-1.047741815E0,6.619566032E0
5.782870250E0,7.912304579E-1,-5.248636186E0,-1.058087586E0,5.412372566E0
5.792825250E0,5.651411769E-1,-4.044609114E0,-8.688073683E-1,4.175293244E0
5.802780250E0,3.141369466E-1,-2.793026052E0,-5.476744840E-1,2.863498540E0
5.812735250E0,5.853537954E-2,-1.479281241E0,-1.574044141E-1,1.488783238E0
5.822690250E0,-2.089087361E-1,-1.555558169E-1,1.915971771E-1,3.233418477E-1
5.832645250E0,-4.729494799E-1,1.109586938E0,5.154345448E-1,1.311692477E0
5.842600250E0,-7.399671143E-1,2.309619192E0,8.326388311E-1,2.564211295E0
5.852554750E0,-9.906674355E-1,3.436205741E0,1.094399965E0,3.739872076E0
5.862508750E0,-1.173086384E0,4.567750728E0,1.284330393E0,4.887738018E0
5.872463750E0,-1.346765208E0,5.711790045E0,1.494184624E0,6.055651058E0
5.882418750E0,-1.608574581E0,6.832970842E0,2.197314645E0,7.355623316E0
5.892373750E0,-1.969391202E0,7.905323880E0,3.022590662E0,8.689574309E0
5.902328750E0,-2.090119395E0,8.843932385E0,3.061767007E0,9.589481546E0
5.912283750E0,-2.045941926E0,9.508658479E0,2.653545985E0,1.008175435E1
5.922238750E0,-1.772486361E0,9.835201499E0,2.127678838E0,1.021762760E1
5.932193750E0,-1.492274339E0,9.984436476E0,1.625702537E0,1.022539795E1
5.942148750E0,-1.305781342E0,9.998072183E0,1.259016773E0,1.016128120E1
5.952103750E0,-1.221985333E0,9.936095206E0,1.049641941E0,1.006583252E1
5.962058750E0,-1.239123230E0,9.913241948E0,9.972999322E-1,1.004003981E1
5.972013750E0,-1.361628537E0,9.708286514E0,1.011570647E0,9.855360698E0
5.981968750E0,-1.367572671E0,9.059182427E0,7.340583567E-1,9.191185066E0
5.991923750E0,-1.350255703E0,8.174779365E0,2.699227504E-1,8.289937661E0
6.001878750E0,-1.413205365E0,6.531155112E0,-3.009313390E-2,6.682368001E0
6.011833750E0,-1.187895189E0,3.277350340E0,-7.700396367E-1,3.570025388E0
6.021788750E0,-8.764393003E-1,-2.350408199E0,-3.773683054E0,4.531362747E0
6.031743750E0,-1.013027627E0,-1.079404546E1,-7.465282896E0,1.316313379E1
6.041698750E0,-1.738825695E0,-1.780055231E1,-8.444728940E0,1.977869117E1
6.051653750E0,-2.267014771E0,-1.707886323E1,-5.783417852E0,1.817346547E1
6.061608750E0,-1.974719185E0,-1.024588537E1,-2.853422527E0,1.081756456E1
6.071563750E0,-1.190593606E0,-4.159270674E0,-6.322149897E-1,4.372269601E0
6.081518750E0,-4.542420809E-1,-5.285766006E-1,1.117650833E0,1.317145579E0
6.091473750E0,1.190107922E-1,1.482497794E0,2.018184024E0,2.506996217E0
6.101428750E0,5.447564675E-1,2.859994798E0,2.839261740E0,4.066661663E0
6.111382750E0,8.140414694E-1,3.858267707E0,3.269461277E0,5.122330549E0
6.121337750E0,9.103894038E-1,4.399761391E0,3.055027506E0,5.433222086E0
6.131292750E0,9.231242010E-1,4.599209332E0,2.474728775E0,5.303693740E0
6.141247750E0,1.050720533E0,4.504074549E0,1.764902523E0,4.950311313E0
6.151202750E0,1.403454840E0,4.229233779E0,1.257628352E0,4.630089947E0
6.161157750E0,1.845149710E0,3.905121446E0,9.337054686E-1,4.418863752E0
6.171112750E0,2.383257857E0,3.441831347E0,5.638608925E-1,4.224223022E0
6.181067750E0,2.753269371E0,2.757127656E0,6.349093866E-1,3.947829159E0
6.191022750E0,2.545863077E0,2.003270116E0,1.010606733E0,3.393499069E0
6.200977750E0,1.811530559E0,1.587298025E0,1.749026163E0,2.976617292E0
6.210932750E0,1.063259960E0,1.945078626E0,2.812430037E0,3.581007584E0
6.220887750E0,3.434492945E-1,2.911466668E0,3.938759600E0,4.910032868E0
6.230842750E0,-3.029747947E-1,3.784223830E0,4.617277814E0,5.977574603E0
6.240797750E0,-9.004696025E-1,4.249637053E0,4.477802132E0,6.238667528E0
6.250752750E0,-1.551734090E0,4.644938652E0,3.838999962E0,6.222640474E0
6.260707750E0,-2.016299759E0,5.071832172E0,2.656467254E0,6.070071217E0
6.270662750E0,-2.758656703E0,5.559587606E0,9.056626609E-1,6.272114955E0
6.280617750E0,-3.349843827E0,6.394573510E0,-1.029408163E0,7.291893115E0
6.290572750E0,-3.695069579E0,7.532986051E0,-2.629493464E0,8.792818315E0
6.300527750E0,-3.960312437E0,7.959631650E0,-3.033424676E0,9.393693409E0
6.310482750E0,-4.110108747E0,6.835860536E0,-2.715644585E0,8.425954468E0
6.320437750E0,-3.632986182E0,4.234702095E0,-2.615617729E0,6.162203058E0
6.330392750E0,-2.564599018E0,8.335849106E-2,-3.055117846E0,3.989719515E0
6.340347750E0,-1.440383077E0,-5.388081754E0,-3.556052027E0,6.614501827E0
6.350302750E0,6.546836833E-2,-1.105497629E1,-3.756379097E0,1.167592270E1
6.360257750E0,2.000345777E0,-1.485983553E1,-2.571155501E0,1.521272283E1
6.370211750E0,4.789083335E0,-1.482757644E1,5.163673219E-1,1.559034886E1
6.380166750E0,7.089398730E0,-1.206912088E1,1.559027030E0,1.408381406E1
6.390121750E0,7.085478757E0,-1.025714828E1,-3.365882447E-1,1.247102208E1
6.400076750E0,4.398778474E0,-1.026424680E1,-2.608644924E0,1.146773921E1
6.410031750E0,2.269095211E0,-1.015661125E1,-3.434676694E0,1.095913086E1
6.419986750E0,8.129281595E-1,-1.048221930E1,-3.188529672E0,1.098655975E1
6.429941750E0,1.025034171E-1,-1.095749853E1,-2.634013361E0,1.127010680E1
6.439896750E0,-3.098921239E-1,-1.134279613E1,-2.377451572E0,1.159341766E1
6.449851750E0,-6.250002564E-1,-1.120228052E1,-2.380188361E0,1.146939453E1
6.459806750E0,-9.215328813E-1,-1.029010084E1,-2.600587461E0,1.065356529E1
6.469761750E0,-1.169169262E0,-8.887179562E0,-2.869041317E0,9.411711609E0
6.479716750E0,-1.273870017E0,-7.350971584E0,-2.837813093E0,7.982024254E0
6.489671750E0,-1.190599965E0,-5.997997218E0,-2.573180976E0,6.634362007E0
6.499626750E0,-1.031020825E0,-4.821386570E0,-2.248379256E0,5.418854278E0
6.509581750E0,-9.798265515E-1,-3.696736620E0,-1.837631068E0,4.242971795E0
6.519536750E0,-9.765439247E-1,-2.548945729E0,-1.409586523E0,3.072083419E0
6.529491750E0,-9.441394595E-1,-1.354607493E0,-1.066521610E0,1.965662515E0
6.539446750E0,-8.832099375E-1,-1.119379270E-1,-7.655537260E-1,1.174164554E0
6.549401750E0,-8.320025079E-1,1.180321290E0,-5.450680876E-1,1.543530285E0
6.559356750E0,-8.172246936E-1,2.579298626E0,-3.228212678E-1,2.724858009E0
6.569311750E0,-8.567606422E-1,3.991646204E0,1.304630756E-2,4.082578649E0
6.579266750E0,-9.227174541E-1,5.388407444E0,4.314963023E-1,5.483842754E0
6.589221750E0,-9.892987485E-1,6.660542300E0,8.302721706E-1,6.784606666E0
6.599176750E0,-1.052656692E0,7.810820596E0,1.148894845E0,7.964732504E0
6.609131750E0,-1.120334120E0,8.774403729E0,1.353357943E0,8.948568995E0
6.619086750E0,-1.159361873E0,9.347178263E0,1.437888801E0,9.527926618E0
6.629040750E0,-1.145549215E0,9.755645453E0,1.508941827E0,9.937897496E0
6.638995750E0,-1.121952045E0,1.012962752E1,1.497677751E0,1.030102756E1
6.648950750E0,-1.076215270E0,1.030648240E1,1.344587120E0,1.044938914E1
6.658905750E0,-1.006570108E0,1.036310216E1,1.163985339E0,1.047673287E1
6.668860750E0,-9.342486750E-1,1.035627963E1,9.850571052E-1,1.044488803E1
6.678815750E0,-8.723335317E-1,1.026536829E1,7.207886124E-1,1.032754996E1
6.688770750E0,-7.588295010E-1,1.021986409E1,3.349484297E-1,1.025346940E1
6.698725750E0,-5.550521352E-1,1.011629704E1,-2.698490024E-1,1.013510568E1
6.708680750E0,-4.092767367E-1,9.625485263E0,-6.742868757E-1,9.657750089E0
6.718635750E0,-2.924978998E-1,9.090795983E0,-8.795674145E-1,9.137930043E0
6.728590750E0,3.149139319E-1,6.644958301E0,-1.542422399E0,6.828887791E0
6.738545750E0,1.713597298E0,-1.645031678E0,-3.196731854E0,3.982667381E0
6.748500750E0,3.649932582E0,-1.244844614E1,-4.652172242E0,1.378145586E1
6.758455750E0,4.112976514E0,-2.242918015E1,-4.642205079E0,2.327089956E1
6.768410750E0,2.552407573E0,-2.315181181E1,-2.334016700E0,2.340873359E1
6.778365750E0,5.285440023E-1,-1.298864349E1,1.894252471E-1,1.300077307E1
6.788320750E0,-8.182966344E-1,-4.417317656E0,3.340235975E0,5.598167649E0
6.798275750E0,-1.796426324E0,-3.113390905E-1,5.741275799E0,6.023813358E0
6.808230750E0,-2.110898353E0,2.258223921E0,4.584546854E0,5.529334227E0
6.818185750E0,-2.254049740E0,3.756196956E0,3.302874606E0,5.486231536E0
6.828140750E0,-2.074020841E0,4.648404881E0,1.318335460E0,5.258064166E0
6.838095750E0,-1.837475678E0,4.852086207E0,-8.524608922E-1,5.257922308E0
6.848050750E0,-1.087464071E0,4.865113218E0,-2.205294048E0,5.451167450E0
6.858002167E0,3.220989905E-2,4.692433246E0,-2.391189897E0,5.266664634E0
6.867957167E0,5.599509325E-1,4.296532892E0,-1.175881792E0,4.489592178E0
6.877912167E0,5.454339771E-1,3.792434490E0,2.469820037E-1,3.839408509E0
6.887867167E0,6.454809333E-1,2.998115387E0,1.157570944E0,3.278004271E0
6.897821167E0,9.653579088E-1,2.135754574E0,1.807443502E0,2.959766123E0
6.907776167E0,1.322634918E0,1.622768989E0,2.272800153E0,3.090042532E0
6.917731167E0,1.364719960E0,1.542410704E0,2.464403762E0,3.211662693E0
6.927686167E0,9.979933389E-1,1.928688295E0,2.224220023E0,3.108534053E0
6.937641167E0,5.185881675E-1,2.634857699E0,1.945699746E0,3.316196056E0
6.947596167E0,1.103151785E-1,3.506582828E0,1.821187820E0,3.952849307E0
6.957551167E0,-2.765260841E-1,4.343117074E0,1.679964699E0,4.664913074E0
6.967506167E0,-6.012316903E-1,4.969719322E0,1.456136792E0,5.213436874E0
6.977461167E0,-8.853182973E-1,5.432137601E0,1.081586376E0,5.609076260E0
6.987416167E0,-1.181200712E0,5.851345541E0,4.130201241E-1,5.983649838E0
6.997371167E0,-1.498165555E0,5.829236049E0,-6.646471560E-1,6.055266203E0
7.007326167E0,-1.948389904E0,5.255825922E0,-1.551198193E0,5.816024860E0
7.017281167E0,-2.201938185E0,4.434290369E0,-2.732884516E0,5.655096871E0
7.027236167E0,-2.274574344E0,2.937745224E0,-4.683262765E0,5.978041952E0
7.037191167E0,-2.340256702E0,5.114033282E-1,-6.235550294E0,6.679851964E0
7.047146167E0,-2.389516863E0,-3.381471709E0,-6.892868550E0,8.040881705E0
7.057101167E0,-2.162034008E0,-8.205744465E0,-6.396574427E0,1.062660800E1
7.067056167E0,-1.505123303E0,-1.206811282E1,-4.678263688E0,1.303038351E1
7.077011167E0,-1.194137749E0,-1.305179459E1,-1.646639370E0,1.320934246E1
7.086966167E0,-1.204836327E0,-1.084989105E1,1.085668902E0,1.097043497E1
7.096921167E0,-1.058210378E0,-7.769731042E0,2.144658714E0,8.129458203E0
7.106876167E0,-7.482098611E-1,-6.394561815E0,2.254269157E0,6.821434471E0
7.116831167E0,-3.008587604E-1,-6.246706781E0,2.060533361E0,6.584653319E0
7.126786167E0,1.523940264E-1,-6.916148070E0,2.451888089E0,7.339487943E0
7.136741167E0,6.979388630E-1,-8.138468156E0,-4.579343417E-1,8.181166570E0
7.146696167E0,1.261305373E0,-9.413129593E0,-4.124132709E0,1.035405093E1
7.156651167E0,1.574250840E0,-9.928013184E0,-6.031055621E0,1.172251438E1
7.166605167E0,1.391181973E0,-9.386308415E0,-4.701867436E0,1.058988812E1
7.176560167E0,9.435040864E-1,-8.552225322E0,-1.995914026E0,8.832577807E0
7.186515167E0,1.103443269E0,-7.675792015E0,-6.059899351E-1,7.778341333E0
7.196470167E0,1.729963216E0,-6.348747711E0,-1.965719882E-1,6.583161154E0
7.206425167E0,2.355318837E0,-4.886350306E0,-9.032924920E-2,5.425136451E0
7.216380167E0,2.770608704E0,-3.432103919E0,-2.338418484E-2,4.410913366E0
7.226335167E0,2.898504560E0,-1.963875670E0,2.268529639E-1,3.508503755E0
7.236290167E0,2.653906758E0,-4.120146954E-1,5.867353463E-1,2.749042662E0
7.246245167E0,2.131305720E0,1.098878347E0,7.406513116E-1,2.509693619E0
7.256200167E0,1.447558488E0,2.445247114E0,6.392502134E-1,2.912610489E0
7.266155167E0,7.427845951E-1,3.737297586E0,5.499073894E-1,3.849872769E0
7.276110167E0,1.077580449E-1,5.029101890E0,5.853440014E-1,5.064198378E0
7.286065167E0,-4.049839302E-1,6.233888515E0,6.347376247E-1,6.279193408E0
7.296020167E0,-7.287471845E-1,7.223615134E0,6.314245923E-1,7.287687224E0
7.305975167E0,-9.209321529E-1,8.100136734E0,6.335692779E-1,8.176902908E0
7.315930167E0,-1.015721000E0,8.836586528E0,6.124679191E-1,8.915832411E0
7.325885167E0,-1.072950258E0,9.401749157E0,6.289195720E-1,9.483651686E0
7.335840167E0,-1.093521494E0,9.723843616E0,6.589438549E-1,9.807299880E0
7.345795167E0,-1.097149910E0,9.856755506E0,6.078297615E-1,9.936237922E0
7.355750167E0,-1.106991286E0,9.926244986E0,5.872393763E-1,1.000502970E1
7.365705167E0,-1.146647249E0,9.943826394E0,5.681366324E-1,1.002582977E1
7.375660167E0,-1.242056778E0,9.773618624E0,6.878301966E-1,9.876205568E0
7.385615167E0,-1.361370383E0,8.944558874E0,7.596269882E-1,9.079399536E0
7.395570167E0,-1.453598515E0,7.088015864E0,7.225158799E-1,7.271516123E0
7.405525167E0,-1.343891301E0,3.501327351E0,7.634592533E-1,3.827297621E0
7.415480167E0,-1.218276737E0,-2.606165412E0,-1.921710448E-1,2.883266563E0
7.425434167E0,-1.064896157E0,-1.157299048E1,-2.599102560E0,1.190896497E1
7.435389167E0,-1.966236776E0,-1.877554628E1,-4.432758983E0,1.939166258E1
7.445344167E0,-3.853941936E0,-1.832517269E1,-4.129986649E0,1.917606873E1
7.455299167E0,-4.211071157E0,-1.020801646E1,-2.626499104E0,1.135056025E1
7.465254167E0,-2.864690989E0,-3.491160212E0,-1.343527604E0,4.711657937E0
7.475209167E0,-1.888494243E0,-2.083971047E-1,-7.988408283E-1,2.061064416E0
7.485164167E0,-1.160952681E0,1.872075554E0,-3.139826167E-1,2.225098445E0
7.495119167E0,-6.131440765E-1,3.022226381E0,4.188382499E-2,3.084080448E0
7.505074167E0,-1.468249007E-1,3.843530384E0,1.068273143E-1,3.847816971E0
7.515029167E0,3.192109045E-1,4.403018875E0,2.691239476E-1,4.422770457E0
7.524984167E0,8.913719928E-1,4.645071968E0,6.024362898E-1,4.768035980E0
7.534939167E0,1.408188308E0,4.553146722E0,1.269311381E0,4.932067595E0
7.544894167E0,2.165669514E0,4.286042402E0,1.756190171E0,5.113168082E0
7.554849167E0,3.074097323E0,3.918467131E0,2.054533825E0,5.387538236E0
7.564804167E0,3.847840367E0,3.459373578E0,2.273210481E0,5.651603926E0
7.574759167E0,4.067097213E0,2.716750878E0,2.252147495E0,5.384624723E0
7.584714167E0,2.791378891E0,1.700487841E0,1.924713943E0,3.793148926E0
7.594669167E0,1.671764417E0,1.613884730E0,1.534800407E0,2.784785894E0
7.604624167E0,1.179339397E0,2.478134778E0,1.487071048E0,3.121437760E0
7.614579167E0,5.573650014E-1,3.544843499E0,1.905832407E0,4.063098367E0
7.624534167E0,-4.381238289E-2,4.441212303E0,2.220128434E0,4.965405976E0
7.634489167E0,-6.360126831E-1,4.964031150E0,2.045048764E0,5.406324245E0
7.644444167E0,-1.248807096E0,5.603206081E0,1.452688981E0,5.921633459E0
7.654399167E0,-1.638365121E0,6.521936976E0,8.365620205E-1,6.776410422E0
7.664354167E0,-1.946839807E0,7.453458071E0,-3.364677921E-2,7.703593613E0
7.674309167E0,-2.240724228E0,8.430993245E0,-1.455490967E0,8.844260632E0
7.684263167E0,-2.314024777E0,9.554088421E0,-2.468857878E0,1.013560928E1
7.694218167E0,-2.161411425E0,1.039261891E1,-2.740994019E0,1.096317816E1
7.704173167E0,-2.428400262E0,1.008595817E1,-2.662383175E0,1.071036714E1
7.714128167E0,-2.730274318E0,7.809874517E0,-2.017104336E0,8.515705944E0
7.724083167E0,-2.658305911E0,4.817108747E0,-1.846182328E0,5.803405568E0
7.734038167E0,-2.233818812E0,1.332926018E0,-2.024200517E0,3.296062194E0
7.743993167E0,-1.642762958E0,-3.576958746E0,-2.706938958E0,4.777114457E0
7.753948167E0,-9.266850822E-1,-1.079079558E1,-3.432556201E0,1.136144606E1
7.763903167E0,-1.694543196E-2,-1.904754589E1,-3.675661208E0,1.939896330E1
7.773858167E0,8.371824101E-1,-2.345601437E1,-3.527272908E0,2.373451366E1
7.783813167E0,1.459873601E0,-2.053933667E1,-2.486232295E0,2.074070714E1
7.793768167E0,8.669083388E-1,-1.348187601E1,-1.160382870E-1,1.351021746E1
7.803723167E0,1.646517456E-2,-8.059222596E0,2.173866141E-1,8.062170731E0
7.813678167E0,-2.895157833E-1,-5.627890102E0,-1.323498259E0,5.788662542E0
7.823633167E0,-3.596530254E-1,-5.565680990E0,-3.071590914E0,6.367167810E0
7.833588167E0,8.455941780E-2,-7.287862000E0,-3.972097793E0,8.300460452E0
7.843543167E0,1.268116941E0,-9.483045335E0,-3.385802742E0,1.014888810E1
7.853498292E0,1.895509586E0,-1.134949704E1,-2.346085353E0,1.174343034E1
7.863453292E0,2.215233291E0,-1.200018572E1,-1.748887876E0,1.232762445E1
7.873408292E0,2.255605684E0,-1.124445298E1,-1.625305804E0,1.158305222E1
7.883363292E0,2.184228869E0,-9.926698730E0,-1.684682525E0,1.030283255E1
7.893318292E0,2.150466169E0,-8.466316860E0,-1.725829966E0,8.904016789E0
7.903273292E0,2.014639296E0,-7.014322236E0,-1.672374720E0,7.487077208E0
7.913228292E0,1.624751780E0,-5.611914924E0,-1.508223789E0,6.033916345E0
7.923183292E0,1.159901279E0,-4.166025962E0,-1.371535621E0,4.536766828E0
7.933138292E0,7.564601362E-1,-2.621555284E0,-1.314435075E0,3.028617442E0
7.943092292E0,3.885169649E-1,-1.087189763E0,-1.228821605E0,1.686098915E0
7.953047292E0,5.664064413E-2,4.374857515E-1,-1.049768460E0,1.138690373E0
7.963002292E0,-1.870333887E-1,1.981212080E0,-8.383283181E-1,2.159392776E0
7.972957292E0,-3.788666106E-1,3.563676796E0,-5.854441349E-1,3.631263836E0
7.982912292E0,-5.542904623E-1,5.030769516E0,-3.218798661E-1,5.071438305E0
7.992867292E0,-7.100553171E-1,6.422758259E0,-1.242476316E-1,6.463082831E0
8.002822292E0,-8.279638360E-1,7.778749788E0,4.204615831E-2,7.822802583E0
8.012777292E0,-9.237172548E-1,8.979725198E0,1.684583560E-1,9.028681876E0
8.022732292E0,-9.582611431E-1,9.814607606E0,2.187104237E-1,9.863702202E0
8.032687292E0,-9.334288953E-1,1.020364976E1,2.542370097E-1,1.024940947E1
8.042642292E0,-8.809551050E-1,1.031022462E1,2.664446803E-1,1.035122246E1
8.052597292E0,-8.485763676E-1,1.033428007E1,2.494234721E-1,1.037206047E1
8.062552292E0,-8.535487667E-1,1.032160330E1,2.487066400E-1,1.035982120E1
8.072507292E0,-8.952359059E-1,1.026228681E1,3.348349571E-1,1.030670133E1
8.082462292E0,-9.221885734E-1,1.024300152E1,4.091062903E-1,1.029256430E1
8.092417292E0,-9.221883541E-1,1.024781027E1,4.924168342E-1,1.030099612E1
8.102372292E0,-9.771915038E-1,1.019791949E1,5.490915567E-1,1.025933559E1
8.112327292E0,-1.107237819E0,9.826511368E0,5.990887588E-1,9.906826363E0
8.122282292E0,-1.052847019E0,9.299992402E0,6.221414065E-1,9.380053596E0
8.132237292E0,-1.026971190E0,8.797282714E0,4.754259950E-1,8.869773552E0
8.142192292E0,-1.763695073E0,5.473059924E0,3.701883924E-1,5.762121544E0
8.152147292E0,-2.778266510E0,-1.848105478E0,-2.353504300E-2,3.336886656E0
8.162102292E0,-3.449389458E0,-1.045344398E1,-2.065960454E0,1.120004336E1
8.172057292E0,-4.014899996E0,-1.922929724E1,-3.653322798E0,1.998079232E1
8.182012292E0,-4.503760261E0,-1.991537093E1,-2.059739016E0,2.052190002E1
8.191967292E0,-3.094942355E0,-1.114301782E1,-2.913163968E-1,1.156850809E1
8.201922292E0,-1.631104195E0,-4.532210181E0,4.658291792E-1,4.839258915E0
8.211877292E0,-1.108381388E0,-1.625217218E0,2.181773038E-1,1.979252800E0
8.221831292E0,-8.497742428E-1,1.858426398E-1,4.867807031E-2,8.712194356E-1
8.231786292E0,-4.679558115E-1,1.381410545E0,6.645115006E-1,1.602764259E0
8.241741292E0,2.331470164E-1,2.265922365E0,1.451526847E0,2.701053847E0
8.251696292E0,1.197384489E0,2.610584738E0,2.490081224E0,3.801234903E0
8.261651292E0,2.138095799E0,2.856116340E0,4.315396010E0,5.599240744E0
8.271606292E0,3.053849292E0,2.666342617E0,6.256997881E0,7.455561745E0
8.281561292E0,3.588963080E0,1.615825421E0,7.643334121E0,8.597214913E0
8.291516292E0,2.379211876E0,7.044959307E-2,7.792171487E0,8.147610004E0
8.301471292E0,6.939387097E-1,-5.946647555E-1,6.972440969E0,7.032077230E0
8.311426292E0,-1.381661975E-1,2.465653896E-2,5.277797420E0,5.279663195E0
8.321381292E0,-6.430753887E-1,1.568602722E0,2.484138407E0,3.007491327E0
8.331336292E0,-1.730093755E0,2.910214779E0,-4.912508994E-2,3.385998780E0
8.341291292E0,-3.021221244E0,4.138879094E0,3.073466116E-1,5.133474447E0
8.351246292E0,-3.622571706E0,5.192370769E0,6.408387557E-1,6.363522160E0
8.361201292E0,-3.790361945E0,6.607918528E0,1.101937026E-1,7.618633316E0
8.371156292E0,-3.588118157E0,8.624927262E0,-5.225337955E-1,9.356121192E0
8.381111292E0,-2.991253095E0,1.112711573E1,-1.456121443E0,1.161381028E1
8.391066292E0,-2.506454598E0,1.339357136E1,-2.978783323E0,1.394787506E1
8.401021292E0,-2.210429950E0,1.447999456E1,-5.097687975E0,1.550943795E1
8.410976292E0,-1.864213387E0,1.429464834E1,-7.269604654E0,1.614495013E1
8.420931292E0,-1.386364452E0,1.230271247E1,-8.109434391E0,1.480005631E1
8.430886292E0,-1.014265921E0,9.525875605E0,-7.924900943E0,1.243282335E1
8.440841292E0,-1.048853005E0,6.159372768E0,-5.642998137E0,8.419108831E0
8.450796292E0,4.652327632E-1,3.708148046E0,-9.714140162E-1,3.861405009E0
8.460751292E0,2.404586746E0,-2.177341726E0,1.660809220E0,3.644330072E0
8.470706292E0,3.832500197E0,-1.629725188E1,1.481861617E0,1.680727195E1
8.480661292E0,5.318194664E0,-2.887386898E1,-8.624181157E-1,2.937221935E1
8.490616292E0,6.875904023E0,-3.006237403E1,-4.513948157E0,3.116729242E1
8.500571292E0,6.044185544E0,-2.351998291E1,-5.129645932E0,2.482005323E1
8.510526292E0,2.552407573E0,-1.644617461E1,-3.016743447E0,1.691425981E1
8.520480292E0,-2.205358879E-1,-1.101495444E1,-2.276556989E0,1.124991418E1
8.530435292E0,-1.546765565E0,-8.478056899E0,-3.762527444E0,9.403538976E0
8.540390292E0,-2.715675575E0,-8.630190926E0,-4.751143092E0,1.021902392E1
8.550345292E0,-3.796157705E0,-1.086531250E1,-4.232172005E0,1.226283445E1
8.560300292E0,-4.285659410E0,-1.344099696E1,-3.036085451E0,1.443069959E1
8.570255292E0,-3.266871837E0,-1.434633188E1,-2.264482196E0,1.488682537E1
8.580210292E0,-1.487616008E0,-1.306436844E1,-2.371323690E0,1.336090941E1
8.590165292E0,-4.764296330E-1,-1.120729275E1,-3.010367643E0,1.161433207E1
8.600120292E0,3.886261252E-1,-9.273509778E0,-3.106935286E0,9.787852713E0
8.610075292E0,1.082216779E0,-7.464107605E0,-2.690191363E0,8.007572982E0
8.620030292E0,1.481796859E0,-5.652904490E0,-2.013083206E0,6.180902450E0
8.629985292E0,1.553920218E0,-3.923315642E0,-1.441248904E0,4.459178408E0
8.639940292E0,1.452074146E0,-2.279221857E0,-1.120900716E0,2.925711882E0
8.649895292E0,1.266105499E0,-7.365842807E-1,-9.450921902E-1,1.743209335E0
8.659850292E0,1.057161533E0,7.619623661E-1,-7.930132739E-1,1.525466226E0
8.669805292E0,8.616937919E-1,2.271701753E0,-6.255114493E-1,2.508866202E0
8.679760292E0,6.641703156E-1,3.825182991E0,-4.214295897E-1,3.905220867E0
8.689715292E0,4.972792691E-1,5.352182189E0,-2.858541472E-1,5.382829502E0
8.699670292E0,3.574494657E-1,6.835619046E0,-1.752002688E-1,6.847200377E0
8.709625292E0,1.870440416E-1,8.271475940E0,-1.629094215E-1,8.275194208E0
8.719580292E0,-5.534371343E-3,9.435281770E0,-2.274849748E-1,9.438025329E0
8.729535292E0,-1.603654076E-1,1.012594494E1,-2.904417995E-1,1.013137871E1
8.739490292E0,-2.785722441E-1,1.037466094E1,-3.665536901E-1,1.038487138E1
8.749445292E0,-3.080812046E-1,1.030350968E1,-3.309886587E-1,1.031342713E1
8.759400292E0,-3.136321126E-1,1.016929737E1,-1.874862921E-1,1.017585992E1
8.769355292E0,-3.400410987E-1,1.011729925E1,-1.442057866E-1,1.012403908E1
8.779310292E0,-4.129535390E-1,1.011912709E1,-1.039705292E-1,1.012808341E1
8.789265292E0,-4.994465762E-1,1.017547788E1,8.154526949E-2,1.018805411E1
8.799220292E0,-5.641299375E-1,1.026100978E1,2.774392730E-1,1.028024984E1
8.809175292E0,-6.283243985E-1,1.037175955E1,1.462132088E-1,1.039180283E1
8.819129292E0,-7.011675493E-1,1.036971887E1,-8.226747371E-2,1.039372279E1
8.829084292E0,-7.331843441E-1,1.010125449E1,-2.999474718E-1,1.013226875E1
8.839039292E0,-7.682465149E-1,9.519365900E0,-6.341363847E-1,9.571345715E0
8.848994292E0,-8.087226959E-1,9.332357326E0,-8.281411529E-1,9.403868535E0
8.858949000E0,-9.014950579E-1,9.219807780E0,-9.476558288E-1,9.312121155E0
8.868904000E0,-1.005335395E0,8.675670569E0,-9.941236516E-1,8.790121780E0
8.878859000E0,-1.238521551E0,2.289339879E0,-1.365413733E0,2.939280078E0
8.888814000E0,-1.402163191E0,-5.528510824E0,-3.097664818E0,6.490456138E0
8.898769000E0,-9.827598803E-1,-1.628917804E1,-6.086769061E0,1.741700020E1
8.908724000E0,2.119155206E-1,-2.244720595E1,-5.666468276E0,2.315233953E1
8.918679000E0,1.202437580E0,-1.713897377E1,-4.999509716E-1,1.718837482E1
8.928634000E0,1.088431639E0,-6.747562902E0,2.864297179E0,7.410700836E0
8.938589000E0,3.576846334E-1,-5.669834518E-1,3.923620867E0,3.980478518E0
8.948544000E0,-2.113798425E-1,2.600979517E0,3.416031092E0,4.298725893E0
8.958499000E0,-5.683649296E-1,4.733413457E0,3.479067585E0,5.901877067E0
8.968454000E0,-8.677563313E-1,6.904539008E0,3.881911215E0,7.968368380E0
8.978409000E0,-1.279679079E0,8.725628010E0,4.106560364E0,9.728206450E0
8.988364000E0,-1.471909071E0,9.969371710E0,4.672022078E0,1.110777561E1
8.998319000E0,-1.568767029E0,1.107860489E1,5.080273798E0,1.228843758E1
9.008274000E0,-1.327445276E0,1.188663396E1,5.027726040E0,1.297429023E1
9.018229000E0,-6.786543073E-1,1.155332279E1,4.602777596E0,1.245493479E1
9.028184000E0,3.383229674E-1,1.087538374E1,4.026442107E0,1.160175289E1
9.038139000E0,1.394850516E0,9.751270566E0,2.964665513E0,1.028698825E1
9.048094000E0,1.839414176E0,8.226365840E0,1.403230015E0,8.545501385E0
9.058049000E0,1.629101962E0,6.114770792E0,3.679301977E-2,6.328171045E0
9.068004000E0,9.865214673E-1,3.553412594E0,-1.031006792E0,3.829221941E0
9.077959000E0,5.341909508E-1,2.762160355E-1,-2.480996405E0,2.552841247E0
9.087914000E0,5.537530301E-1,-5.242662086E0,-4.422959050E0,6.881476217E0
9.097869000E0,1.038525580E0,-1.488247361E1,-5.658708436E0,1.595579949E1
9.107824000E0,6.643502636E-1,-2.514153276E1,-3.793335546E0,2.543476804E1
9.117778000E0,-1.172084610E0,-2.504014672E1,9.778512159E-1,2.508662837E1
9.127733000E0,-3.420007199E0,-1.433202959E1,3.519931729E0,1.514904092E1
9.137688000E0,-3.481285727E0,-5.103808256E0,4.515102983E-1,6.194519398E0
9.147643000E0,-2.961631100E0,-1.496009540E0,-3.145521939E0,4.572046761E0
9.157598000E0,-2.281946221E0,-9.793454719E-1,-6.169979618E0,6.650943135E0
9.167553000E0,-7.022883875E-1,-3.194390044E0,-7.569230602E0,8.245640584E0
9.177508000E0,8.132623279E-1,-6.562031334E0,-6.291548494E0,9.127170059E0
9.187463000E0,1.605857672E0,-9.540186666E0,-3.071647340E0,1.015031812E1
9.197418000E0,2.342641197E0,-1.182015580E1,-1.629316701E0,1.215971726E1
9.207373000E0,2.527184731E0,-1.280790489E1,-2.314525006E0,1.325843566E1
9.217328000E0,2.025428724E0,-1.254023573E1,-3.443280579E0,1.316115704E1
9.227283000E0,1.527950979E0,-1.131779811E1,-3.826703559E0,1.204453604E1
9.237238000E0,1.333656773E0,-9.595236447E0,-3.604844410E0,1.033644552E1
9.247193000E0,1.102635768E0,-8.282983845E0,-3.255256928E0,8.967737991E0
9.257148000E0,7.403213093E-1,-7.332697281E0,-3.004373954E0,7.958818248E0
9.267103000E0,3.965379927E-1,-6.456332971E0,-3.039256396E0,7.146926420E0
9.277058000E0,2.349771401E-1,-5.534382014E0,-3.154207978E0,6.374451074E0
9.287013000E0,2.744191861E-1,-4.563710886E0,-2.984964707E0,5.460107805E0
9.296968000E0,4.430990785E-1,-3.488942363E0,-2.528998538E0,4.331845936E0
9.306923000E0,6.032919933E-1,-2.302240591E0,-1.945253165E0,3.073805922E0
9.316878000E0,6.946115050E-1,-9.972169018E-1,-1.334660887E0,1.805061321E0
9.326833000E0,6.945588800E-1,3.543488699E-1,-7.663258508E-1,1.093265964E0
9.336788000E0,6.202348488E-1,1.746814746E0,-2.805140314E-1,1.874764291E0
9.346743000E0,4.680912477E-1,3.088381194E0,1.495460486E-1,3.127230698E0
9.356698000E0,2.921692132E-1,4.322717308E0,4.940780282E-1,4.360660601E0
9.366653000E0,7.143557981E-2,5.463632458E0,7.985729527E-1,5.522146453E0
9.376608000E0,-1.553267522E-1,6.539015524E0,1.247524363E0,6.658766211E0
9.386563000E0,-3.743614771E-1,7.554854053E0,1.808358883E0,7.777282824E0
9.396518000E0,-6.157218947E-1,8.466082386E0,2.049575386E0,8.732377894E0
9.406472000E0,-8.404897414E-1,9.259937806E0,2.128498764E0,9.538520753E0
9.416427000E0,-9.758206241E-1,9.794021899E0,2.115699209E0,1.006733699E1
9.426382000E0,-1.048872374E0,1.007502388E1,2.052414794E0,1.033531064E1
9.436337000E0,-1.086487220E0,1.013616588E1,1.992363889E0,1.038709907E1
9.446292000E0,-1.088472642E0,1.013466548E1,2.033619504E0,1.039383593E1
9.456247000E0,-1.130620396E0,1.018100583E1,2.148125528E0,1.046640461E1
9.466202000E0,-1.136918286E0,1.023307646E1,2.342289340E0,1.055910774E1
9.476157000E0,-1.155732652E0,1.027539159E1,2.527261330E0,1.064454978E1
9.486112000E0,-1.129943069E0,1.031884108E1,2.581639266E0,1.069673379E1
9.496067000E0,-9.694117103E-1,1.030094158E1,2.441246449E0,1.063056164E1
9.506022000E0,-7.314199468E-1,9.593955322E0,1.993394022E0,9.826116913E0
9.515977000E0,-7.112865215E-1,9.081567907E0,1.207000820E0,9.188996417E0
9.525932000E0,-9.873928486E-1,9.078349015E0,3.004486513E-1,9.136828491E0
9.535887000E0,-9.601591493E-1,5.031191685E0,-1.003240703E0,5.219318659E0
9.545842000E0,-5.610898239E-1,-3.051896322E0,-3.512599028E0,4.686922752E0
9.555797000E0,-1.169854628E-1,-1.358317786E1,-6.946512076E0,1.525681606E1
9.565752000E0,1.023030605E0,-2.177310151E1,-8.410656044E0,2.336351164E1
9.575707000E0,1.553577863E0,-2.253277878E1,-4.615475117E0,2.305303308E1
9.585662000E0,1.636464630E0,-1.513605566E1,-5.644983852E-1,1.523472533E1
9.595617000E0,4.173387314E-1,-6.975971518E0,4.931344338E-1,7.005821280E0
9.605572000E0,-6.211882373E-1,-2.474007229E0,5.686759284E-1,2.613422833E0
9.615527000E0,-1.123222791E0,1.839335239E-1,4.636504336E-1,1.228996625E0
9.625482000E0,-1.566379903E0,2.167181019E0,8.142331119E-1,2.795209318E0
9.635437000E0,-1.947623480E0,3.972091361E0,3.158425867E0,5.435660122E0
9.645392000E0,-1.751682553E0,5.688372531E0,5.547685014E0,8.136509253E0
9.655347000E0,-9.462769823E-1,6.675309443E0,5.624405161E0,8.780041555E0
9.665302000E0,-2.836335940E-1,7.177256654E0,5.118605804E0,8.820067260E0
9.675257000E0,-4.713499010E-2,7.651862869E0,4.492038348E0,8.873084897E0
9.685212000E0,-6.273748107E-2,8.350263078E0,3.893037590E0,9.213390860E0
9.695167000E0,-1.533215958E-1,9.194030330E0,3.447538522E0,9.820347401E0
9.705121000E0,-3.575300476E-1,9.759303471E0,2.423070087E0,1.006196306E1
9.715076000E0,-9.844514798E-1,9.802805586E0,4.642502117E-1,9.863045692E0
9.725031000E0,-1.800241047E0,9.850024191E0,-9.439040360E-1,1.005757422E1
9.734986000E0,-2.238275414E0,9.932610265E0,-1.416454955E0,1.027973580E1
9.744941000E0,-2.137815717E0,9.301085832E0,-9.821644145E-1,9.594013791E0
9.754896000E0,-1.626080852E0,7.699788988E0,-3.504704118E-2,7.869696162E0
9.764851000E0,-9.281574842E-1,5.602516694E0,4.052711016E-1,5.693321903E0
9.774806000E0,1.098180190E-4,2.778391641E0,-3.949007723E-1,2.806315510E0
9.784761000E0,8.172749797E-1,-1.179969288E0,-1.955737223E0,2.425937756E0
9.794716000E0,1.483541230E0,-6.455082836E0,-3.941285597E0,7.707316080E0
9.804671000E0,2.128426989E0,-1.386009965E1,-5.496973282E0,1.506151649E1
9.814626000E0,2.655588710E0,-2.105126508E1,-5.214980782E0,2.184957522E1
9.824581000E0,3.204136476E0,-2.185348669E1,-2.835070456E0,2.226834066E1
9.834536000E0,3.790359606E0,-1.430135627E1,8.684109271E-1,1.482058550E1
9.844491000E0,2.435148680E0,-7.745763890E0,1.344993501E0,8.230177085E0
9.854446375E0,1.200349247E0,-5.995347260E0,-8.458237177E-1,6.172555779E0
9.864401375E0,1.091996028E0,-6.510886323E0,-2.928434995E0,7.222176096E0
9.874356375E0,1.651855086E0,-8.386315840E0,-4.219502842E0,9.532215001E0
9.884311375E0,2.439642850E0,-1.054151591E1,-5.221332028E0,1.201406356E1
9.894266375E0,2.430384369E0,-1.182317296E1,-5.091058987E0,1.310011712E1
9.904221375E0,1.787616909E0,-1.138142166E1,-3.436372386E0,1.202252006E1
9.914176375E0,1.498887540E0,-1.010997620E1,-2.480249424E0,1.051712507E1
9.924131375E0,1.318510146E0,-9.234648013E0,-2.496769270E0,9.656658310E0
9.934086375E0,1.172404818E0,-8.427604784E0,-2.671949804E0,8.918428741E0
9.944041375E0,1.068024783E0,-7.429692648E0,-2.743553638E0,7.991751769E0
9.953996375E0,1.014974750E0,-6.199171257E0,-2.742832968E0,6.854416876E0
9.963951375E0,8.445686129E-1,-4.803311073E0,-2.673033878E0,5.561492921E0
9.973906375E0,6.199643420E-1,-3.375566606E0,-2.572967845E0,4.289401966E0
9.983861375E0,3.590021572E-1,-1.990486348E0,-2.348676839E0,3.099548571E0
9.993815375E0,6.626488701E-2,-6.080770987E-1,-2.019774321E0,2.110364210E0
1.000377037E1,-1.930690674E-1,7.622670060E-1,-1.683644059E0,1.858220646E0
1.001372537E1,-4.291591702E-1,2.103112493E0,-1.378388704E0,2.550924375E0
1.002368038E1,-7.126163976E-1,3.446989760E0,-1.037522929E0,3.669606841E0
1.003363538E1,-1.017937826E0,4.798539745E0,-7.135006428E-1,4.956941019E0
1.004359038E1,-1.294741653E0,6.140147123E0,-4.392581888E-1,6.290525447E0
1.005354538E1,-1.515661155E0,7.365172716E0,-2.562052555E-1,7.523871278E0
1.006350038E1,-1.624489532E0,8.375085093E0,-1.797423128E-1,8.533072357E0
1.007345538E1,-1.630752047E0,9.113325305E0,-1.413530032E-1,9.259159304E0
1.008341038E1,-1.596966688E0,9.505458298E0,-7.413341202E-2,9.638959270E0
1.009336537E1,-1.492354592E0,9.761041263E0,1.654882628E-2,9.874478348E0
1.010332037E1,-1.328883253E0,9.996797490E0,1.359162072E-1,1.008565139E1
1.011327537E1,-1.201305924E0,1.008590906E1,2.208142519E-1,1.015959922E1
1.012323038E1,-1.131701619E0,1.010757299E1,2.329302675E-1,1.017339849E1
1.013318538E1,-1.058379801E0,1.007459119E1,2.511461166E-1,1.013314511E1
1.014314038E1,-1.051752055E0,9.995752008E0,3.913804561E-1,1.005854956E1
1.015309538E1,-1.489196364E0,9.771430011E0,1.022548794E0,9.937009425E0
1.016305038E1,-1.906307347E0,9.293702552E0,1.590402896E0,9.619578796E0
1.017300538E1,-1.852014341E0,8.345304639E0,1.385277894E0,8.659853433E0
1.018296038E1,-1.680211451E0,6.925043439E0,9.089987898E-1,7.183704890E0
1.019291538E1,-2.060890187E0,4.344777684E0,4.328541720E-1,4.828221641E0
1.020287037E1,-2.594168680E0,5.398658198E-1,-2.959726077E-1,2.666226927E0
1.021282537E1,-3.050450306E0,-4.060411799E0,-1.863756135E0,5.409785391E0
1.022278037E1,-3.286176712E0,-9.302568101E0,-4.384280888E0,1.079623312E1
1.023273538E1,-3.245159371E0,-1.373227016E1,-6.080229535E0,1.536474843E1
1.024269038E1,-2.467933726E0,-1.479760595E1,-5.406003470E0,1.594630717E1
1.025264538E1,-1.369002900E0,-1.061196200E1,-2.020356849E0,1.088897370E1
1.026259937E1,-4.223287453E-1,-5.307746274E0,1.508573452E0,5.534105704E0
1.027255437E1,1.178156578E-1,-2.194483423E0,2.779980329E0,3.543716785E0
1.028250937E1,2.770982159E-1,-3.832610124E-1,2.404641709E0,2.450708913E0
1.029246438E1,2.607517033E-1,6.597161990E-1,1.758882083E0,1.896545042E0
1.030241938E1,2.561806972E-1,1.493543769E0,1.369305639E0,2.042375938E0
1.031237438E1,3.507284933E-1,2.280771369E0,1.343370899E0,2.670126193E0
1.032232938E1,6.253779866E-1,2.900514833E0,1.627290641E0,3.384103833E0
1.033228438E1,1.040694678E0,3.255062508E0,2.109596031E0,4.016076787E0
1.034223938E1,1.609437922E0,3.348931369E0,2.867518702E0,4.693431074E0
1.035219438E1,2.225731382E0,3.154796208E0,3.661212738E0,5.320817420E0
1.036214937E1,2.663064668E0,2.566786169E0,4.062762672E0,5.494210152E0
1.037210437E1,1.931316619E0,1.485710254E0,4.142612834E0,4.806096122E0
1.038205937E1,8.674167542E-1,6.306379956E-1,4.137839752E0,4.274556575E0
1.039201438E1,2.572577909E-1,4.230618399E-1,4.306781307E0,4.335150299E0
1.040196938E1,-2.500688585E-1,7.624506086E-1,4.596633049E0,4.666144099E0
1.041192438E1,-8.473233823E-1,1.482487854E0,4.706200223E0,5.006400672E0
1.042187938E1,-1.553363124E0,2.485216341E0,4.418982066E0,5.302512589E0
1.043183438E1,-2.101955329E0,3.659907932E0,3.468521255E0,5.462946272E0
1.044178938E1,-2.501218416E0,4.884410200E0,2.540922765E0,6.047300642E0
1.045174438E1,-2.795761087E0,6.128422287E0,2.046716390E0,7.040091460E0
1.046169938E1,-2.971031961E0,7.296652704E0,1.089312010E0,7.953286884E0
1.047165437E1,-2.722330291E0,8.745358270E0,-2.303004822E-1,9.162172875E0
1.048160937E1,-2.174276469E0,1.049959489E1,-1.766718522E0,1.086693449E1
1.049156437E1,-1.417670884E0,1.155576225E1,-2.881176629E0,1.199360707E1
1.050151938E1,-6.618831772E-1,9.332763707E0,-2.510043619E0,9.687047368E0
1.051147338E1,2.715327629E-1,5.168925773E0,-2.201916404E0,5.624940847E0
1.052142838E1,2.294888010E0,1.531150721E0,-3.117510853E0,4.162908530E0
1.053138337E1,3.950369539E0,-1.186329305E0,-3.707606009E0,5.546092231E0
1.054133837E1,4.656310902E0,-4.276112661E0,-4.857085576E0,7.972305250E0
1.055129337E1,4.836096703E0,-7.962234830E0,-6.495830913E0,1.135697293E1
1.056124838E1,4.009374377E0,-1.176831555E1,-6.103869828E0,1.385011049E1
1.057120338E1,2.111452084E0,-1.371084596E1,-2.104466708E0,1.403119051E1
1.058115838E1,4.756246541E-1,-1.298635489E1,1.450322320E0,1.307574346E1
1.059111338E1,2.048500924E-1,-1.165809320E1,-6.776405463E-1,1.167956751E1
1.060106838E1,5.768801750E-2,-1.120613734E1,-4.461086989E0,1.206159770E1
1.061102338E1,-4.320036945E-1,-1.075589004E1,-7.105944597E0,1.289845907E1
1.062097838E1,-1.630070261E0,-1.055979548E1,-7.102266698E0,1.282998838E1
1.063093337E1,-2.285960042E0,-1.117908578E1,-5.609301803E0,1.271463090E1
1.064088837E1,-1.921377229E0,-1.199277964E1,-5.007987009E0,1.313767056E1
1.065084337E1,-9.198925911E-1,-1.195745076E1,-4.802505034E0,1.291862553E1
1.066079838E1,1.503124998E-1,-1.095741550E1,-4.478379837E0,1.183821922E1
1.067075338E1,5.682190051E-1,-9.833777118E0,-3.929232732E0,1.060494767E1
1.068070838E1,6.177317289E-1,-8.681144732E0,-3.424407814E0,9.352563030E0
1.069066338E1,6.906041888E-1,-7.608509858E0,-2.994050403E0,8.205528272E0
1.070061838E1,7.427671997E-1,-6.638890060E0,-2.634270054E0,7.180943048E0
1.071057338E1,7.382736875E-1,-5.551573997E0,-2.386134979E0,6.087582609E0
1.072052838E1,7.003475504E-1,-4.237643829E0,-2.135662626E0,4.796787130E0
1.073048338E1,6.042297770E-1,-2.697418814E0,-1.747783922E0,3.270460291E0
1.074043837E1,4.747020001E-1,-1.105407933E0,-1.304835263E0,1.774785550E0
1.075039337E1,3.246709980E-1,5.202413946E-1,-8.583934772E-1,1.054941575E0
1.076034837E1,1.458913561E-1,2.166971104E0,-3.943642902E-1,2.207390144E0
1.077030238E1,-3.842757236E-2,3.761708542E0,4.919247910E-2,3.762226433E0
1.078025738E1,-2.341051923E-1,5.262397023E0,4.290463190E-1,5.285045735E0
1.079021238E1,-4.408405184E-1,6.581255225E0,6.734049694E-1,6.630289206E0
1.080016737E1,-6.403212771E-1,7.755871972E0,7.674657655E-1,7.820010555E0
1.081012237E1,-8.144754790E-1,8.783514860E0,7.582845405E-1,8.853727975E0
1.082007737E1,-9.535294300E-1,9.589103302E0,8.045056108E-1,9.669919844E0
1.083003238E1,-1.044591043E0,1.012765818E1,8.810175240E-1,1.021943357E1
1.083998738E1,-1.119634136E0,1.032874743E1,9.278373492E-1,1.043060335E1
1.084994238E1,-1.171936310E0,1.033197860E1,1.080792325E0,1.045424931E1
1.085989729E1,-1.243963117E0,1.035175155E1,1.178003454E0,1.049256387E1
1.086985229E1,-1.339244519E0,1.035604106E1,1.347945760E0,1.052891828E1
1.087980729E1,-1.424132203E0,1.033511973E1,1.587027884E0,1.055279630E1
1.088976229E1,-1.459383166E0,1.035060315E1,1.839812372E0,1.061365604E1
1.089971729E1,-1.412490250E0,1.041017459E1,1.938591725E0,1.068293038E1
1.090967229E1,-1.275787903E0,1.038946375E1,1.636784180E0,1.059469935E1
1.091962729E1,-1.068400686E0,1.031297281E1,1.176639884E0,1.043471943E1
1.092958229E1,-9.421502367E-1,9.819184806E0,7.503603208E-1,9.892779081E0
1.093953729E1,-1.074865441E0,9.464090416E0,3.237275863E-1,9.530432450E0
1.094949229E1,-1.228560966E0,8.738190753E0,3.683102667E-1,8.831817035E0
1.095944729E1,-1.508728696E0,1.377964781E0,4.283179021E-1,2.087703389E0
1.096940229E1,-8.473988845E-1,-7.338744471E0,-2.086479503E0,7.676499984E0
1.097935729E1,6.760368012E-2,-2.142734395E1,-6.620299423E0,2.242685898E1
1.098931229E1,-4.541001762E-1,-2.880675230E1,-6.671076643E0,2.957259624E1
1.099926729E1,-1.820299336E0,-2.341174393E1,-3.086277366E0,2.368434824E1
1.100922229E1,-2.410170544E0,-1.187625866E1,2.281787031E0,1.233130139E1
1.101917629E1,-2.030083985E0,-4.602853902E0,3.782366170E0,6.293949386E0
1.102913129E1,-1.647840096E0,-8.237604189E-1,2.432151982E0,3.051118069E0
1.103908629E1,-1.267585137E0,1.867131733E0,2.056049716E0,3.052915560E0
1.104904129E1,-9.092709777E-1,3.770324414E0,1.838386967E0,4.292060873E0
1.105899629E1,-3.317797869E-1,5.020878950E0,1.739940759E0,5.324161634E0
1.106895129E1,4.555185646E-1,5.863970849E0,1.686309074E0,6.118601930E0
1.107890629E1,1.210892069E0,6.378718200E0,1.785802810E0,6.733750601E0
1.108886129E1,1.903473494E0,6.331392590E0,2.413287402E0,7.038018156E0
1.109881629E1,2.524390932E0,5.707183608E0,3.193052494E0,7.009998470E0
1.110877129E1,2.728605523E0,4.395849019E0,4.128436259E0,6.619120988E0
1.111872629E1,1.940991714E0,2.698092413E0,4.343547722E0,5.469328872E0
1.112868129E1,1.049711888E0,1.337717811E0,3.768149250E0,4.134045568E0
1.113863629E1,2.843421303E-1,4.669194657E-1,3.048972422E0,3.097595368E0
1.114859129E1,-3.966593224E-1,4.913736910E-1,2.674136370E0,2.747688492E0
1.115854629E1,-6.344685066E-1,1.974541576E0,2.924104840E0,3.584934286E0
1.116850129E1,-6.267179491E-1,3.924662256E0,3.057810781E0,5.014574357E0
1.117845629E1,-8.479399712E-1,5.467137864E0,2.375770497E0,6.021036794E0
1.118841129E1,-1.194840073E0,6.938380353E0,1.405923827E0,7.179511580E0
1.119836629E1,-1.527768546E0,8.275525137E0,3.498377430E-1,8.422634948E0
1.120832129E1,-1.795974042E0,9.533451843E0,-8.913554013E-1,9.742009097E0
1.121827629E1,-1.902503002E0,1.082779442E1,-2.647302328E0,1.130791136E1
1.122823129E1,-1.973877332E0,1.223519701E1,-4.295898761E0,1.311682064E1
1.123818629E1,-1.851349221E0,1.264728421E1,-5.072249079E0,1.375169090E1
1.124814029E1,-1.684914951E0,1.152990937E1,-5.227103230E0,1.277107500E1
1.125809529E1,-1.679676577E0,8.267136721E0,-2.834932170E0,8.899646250E0
1.126805029E1,-4.260680762E-1,5.173826909E0,-5.212538400E-1,5.217444246E0
1.127800529E1,1.700468545E0,1.955574962E0,2.404722986E-1,2.602632059E0
1.128796029E1,4.002094594E0,-3.491794635E0,-1.137149251E0,5.431620323E0
1.129791529E1,6.297244851E0,-1.250173298E1,-3.999726764E0,1.455838021E1
1.130787029E1,8.295053667E0,-2.132022062E1,-5.326426374E0,2.348894507E1
1.131782529E1,9.562342350E0,-2.408421583E1,-3.480339940E0,2.614575701E1
1.132778029E1,8.251639845E0,-1.971926701E1,-7.683098111E-1,2.138993575E1
1.133773529E1,4.048981954E0,-1.475080835E1,2.745694596E-1,1.529888853E1
1.134769029E1,1.668615838E0,-1.181690475E1,-4.775210524E-1,1.194368213E1
1.135764529E1,2.300554108E-1,-1.085095758E1,-1.977600254E0,1.103209449E1
1.136760029E1,-1.064299156E0,-1.124492660E1,-3.831499738E0,1.192734242E1
1.137755529E1,-2.482855235E0,-1.257604057E1,-5.389162905E0,1.390555440E1
1.138751029E1,-3.844286137E0,-1.368331493E1,-6.214397991E0,1.551226566E1
1.139746529E1,-4.841826097E0,-1.355800442E1,-5.957874793E0,1.558072642E1
1.140742029E1,-5.135352230E0,-1.186943379E1,-4.773330644E0,1.378549914E1
1.141737529E1,-4.507459502E0,-9.610191286E0,-3.601917879E0,1.120922745E1
1.142733029E1,-3.157322205E0,-7.790971638E0,-3.012109821E0,8.929766410E0
1.143728529E1,-1.920039679E0,-6.661633390E0,-2.745970877E0,7.456826929E0
1.144724029E1,-8.924944389E-1,-5.808827512E0,-2.422163476E0,6.356563481E0
1.145719529E1,-1.367255898E-1,-4.890328751E0,-1.965965757E0,5.272478595E0
1.146715029E1,2.638959521E-1,-3.710268247E0,-1.408631380E0,3.977433079E0
1.147710429E1,3.248229890E-1,-2.332783522E0,-8.980703437E-1,2.520698173E0
1.148705929E1,2.545259352E-1,-8.366734099E-1,-5.033667688E-1,1.009051015E0
1.149701429E1,1.515520091E-1,7.074762565E-1,-3.120565438E-1,7.879530135E-1
1.150696929E1,5.028941676E-2,2.225043311E0,-1.441074072E-1,2.230272115E0
1.151692429E1,-4.884259634E-2,3.741321639E0,1.712311788E-1,3.745556477E0
1.152687929E1,-1.277452167E-1,5.222564621E0,6.366938107E-1,5.262782446E0
1.153683429E1,-1.414431234E-1,6.646815961E0,1.192591088E0,6.754438695E0
1.154678929E1,-2.334216528E-1,7.875264514E0,1.361987264E0,7.995579162E0
1.155674429E1,-4.521412128E-1,8.841048539E0,1.069907221E0,8.917021498E0
1.156669929E1,-6.815325992E-1,9.560625023E0,6.829710873E-1,9.609187636E0
1.157665429E1,-8.440316923E-1,1.005349443E1,3.399828458E-1,1.009458905E1
1.158660929E1,-9.088944170E-1,1.026749317E1,9.617854793E-2,1.030809174E1
1.159656429E1,-9.213609731E-1,1.018704016E1,-4.258642277E-2,1.022870993E1
1.160651929E1,-9.475233163E-1,1.007838252E1,-1.454717088E-1,1.012387064E1
1.161647429E1,-9.448436105E-1,1.002568507E1,-1.551435882E-1,1.007130380E1
1.162642929E1,-9.227687634E-1,1.001665814E1,-1.544401316E-1,1.006025816E1
1.163638429E1,-9.018331001E-1,1.003316717E1,-2.301147966E-1,1.007624430E1
1.164633929E1,-8.234843572E-1,1.005604850E1,-2.526253708E-1,1.009287161E1
1.165629429E1,-6.824508313E-1,9.936592219E0,-2.948025068E-1,9.964362126E0
1.166624929E1,-5.830175404E-1,9.566137778E0,-4.881700015E-1,9.596312385E0
1.167620429E1,-5.314259487E-1,9.393313964E0,-6.603542034E-1,9.431480713E0
1.168615929E1,-3.727841176E-1,9.213836018E0,-6.686191696E-1,9.245582392E0
1.169611429E1,-4.336039312E-2,6.709792812E0,-6.101680630E-1,6.737618628E0
1.170606829E1,9.927590577E-1,-2.582087163E0,-1.120441709E0,2.984649776E0
1.171602329E1,2.336470191E0,-1.231367951E1,-3.047431388E0,1.289855163E1
1.172597829E1,3.562332229E0,-2.203907264E1,-4.319822937E0,2.273921291E1
1.173593329E1,3.424042363E0,-1.887280770E1,-2.509209806E0,1.934432915E1
1.174588829E1,2.205046126E0,-8.538009571E0,-1.501674322E0,8.945102661E0
1.175584329E1,1.126932849E0,-2.758935031E0,-1.436890097E0,3.308527361E0
1.176579829E1,4.935420578E-1,-3.974703312E-1,-1.341812031E0,1.483922489E0
1.177575329E1,-1.267011964E-1,8.722186339E-1,-7.970199323E-1,1.188301019E0
1.178570829E1,-6.142564362E-1,1.867146935E0,-2.902849480E-1,1.986910667E0
1.179566329E1,-9.946340404E-1,2.591361431E0,1.992322520E-1,2.782830292E0
1.180561829E1,-1.255872579E0,2.948635663E0,1.057520406E0,3.374910017E0
1.181557329E1,-1.161498884E0,2.847130339E0,2.697665566E0,4.090553793E0
1.182552829E1,-6.416518841E-1,2.439727927E0,3.422399880E0,4.251683247E0
1.183548329E1,-2.050931355E-1,1.906619149E0,4.096062565E0,4.522719128E0
1.184543829E1,-6.633454196E-2,1.426497840E0,5.429791113E0,5.614439232E0
1.185539379E1,-6.445327342E-2,1.180955713E0,6.317980832E0,6.427728402E0
1.186534879E1,-1.581602398E-1,1.112365535E0,6.197997136E0,6.299011053E0
1.187530379E1,-1.858743609E-1,1.314248257E0,5.598045913E0,5.753252628E0
1.188525879E1,-2.510083234E-1,1.871920018E0,4.887808894E0,5.240015793E0
1.189521379E1,-3.615671115E-1,2.605659043E0,4.157460668E0,4.919824086E0
1.190516879E1,-5.424359635E-1,3.561064845E0,3.677109564E0,5.147480388E0
1.191512379E1,-8.220503276E-1,4.760123538E0,3.543522321E0,5.990917565E0
1.192507779E1,-1.241249278E0,5.793432378E0,3.319772182E0,6.791571676E0
1.193503279E1,-1.635191399E0,6.620062611E0,2.312015089E0,7.200312052E0
1.194498779E1,-1.865204198E0,7.717029503E0,8.090736750E-1,7.980359094E0
1.195494279E1,-1.946565280E0,9.138072476E0,-8.448007473E-1,9.381213848E0
1.196489779E1,-2.150370567E0,1.071651723E1,-2.483559532E0,1.120874226E1
1.197485279E1,-2.207057276E0,1.209145257E1,-2.882303387E0,1.262465841E1
1.198480779E1,-2.179982767E0,1.142864144E1,-2.531020212E0,1.190681458E1
1.199476279E1,-1.879426381E0,8.045307392E0,-2.667005399E0,8.681712524E0
1.200471779E1,-8.003198815E-1,4.235256411E0,-4.008028933E0,5.885762882E0
1.201467279E1,8.859275772E-1,-3.156549203E-1,-6.662856628E0,6.728905122E0
1.202462779E1,2.932912501E0,-5.903690985E0,-9.375451305E0,1.146100476E1
1.203458279E1,5.035478278E0,-1.301860579E1,-1.082790552E1,1.766589019E1
1.204453779E1,6.675313536E0,-1.935364295E1,-9.911686589E0,2.274565535E1
1.205449279E1,7.127906154E0,-2.115086655E1,-6.393712215E0,2.321735897E1
1.206444779E1,5.945756439E0,-1.788433473E1,-2.479980744E0,1.900925440E1
1.207440279E1,3.817989746E0,-1.492446831E1,-4.350401536E-1,1.541123162E1
1.208435779E1,1.784227424E0,-1.374551527E1,1.020395557E0,1.389834036E1
1.209431279E1,4.761609900E-1,-1.387123392E1,1.992648356E0,1.402171556E1
1.210426779E1,-8.223341368E-1,-1.440072034E1,4.025094909E0,1.497525856E1
1.211422279E1,-1.622503526E0,-1.392057623E1,3.681321605E0,1.449024117E1
1.212417779E1,-1.015512109E0,-1.225223229E1,-2.046614941E0,1.246343025E1
1.213413179E1,-1.101947916E0,-9.809158001E0,-6.370665999E0,1.174815965E1
1.214408679E1,-1.959521687E0,-6.927069499E0,-5.988582616E0,9.364141115E0
1.215404179E1,-2.258292918E0,-4.804636636E0,-4.317358920E0,6.842807038E0
1.216399679E1,-2.111184866E0,-3.793465939E0,-3.149309766E0,5.363360642E0
1.217395179E1,-1.647556944E0,-3.315513362E0,-2.075644320E0,4.244451918E0
1.218390679E1,-1.028698676E0,-3.166417549E0,-1.392524056E0,3.608814807E0
1.219386179E1,-5.126914698E-1,-2.892347442E0,-9.509090003E-1,3.087515861E0
1.220381679E1,-1.132984279E-1,-2.263918524E0,-5.706433703E-1,2.337476732E0
1.221377179E1,1.745540784E-1,-1.274308850E0,-1.910457847E-1,1.300319447E0
1.222372679E1,3.840912440E-1,-2.559852540E-2,2.090753818E-1,4.380569409E-1
1.223368179E1,4.626178884E-1,1.346826603E0,5.335467339E-1,1.520733155E0
1.224363679E1,4.042832145E-1,2.693581286E0,6.885866801E-1,2.809444194E0
1.225359179E1,2.167770419E-1,3.915313143E0,7.633927412E-1,3.994926503E0
1.226354679E1,-2.780336425E-2,4.949499065E0,8.476020022E-1,5.021627543E0
1.227350179E1,-2.612285985E-1,5.857003891E0,8.473668710E-1,5.923745908E0
1.228345679E1,-5.063606163E-1,6.653546106E0,8.493080735E-1,6.726618843E0
1.229341179E1,-7.544940830E-1,7.331652383E0,8.524234700E-1,7.419502258E0
1.230336679E1,-9.836344045E-1,8.002219260E0,8.946638290E-1,8.111933993E0
1.231332179E1,-1.164913877E0,8.662492699E0,9.294828288E-1,8.789752126E0
1.232327679E1,-1.277424831E0,9.231164827E0,9.107471073E-1,9.363529172E0
1.233323179E1,-1.334749472E0,9.625301660E0,9.119223976E-1,9.760101980E0
1.234318679E1,-1.407655773E0,9.830867543E0,1.073270466E0,9.988961954E0
1.235314079E1,-1.475583169E0,9.994800081E0,1.206615050E0,1.017493461E1
1.236309579E1,-1.472024700E0,1.002077926E1,1.262260662E0,1.020667310E1
1.237305079E1,-1.459908392E0,1.000131388E1,1.235892059E0,1.018258518E1
1.238300579E1,-1.399299517E0,9.868612490E0,1.163204151E0,1.003496864E1
1.239296079E1,-1.278248119E0,9.424314147E0,9.877993762E-1,9.561765685E0
1.240291579E1,-1.179017508E0,8.848653427E0,6.642495453E-1,8.951534909E0
1.241287079E1,-1.233702130E0,7.163616854E0,4.192079401E-1,7.281151191E0
1.242282579E1,-1.135058286E0,4.722000861E0,3.402261128E-2,4.856625061E0
1.243278079E1,-1.007425409E0,1.161962788E0,-8.344269097E-1,1.749666180E0
1.244273579E1,-1.557916059E-1,-5.125984406E0,-2.426182852E0,5.673301542E0
1.245269079E1,1.114335023E0,-1.411211932E1,-5.410765443E0,1.515486842E1
1.246264579E1,1.852003816E0,-2.322376998E1,-7.190835643E0,2.438199187E1
1.247260079E1,2.425612310E0,-2.474684804E1,-5.200500737E0,2.540345037E1
1.248255579E1,2.001615208E0,-1.510870239E1,-1.604016384E0,1.532488890E1
1.249251079E1,8.876666853E-1,-6.105614052E0,3.991133988E-1,6.182698974E0
1.250246579E1,2.158872418E-1,-1.486541144E0,3.464664724E0,3.776283030E0
1.251242079E1,-6.388986495E-1,1.783839900E0,8.917443581E0,9.116527644E0
1.252237579E1,-1.147043909E0,3.736366709E0,6.641812499E0,7.706479039E0
1.253233079E1,-1.206550146E0,4.994198105E0,4.698031955E0,6.961988381E0
1.254228579E1,-1.166815538E0,5.884786937E0,4.139381078E0,7.288803159E0
1.255223979E1,-1.140898339E0,6.303038272E0,3.750808454E0,7.422836691E0
1.256219479E1,-9.571069027E-1,6.560334472E0,3.503104027E0,7.498385148E0
1.257214979E1,-4.179268152E-1,6.293027254E0,3.373544931E0,7.152458336E0
1.258210479E1,2.416105322E-1,4.996890748E0,4.115244356E0,6.477849096E0
1.259205979E1,1.028439133E0,3.778028705E0,5.799190131E0,6.997270477E0
1.260201479E1,1.843879549E0,3.288792756E0,6.800380801E0,7.775681875E0
1.261196979E1,3.064490055E0,3.563521260E0,5.760229549E0,7.434381449E0
1.262192479E1,3.298887097E0,3.866050935E0,3.159778036E0,5.984413350E0
1.263187979E1,2.036007214E0,3.947552351E0,7.282183769E-1,4.500977332E0
1.264183479E1,3.145134708E-1,4.382209219E0,-3.490428141E-1,4.407324273E0
1.265178979E1,-5.818024159E-1,5.466737915E0,-5.129433386E-1,5.521487874E0
1.266174479E1,-7.971960796E-1,7.091183885E0,-7.720815575E-1,7.177500987E0
1.267169979E1,-1.013402872E0,8.281581683E0,-9.043970311E-1,8.392229414E0
1.268165479E1,-1.161349195E0,8.916641927E0,-9.883665562E-1,9.046109864E0
1.269160979E1,-1.498723525E0,8.888709778E0,-1.975699325E0,9.228148327E0
1.270156479E1,-2.072742639E0,7.678525003E0,-2.762259758E0,8.419387581E0
1.271151979E1,-2.232916879E0,5.201850275E0,-3.166530401E0,6.486299318E0
1.272147479E1,-1.796513740E0,1.568197510E0,-3.782162687E0,4.471181011E0
1.273142979E1,-6.241114066E-1,-2.255421935E0,-4.446028655E0,5.024302335E0
1.274138479E1,1.016143169E0,-5.812822915E0,-6.099539380E0,8.486803746E0
1.275133979E1,3.128655938E0,-8.440361069E0,-7.872085383E0,1.195817341E1
1.276129379E1,4.604154907E0,-9.634952490E0,-8.736534237E0,1.379701353E1
1.277124879E1,4.946527510E0,-9.723464132E0,-7.713717055E0,1.336096254E1
1.278120379E1,4.362170811E0,-9.457886521E0,-4.719816049E0,1.143489463E1
1.279115879E1,3.467478404E0,-9.466750900E0,-1.464422004E0,1.018760575E1
1.280111379E1,2.510582147E0,-9.783440192E0,1.128453856E0,1.016327373E1
1.281106879E1,1.583534757E0,-1.070211905E1,1.635435812E0,1.094155312E1
1.282102379E1,8.971135200E-1,-1.206508514E1,9.137654400E-1,1.213285042E1
1.283097879E1,1.570823787E-1,-1.338020697E1,-8.390754461E-3,1.338113163E1
1.284093379E1,-5.438566907E-1,-1.437228534E1,-1.372642061E0,1.444792414E1
1.285088879E1,-1.070181602E0,-1.473684520E1,-2.968678164E0,1.507093047E1
1.286084304E1,-1.440373575E0,-1.407592973E1,-3.809474446E0,1.465327846E1
1.287079804E1,-2.128523176E0,-1.199130029E1,-2.261071515E0,1.238686151E1
1.288075304E1,-3.252453480E0,-9.486730835E0,5.517795217E-1,1.004395222E1
1.289070804E1,-3.054286664E0,-6.830577577E0,5.482173979E-1,7.502399574E0
1.290066304E1,-1.995945601E0,-4.841178226E0,-6.867437840E-2,5.236938192E0
1.291061804E1,-1.219192922E0,-3.255710379E0,-5.409688970E-1,3.518341769E0
1.292057304E1,-8.902830950E-1,-1.641315773E0,-8.962691090E-1,2.071188009E0
1.293052804E1,-5.092419780E-1,-1.630583793E-1,-8.821963227E-1,1.031593805E0
1.294048304E1,-2.403271414E-1,8.770267993E-1,-6.311788630E-1,1.106941687E0
1.295043804E1,-1.134093057E-1,1.619518522E0,-2.992467561E-1,1.650833285E0
1.296039204E1,-3.099170476E-2,2.351320365E0,-5.249922574E-3,2.351530460E0
1.297034704E1,-3.517787263E-2,3.186667627E0,3.263623416E-1,3.203529370E0
1.298030204E1,-9.792697504E-2,4.152494920E0,5.691666560E-1,4.192464006E0
1.299025704E1,-2.223162554E-1,5.183018147E0,6.908942838E-1,5.233587349E0
1.300021204E1,-4.064857145E-1,6.311038433E0,7.760506475E-1,6.371553291E0
1.301016704E1,-6.127215421E-1,7.330245543E0,7.555948213E-1,7.394514923E0
1.302012204E1,-8.057699981E-1,8.146796345E0,5.341736285E-1,8.203956207E0
1.303007704E1,-1.012685272E0,8.822789438E0,2.543492762E-1,8.884359205E0
1.304003204E1,-1.199370934E0,9.324914989E0,2.146757718E-2,9.401754680E0
1.304998704E1,-1.311020886E0,9.656526377E0,-8.333448093E-2,9.745471875E0
1.305994204E1,-1.379917605E0,9.858418454E0,-7.283642650E-2,9.954792421E0
1.306989704E1,-1.418988700E0,9.954035633E0,-3.608199835E-2,1.005473303E1
1.307985204E1,-1.436658985E0,9.954978204E0,-1.150028547E-2,1.005811674E1
1.308980704E1,-1.456728091E0,9.808898385E0,3.417581518E-2,9.916537311E0
1.309976204E1,-1.357735900E0,9.206925779E0,7.831526756E-2,9.306828802E0
1.310971704E1,-1.162672639E0,8.196928033E0,4.252504071E-2,8.279084806E0
1.311967204E1,-9.222672915E-1,6.411882437E0,-3.357003450E-1,6.486563657E0
1.312962704E1,-4.240441722E-1,3.728008699E0,-9.636170465E-1,3.873812093E0
1.313958204E1,4.328358994E-1,-1.079846245E0,-2.066613003E0,2.371561539E0
1.314953604E1,1.348114453E0,-7.770385931E0,-4.248218518E0,8.957883158E0
1.315949104E1,1.445848616E0,-1.412616901E1,-6.047112075E0,1.543394615E1
1.316944604E1,1.902652545E-1,-1.738231501E1,-6.086297776E0,1.841803726E1
1.317940104E1,-1.099436464E0,-1.477156246E1,-3.998792086E0,1.534269064E1
1.318935604E1,-8.764530413E-1,-7.022496058E0,-8.394555151E-1,7.126591498E0
1.319931104E1,-4.091667359E-1,-1.645014721E0,1.770625777E0,2.451245906E0
1.320926604E1,-4.937722919E-1,1.070952630E0,3.978176558E0,4.149293836E0
1.321922104E1,-7.902612819E-1,2.632150438E0,3.437673976E0,4.401173843E0
1.322917604E1,-9.534110970E-1,3.750455575E0,2.477224367E0,4.594730711E0
1.323913104E1,-1.236510548E0,4.587879183E0,2.073552186E0,5.184323717E0
1.324908604E1,-1.831230121E0,5.173072618E0,2.309718157E0,5.953896374E0
1.325904104E1,-2.416679226E0,5.642623916E0,2.804965482E0,6.748879499E0
1.326899604E1,-2.863372149E0,6.196932358E0,3.317733550E0,7.590008342E0
1.327895104E1,-3.241219810E0,6.633698902E0,3.685558790E0,8.251957984E0
1.328890604E1,-3.433140630E0,6.684613532E0,3.747421162E0,8.397242287E0
1.329886104E1,-2.874816905E0,6.065246630E0,3.506462668E0,7.572784782E0
1.330881604E1,-1.506615951E0,5.143796779E0,3.186172367E0,6.235401453E0
1.331877104E1,-5.306083618E-1,4.401605018E0,2.458659165E0,5.069583500E0
1.332872604E1,9.148758262E-2,3.872816749E0,1.553769213E0,4.173880486E0
1.333868004E1,6.793464714E-1,3.727932685E0,7.579991233E-1,3.864395995E0
1.334863504E1,1.400293251E0,4.062789862E0,3.012263310E-1,4.307878823E0
1.335859004E1,2.162121277E0,4.705496510E0,1.992897740E-1,5.182295075E0
1.336854504E1,2.747720948E0,5.332444913E0,1.965471375E-1,6.001963840E0
1.337850004E1,3.050638586E0,5.699332552E0,-1.370642897E-1,6.465877662E0
1.338845504E1,3.105076164E0,5.622915291E0,-1.122376553E0,6.520613735E0
1.339841004E1,2.919929635E0,5.245395074E0,-1.423372211E0,6.169776901E0
1.340836504E1,2.762147199E0,4.773198497E0,-1.172822821E0,5.638119758E0
1.341832004E1,2.635861959E0,3.800288470E0,-1.668441298E0,4.916671342E0
1.342827504E1,2.609762911E0,1.941137602E0,-2.259179064E0,3.960147433E0
1.343823004E1,3.269086178E0,4.699606025E-1,-2.939009392E0,4.421036486E0
1.344818504E1,4.040829474E0,-1.343315350E0,-3.655497962E0,5.612081995E0
1.345814004E1,4.559333953E0,-3.596424712E0,-4.095286347E0,7.105854422E0
1.346809504E1,4.895450912E0,-6.571251808E0,-4.420337743E0,9.310541108E0
1.347805004E1,4.724175733E0,-1.064783116E1,-4.551146097E0,1.250628144E1
1.348800504E1,3.765180618E0,-1.453891227E1,-4.104655341E0,1.556935293E1
1.349796004E1,2.369551545E0,-1.719408144E1,-2.532227663E0,1.754033603E1
1.350791504E1,1.002350465E0,-1.789799733E1,-4.752783528E-1,1.793234241E1
1.351787004E1,-1.482505980E-1,-1.708882454E1,5.105595750E-1,1.709709255E1
1.352782504E1,-1.122596700E0,-1.512187967E1,-2.656963098E-1,1.516581889E1
1.353777904E1,-1.602678979E0,-1.278036450E1,-2.090991215E0,1.304908200E1
1.354773404E1,-1.940508296E0,-1.117070088E1,-3.545421789E0,1.187940008E1
1.355768904E1,-2.551976341E0,-1.014796906E1,-3.719827859E0,1.110544815E1
1.356764404E1,-3.413839556E0,-9.279948147E0,-2.355572753E0,1.016466729E1
1.357759904E1,-4.390362577E0,-8.410836139E0,-4.169892141E-1,9.496911504E0
1.358755404E1,-4.702766445E0,-7.189544578E0,4.105172235E-1,8.600819023E0
1.359750904E1,-3.942471705E0,-6.183948031E0,5.758528009E-1,7.356351191E0
1.360746404E1,-2.905360420E0,-5.241922413E0,3.550651538E-1,6.003743917E0
1.361741904E1,-2.199150378E0,-4.160227863E0,8.351461172E-2,4.706456517E0
1.362737404E1,-1.679559194E0,-3.149860573E0,6.675912291E-2,3.570293755E0
1.363732904E1,-1.292024159E0,-2.074125506E0,2.415902862E-1,2.455542488E0
1.364728404E1,-1.035985257E0,-9.299727523E-1,4.265403485E-1,1.456039643E0
1.365723904E1,-8.401497989E-1,2.193237966E-1,5.725672504E-1,1.040090318E0
1.366719404E1,-6.473259491E-1,1.387658880E0,6.204427904E-1,1.652143247E0
1.367714904E1,-5.052106883E-1,2.499634990E0,6.021734574E-1,2.620310248E0
1.368710404E1,-4.439329646E-1,3.589117447E0,5.593997593E-1,3.659476549E0
1.369705904E1,-4.442630399E-1,4.674927267E0,4.972064348E-1,4.722237694E0
1.370701304E1,-4.631176060E-1,5.719156952E0,3.991522828E-1,5.751743797E0
1.371696804E1,-5.078271711E-1,6.694046845E0,3.200005710E-1,6.720904104E0
1.372692304E1,-5.891080002E-1,7.515379500E0,2.719770965E-1,7.543338042E0
1.373687804E1,-6.837465012E-1,8.117305913E0,2.084601085E-1,8.148718929E0
1.374683304E1,-8.117364970E-1,8.611348858E0,1.573077158E-1,8.650953185E0
1.375678804E1,-9.316628900E-1,9.044142804E0,1.169992769E-1,9.092755557E0
1.376674304E1,-1.009933280E0,9.386748126E0,1.096901842E-1,9.441559063E0
1.377669804E1,-1.064895353E0,9.613283293E0,1.136277723E-1,9.672751887E0
1.378665304E1,-1.077963588E0,9.717878872E0,1.100270569E-1,9.778102127E0
1.379660804E1,-9.445875755E-1,9.602623234E0,1.845615149E-2,9.648987475E0
1.380656304E1,-6.846267995E-1,9.127493109E0,-2.098904836E-1,9.155539215E0
1.381651804E1,-4.119271334E-1,8.274418259E0,-4.904644489E-1,8.299170854E0
1.382647304E1,-1.687718399E-1,6.943010763E0,-9.498152786E-1,7.009709798E0
1.383642804E1,2.424580130E-1,4.775245022E0,-1.671326607E0,5.065084751E0
1.384638304E1,9.612006846E-1,1.101346457E0,-2.481310401E0,2.879890984E0
1.385633804E1,1.917043273E0,-4.437798699E0,-3.379214099E0,5.898152264E0
1.386629350E1,2.483121868E0,-1.030035686E1,-4.248772250E0,1.141557319E1
1.387624850E1,1.575095178E0,-1.330786755E1,-3.940742099E0,1.396816781E1
1.388620350E1,-8.402536601E-2,-1.056087955E1,-1.830000159E0,1.071858842E1
1.389615750E1,-5.743874887E-1,-3.753292059E0,7.132714319E-1,3.863402439E0
1.390611250E1,-7.311814535E-1,9.580206764E-1,2.458364757E0,2.737880058E0
1.391606750E1,-1.131126326E0,3.304346935E0,3.393706423E0,4.869845862E0
1.392602250E1,-1.311821808E0,4.864026221E0,3.464307751E0,6.114004885E0
1.393597750E1,-1.243521506E0,5.862785034E0,2.731926742E0,6.586502699E0
1.394593250E1,-1.184116133E0,6.600727623E0,1.860391940E0,6.959367380E0
1.395588750E1,-1.200545494E0,7.350247698E0,1.659243043E0,7.630238410E0
1.396584250E1,-1.070973388E0,7.948307347E0,1.468036753E0,8.153386143E0
1.397579750E1,-8.664186345E-1,8.137109848E0,1.531727549E0,8.325228358E0
1.398575250E1,-5.233812764E-1,8.086720297E0,1.653969732E0,8.270706681E0
1.399570750E1,-8.035492256E-2,8.167783172E0,1.840950532E0,8.373066207E0
1.400566250E1,3.004130564E-1,8.267163618E0,1.675829840E0,8.440654474E0
1.401561750E1,4.774575370E-1,7.756373663E0,1.161008522E0,7.857304811E0
1.402557250E1,1.368152715E-1,6.268299964E0,5.169915122E-1,6.291071696E0
1.403552750E1,-3.384319449E-1,4.752468363E0,3.187317252E-2,4.764609913E0
1.404548250E1,-6.664480253E-1,3.218476480E0,-1.213045818E-1,3.288990517E0
1.405543750E1,-6.661735716E-1,1.505286148E0,-3.238533014E-1,1.677663427E0
1.406539150E1,-3.861295833E-1,-7.740795511E-1,-4.922349858E-1,9.952841242E-1
1.407534650E1,2.226664305E-1,-3.393158539E0,-6.744482589E-1,3.466696650E0
1.408530150E1,9.938679821E-1,-5.868562667E0,-1.076968538E0,6.048773643E0
1.409525650E1,1.673183390E0,-8.009859232E0,-2.015860341E0,8.427400577E0
1.410521150E1,1.937571824E0,-9.900478646E0,-3.278543464E0,1.060766276E1
1.411516650E1,1.495019314E0,-1.239876117E1,-4.326498703E0,1.321676785E1
1.412512150E1,5.771977336E-1,-1.578287466E1,-4.883788933E0,1.653129408E1
1.413507650E1,-4.098556110E-1,-1.879648750E1,-4.671500798E0,1.937263131E1
1.414503150E1,-1.381580845E0,-1.971299880E1,-4.351984085E0,2.023489196E1
1.415498650E1,-1.689969577E0,-1.687200979E1,-4.756781854E0,1.761101034E1
1.416494150E1,-1.157110768E0,-1.284096738E1,-5.316310691E0,1.394605708E1
1.417489650E1,-1.066740077E-1,-1.036305071E1,-4.893564893E0,1.146085410E1
1.418485150E1,1.189356993E0,-8.737499612E0,-3.848414856E0,9.621266363E0
1.419480650E1,2.362255535E0,-7.307040283E0,-2.765276921E0,8.162098098E0
1.420476150E1,3.115870124E0,-6.042041370E0,-1.679971715E0,7.002657746E0
1.421471650E1,3.632390643E0,-4.842765160E0,-5.853989652E-1,6.081885245E0
1.422467150E1,4.195128139E0,-3.679377406E0,9.093800282E-1,5.653661666E0
1.423462550E1,4.972112587E0,-2.406062583E0,3.371565649E0,6.471359645E0
1.424458050E1,5.189838340E0,-1.315810048E0,3.507923595E0,6.400883222E0
1.425453550E1,5.011496508E0,-2.400077373E-1,3.285846637E0,5.997456885E0
1.426449050E1,4.507654215E0,8.834242380E-1,3.285557492E0,5.647501477E0
1.427444550E1,4.004116853E0,2.113006566E0,2.925001510E0,5.390118956E0
1.428440050E1,3.497828377E0,3.378558626E0,2.178733071E0,5.328821590E0
1.429435550E1,2.803944558E0,4.624548826E0,1.643601741E0,5.652431655E0
1.430431050E1,1.989904550E0,5.776761966E0,1.180268373E0,6.222839574E0
1.431426550E1,1.133437804E0,6.766697330E0,7.753498587E-1,6.904639123E0
1.432422050E1,3.489226538E-1,7.608136221E0,6.769172457E-1,7.646155945E0
1.433417550E1,-3.058391263E-1,8.365673999E0,8.528726824E-1,8.414596297E0
1.434413050E1,-8.067304033E-1,9.017215206E0,1.135419352E0,9.124152625E0
1.435408550E1,-1.165111659E0,9.493043489E0,1.346852039E0,9.658642259E0
1.436404050E1,-1.374134124E0,9.764325060E0,1.377613363E0,9.956309911E0
1.437399550E1,-1.470314097E0,9.842386558E0,1.269824767E0,1.003229045E1
1.438395050E1,-1.531901065E0,9.865780098E0,1.112940316E0,1.004584362E1
1.439390550E1,-1.564188659E0,9.817008473E0,9.498497772E-1,9.986118170E0
1.440385950E1,-1.607929487E0,9.551683461E0,7.105291609E-1,9.712103061E0
1.441381450E1,-1.765489583E0,8.433402883E0,3.023315278E-1,8.621522024E0
1.442376950E1,-1.888828996E0,5.405511135E0,-1.605760901E-1,5.728264160E0
1.443372450E1,-1.957121405E0,1.592728919E-1,-1.175773326E0,2.288697219E0
1.444367950E1,-2.038190857E0,-7.301574306E0,-2.986689928E0,8.147854076E0
1.445363450E1,-2.324241032E0,-1.397903435E1,-4.754131311E0,1.494714897E1
1.446358950E1,-3.517976713E0,-1.488725196E1,-4.878550705E0,1.605635974E1
1.447354450E1,-4.480555294E0,-9.226173059E0,-3.702370412E0,1.090436572E1
1.448349950E1,-3.958098389E0,-2.402695171E0,-2.411130949E0,5.220444368E0
1.449345450E1,-3.268060284E0,2.013072388E0,-1.244274627E0,4.034959455E0
1.450340950E1,-2.955106777E0,4.292188995E0,-8.289141548E-1,5.276612655E0
1.451336450E1,-2.823045950E0,5.444448913E0,-8.022496819E-1,6.185080190E0
1.452331950E1,-2.764016553E0,6.062445813E0,-6.712952940E-1,6.696541952E0
1.453327450E1,-2.702335445E0,6.446789730E0,-3.593897545E-1,6.999491101E0
1.454322950E1,-2.589643227E0,6.593465381E0,-4.576849580E-2,7.083934819E0
1.455318450E1,-2.309130804E0,6.666046869E0,3.480180895E-1,7.063241643E0
1.456313950E1,-1.949500583E0,6.754745037E0,7.797870183E-1,7.073556448E0
1.457309350E1,-1.633873436E0,6.950564781E0,1.224524779E0,7.244263531E0
1.458304850E1,-1.409471625E0,7.361571416E0,1.750156722E0,7.696907985E0
1.459300350E1,-1.240023994E0,7.793113473E0,2.330396981E0,8.228063393E0
1.460295850E1,-1.123760150E0,8.154286628E0,2.706457732E0,8.664879731E0
1.461291350E1,-1.113782388E0,8.402240732E0,2.742194160E0,8.908298902E0
1.462286850E1,-1.132665971E0,8.504462340E0,2.477392474E0,8.930077568E0
1.463282350E1,-1.181214160E0,8.034044486E0,1.947005868E0,8.350567019E0
1.464277850E1,-1.205295333E0,6.765831358E0,1.282959513E0,6.991079739E0
1.465273350E1,-1.063893360E0,4.965208780E0,4.174575761E-1,5.095040543E0
1.466268850E1,-1.038093909E0,2.235927903E0,-1.210783238E0,2.746453823E0
1.467264350E1,-1.153528179E0,-2.543251711E0,-4.090584894E0,4.952942690E0
1.468259850E1,-1.356445127E0,-1.077650499E1,-7.645382985E0,1.328250293E1
1.469255350E1,-1.176856742E0,-2.146985789E1,-1.016344314E1,2.378308992E1
1.470250850E1,1.075293091E-1,-3.113983812E1,-9.143731411E0,3.245472084E1
1.471246350E1,2.158227324E0,-3.561456023E1,-4.334189253E0,3.594217637E1
1.472241850E1,4.072692121E0,-3.161855201E1,1.653958037E-1,3.188019774E1
1.473237250E1,3.612860943E0,-2.147100628E1,7.628704387E-1,2.178620771E1
1.474232750E1,1.943048619E0,-1.317595437E1,-1.633331984E-1,1.331945529E1
1.475228250E1,1.053412299E0,-8.755885012E0,-1.005316173E0,8.876139951E0
1.476223750E1,4.448560207E-1,-6.133046849E0,-1.625539985E0,6.360388414E0
1.477219250E1,-1.312861443E-1,-4.580844982E0,-1.712488081E0,4.892237957E0
1.478214750E1,-6.148011044E-1,-3.598790495E0,-1.034343213E0,3.794619785E0
1.479210250E1,-9.177720252E-1,-2.971952021E0,8.807894826E-2,3.111681572E0
1.480205750E1,-1.021391484E0,-2.698129835E0,1.150383254E0,3.105885832E0
1.481201250E1,-8.925771770E-1,-2.326629912E0,2.326881927E0,3.409439876E0
1.482196750E1,-5.234134360E-1,-1.413081404E0,3.297607434E0,3.625600015E0
1.483192250E1,-1.775026830E-1,-2.417712575E-1,3.489776761E0,3.502642200E0
1.484187750E1,1.093268529E-1,1.060847472E0,3.548298619E0,3.705100917E0
1.485183250E1,2.988985544E-1,2.460347548E0,3.461980560E0,4.257694188E0
1.486178662E1,4.266498376E-1,3.868833041E0,3.013852583E0,4.922723491E0
1.487174163E1,3.504385445E-1,5.169681818E0,1.967864640E0,5.542644542E0
1.488169663E1,1.366093033E-1,6.264378237E0,6.929827631E-1,6.304071851E0
1.489165063E1,-9.164377637E-2,7.235378562E0,-2.920752923E-1,7.241851248E0
1.490160562E1,-3.056586666E-1,8.242986551E0,-6.352672362E-1,8.273077962E0
1.491156062E1,-5.349443646E-1,9.218435438E0,-5.006980996E-1,9.247508637E0
1.492151562E1,-7.115446030E-1,9.930398848E0,-3.059214990E-1,9.960557463E0
1.493147063E1,-8.047935862E-1,1.032665530E1,-2.176777323E-1,1.036025511E1
1.494142563E1,-8.581532297E-1,1.057528943E1,-2.637130073E-1,1.061332738E1
1.495138063E1,-8.233736256E-1,1.068883534E1,-5.432881951E-1,1.073425858E1
1.496133563E1,-6.918467952E-1,1.062779626E1,-9.050016332E-1,1.068867313E1
1.497129063E1,-5.327640110E-1,9.633156225E0,-1.413849728E0,9.750923413E0
1.498124563E1,-3.509856246E-1,7.697984537E0,-1.997333438E0,7.960621691E0
1.499120063E1,2.767392151E-2,4.809361187E0,-2.831582007E0,5.581091070E0
1.500115563E1,7.267214166E-1,-1.639746380E-1,-3.845499727E0,3.916998832E0
1.501111062E1,1.453287005E0,-6.007401295E0,-5.066447471E0,7.991858571E0
1.502106562E1,1.771618488E0,-1.090864621E1,-5.919574946E0,1.253708745E1
1.503102062E1,1.259105359E0,-1.210460997E1,-4.724001194E0,1.305462049E1
1.504097463E1,4.621748156E-1,-7.659446123E0,-2.318561339E0,8.016011924E0
1.505092963E1,3.011922710E-1,-2.598685069E0,-8.442525709E-1,2.748934935E0
1.506088462E1,3.510248740E-1,4.552642107E-2,-2.676674427E-1,4.437758185E-1
1.507083962E1,4.717720699E-1,1.677555061E0,-1.756649762E-1,1.751461690E0
1.508079462E1,6.472254501E-1,2.655531700E0,-1.911981046E-1,2.739946369E0
1.509074963E1,8.998897780E-1,3.154449468E0,-3.837609494E-1,3.302669455E0
1.510070463E1,1.043568219E0,3.423282809E0,-6.082343523E-1,3.630130693E0
1.511065963E1,1.114023001E0,3.653432141E0,-9.560723841E-1,3.937345306E0
1.512061463E1,1.110237514E0,4.009621130E0,-1.148774393E0,4.316175569E0
1.513056963E1,9.869260215E-1,4.545060022E0,-9.786997931E-1,4.752835666E0
1.514052463E1,7.145773344E-1,5.240594510E0,-5.829380914E-1,5.321115335E0
1.515047963E1,3.399222540E-1,5.970759133E0,-2.154815912E-2,5.980466210E0
1.516043463E1,-1.904803589E-3,6.565965925E0,7.810033853E-1,6.612252147E0
1.517038962E1,-3.520734259E-1,6.939068570E0,1.529250376E0,7.114297930E0
1.518034462E1,-7.123407014E-1,7.127391599E0,2.084938177E0,7.460168060E0
1.519029962E1,-1.013305223E0,7.163017514E0,2.576263628E0,7.679371177E0
1.520025363E1,-1.211787351E0,7.200183586E0,2.966192221E0,7.880949724E0
1.521020863E1,-1.375169081E0,7.230652843E0,3.035403666E0,7.961601971E0
1.522016363E1,-1.498347403E0,7.337601925E0,2.639811753E0,7.940658225E0
1.523011862E1,-1.764558122E0,7.448729428E0,1.891882997E0,7.885204926E0
1.524007362E1,-2.125752619E0,7.242236761E0,1.322795717E0,7.662806667E0
1.525002862E1,-2.691426295E0,6.907588915E0,8.661647192E-1,7.463832892E0
1.525998363E1,-3.183273610E0,6.353484541E0,9.597064286E-2,7.106982978E0
1.526993863E1,-3.495215549E0,5.542468128E0,-1.054816361E0,6.636875940E0
1.527989363E1,-3.694519648E0,4.317323252E0,-2.339502558E0,6.145081587E0
1.528984863E1,-3.548430474E0,2.356975792E0,-3.418190177E0,5.461750433E0
1.529980363E1,-3.165272080E0,-6.941802728E-1,-4.667468559E0,5.682085562E0
1.530975863E1,-3.090258735E0,-6.274379314E0,-6.586128294E0,9.607008938E0
1.531971363E1,-3.079088799E0,-1.690604292E1,-8.446652673E0,1.914787237E1
1.532966862E1,-1.988063262E0,-2.977746728E1,-7.662537546E0,3.081175806E1
1.533962362E1,6.185254153E-1,-3.702679145E1,-3.773356780E0,3.722370321E1
1.534957763E1,3.684045531E0,-3.251927582E1,6.844715559E-1,3.273444657E1
1.535953263E1,3.716868291E0,-2.118714267E1,1.292382009E0,2.154948667E1
1.536948763E1,1.870993526E0,-1.271945055E1,-3.499953255E-1,1.286108610E1
1.537944263E1,9.360049593E-1,-8.860374756E0,-2.052855089E0,9.143115449E0
1.538939762E1,5.007977946E-1,-6.860978420E0,-3.735520617E0,7.828022585E0
1.539935262E1,3.771418282E-1,-6.161743814E0,-4.722022496E0,7.772182399E0
1.540930762E1,5.375597145E-1,-6.398991081E0,-4.158623972E0,7.650503947E0
1.541926263E1,9.804656522E-1,-6.960251863E0,-2.607742406E0,7.497115402E0
1.542921763E1,1.526879330E0,-7.072047703E0,-1.422950335E0,7.373602027E0
1.543917263E1,1.778212832E0,-6.401249861E0,-7.951040921E-1,6.691056058E0
1.544912763E1,1.674326228E0,-5.119929614E0,-2.490908021E-1,5.392503482E0
1.545908263E1,1.394781666E0,-3.655929487E0,3.025849316E-1,3.924639340E0
1.546903763E1,1.086633035E0,-2.254412706E0,7.172069004E-1,2.603369689E0
1.547899263E1,8.771508334E-1,-9.624797630E-1,9.986050308E-1,1.641027997E0
1.548894663E1,7.732656187E-1,3.277826303E-1,1.150594338E0,1.424516936E0
1.549890163E1,7.101815439E-1,1.694345925E0,1.433196995E0,2.330068576E0
1.550885663E1,6.016272544E-1,3.189743262E0,1.911388139E0,3.766938020E0
1.551881163E1,4.649286349E-1,4.774689537E0,2.281252595E0,5.312055366E0
1.552876663E1,2.389733648E-1,6.167325566E0,1.637153578E0,6.385396209E0
1.553872163E1,-6.822735876E-2,7.340167099E0,7.799460626E-1,7.381803565E0
1.554867662E1,-3.554494621E-1,8.422221252E0,1.086048679E-1,8.430418149E0
1.555863162E1,-6.065978263E-1,9.357482226E0,-2.953498793E-1,9.381773078E0
1.556858662E1,-7.813977069E-1,1.001257328E1,-3.441964956E-1,1.004891423E1
1.557854163E1,-9.069011743E-1,1.032762710E1,-2.045052711E-1,1.036938637E1
1.558849663E1,-9.928611647E-1,1.036859387E1,-7.429939985E-2,1.041628688E1
1.559845163E1,-1.022310374E0,1.031339615E1,-5.432648063E-2,1.036408269E1
1.560840663E1,-1.082980133E0,1.029630591E1,-1.483999944E-1,1.035416747E1
1.561836163E1,-1.170599637E0,1.031436445E1,-3.159648228E-1,1.038538643E1
1.562831663E1,-1.234173562E0,1.022690414E1,-6.556687564E-1,1.032195011E1
1.563827063E1,-1.069981408E0,9.515686832E0,-1.411661115E0,9.679149922E0
1.564822563E1,-9.908472374E-1,8.898223198E0,-2.269556994E0,9.236397744E0
1.565818063E1,-8.687822253E-1,7.756786476E0,-3.147039292E0,8.415840736E0
1.566813563E1,-4.932124941E-1,3.058817672E0,-4.316680643E0,5.313506929E0
1.567809063E1,-8.469428748E-2,-2.583079435E0,-6.610367342E0,7.097635444E0
1.568804563E1,2.355536208E-1,-1.009494300E1,-8.755914248E0,1.336523079E1
1.569800063E1,7.292789888E-1,-1.594838945E1,-7.218146233E0,1.752097626E1
1.570795563E1,1.668738045E0,-1.409173827E1,-2.012631216E0,1.433221750E1
1.571791062E1,1.758850947E0,-6.607031506E0,1.042845430E0,6.916209118E0
1.572786562E1,8.745642444E-1,-1.568876372E0,2.166510344E0,2.814249946E0
1.573782062E1,2.771404803E-1,1.086241930E0,3.716034771E0,3.881448543E0
1.574777563E1,-2.461085759E-1,2.331275525E0,4.289120961E0,4.887941655E0
1.575773063E1,-4.502070270E-1,2.284240522E0,3.996953137E0,4.625589207E0
1.576768563E1,-1.597799186E-1,1.865631922E0,2.865371897E0,3.422932690E0
1.577764063E1,1.697508831E-1,1.819602640E0,1.525334934E0,2.380423448E0
1.578759462E1,4.133916416E-1,1.933332739E0,7.979964173E-1,2.132009946E0
1.579754963E1,5.439648642E-1,2.067991776E0,1.147458769E0,2.426756969E0
1.580750463E1,3.536283468E-1,2.199319655E0,2.117871011E0,3.073668423E0
1.581745963E1,1.124859573E-1,2.379203398E0,2.790563497E0,3.668856297E0
1.582741463E1,-9.291137964E-2,2.525150485E0,3.233131064E0,4.103431975E0
1.583736963E1,-4.111707960E-1,2.615542007E0,3.541187527E0,4.421552953E0
1.584732463E1,-8.491463980E-1,2.741337250E0,3.613081090E0,4.614145045E0
1.585727963E1,-1.295877621E0,2.794087322E0,3.428947299E0,4.609110798E0
1.586723500E1,-1.659761107E0,2.881962202E0,2.971749415E0,4.460023279E0
1.587719000E1,-1.768133986E0,3.208318112E0,2.366511724E0,4.361190278E0
1.588714500E1,-1.659930968E0,3.897461008E0,1.861221367E0,4.627063660E0
1.589710000E1,-1.543003905E0,4.630515910E0,1.355597427E0,5.065588122E0
1.590705500E1,-1.350770258E0,5.510034208E0,7.437453657E-1,5.721731768E0
1.591701000E1,-1.041844606E0,6.407190047E0,9.588585824E-2,6.492050414E0
1.592696400E1,-9.094934642E-1,7.065161437E0,-2.719893757E-1,7.128650834E0
1.593691900E1,-9.927677554E-1,7.428432573E0,-3.410517168E-1,7.502233973E0
1.594687400E1,-1.117835751E0,7.308964602E0,-1.067479092E0,7.470611215E0
1.595682900E1,-1.263826547E0,6.040138101E0,-2.464957785E0,6.645038954E0
1.596678400E1,-1.277555370E0,3.397153357E0,-3.791768492E0,5.248838629E0
1.597673900E1,-9.917077283E-1,-5.595943254E-1,-5.416288723E0,5.534691821E0
1.598669400E1,-6.251891215E-1,-5.857343030E0,-5.841161445E0,8.295691402E0
1.599664900E1,1.054640360E-1,-1.233287943E1,-5.684297022E0,1.358021613E1
1.600660400E1,9.897812900E-1,-1.974416212E1,-5.681194489E0,2.056909272E1
1.601655900E1,1.441515829E0,-2.572183383E1,-5.031559474E0,2.624894844E1
1.602651400E1,1.333944456E0,-2.629731445E1,-3.470819503E0,2.655889198E1
1.603646900E1,8.501967041E-1,-2.047251235E1,-1.408818199E0,2.053853366E1
1.604642400E1,1.846563128E-1,-1.391510441E1,-2.167583308E-1,1.391801756E1
1.605637900E1,-1.785491154E-2,-9.970234759E0,1.936793706E-1,9.972131750E0
1.606633400E1,2.890470559E-1,-7.308389820E0,-3.969353110E-2,7.314211205E0
1.607628800E1,8.183732329E-1,-5.611692145E0,-1.659840336E-1,5.673479900E0
1.608624300E1,1.520664617E0,-4.846940657E0,1.699718932E0,5.356705989E0
1.609619800E1,2.726693484E0,-4.627187675E0,4.982204297E0,7.325850311E0
1.610615300E1,2.971451207E0,-4.096052917E0,1.821484859E0,5.378194759E0
1.611610800E1,2.613876135E0,-3.134620391E0,-1.157450491E-1,4.083085887E0
1.612606300E1,2.124194336E0,-1.582032022E0,4.700225830E-2,2.649006627E0
1.613601800E1,1.704992828E0,-2.333039045E-2,1.110922734E0,2.035115273E0
1.614597300E1,1.634881204E0,1.547249860E0,2.485393219E0,3.353207142E0
1.615592800E1,1.714627285E0,3.065732589E0,3.664402395E0,5.076072098E0
1.616588300E1,1.801898441E0,4.553235599E0,4.482771096E0,6.638827390E0
1.617583800E1,1.782104446E0,5.863796602E0,4.470359211E0,7.585783962E0
1.618579300E1,1.472147053E0,6.930224072E0,3.604953461E0,7.949271167E0
1.619574800E1,8.830347403E-1,7.829617056E0,2.416634056E0,8.241527392E0
1.620570300E1,1.555596907E-1,8.547433528E0,1.394485065E0,8.661836257E0
1.621565700E1,-5.196780885E-1,9.028086934E0,6.605564439E-1,9.067124893E0
1.622561200E1,-9.515424000E-1,9.431075283E0,2.770095026E-1,9.483003121E0
1.623556700E1,-1.184196167E0,9.753876085E0,2.126586286E-1,9.827799496E0
1.624552200E1,-1.306964819E0,9.941826646E0,2.789006384E-1,1.003124417E1
1.625547700E1,-1.380775245E0,9.946014422E0,3.147287945E-1,1.004633253E1
1.626543200E1,-1.499162066E0,9.682247109E0,3.418504830E-1,9.803583923E0
1.627538700E1,-1.710124637E0,9.229427034E0,6.148160148E-1,9.406638527E0
1.628534200E1,-1.979482765E0,8.394358100E0,7.148396552E-1,8.654166376E0
1.629529700E1,-2.504007830E0,6.704431500E0,5.442225802E-1,7.177439319E0
1.630525200E1,-2.744432182E0,4.162103065E0,-6.696231365E-3,4.985484406E0
1.631520700E1,-2.804786849E0,-3.664976299E-2,-1.655536201E0,3.257141782E0
1.632516200E1,-2.901692462E0,-7.863926763E0,-4.541879137E0,9.533615755E0
1.633511700E1,-2.974961875E0,-1.929638234E1,-7.551747428E0,2.093393558E1
1.634507100E1,-2.550936121E0,-2.686700400E1,-7.712880903E0,2.806834001E1
1.635502600E1,-1.153138754E0,-2.017065101E1,-4.701497015E0,2.074340776E1
1.636498100E1,-5.249666758E-1,-7.901233753E0,-1.763160052E0,8.112571614E0
1.637493600E1,-3.447621406E-1,-1.302155045E0,6.011101413E-1,1.475060032E0
1.638489100E1,-9.496419087E-2,2.524963959E0,2.806906757E0,3.776663440E0
1.639484600E1,-9.923784770E-2,5.105915592E0,3.593235641E0,6.244322586E0
1.640480100E1,-2.200721671E-1,6.767241706E0,3.247362310E0,7.509284523E0
1.641475600E1,-2.556331786E-1,7.893673303E0,3.235676064E0,8.534929767E0
1.642471100E1,-1.987498567E-1,8.789852657E0,3.985587319E0,9.653285323E0
1.643466600E1,6.553866282E-2,9.126176316E0,4.649442762E0,1.024249518E1
1.644462100E1,-1.783633201E-1,7.543257270E0,5.206215806E0,9.167182050E0
1.645457600E1,-8.481916208E-1,4.935968024E0,5.526170769E0,7.458000585E0
1.646453100E1,-9.176680179E-1,2.987606771E0,5.363890654E0,6.207997403E0
1.647448600E1,-5.815681618E-1,1.257551900E0,3.808292724E0,4.052499448E0
1.648444000E1,-2.707553208E-2,-3.413955331E-2,1.026794457E0,1.027718566E0
1.649439500E1,4.453959379E-1,-5.229890013E-1,-1.544394665E0,1.690281017E0
1.650435000E1,8.181361283E-1,7.457538843E-1,-2.528397736E0,2.760125123E0
1.651430500E1,5.563388881E-1,3.198404158E0,-1.502831194E0,3.577401810E0
1.652426000E1,4.127688400E-2,4.755237020E0,-6.798300362E-1,4.803764334E0
1.653421500E1,-2.785345296E-1,5.272692801E0,-5.208114982E-1,5.305668240E0
1.654417000E1,-5.466197193E-1,4.843072139E0,-4.917177996E-1,4.898563795E0
1.655412500E1,-8.577721374E-1,3.965632526E0,-3.765510401E-1,4.074776688E0
1.656408000E1,-1.065282293E0,2.912274753E0,-3.659419982E-1,3.122512473E0
1.657403500E1,-1.161802866E0,1.397786257E0,-9.129061916E-1,2.033959202E0
1.658399000E1,-1.261385042E0,-4.427254415E-1,-1.456693154E0,1.977132516E0
1.659394500E1,-1.358678325E0,-2.889251926E0,-1.464957901E0,3.512817265E0
1.660390000E1,-1.243087057E0,-6.208162521E0,-1.829056126E0,6.590295413E0
1.661385400E1,-9.056771328E-1,-1.002892326E1,-2.801026797E0,1.045204784E1
1.662380900E1,-2.711086388E-1,-1.333004253E1,-3.768399510E0,1.385512067E1
1.663376400E1,6.864214562E-1,-1.515580755E1,-4.417157150E0,1.580129597E1
1.664371900E1,1.857525781E0,-1.440649856E1,-4.413178120E0,1.518136173E1
1.665367400E1,2.214650762E0,-1.099163341E1,-3.261074030E0,1.167712665E1
1.666362900E1,1.358006480E0,-7.883062361E0,-1.513794577E0,8.141156417E0
1.667358400E1,5.047041001E-1,-6.268509879E0,-1.993923926E-1,6.291955154E0
1.668353900E1,7.448285624E-2,-5.206163181E0,4.313996771E-1,5.224537151E0
1.669349400E1,1.815692022E-2,-4.496244543E0,4.139197183E-1,4.515293367E0
1.670344900E1,1.784717128E-1,-4.037854995E0,1.420513800E-1,4.044292733E0
1.671340400E1,4.315594523E-1,-3.620022905E0,-4.102728099E-2,3.645887084E0
1.672335900E1,6.311687035E-1,-3.030735834E0,1.071411636E-1,3.097614058E0
1.673331400E1,7.042671584E-1,-2.053040446E0,7.155695339E-1,2.285389914E0
1.674326800E1,5.655119269E-1,-7.669962341E-1,1.276525530E0,1.592985998E0
1.675322300E1,3.539644155E-1,5.919762057E-1,1.447293170E0,1.603241765E0
1.676317800E1,2.139079593E-1,1.896671866E0,1.424734905E0,2.381804008E0
1.677313300E1,1.202274515E-1,3.186188155E0,1.379336538E0,3.474020564E0
1.678308800E1,6.849172600E-2,4.401401535E0,1.399834829E0,4.619151885E0
1.679304300E1,-1.559964046E-3,5.424425708E0,1.477843703E0,5.622136489E0
1.680299800E1,-1.120194226E-1,6.265965756E0,1.521135610E0,6.448932373E0
1.681295300E1,-2.070157731E-1,6.973517441E0,1.485598572E0,7.133008072E0
1.682290800E1,-3.816474733E-1,7.581713238E0,1.360713887E0,7.712300092E0
1.683286300E1,-6.196583864E-1,8.064490938E0,1.135461598E0,8.167573914E0
1.684281800E1,-8.531151956E-1,8.391699371E0,9.078724699E-1,8.483669978E0
1.685277300E1,-1.005945918E0,8.594594831E0,8.497093387E-1,8.694883177E0
1.686272850E1,-1.095121219E0,8.646849643E0,8.658206105E-1,8.758820957E0
1.687268350E1,-1.135902259E0,8.253360681E0,7.790524618E-1,8.367506152E0
1.688263750E1,-1.109985060E0,7.131728479E0,3.375257727E-1,7.225478640E0
1.689259250E1,-9.497368529E-1,4.881187214E0,-5.465276257E-1,5.002667404E0
1.690254750E1,-5.128877170E-1,1.119550593E0,-1.892292302E0,2.257701817E0
1.691250250E1,1.614213782E-1,-4.536580390E0,-3.420624665E0,5.683950351E0
1.692245750E1,9.355987240E-1,-1.077952683E1,-4.813847755E0,1.184257885E1
1.693241250E1,9.708940525E-1,-1.480122538E1,-4.610788574E0,1.553313488E1
1.694236750E1,5.743273354E-1,-1.352133069E1,-2.023519608E0,1.368396386E1
1.695232250E1,1.249882692E0,-6.665856249E0,3.401201384E0,7.587095435E0
1.696227750E1,1.695541973E0,-7.683492798E-1,4.416751646E0,4.793007229E0
1.697223250E1,1.233539431E0,1.974745644E0,1.993764882E0,3.065344726E0
1.698218750E1,9.502717269E-1,3.632507880E0,7.528313541E-1,3.829475800E0
1.699214250E1,7.169788590E-1,4.776824355E0,8.036537446E-2,4.831000745E0
1.700209650E1,6.720227607E-1,5.510358143E0,-1.372048422E-1,5.552880931E0
1.701205150E1,7.354525521E-1,5.771706464E0,6.431374423E-2,5.818730293E0
1.702200650E1,9.573877153E-1,5.151457801E0,7.196578339E-1,5.288857732E0
1.703196150E1,9.852907746E-1,3.213748421E0,1.682024234E0,3.758747444E0
1.704191650E1,9.796648760E-1,1.073648781E0,2.353183873E0,2.765852367E0
1.705187150E1,1.256794100E0,-7.249372119E-1,2.150481956E0,2.594154586E0
1.706182650E1,1.796325752E0,-2.018988601E0,8.403733818E-1,2.830075723E0
1.707178150E1,1.599596035E0,-2.500657083E0,-8.610283788E-1,3.090851532E0
1.708173650E1,1.014041680E0,-8.150755495E-1,-1.279612567E0,1.824838898E0
1.709169150E1,5.239101570E-1,1.838821269E0,-2.127237520E-1,1.923797522E0
1.710164650E1,1.924879273E-1,4.091788543E0,3.344468482E-1,4.109944011E0
1.711160150E1,-1.102952980E-1,5.768960027E0,6.238370991E-1,5.803640027E0
1.712155650E1,-3.429575437E-1,6.818639317E0,7.859450135E-1,6.872348330E0
1.713151050E1,-5.542218306E-1,7.364376910E0,9.651919940E-1,7.448006760E0
1.714146550E1,-7.478713073E-1,7.477484280E0,1.047064561E0,7.587386036E0
1.715142050E1,-8.453330632E-1,7.334208201E0,8.216907969E-1,7.428349325E0
1.716137550E1,-8.000615808E-1,7.153036317E0,5.885026672E-1,7.221659261E0
1.717133050E1,-7.223119582E-1,6.671185986E0,1.551956284E-1,6.711970107E0
1.718128550E1,-6.836032444E-1,5.273495039E0,-6.272530425E-1,5.354485008E0
1.719124050E1,-3.914765697E-1,2.903257177E0,-1.955337858E0,3.522144557E0
1.720119550E1,2.114123129E-1,-7.150156564E-1,-4.235246178E0,4.300378210E0
1.721115050E1,1.014647013E0,-5.958425601E0,-7.273321145E0,9.456931039E0
1.722110550E1,1.095906061E0,-1.285777462E1,-8.172003107E0,1.527432529E1
1.723106050E1,4.848427165E-1,-1.929139350E1,-6.122830009E0,2.024554230E1
1.724101550E1,-2.017140113E-1,-2.301656805E1,-2.888046230E0,2.319792888E1
1.725097050E1,-4.761650100E-1,-2.229768329E1,7.334031031E-1,2.231482228E1
1.726092450E1,-7.220928338E-1,-1.703348299E1,2.816751130E0,1.727990300E1
1.727087950E1,-1.469975251E0,-1.151925340E1,3.003746256E0,1.199485380E1
1.728083450E1,-1.972902601E0,-7.827186368E0,2.848991507E0,8.560020077E0
1.729078950E1,-1.943704238E0,-5.019887847E0,2.532285550E0,5.948926817E0
1.730074450E1,-1.414828844E0,-3.131893834E0,2.115688099E0,4.035670425E0
1.731069950E1,-6.735895953E-1,-2.023471076E0,1.826045687E0,2.807597014E0
1.732065450E1,2.420530202E-1,-1.201056102E0,1.558582056E0,1.982499294E0
1.733060950E1,1.061710960E0,-4.890710574E-1,2.275864971E-1,1.190888859E0
1.734056450E1,1.648300272E0,2.224976653E-1,-9.965280998E-1,1.938934566E0
1.735051950E1,2.001639766E0,1.202399207E0,-1.149540085E0,2.602646348E0
1.736047450E1,2.071524372E0,2.377141085E0,-5.984946817E-2,3.153663729E0
1.737042950E1,2.089602501E0,3.492922563E0,1.575160082E0,4.364410147E0
1.738038450E1,2.198255608E0,4.458041174E0,2.985240988E0,5.798113709E0
1.739033850E1,2.297166670E0,5.282823102E0,3.917816628E0,6.966669345E0
1.740029350E1,1.970138769E0,5.927229536E0,3.927796071E0,7.378419798E0
1.741024850E1,9.466218949E-1,6.140883873E0,3.294884678E0,7.032980363E0
1.742020350E1,-1.259643010E-1,6.044784883E0,2.411765957E0,6.509370655E0
1.743015850E1,-6.598430105E-1,6.276430517E0,1.617181975E0,6.514925201E0
1.744011350E1,-9.706950279E-1,6.600037066E0,1.010795598E0,6.747180586E0
1.745006850E1,-1.174173674E0,6.847538595E0,5.625138402E-1,6.970214520E0
1.746002350E1,-1.395038358E0,6.921394191E0,3.351507068E-1,7.068532773E0
1.746997850E1,-1.660965048E0,6.520483943E0,1.944750305E-1,6.731518126E0
1.747993350E1,-1.946811156E0,5.384689785E0,-2.021265507E-2,5.725850706E0
1.748988850E1,-2.035934417E0,3.324803419E0,-4.698297711E-1,3.926841827E0
1.749984350E1,-1.936798968E0,3.258062714E-1,-1.149877177E0,2.275864120E0
1.750979750E1,-1.826131057E0,-3.311316231E0,-1.773389171E0,4.176658829E0
1.751975250E1,-1.744675249E0,-6.732573565E0,-2.197743831E0,7.293936967E0
1.752970750E1,-1.858160934E0,-8.351165303E0,-2.463414413E0,8.902984586E0
1.753966250E1,-2.122346908E0,-6.420429313E0,-2.598326050E0,7.244140199E0
1.754961750E1,-1.860320604E0,-2.250069979E0,-1.972559370E0,3.523435557E0
1.755957250E1,-1.341124837E0,7.319871998E-1,-1.033811116E0,1.844772754E0
1.756952750E1,-1.032502363E0,2.440122029E0,-5.205997924E-1,2.700237173E0
1.757948250E1,-8.794641381E-1,3.375129234E0,-4.847517923E-1,3.521354685E0
1.758943750E1,-8.250987004E-1,3.811802807E0,-5.450903801E-1,3.937988323E0
1.759939250E1,-7.954074895E-1,4.023491310E0,-5.715219875E-1,4.140989348E0
1.760934750E1,-7.712438708E-1,4.234465283E0,-5.214245056E-1,4.335596482E0
1.761930250E1,-6.457944902E-1,4.410118564E0,-3.047847272E-1,4.467559737E0
1.762925650E1,-4.731846841E-1,4.527981475E0,-7.968351603E-2,4.553336079E0
1.763921150E1,-3.275850675E-1,4.752560749E0,2.244697849E-1,4.769122806E0
1.764916650E1,-2.003909509E-1,5.190189173E0,7.200658965E-1,5.243731026E0
1.765912150E1,-1.267819610E-1,5.668496675E0,1.227317848E0,5.801227226E0
1.766907650E1,-1.791763754E-1,6.085827075E0,1.778772264E0,6.342982431E0
1.767903150E1,-5.451824006E-1,6.150403140E0,2.151126319E0,6.538503427E0
1.768898650E1,-1.223303296E0,5.946722984E0,2.041036697E0,6.405139811E0
1.769894150E1,-1.771575511E0,6.058229386E0,1.687547368E0,6.533639048E0
1.770889650E1,-2.277610072E0,5.679951371E0,1.197172381E0,6.235589541E0
1.771885150E1,-2.445124322E0,5.177703028E0,8.075618774E-1,5.782680848E0
1.772880650E1,-2.436818352E0,5.123446130E0,8.779313636E-1,5.740953527E0
1.773876150E1,-2.315820749E0,5.208154158E0,8.244305098E-1,5.759130242E0
1.774871550E1,-1.356812771E0,5.362619469E0,-5.139573920E-1,5.555428036E0
1.775867050E1,-2.733131122E-1,5.196971943E0,-2.004824306E0,5.576964939E0
1.776862550E1,2.100031522E-1,4.121148582E0,-2.610253201E0,4.882764456E0
1.777858050E1,6.766665463E-1,2.596577733E0,-1.810007359E0,3.236698963E0
1.778853550E1,1.100622279E0,2.612243593E-1,-2.424080193E-1,1.156879084E0
1.779849050E1,1.350906644E0,-3.588671889E0,7.144975930E-2,3.835181841E0
1.780844550E1,1.407211969E0,-9.120596318E0,-9.201935765E-1,9.274280508E0
1.781840050E1,1.586393168E0,-1.554952280E1,-1.982944610E0,1.575551878E1
1.782835550E1,1.889515459E0,-2.007579514E1,-2.562382631E0,2.032667272E1
1.783831050E1,2.360859513E0,-1.949652669E1,-3.147692133E0,1.988959970E1
1.784826550E1,2.350944389E0,-1.557715558E1,-3.228443643E0,1.608096899E1
1.785822050E1,1.201309433E0,-1.229588292E1,-2.863560430E0,1.268195015E1
1.786817475E1,3.577685774E-1,-9.938864447E0,-2.922753548E0,1.036588217E1
1.787812875E1,1.525758200E-1,-8.766370824E0,-4.488071305E0,9.849635569E0
1.788808375E1,7.005066678E-2,-9.692425357E0,-5.558301803E0,1.117330458E1
1.789803875E1,7.937400828E-1,-1.084204058E1,-5.236388608E0,1.206646729E1
1.790799375E1,1.841590364E0,-1.186831580E1,-4.594538577E0,1.285916637E1
1.791794875E1,2.836113015E0,-1.223592908E1,-4.181513775E0,1.323807218E1
1.792790375E1,3.427576420E0,-1.160861523E1,-3.795145552E0,1.268508405E1
1.793785875E1,3.393171988E0,-1.067522770E1,-3.366862733E0,1.169657502E1
1.794781375E1,2.952313270E0,-9.570985705E0,-3.034282462E0,1.046550482E1
1.795776875E1,2.333133624E0,-8.271515701E0,-2.903971414E0,9.071633506E0
1.796772375E1,1.778538668E0,-6.888895952E0,-2.844092418E0,7.662176512E0
1.797767875E1,1.330546201E0,-5.345372522E0,-2.627879047E0,6.103204804E0
1.798763375E1,9.350984216E-1,-3.601809413E0,-2.159648344E0,4.302501723E0
1.799758775E1,4.852635699E-1,-1.661467617E0,-1.458826072E0,2.263653879E0
1.800754275E1,3.951511793E-2,2.641292560E-1,-6.649171512E-1,7.165476442E-1
1.801749775E1,-3.775838046E-1,2.079777424E0,7.930213138E-2,2.115261802E0
1.802745275E1,-7.703341171E-1,3.747395142E0,8.414073157E-1,3.917186653E0
1.803740775E1,-1.077546681E0,5.330094917E0,1.843856452E0,5.742022752E0
1.804736275E1,-1.339169236E0,6.834720914E0,2.913330760E0,7.549455631E0
1.805731775E1,-1.531523189E0,8.172175015E0,3.008720190E0,8.842081482E0
1.806727275E1,-1.582855895E0,9.181480451E0,2.630484567E0,9.681139659E0
1.807722775E1,-1.616650170E0,9.829693422E0,2.144335363E0,1.018992663E1
1.808718275E1,-1.647591881E0,1.026796796E1,1.595299355E0,1.052096503E1
1.809713775E1,-1.660442307E0,1.043383710E1,1.190264042E0,1.063196848E1
1.810709275E1,-1.705366758E0,1.057045262E1,1.001355707E0,1.075385780E1
1.811704675E1,-1.711894735E0,1.070244415E1,6.487851217E-1,1.085789190E1
1.812700175E1,-1.638515833E0,1.086256314E1,5.005070418E-3,1.098544660E1
1.813695675E1,-1.580325659E0,1.085315497E1,-1.904461527E-1,1.096926031E1
1.814691175E1,-1.598593530E0,1.073463191E1,1.635187013E-1,1.085424165E1
1.815686675E1,-1.575665282E0,1.063249742E1,4.354235847E-1,1.075743074E1
1.816682175E1,-1.448890337E0,1.056575262E1,5.625791828E-1,1.067946193E1
1.817677675E1,-1.371008933E0,1.050058774E1,6.578411432E-1,1.061012551E1
1.818673175E1,-1.352280009E0,1.043313777E1,7.910512407E-1,1.055010839E1
1.819668675E1,-1.205587986E0,1.033476889E1,8.850731528E-1,1.044242524E1
1.820664175E1,-1.051138901E0,1.026120624E1,9.257604182E-1,1.035636417E1
1.821659675E1,-9.171438881E-1,1.018483693E1,9.032954156E-1,1.026586571E1
1.822655075E1,-7.802647358E-1,1.011439435E1,8.740161411E-1,1.018202781E1
1.823650575E1,-6.849447419E-1,1.005891831E1,8.573692643E-1,1.011860015E1
1.824646075E1,-5.830296369E-1,9.946927757E0,7.063823886E-1,9.989007531E0
1.825641575E1,-6.910763515E-1,8.985654275E0,1.606399709E0,9.154238870E0
1.826637075E1,-7.017075397E-1,7.784411647E0,4.200557864E0,8.873226275E0
1.827632575E1,-6.918852407E-1,7.567873464E0,3.012097249E0,8.174603586E0
1.828628075E1,-9.388539420E-1,7.512507933E0,4.799847767E-2,7.571098072E0
1.829623575E1,-1.426104615E0,6.283077632E0,-2.015320350E0,6.750729962E0
1.830619075E1,-2.225281878E0,3.665030678E0,-4.907568682E0,6.516790596E0
1.831614575E1,-2.879531515E0,-6.825682873E-1,-9.980297817E0,1.040980047E1
1.832610075E1,-3.424865651E0,-1.764880303E1,-1.562203413E1,2.381717665E1
1.833605575E1,-1.135976007E0,-3.667478907E1,-2.035849866E1,4.196187630E1
1.834600975E1,4.031501703E0,-4.486841284E1,-1.749178892E1,4.832587461E1
1.835596475E1,8.499940689E0,-4.195288821E1,-1.107153912E1,4.421394349E1
1.836591975E1,8.155489401E0,-3.335673977E1,-5.854776102E0,3.483478863E1
1.837587475E1,4.114327220E0,-2.038160218E1,-2.640672755E0,2.095973636E1
1.838582975E1,1.503311251E0,-1.074846174E1,1.228956384E0,1.092244058E1
1.839578475E1,4.558137028E-1,-5.840552166E0,4.718266829E0,7.522091305E0
1.840573975E1,-2.985877018E-1,-3.958268543E0,2.681076723E0,4.790116582E0
1.841569475E1,-5.637781544E-1,-3.870282565E0,-8.262104023E-1,3.997443755E0
1.842564975E1,-3.247683176E-1,-4.334149200E0,-2.412324074E0,4.970878311E0
1.843560475E1,1.067141707E-1,-4.494168196E0,-2.767551488E0,5.279041289E0
1.844555975E1,1.994976425E-1,-4.047688258E0,-8.253768817E-1,4.135798174E0
1.845551375E1,-3.546419616E-1,-2.588306261E0,1.669355510E0,3.100298057E0
1.846546875E1,-7.546472070E-1,-7.612723947E-2,4.022263395E0,4.093151668E0
1.847542375E1,-6.390224643E-1,2.629275362E0,6.530944612E0,7.069276920E0
1.848537875E1,-4.654870440E-1,4.735433670E0,7.499870346E0,8.881951668E0
1.849533375E1,-2.877074222E-1,6.597804015E0,7.122860591E0,9.713338066E0
1.850528875E1,-2.456019147E-1,8.197760677E0,6.272984169E0,1.032540221E1
1.851524375E1,-3.317642918E-1,9.370789905E0,5.236799083E0,1.073991786E1
1.852519875E1,-5.208017041E-1,1.003550606E1,4.161671248E0,1.087667798E1
1.853515375E1,-9.193939698E-1,1.046810997E1,3.368775065E0,1.103518269E1
1.854510875E1,-1.282297901E0,1.054921202E1,2.874377779E0,1.100873334E1
1.855506375E1,-1.461190979E0,1.037333479E1,2.465253947E0,1.076190646E1
1.856501875E1,-1.581517467E0,1.019171559E1,2.256092026E0,1.055756674E1
1.857497275E1,-1.718593890E0,1.006741548E1,2.137673922E0,1.043436962E1
1.858492775E1,-1.813302996E0,9.942240629E0,2.016690353E0,1.030549642E1
1.859488275E1,-1.867022828E0,9.731692919E0,1.924876788E0,1.009439309E1
1.860483775E1,-1.718323456E0,9.483087435E0,1.868887359E0,9.817042465E0
1.861479275E1,-1.527178708E0,9.260170525E0,1.740569627E0,9.545292849E0
1.862474775E1,-1.412852339E0,9.114316408E0,1.563099908E0,9.354688484E0
1.863470275E1,-1.359296668E0,8.765919419E0,1.392141501E0,8.979258803E0
1.864465775E1,-1.356984971E0,7.666158727E0,1.220205295E0,7.880374280E0
1.865461275E1,-1.356482111E0,6.104086175E0,9.604882014E-1,6.326329847E0
1.866456775E1,-1.222055792E0,4.829105480E0,1.182188891E0,5.119692439E0
1.867452275E1,-8.520863780E-1,2.995862455E0,3.670751009E0,4.814110096E0
1.868447675E1,-8.531694286E-2,1.444758110E0,5.947259173E0,6.120824834E0
1.869443175E1,6.943317888E-1,1.491711836E0,5.255337095E0,5.506892846E0
1.870438675E1,7.445459957E-1,2.606023909E0,3.873860769E0,4.727843759E0
1.871434175E1,4.697467406E-1,3.386603225E0,2.513164862E0,4.243317220E0
1.872429675E1,2.521796668E-1,3.395970465E0,1.116141082E0,3.583570970E0
1.873425175E1,1.528380311E-1,2.983914254E0,-2.864422309E-1,3.001525094E0
1.874420675E1,3.166572793E-1,2.409331176E0,-1.421009351E0,2.815033948E0
1.875416175E1,5.627214894E-1,1.767760057E0,-2.365094651E0,3.005878208E0
1.876411675E1,7.278138227E-1,1.836364853E-1,-3.188092593E0,3.275266356E0
1.877407175E1,1.472215465E0,-2.744061468E0,-5.004735957E0,5.894461275E0
1.878402675E1,2.572473171E0,-6.742964067E0,-7.298523813E0,1.026419176E1
1.879398075E1,3.182353551E0,-1.174016589E1,-7.249555137E0,1.416032905E1
1.880393575E1,2.556454431E0,-1.638870467E1,-4.536048586E0,1.719595408E1
1.881389075E1,1.298493226E0,-1.743423127E1,4.616870847E-1,1.748861514E1
1.882384575E1,1.698110363E0,-1.258051603E1,5.315506114E0,1.376254219E1
1.883380075E1,3.078319013E0,-6.742762338E0,2.553515913E0,7.839728019E0
1.884375575E1,3.345102028E0,-4.576923839E0,-3.577910673E0,6.703684374E0
1.885371075E1,2.935080648E0,-4.569841692E0,-9.141356857E0,1.063308782E1
1.886366600E1,1.884005628E0,-6.487239599E0,-1.053382683E1,1.251380288E1
1.887362100E1,1.845029258E0,-9.959737837E0,-7.309953951E0,1.249143457E1
1.888357600E1,2.702062672E0,-1.283438108E1,-4.848895966E0,1.398335698E1
1.889353100E1,2.937654008E0,-1.475192634E1,-4.054757834E0,1.557851735E1
1.890348600E1,2.799827241E0,-1.507584337E1,-4.296750408E0,1.592426294E1
1.891344000E1,2.328292568E0,-1.382907198E1,-5.257301760E0,1.497676200E1
1.892339500E1,1.148765329E0,-1.198274114E1,-5.591999892E0,1.327313865E1
1.893335000E1,-2.693628795E-1,-1.022630070E1,-5.508901602E0,1.161885448E1
1.894330500E1,-1.291490893E0,-8.538798945E0,-5.565427805E0,1.027390008E1
1.895326000E1,-1.995238673E0,-6.771890243E0,-5.446610044E0,8.916559639E0
1.896321500E1,-2.312743067E0,-5.002590029E0,-4.963178626E0,7.416726338E0
1.897317000E1,-2.322942950E0,-3.277329290E0,-4.149179842E0,5.775174853E0
1.898312500E1,-2.069694778E0,-1.553941414E0,-3.198872520E0,4.114748569E0
1.899308000E1,-1.720462514E0,1.554219157E-1,-2.239225294E0,2.828122549E0
1.900303500E1,-1.449129488E0,1.715749658E0,-1.355971795E0,2.623439093E0
1.901299000E1,-1.347369225E0,3.240302966E0,-6.185244651E-1,3.563360725E0
1.902294400E1,-1.324870162E0,4.802951469E0,-3.681282721E-2,4.982467154E0
1.903289900E1,-1.262828135E0,6.292730216E0,4.138039799E-1,6.431517877E0
1.904285400E1,-1.247416628E0,7.563902619E0,1.080543306E0,7.741850226E0
1.905280900E1,-1.399421139E0,8.616190937E0,2.192937419E0,9.000338900E0
1.906276400E1,-1.582807071E0,9.281070228E0,2.167540623E0,9.661354726E0
1.907271900E1,-1.620927262E0,9.740277216E0,2.037802602E0,1.008231347E1
1.908267400E1,-1.581855729E0,9.972115223E0,1.834836391E0,1.026216226E1
1.909262900E1,-1.451280094E0,1.010709235E1,1.612982504E0,1.033737115E1
1.910258400E1,-1.243152985E0,1.018424402E1,1.482732852E0,1.036642428E1
1.911253900E1,-1.009094789E0,1.028881212E1,1.522529002E0,1.044969003E1
1.912249300E1,-7.938319572E-1,1.038740319E1,1.712042524E0,1.055743358E1
1.913244800E1,-5.930370368E-1,1.046958464E1,2.067568438E0,1.068825218E1
1.914240300E1,-3.732775495E-1,1.058646463E1,2.270294913E0,1.083359629E1
1.915235800E1,-3.190117338E-1,1.069501585E1,2.566748747E0,1.100333275E1
1.916231300E1,-2.992261447E-2,1.092080257E1,2.593630736E0,1.122460443E1
1.917226800E1,1.436399954E-1,1.104415661E1,2.627166857E0,1.135323889E1
1.918222300E1,1.651073898E-1,1.100444816E1,2.897775997E0,1.138078405E1
1.919217800E1,9.706151403E-2,1.091884259E1,3.272872542E0,1.139922098E1
1.920213300E1,1.013584866E-1,1.083170270E1,3.656790197E0,1.143276745E1
1.921208800E1,2.619361116E-1,1.051737276E1,3.769713964E0,1.117562006E1
1.922204300E1,-2.067202695E-2,9.327245690E0,2.783215009E0,9.733664535E0
1.923199700E1,-5.741806434E-1,8.953795136E0,6.869260709E-1,8.998444208E0
1.924195200E1,-3.714783613E-1,9.125596272E0,-1.093299519E0,9.198358947E0
1.925190700E1,4.004838400E-1,7.817541386E0,-3.571961131E0,8.604257490E0
1.926186200E1,2.857295138E0,-8.178815113E0,-7.037348571E0,1.116160504E1
1.927181700E1,6.430782393E0,-3.344815748E1,-1.440679911E1,3.698229389E1
1.928177200E1,7.820301272E0,-4.659003428E1,-1.786105228E1,5.050550063E1
1.929172700E1,4.350038424E0,-3.614096869E1,-8.252355545E0,3.732551170E1
1.930168200E1,1.481430385E0,-1.988964786E1,-1.190764418E0,1.998025645E1
1.931163700E1,2.492459726E-1,-8.352831175E0,5.505383917E0,1.000705572E1
1.932159200E1,-1.456615532E0,-1.362709980E0,1.627506637E1,1.639684399E1
1.933154700E1,-2.172217957E0,2.930240908E0,9.863850517E0,1.051667199E1
1.934150100E1,-2.799962019E0,5.968476380E0,7.139064395E0,9.717445037E0
1.935145600E1,-3.103407369E0,7.962158816E0,5.171219051E0,9.988424139E0
1.936141100E1,-3.515285532E0,9.646086173E0,3.641673683E0,1.089339240E1
1.937136600E1,-3.538117447E0,1.052352637E1,2.120797104E0,1.130312624E1
1.938132100E1,-3.381719339E0,1.040006943E1,2.059410403E0,1.112828113E1
1.939127600E1,-3.266746414E0,1.010389743E1,2.872322775E0,1.100048242E1
1.940123100E1,-3.004668946E0,1.021802339E1,4.163326303E0,1.143544154E1
1.941118600E1,-3.171025448E0,1.053715974E1,5.571477334E0,1.233403816E1
1.942114100E1,-3.711777121E0,1.087703266E1,6.810888247E0,1.335946584E1
1.943109600E1,-4.173125651E0,1.085268953E1,6.464810264E0,1.330374457E1
1.944105100E1,-4.304809041E0,1.093995805E1,4.892977248E0,1.273402094E1
1.945100500E1,-3.869443198E0,1.115662546E1,2.284505694E0,1.202754541E1
1.946096000E1,-2.585772955E0,1.076792829E1,-4.125377288E-1,1.108172770E1
1.947091500E1,-1.290902810E0,9.970994897E0,-2.487848758E0,1.035743987E1
1.948087000E1,-3.576635103E-1,8.655655550E0,-4.541925915E0,9.781481851E0
1.949082500E1,6.207446529E-1,5.711535106E0,-6.173069286E0,8.432896395E0
1.950078000E1,2.137665005E0,1.188324959E0,-6.274131392E0,6.733977473E0
1.951073500E1,4.104433439E0,-7.180184355E0,-3.835280840E0,9.116512510E0
1.952069000E1,5.439239629E0,-1.979311734E1,-2.280858493E0,2.065321131E1
1.953064500E1,5.980199463E0,-2.922743140E1,2.170080069E-1,2.983374975E1
1.954060000E1,6.684068572E0,-2.373415239E1,4.542935729E-2,2.465742943E1
1.955055500E1,4.493089677E0,-1.175945702E1,-3.150327766E0,1.297679657E1
1.956050900E1,1.667613917E0,-6.453344459E0,-3.921257130E0,7.733230137E0
1.957046400E1,-2.517900230E-1,-5.492839885E0,-4.273600989E0,6.964075936E0
1.958041900E1,-1.184703632E0,-7.005608715E0,-5.814649585E0,9.181079782E0
1.959037400E1,-1.407907495E0,-1.022280407E1,-7.531935307E0,1.277567908E1
1.960032900E1,-1.430248537E0,-1.365871102E1,-8.714460998E0,1.626492631E1
1.961028400E1,-1.494481224E0,-1.630917084E1,-8.627486588E0,1.851097114E1
1.962023900E1,-1.569916007E0,-1.748784673E1,-7.164544222E0,1.896365243E1
1.963019400E1,-1.534685363E0,-1.684943486E1,-5.607880930E0,1.782433849E1
1.964014900E1,-1.649746873E0,-1.490858494E1,-4.590022187E0,1.568616822E1
1.965010400E1,-1.819612727E0,-1.249723296E1,-3.825586157E0,1.319571641E1
1.966005800E1,-1.791806293E0,-1.005997782E1,-3.131959030E0,1.068751098E1
1.967001300E1,-1.560829580E0,-7.756176612E0,-2.530412102E0,8.306470371E0
1.967996800E1,-1.179783127E0,-5.642301149E0,-2.035986749E0,6.113320909E0
1.968992300E1,-8.064842355E-1,-3.563241763E0,-1.610883354E0,3.992750163E0
1.969987800E1,-4.833740787E-1,-1.528708339E0,-1.181121190E0,1.991393219E0
1.970983300E1,-3.081504576E-1,4.708376849E-1,-6.553173387E-1,8.637624931E-1
1.971978800E1,-2.546671820E-1,2.354326419E0,1.958802626E-2,2.368141033E0
1.972974300E1,-1.502602860E-1,4.085208671E0,1.007500838E0,4.210292861E0
1.973969800E1,-9.968610987E-2,5.712525040E0,2.004014905E0,6.054663937E0
1.974965300E1,-9.249637350E-2,7.221223038E0,2.536861289E0,7.654428975E0
1.975960800E1,-1.638176402E-1,8.506911739E0,2.666363082E0,8.916494583E0
1.976956200E1,-3.157973000E-1,9.415365568E0,2.444241539E0,9.732582053E0
1.977951700E1,-4.965379518E-1,1.008453613E1,2.032264266E0,1.029924837E1
1.978947200E1,-7.054860836E-1,1.049212916E1,1.345010458E0,1.060148754E1
1.979942700E1,-7.520213686E-1,1.029652810E1,6.475768677E-1,1.034424395E1
1.980938200E1,-7.796967519E-1,1.008976588E1,3.674110381E-1,1.012651438E1
1.981933700E1,-8.322013132E-1,9.969655885E0,2.707261578E-1,1.000799131E1
1.982929200E1,-8.834797134E-1,9.945407481E0,2.180216217E-1,9.986951477E0
1.983924700E1,-8.995925932E-1,9.941223214E0,3.062595411E-1,9.986539978E0
1.984920200E1,-8.511970165E-1,1.001458472E1,7.318679166E-1,1.007730490E1
1.985915700E1,-8.576459107E-1,1.005562048E1,1.072874025E0,1.014899593E1
1.986911113E1,-8.048723774E-1,1.009556866E1,1.257251937E0,1.020534215E1
1.987906613E1,-6.892397410E-1,1.017916864E1,1.523700199E0,1.031562833E1
1.988902112E1,-5.491142877E-1,1.024743371E1,1.660468912E0,1.039560394E1
1.989897612E1,-3.669115397E-1,1.028972194E1,1.850593468E0,1.046124744E1
1.990893112E1,-2.246820389E-1,1.029008213E1,1.971320930E0,1.047961729E1
1.991888613E1,-4.390045658E-2,1.023297706E1,2.066199020E0,1.043958453E1
1.992884113E1,4.406330153E-2,9.987327340E0,1.462086918E0,1.009387671E1
1.993879613E1,4.504271016E-1,9.699484116E0,6.988732481E-1,9.735055239E0
1.994875113E1,1.343750676E0,9.207088332E0,1.761368465E-1,9.306297095E0
1.995870613E1,2.935998076E0,8.692483653E0,-4.399912834E-1,9.185474897E0
1.996866113E1,5.487628847E0,7.541489657E0,-1.946532243E0,9.527702996E0
1.997861513E1,4.515421656E0,6.969542504E0,-1.704975579E0,8.477646912E0
1.998857013E1,5.938947356E0,-1.036653331E1,-2.555263646E0,1.221742529E1
1.999852513E1,7.241157950E0,-3.443901963E1,-2.105504004E0,3.525497963E1
2.000848013E1,4.108411318E-2,-4.528276058E1,4.864461254E0,4.554330990E1
2.001843513E1,-4.079949393E0,-3.027707911E1,4.296418287E0,3.085136491E1
2.002839013E1,-3.827005276E0,-1.356460359E1,1.148304423E0,1.414082894E1
2.003834513E1,-4.088362659E0,-3.432738926E0,2.422346494E-1,5.343882801E0
2.004830012E1,-4.082807512E0,2.565581058E0,-2.068883184E0,5.247075469E0
2.005825512E1,-4.032755054E0,5.602724270E0,-3.946302508E0,7.951536711E0
2.006821012E1,-3.489394938E0,6.753779077E0,-2.944880874E0,8.152406529E0
2.007816413E1,-2.522793180E0,7.215225549E0,-7.183012068E-1,7.677233992E0
2.008811913E1,-1.786124407E0,7.598808743E0,5.496970358E-1,7.825234919E0
2.009807413E1,-1.194002898E0,7.695946782E0,1.509548768E0,7.932967747E0
2.010802912E1,-8.906733967E-1,7.288444383E0,2.023177254E0,7.616296136E0
2.011798412E1,-9.119565307E-1,6.208205790E0,2.229576219E0,6.659166161E0
2.012793912E1,-9.096508274E-1,4.387971066E0,2.362574355E0,5.065916727E0
2.013789413E1,-1.054319494E0,1.848241718E0,2.979611288E0,3.661375489E0
2.014784913E1,-2.009194369E0,-1.459260374E0,6.324640810E0,6.794658507E0
2.015780413E1,-2.984004009E0,-4.133799033E0,7.790131978E0,9.310141277E0
2.016775913E1,-2.922822253E0,-4.501820447E0,5.357887902E0,7.583946205E0
2.017771312E1,-2.502048428E0,-2.616650639E0,3.193873735E0,4.827829361E0
2.018766812E1,-1.408021808E0,6.733940059E-1,1.575384908E0,2.217616402E0
2.019762313E1,-6.899156061E-1,3.268250318E0,3.852487734E-1,3.362418817E0
2.020757813E1,-5.501926239E-1,5.389654071E0,-2.155538043E-1,5.421950421E0
2.021753313E1,-4.944646753E-1,7.126760684E0,-2.730804661E-1,7.149110861E0
2.022748813E1,-8.225758461E-1,8.150957808E0,9.948248059E-2,8.192962894E0
2.023744313E1,-1.331188810E0,8.637533859E0,9.574333236E-1,8.791799212E0
2.024739813E1,-1.875889985E0,8.792782112E0,2.247887506E0,9.267414890E0
2.025735313E1,-1.382993971E0,8.870057160E0,2.994427256E0,9.463465588E0
2.026730812E1,1.816444851E-1,8.216471182E0,2.434548171E0,8.571488681E0
2.027726312E1,1.721886896E0,6.761392152E0,2.218234813E-1,6.980725175E0
2.028721713E1,2.789058716E0,4.962542449E0,-2.383477128E0,6.171437377E0
2.029717213E1,3.568527061E0,2.774904946E0,-3.703005420E0,5.843520513E0
2.030712713E1,4.033079574E0,7.471045911E-2,-4.151645905E0,5.788564263E0
2.031708213E1,4.262117350E0,-3.751625603E0,-4.300180385E0,7.122632260E0
2.032703712E1,4.080385888E0,-9.489018266E0,-4.572900370E0,1.129612475E1
2.033699212E1,2.803361006E0,-1.578085152E1,-4.130667557E0,1.655163201E1
2.034694712E1,6.683260779E-1,-1.812075753E1,-2.755824312E0,1.834129442E1
2.035690213E1,-1.058251162E0,-1.466199967E1,-1.724715779E0,1.480097207E1
2.036685713E1,-1.785636603E0,-1.105606855E1,-2.943026722E0,1.157957496E1
2.037681213E1,-2.451101931E0,-9.761101490E0,-4.799165397E0,1.114984267E1
2.038676612E1,-3.409339246E0,-1.005929721E1,-6.021129388E0,1.220930193E1
2.039672112E1,-4.467452853E0,-1.130980029E1,-6.497328969E0,1.378713173E1
2.040667612E1,-5.312242783E0,-1.210258333E1,-6.773704634E0,1.485178511E1
2.041663113E1,-5.008946537E0,-1.183989132E1,-6.709119798E0,1.450120203E1
2.042658613E1,-3.207889219E0,-1.059602249E1,-5.521195958E0,1.237133181E1
2.043654113E1,-1.755955990E0,-9.658911456E0,-4.591441891E0,1.083786375E1
2.044649613E1,-5.489522468E-1,-9.153374054E0,-3.986441013E0,9.998865791E0
2.045645113E1,3.675890127E-1,-8.716686448E0,-3.185452867E0,9.287779836E0
2.046640613E1,8.353515007E-1,-8.186135827E0,-2.205744283E0,8.519151352E0
2.047636113E1,9.517615244E-1,-7.119668596E0,-1.325867844E0,7.304345040E0
2.048631513E1,7.990367831E-1,-5.402548935E0,-8.796238402E-1,5.531702530E0
2.049627013E1,5.800214271E-1,-3.466010168E0,-7.907727671E-1,3.602078971E0
2.050622513E1,4.205742151E-1,-1.396178273E0,-8.308121610E-1,1.678226828E0
2.051618013E1,2.731262206E-1,5.961090177E-1,-9.191986728E-1,1.129101454E0
2.052613513E1,1.492930835E-1,2.432632331E0,-9.262666409E-1,2.607289468E0
2.053609013E1,7.062997967E-2,4.184030709E0,-8.375480072E-1,4.267620910E0
2.054604512E1,2.467853911E-2,5.825422495E0,-6.689391585E-1,5.863756123E0
2.055600012E1,5.608027987E-2,7.338022340E0,-4.525489099E-1,7.352177730E0
2.056595512E1,1.639720433E-1,8.710372624E0,-2.513296279E-1,8.715540412E0
2.057591013E1,2.523779240E-1,9.631176943E0,-9.201061606E-2,9.634922411E0
2.058586413E1,3.039963763E-1,1.012398846E1,1.160909850E-2,1.012855819E1
2.059581913E1,2.929531421E-1,1.018096139E1,-4.496527109E-3,1.018517632E1
2.060577412E1,2.420609140E-1,1.009890274E1,-1.103276038E-1,1.010240576E1
2.061572912E1,1.846660338E-1,1.002708256E1,-2.375741261E-1,1.003159647E1
2.062568412E1,1.296218440E-1,1.002479162E1,-2.880864314E-1,1.002976783E1
2.063563913E1,8.044352615E-2,1.010013182E1,-3.127559074E-1,1.010529318E1
2.064559413E1,5.344579859E-2,1.024114795E1,-2.261504940E-1,1.024378406E1
2.065554913E1,6.401740917E-2,1.056697352E1,2.134574313E-1,1.056932314E1
2.066550413E1,1.402197214E-1,1.103356262E1,7.790156975E-1,1.106191806E1
2.067545913E1,9.439220527E-2,1.106436692E1,5.651719844E-1,1.107919422E1
2.068541313E1,2.237669496E-1,1.107575496E1,5.765109050E-1,1.109300610E1
2.069536813E1,5.177390056E-1,1.026874213E1,1.057321601E0,1.033600734E1
2.070532313E1,1.791959636E-2,9.263467770E0,1.474110694E0,9.380040435E0
2.071527813E1,-2.656043989E-1,8.923408325E0,2.300671345E0,9.219048241E0
2.072523313E1,-4.893489829E-1,8.706041592E0,2.401718248E0,9.044494080E0
2.073518813E1,-4.633218566E-1,5.009610196E0,2.105872963E0,5.453949248E0
2.074514313E1,-8.815534213E-1,-9.030509436E0,1.075755606E0,9.136984580E0
2.075509813E1,-9.359736036E-1,-2.186688851E1,-6.669452945E-2,2.188701231E1
2.076505312E1,1.307249724E0,-2.776809969E1,-3.518779535E0,2.802067222E1
2.077500812E1,1.280472985E0,-2.039006427E1,-5.628099432E0,2.119126790E1
2.078496213E1,1.206487069E-1,-9.964417949E0,-4.845447278E0,1.108072834E1
2.079491713E1,-1.251683122E-1,-3.750236889E0,-4.050556609E0,5.521499133E0
2.080487213E1,-3.118592003E-1,-3.436741930E-1,-3.084042560E0,3.118763637E0
2.081482713E1,-4.352690721E-1,1.892461286E0,-1.689687449E0,2.574084800E0
2.082478212E1,-4.456027101E-1,3.510543732E0,-1.889966279E-2,3.538761968E0
2.083473712E1,-2.994721663E-1,4.855821408E0,1.704558234E0,5.155017352E0
2.084469212E1,3.713975966E-2,5.933000153E0,3.248883170E0,6.764400346E0
2.085464713E1,6.754547109E-1,6.492950574E0,4.842177807E0,8.127812261E0
2.086460250E1,1.526771449E0,6.045188341E0,6.691840106E0,9.146368522E0
2.087455750E1,2.116976826E0,4.436062660E0,8.393410851E0,9.726746040E0
2.088451150E1,2.524843506E0,2.611308623E0,9.603982712E0,1.026792342E1
2.089446650E1,2.517892336E0,1.254769210E0,9.822917669E0,1.021782458E1
2.090442150E1,1.933298094E0,8.391362572E-1,8.369047258E0,8.630338532E0
2.091437650E1,1.355815236E0,2.012744359E0,5.561282129E0,6.067720637E0
2.092433150E1,1.176977706E0,3.961828328E0,1.809874628E0,4.511873933E0
2.093428650E1,6.309673400E-1,6.213986347E0,-8.229727989E-1,6.299923042E0
2.094424150E1,-4.872556797E-1,7.267875633E0,-1.217398485E0,7.385221282E0
2.095419650E1,-1.447830968E0,7.706346055E0,-6.587657341E-1,7.868796371E0
2.096415150E1,-1.673606875E0,8.857172821E0,-7.945105997E-1,9.048851719E0
2.097410550E1,-2.027039486E0,1.037865576E1,-1.103627163E0,1.063218591E1
2.098406050E1,-2.473290068E0,1.176707945E1,-9.370101687E-1,1.206065133E1
2.099401550E1,-2.594043549E0,1.173187220E1,-9.544339943E-1,1.205308390E1
2.100397050E1,-3.487116278E0,8.633502789E0,-2.094646894E0,9.543840733E0
2.101392550E1,-4.270599906E0,3.787797648E0,-3.181785201E0,6.535226978E0
2.102388050E1,-4.630012465E0,-2.339187977E0,-4.423711294E0,6.817480285E0
2.103383550E1,-5.356275240E0,-1.182276132E1,-6.836607226E0,1.466992052E1
2.104379050E1,-5.854268564E0,-2.369172967E1,-8.732846982E0,2.591974405E1
2.105374550E1,-4.229956202E0,-3.086695792E1,-8.244949461E0,3.222795080E1
2.106370050E1,-1.685755927E-2,-2.735123999E1,-5.575684991E0,2.791377575E1
2.107365450E1,2.884394352E0,-1.981462340E1,-1.904232024E0,2.011380449E1
2.108360950E1,2.673708354E0,-1.409516006E1,9.868141204E-2,1.434684604E1
2.109356450E1,1.543549157E0,-1.067263505E1,-7.401405573E-2,1.078393068E1
2.110351950E1,6.943181209E-1,-9.680296478E0,-1.304706185E0,9.792470361E0
2.111347450E1,1.359978307E-1,-1.007271306E1,-2.486241943E0,1.037590684E1
2.112342950E1,-1.907874108E-1,-1.070629045E1,-3.237910578E0,1.118682797E1
2.113338450E1,-4.087036365E-1,-1.050657997E1,-3.270787133E0,1.101150806E1
2.114333950E1,-3.737540976E-1,-9.191180397E0,-2.083036955E0,9.431677060E0
2.115329450E1,-1.508226785E-1,-7.281480349E0,-7.261423230E-1,7.319152016E0
2.116324950E1,-4.523197722E-2,-5.463117903E0,-1.809727862E-1,5.466301703E0
2.117320350E1,7.373382792E-2,-3.844152528E0,6.498595476E-2,3.845408757E0
2.118315850E1,3.233730988E-1,-2.355264897E0,2.396846786E-1,2.389412405E0
2.119311350E1,5.424166676E-1,-8.923324710E-1,3.664786264E-1,1.106697639E0
2.120306850E1,6.124370751E-1,4.905439711E-1,5.465436324E-1,9.562544121E-1
2.121302350E1,5.537429071E-1,1.737574975E0,7.116409358E-1,1.957608445E0
2.122297850E1,4.620870343E-1,3.013688861E0,8.044437034E-1,3.153248270E0
2.123293350E1,3.428589450E-1,4.286428319E0,8.032296753E-1,4.374494016E0
2.124288850E1,1.928271389E-1,5.512421626E0,7.904336286E-1,5.572141402E0
2.125284350E1,4.650597587E-2,6.691082307E0,7.820605619E-1,6.736791816E0
2.126279750E1,-1.102562130E-1,7.729285267E0,7.746087241E-1,7.768785352E0
2.127275250E1,-2.566362136E-1,8.549130975E0,8.173634188E-1,8.591948879E0
2.128270750E1,-3.914303036E-1,9.140068715E0,8.493792634E-1,9.187791842E0
2.129266250E1,-4.606173001E-1,9.554844466E0,8.426586930E-1,9.602983637E0
2.130261750E1,-4.925741609E-1,9.837584825E0,7.732078043E-1,9.880210261E0
2.131257250E1,-5.042029937E-1,1.001215579E1,6.404515238E-1,1.004528060E1
2.132252750E1,-5.209330837E-1,1.009295144E1,5.246461753E-1,1.011999475E1
2.133248250E1,-5.368886003E-1,1.009946524E1,3.740252622E-1,1.012063943E1
2.134243750E1,-5.692710653E-1,1.006777099E1,2.228970667E-1,1.008631575E1
2.135239250E1,-5.910148504E-1,1.005980241E1,9.399051983E-2,1.007758688E1
2.136234650E1,-7.266849446E-1,1.006527540E1,7.952330232E-2,1.009178695E1
2.137230150E1,-8.810782620E-1,9.622292683E0,8.776688967E-3,9.662551030E0
2.138225650E1,-9.185034388E-1,8.802524743E0,-3.530174589E-1,8.857353541E0
2.139221150E1,-1.387796874E0,4.944645876E0,-4.003085697E-1,5.151286243E0
2.140216650E1,-1.343897879E0,-9.856399995E-1,-1.890554509E0,2.520266667E0
2.141212150E1,-1.412988287E0,-9.518613364E0,-6.201362793E0,1.144803200E1
2.142207650E1,-2.181397647E0,-1.744591050E1,-8.921486930E0,1.971576064E1
2.143203150E1,-3.276373563E0,-1.834751724E1,-6.681145549E0,1.979908377E1
2.144198650E1,-3.195284083E0,-1.193842509E1,-2.875456005E0,1.268873836E1
2.145194050E1,-2.156530608E0,-5.341458980E0,-8.005001950E-1,5.815720838E0
2.146189550E1,-1.276295588E0,-1.304087550E0,4.644677281E-1,1.882898042E0
2.147185050E1,-5.516437932E-1,7.030154157E-1,1.354680583E0,1.622868150E0
2.148180550E1,5.942456289E-2,1.832991010E0,2.396779543E0,3.017936298E0
2.149176050E1,5.116449644E-1,2.822253360E0,2.973007443E0,4.131061347E0
2.150171550E1,6.548139665E-1,3.330488082E0,2.796296400E0,4.397750078E0
2.151167050E1,8.121219747E-1,3.323196019E0,2.540108832E0,4.260906800E0
2.152162550E1,1.177338187E0,2.958344380E0,1.753632745E0,3.634990301E0
2.153158050E1,1.914661556E0,2.336178415E0,5.877119775E-1,3.077184400E0
2.154153450E1,2.720453335E0,1.459792471E0,-1.471964912E-1,3.090878065E0
2.155148950E1,3.593083028E0,5.417065233E-1,-2.322440967E-1,3.641102707E0
2.156144450E1,4.287146064E0,-1.074876112E-1,2.622444060E-1,4.296504055E0
2.157139950E1,3.812653577E0,-4.943195182E-1,1.013513092E0,3.975913464E0
2.158135450E1,2.159956638E0,-4.463974929E-1,1.439389197E0,2.633728281E0
2.159130950E1,1.234336699E0,-1.267091632E-2,1.503446614E0,1.945276165E0
2.160126450E1,6.598021531E-1,5.029143405E-1,1.445181595E0,1.666376775E0
2.161121950E1,2.069907215E-1,1.073081601E0,1.575353040E0,1.917312307E0
2.162117450E1,-2.794488514E-1,1.646651357E0,1.924197049E0,2.547957346E0
2.163112850E1,-7.567929158E-1,2.210877262E0,2.446365978E0,3.383108081E0
2.164108350E1,-1.219245547E0,2.862085762E0,3.015333683E0,4.332474101E0
2.165103850E1,-1.600497383E0,3.543710309E0,3.524256037E0,5.247842913E0
2.166099350E1,-1.625790830E0,4.295039513E0,3.775233736E0,5.944993693E0
2.167094850E1,-1.312788499E0,5.285604622E0,3.759749140E0,6.617910808E0
2.168090350E1,-8.911055790E-1,6.421102912E0,3.712887507E0,7.470620148E0
2.169085850E1,-4.972973590E-1,7.557502842E0,3.959061425E0,8.546187527E0
2.170081350E1,-2.997682912E-2,8.661317409E0,3.607909813E0,9.382767773E0
2.171076850E1,4.794356135E-1,9.243778440E0,1.954563979E0,9.460318108E0
2.172072350E1,6.375159292E-1,9.081115918E0,-2.834496260E-2,9.103510109E0
2.173067750E1,4.259949129E-1,9.163396767E0,-1.671765733E0,9.324382695E0
2.174063250E1,8.897711713E-2,9.730938043E0,-2.761680298E0,1.011562901E1
2.175058750E1,-1.655236385E-1,1.009033423E1,-1.651055187E0,1.022586066E1
2.176054250E1,-2.708415672E-2,8.490654725E0,-7.543501684E-1,8.524141915E0
2.177049750E1,9.663465267E-1,5.275245695E0,-1.769667711E0,5.647456645E0
2.178045250E1,2.517633012E0,6.052347672E-1,-3.264201998E0,4.166509306E0
2.179040750E1,4.324653906E0,-6.957870877E0,-5.292159351E0,9.753027691E0
2.180036250E1,5.584634154E0,-1.890036797E1,-6.797274175E0,2.084742152E1
2.181031750E1,4.340802162E0,-3.050415690E1,-4.323841143E0,3.111336938E1
2.182027150E1,2.038570634E0,-3.196834180E1,-4.690484369E-1,3.203670792E1
2.183022650E1,3.519310828E-1,-2.308109558E1,7.038202849E-1,2.309450566E1
2.184018150E1,-8.790754444E-1,-1.496264829E1,-1.848171551E0,1.510196529E1
2.185013650E1,-1.876927865E0,-1.139731557E1,-5.963722594E0,1.299952490E1
2.186009150E1,-3.322706607E0,-1.059604471E1,-9.265288593E0,1.446243809E1
2.187005025E1,-4.818290762E0,-1.026748849E1,-9.917974684E0,1.506663425E1
2.188000525E1,-5.699625497E0,-9.560074216E0,-7.609730172E0,1.348290559E1
2.188996025E1,-5.889620830E0,-8.987026616E0,-4.721009466E0,1.173636278E1
2.189991525E1,-5.457025105E0,-8.420562982E0,-2.504399594E0,1.034200277E1
2.190986925E1,-4.328786134E0,-7.716575174E0,-7.164409152E-1,8.876779224E0
2.191982425E1,-3.121676994E0,-6.980451069E0,4.698655853E-1,7.661092485E0
2.192977925E1,-2.098406653E0,-6.242293888E0,9.504593495E-1,6.653789630E0
2.193973425E1,-1.205042734E0,-5.340925714E0,7.876231644E-1,5.531542798E0
2.194968925E1,-5.284826797E-1,-4.164357752E0,5.490430248E-1,4.233511270E0
2.195964425E1,-6.494546279E-2,-2.762051597E0,6.859330675E-1,2.846691256E0
2.196959925E1,2.223418187E-1,-1.165020881E0,8.173936781E-1,1.440431173E0
2.197955425E1,3.513437300E-1,6.365945542E-1,1.058201022E0,1.283933194E0
2.198950925E1,3.184432748E-1,2.567745697E0,1.599032217E0,3.041648914E0
2.199946325E1,3.422415156E-1,4.568471689E0,2.593338375E0,5.264358153E0
2.200941825E1,5.559506695E-1,6.692093875E0,4.090231722E0,7.862772865E0
2.201937325E1,5.970214392E-1,8.508538435E0,4.971217378E0,9.872419314E0
2.202932825E1,4.694586556E-1,9.811277032E0,5.104710481E0,1.106976140E1
2.203928325E1,2.548058707E-1,1.057764118E1,4.603550305E0,1.153880819E1
2.204923825E1,-1.532657549E-2,1.066520908E1,3.788170116E0,1.131800126E1
2.205919325E1,-2.597067145E-1,1.042226897E1,3.013078412E0,1.085217856E1
2.206914825E1,-4.701104374E-1,1.013363637E1,2.379344608E0,1.041983064E1
2.207910325E1,-6.162652472E-1,9.897184324E0,1.897072693E0,1.009618370E1
2.208905725E1,-6.904352774E-1,9.791400592E0,1.593043499E0,9.944144710E0
2.209901225E1,-7.221863162E-1,9.795173800E0,1.408968472E0,9.922306940E0
2.210896725E1,-7.385896564E-1,9.849882689E0,1.210365454E0,9.951416391E0
2.211892225E1,-7.332852817E-1,9.909455291E0,9.882345553E-1,9.985570540E0
2.212887725E1,-7.270237908E-1,9.984719481E0,7.922075276E-1,1.004244888E1
2.213883225E1,-6.689330189E-1,1.003333674E1,6.701879776E-1,1.007791990E1
2.214878725E1,-5.537979075E-1,1.000795632E1,4.944452333E-1,1.003545504E1
2.215874225E1,-5.853872707E-1,9.572783139E0,3.651257269E-1,9.597612832E0
2.216869725E1,-6.150439100E-1,9.378312348E0,1.536018967E-1,9.399713562E0
2.217865125E1,-4.138190000E-1,9.201715325E0,-6.500702666E-1,9.233926708E0
2.218860625E1,-1.189389445E-2,8.746648750E0,-2.192766681E0,9.017329513E0
2.219856125E1,1.053846454E0,1.300743527E0,-3.315725616E0,3.714372415E0
2.220851625E1,2.491673129E0,-1.854383633E1,-6.656846859E0,1.985940359E1
2.221847125E1,3.709202299E0,-3.759708209E1,-1.073539906E1,3.927527920E1
2.222842625E1,1.636573096E0,-3.849535241E1,-5.979415351E0,3.899133156E1
2.223838125E1,4.495924115E-2,-2.303218012E1,-2.642708756E0,2.318333996E1
2.224833625E1,-5.149043486E-2,-9.644843055E0,-5.540202844E-1,9.660879220E0
2.225829125E1,5.347768418E-2,-2.888754913E0,1.417666790E0,3.218313834E0
2.226824525E1,6.047329299E-2,2.210687227E0,5.636329973E0,6.054668496E0
2.227820025E1,-6.909508556E-2,5.739485967E0,6.161433327E0,8.420791764E0
2.228815525E1,-2.610897271E-1,7.780478809E0,5.094198357E0,9.303487263E0
2.229811025E1,-4.863029125E-1,9.183400092E0,4.800820159E0,1.037396751E1
2.230806525E1,-7.927157237E-1,1.004593047E1,4.526515578E0,1.104710191E1
2.231802025E1,-1.266212795E0,1.058643539E1,4.371036944E0,1.152310172E1
2.232797525E1,-1.781662104E0,1.013332413E1,4.079973367E0,1.106818686E1
2.233793025E1,-1.770940796E0,8.428453799E0,3.632626578E0,9.347247756E0
2.234788525E1,-1.109161845E0,6.688340548E0,3.145627774E0,7.473895462E0
2.235783925E1,-6.668248053E-1,5.068737241E0,2.646212700E0,5.756665197E0
2.236779425E1,-5.177286999E-1,2.922995038E0,2.282929577E0,3.744824489E0
2.237774925E1,-2.943872448E-1,6.660522419E-1,1.898360250E0,2.033239060E0
2.238770425E1,-1.538100210E-1,-1.556198439E0,1.527783017E0,2.186214091E0
2.239765925E1,-2.450115652E-1,-3.543813804E0,1.525665448E0,3.866044750E0
2.240761425E1,-4.804200288E-1,-4.199904145E0,1.845513699E0,4.612582687E0
2.241756925E1,-4.376274369E-1,-2.028117274E0,2.423551312E0,3.190357098E0
2.242752425E1,-2.966247550E-1,8.543208915E-1,3.144923477E0,3.272368272E0
2.243747925E1,-4.756322555E-1,3.070026784E0,3.115804635E0,4.399946479E0
2.244743325E1,-6.560968456E-1,5.171045973E0,2.520028324E0,5.789708307E0
2.245738825E1,-8.477828273E-1,6.800034646E0,1.553406101E0,7.026540929E0
2.246734325E1,-9.958121082E-1,7.952579323E0,3.504859069E-1,8.022343798E0
2.247729825E1,-1.009834462E0,9.472011055E0,-1.119968669E0,9.591302773E0
2.248725325E1,-1.093376702E0,1.054249240E1,-2.753029051E0,1.095074370E1
2.249720825E1,-1.454037641E0,1.100413475E1,-2.745108705E0,1.143419560E1
2.250716325E1,-1.838977243E0,1.026522211E1,-2.574982211E0,1.074184135E1
2.251711825E1,-2.173611933E0,7.760974252E0,-2.586678396E0,8.464526880E0
2.252707225E1,-1.592594287E0,3.412391785E0,-2.585586137E0,4.567934974E0
2.253702725E1,-4.037172040E-1,-1.709607158E0,-3.170520248E0,3.624630031E0
2.254698225E1,6.875183938E-1,-8.678763746E0,-3.862265156E0,9.524217229E0
2.255693725E1,2.074026395E0,-1.661013990E1,-4.104559447E0,1.723501497E1
2.256689225E1,3.766964896E0,-2.104000568E1,-3.709056996E0,2.169398459E1
2.257684725E1,5.024691920E0,-1.822313293E1,-2.838212458E0,1.911506088E1
2.258680225E1,3.534389262E0,-1.310661925E1,-1.745442404E0,1.368656074E1
2.259675725E1,9.878439613E-1,-1.077578461E1,-1.118846004E0,1.087865736E1
2.260671225E1,-5.409855982E-1,-1.050584205E1,-1.463642862E0,1.062109378E1
2.261666625E1,-1.220572354E0,-1.057417963E1,-2.685775838E0,1.097799907E1
2.262662125E1,-1.400593798E0,-1.089742774E1,-4.637862644E0,1.192582762E1
2.263657625E1,-1.581319393E0,-1.182098610E1,-6.199668855E0,1.344143509E1
2.264653125E1,-1.858376112E0,-1.230524899E1,-5.987046552E0,1.381004855E1
2.265648625E1,-1.768393603E0,-1.169138608E1,-4.220404191E0,1.255498052E1
2.266644125E1,-1.040462470E0,-1.043777344E1,-2.783226703E0,1.085246643E1
2.267639625E1,-2.518054268E-1,-9.345763237E0,-2.058709614E0,9.573138552E0
2.268635125E1,3.505057874E-1,-8.520672576E0,-1.895054526E0,8.735899903E0
2.269630625E1,6.319232136E-1,-7.605775115E0,-1.813826176E0,7.844559099E0
2.270626025E1,5.273771904E-1,-6.502456393E0,-1.670277324E0,6.734232857E0
2.271621525E1,2.024450595E-1,-5.119074166E0,-1.496456560E0,5.337160908E0
2.272617025E1,-1.441754359E-1,-3.457456276E0,-1.311242788E0,3.700560513E0
2.273612525E1,-4.378027437E-1,-1.661772841E0,-1.168429077E0,2.078072840E0
2.274608025E1,-6.563090265E-1,1.264308357E-1,-1.069429138E0,1.261112594E0
2.275603525E1,-8.347990119E-1,1.880338254E0,-9.729215746E-1,2.275771898E0
2.276599025E1,-9.630634613E-1,3.509093623E0,-7.459665768E-1,3.714524925E0
2.277594525E1,-1.056977785E0,4.977347015E0,-4.120848620E-1,5.104997480E0
2.278589925E1,-1.136548011E0,6.307044200E0,-1.191311717E-1,6.409737916E0
2.279585425E1,-1.171947566E0,7.560076202E0,1.448064418E-1,7.651743734E0
2.280580925E1,-1.133445771E0,8.735606284E0,2.828322331E-1,8.813371122E0
2.281576425E1,-1.068805825E0,9.665722877E0,3.358933032E-1,9.730435188E0
2.282571925E1,-1.003017413E0,1.014290888E1,3.763818363E-1,1.019932879E1
2.283567425E1,-9.612766253E-1,1.027191133E1,4.442327806E-1,1.032635259E1
2.284562925E1,-9.434638868E-1,1.020742005E1,4.251756815E-1,1.025974281E1
2.285558425E1,-9.318101668E-1,1.010032244E1,3.614737387E-1,1.014965255E1
2.286553550E1,-9.328715095E-1,1.003662872E1,2.828520405E-1,1.008385693E1
2.287548950E1,-9.777252815E-1,1.003983768E1,2.995762467E-1,1.009178048E1
2.288544450E1,-9.683165268E-1,1.006571394E1,2.456625795E-1,1.011516605E1
2.289539950E1,-9.717780785E-1,1.009107332E1,1.772109801E-1,1.013930555E1
2.290535450E1,-9.451467155E-1,1.012730500E1,7.899526220E-2,1.017161979E1
2.291530950E1,-8.614786875E-1,1.006230619E1,-1.732592124E-2,1.009913122E1
2.292526450E1,-9.147012869E-1,9.722833802E0,-2.174790001E-1,9.768186766E0
2.293521950E1,-1.111075858E0,9.598565267E0,-3.847222316E-1,9.670313125E0
2.294517450E1,-1.158389042E0,9.219174526E0,-3.011655200E-1,9.296544777E0
2.295512850E1,-9.981200773E-1,1.732274475E0,2.367953501E-1,2.013228894E0
2.296508350E1,-5.245730120E-1,-9.182689070E0,2.067565514E0,9.427183172E0
2.297503850E1,-1.928677040E-1,-2.233093992E1,2.485599334E0,2.246967466E1
2.298499350E1,5.576425248E-1,-2.614335493E1,1.407344116E0,2.618714550E1
2.299494850E1,-3.444732150E-1,-1.670630788E1,6.846235836E-1,1.672387797E1
2.300490350E1,-5.745304531E-1,-7.170761567E0,5.865200957E-1,7.217611275E0
2.301485850E1,-4.384503959E-1,-2.857813202E0,3.248034739E-1,2.909438492E0
2.302481350E1,-1.722792191E-1,-3.199210489E-1,-4.696629792E-3,3.633891374E-1
2.303476850E1,3.595199282E-1,1.627560198E0,-7.581887193E-1,1.831135416E0
2.304472250E1,6.164118661E-1,3.294417778E0,-1.054497688E0,3.513561933E0
2.305467750E1,8.464093895E-1,4.563298073E0,-8.465958425E-1,4.717713713E0
2.306463250E1,9.612930706E-1,5.753906955E0,-6.423052374E-1,5.868908385E0
2.307458750E1,1.086450967E0,6.637719448E0,7.420672148E-2,6.726455367E0
2.308454250E1,1.397569033E0,6.991166677E0,9.594564602E-1,7.193758920E0
2.309449750E1,1.822888483E0,6.704894015E0,1.342933235E0,7.076863419E0
2.310445250E1,2.236054203E0,5.372059214E0,1.549815034E0,6.021701191E0
2.311440750E1,2.396905843E0,3.350422994E0,1.386887924E0,4.346717149E0
2.312436150E1,2.227243326E0,1.259210170E0,9.558832267E-1,2.731288309E0
2.313431650E1,1.827498720E0,-4.301901805E-1,4.741258666E-1,1.936391102E0
2.314427150E1,1.324333242E0,-1.555040106E0,3.901060554E-1,2.079468923E0
2.315422650E1,7.369802834E-1,-2.175865889E0,8.725985567E-1,2.457429662E0
2.316418150E1,1.175156226E-1,-2.247142863E0,1.509290321E0,2.709505165E0
2.317413650E1,-6.458779592E-1,-1.939566455E0,2.416277668E0,3.165039359E0
2.318409150E1,-1.556626748E0,-1.271560074E0,3.826440142E0,4.322221190E0
2.319404650E1,-2.363528328E0,-1.020099396E-1,4.982221838E0,5.515360970E0
2.320400050E1,-2.576598674E0,1.578002706E0,4.930643549E0,5.782750131E0
2.321395550E1,-2.380604537E0,3.927778822E0,3.932670017E0,6.046537679E0
2.322391050E1,-1.815995201E0,6.588630903E0,2.551525813E0,7.295079144E0
2.323386550E1,-1.129475000E0,8.419668943E0,1.352243464E0,8.602040529E0
2.324382050E1,-4.503489316E-1,9.478478660E0,-1.690482670E-1,9.490676961E0
2.325377550E1,-3.578873856E-1,1.021459926E1,-1.748695503E0,1.036938076E1
2.326373050E1,-6.040760318E-1,1.087579772E1,-3.354052653E0,1.139726078E1
2.327368550E1,-9.265479650E-1,1.171766814E1,-4.767209486E0,1.268418401E1
2.328364050E1,-7.674537056E-1,1.230235228E1,-3.175144811E0,1.272864492E1
2.329359450E1,5.304814041E-1,1.218533546E1,1.874183182E0,1.234003134E1
2.330354950E1,2.202635611E0,1.062589007E1,6.164527674E0,1.248048656E1
2.331350450E1,3.148965657E0,7.567831948E0,6.174320590E0,1.026208068E1
2.332345950E1,3.473336145E0,3.787300050E0,2.112475054E0,5.556100836E0
2.333341450E1,3.947520483E0,-5.104290066E0,-3.573447201E0,7.376057209E0
2.334336950E1,3.843854320E0,-2.066356661E1,-7.237184182E0,2.222914834E1
2.335332450E1,2.830320178E0,-3.206603708E1,-6.975660446E0,3.293783972E1
2.336327950E1,2.176487448E0,-2.899437074E1,-4.065336616E0,2.935877371E1
2.337323350E1,7.692703624E-1,-1.743280922E1,-1.139612975E0,1.748694748E1
2.338318850E1,-1.759751710E0,-7.880977244E0,-7.844513422E-1,8.113069229E0
2.339314350E1,-3.922087142E0,-3.850414311E0,-2.321368880E0,5.966339866E0
2.340309850E1,-5.819760636E0,-4.539595799E0,-5.773095177E0,9.370494747E0
2.341305350E1,-7.599807447E0,-7.370629338E0,-9.316982072E0,1.410281550E1
2.342300850E1,-7.192129632E0,-9.916781852E0,-8.714768561E0,1.503384455E1
2.343296350E1,-4.182384717E0,-1.097526939E1,-5.239713335E0,1.286092827E1
2.344291850E1,-1.926912496E0,-1.216764764E1,-3.913708082E0,1.292601067E1
2.345287250E1,1.443926051E-2,-1.233023415E1,-3.887706391E0,1.292861723E1
2.346282750E1,1.311698286E0,-1.146263130E1,-3.161392744E0,1.196272849E1
2.347278250E1,1.937595651E0,-1.018769037E1,-2.026991393E0,1.056655129E1
2.348273750E1,2.146586833E0,-8.795391140E0,-1.251091603E0,9.139582624E0
2.349269250E1,2.029352498E0,-7.072815442E0,-9.512972555E-1,7.419430996E0
2.350264750E1,1.637354722E0,-5.277794496E0,-1.237911102E0,5.662902889E0
2.351260250E1,1.205671017E0,-3.656705412E0,-1.725880252E0,4.219454908E0
2.352255750E1,7.977247410E-1,-2.150632229E0,-1.970942030E0,3.024267884E0
2.353251150E1,4.586750743E-1,-6.934692514E-1,-1.975819631E0,2.143629082E0
2.354246650E1,2.578526720E-1,7.649614030E-1,-1.769854968E0,1.945261051E0
2.355242150E1,1.386805698E-1,2.369718044E0,-1.378046934E0,2.744778545E0
2.356237650E1,3.130059307E-2,3.922773605E0,-9.443099789E-1,4.034954005E0
2.357233150E1,-8.357419850E-2,5.332940172E0,-5.635813956E-1,5.363288125E0
2.358228650E1,-1.988266197E-1,6.687687414E0,-2.162418754E-1,6.694135905E0
2.359224150E1,-2.803095615E-1,7.998637256E0,5.705252565E-2,8.003750770E0
2.360219650E1,-3.519940500E-1,9.071959178E0,2.703180221E-1,9.082808760E0
2.361215050E1,-4.421069888E-1,9.778153725E0,4.280442524E-1,9.797498188E0
2.362210550E1,-5.143349759E-1,1.018271556E1,5.313283002E-1,1.020953213E1
2.363206050E1,-5.666584563E-1,1.028589553E1,4.774462080E-1,1.031255077E1
2.364201550E1,-5.730820247E-1,1.022238307E1,3.587945080E-1,1.024471923E1
2.365197050E1,-5.830069789E-1,1.014676220E1,2.706044809E-1,1.016709924E1
2.366192550E1,-6.221525893E-1,1.010408571E1,2.359515238E-1,1.012597131E1
2.367188050E1,-6.747879821E-1,1.011933174E1,2.713587534E-1,1.014543490E1
2.368183550E1,-7.375625930E-1,1.020568576E1,4.790758270E-1,1.024351180E1
2.369178950E1,-7.919671340E-1,1.041700180E1,1.338130040E0,1.053241332E1
2.370174450E1,-7.357362152E-1,1.062596491E1,2.043791320E0,1.084571441E1
2.371169950E1,-4.086770316E-1,1.055554105E1,2.229773709E0,1.079621945E1
2.372165450E1,-3.767848556E-1,9.406545044E0,2.028499682E0,9.630154072E0
2.373160950E1,-7.927317305E-1,9.101040890E0,1.515954393E0,9.260425832E0
2.374156450E1,-8.514179682E-1,8.827347928E0,1.201365420E0,8.949316335E0
2.375151950E1,-1.226662521E0,7.901728427E-1,6.297626674E-1,1.589237263E0
2.376147450E1,-1.535836095E0,-1.052674819E1,-1.079707081E0,1.069284748E1
2.377142850E1,-5.751033340E-1,-2.394940477E1,-3.288268261E0,2.418093135E1
2.378138350E1,-4.695708856E-1,-2.735894896E1,-4.175289706E0,2.767969706E1
2.379133850E1,-1.243716218E0,-1.757622505E1,-2.568361409E0,1.780637519E1
2.380129350E1,-1.723457750E0,-7.630873704E0,-1.209386630E0,7.916006324E0
2.381124850E1,-1.905480843E0,-2.813435174E0,-7.483477092E-1,3.479410728E0
2.382120350E1,-1.791749575E0,-2.836952090E-2,-5.382195362E-1,1.871056289E0
2.383115850E1,-1.434434412E0,2.042269290E0,-5.434016311E-1,2.554163517E0
2.384111350E1,-1.036790711E0,3.591775006E0,-5.838842440E-1,3.783741995E0
2.385106750E1,-7.393149304E-1,4.652164641E0,-2.890421954E-1,4.719403331E0
2.386102250E1,-4.449309381E-1,5.420250796E0,2.994476080E-1,5.446719297E0
2.387098229E1,1.410381306E-2,5.769131350E0,1.272964868E0,5.907919685E0
2.388093729E1,7.292574272E-1,5.332406906E0,2.629599298E0,5.990089505E0
2.389089229E1,1.365711648E0,3.624998885E0,3.539088962E0,5.246993035E0
2.390084729E1,1.672104871E0,1.387522055E0,3.188411559E0,3.858383135E0
2.391080229E1,1.686488729E0,-5.498569572E-1,1.849148182E0,2.562408224E0
2.392075729E1,1.516147643E0,-1.870094517E0,1.065055713E-1,2.409834147E0
2.393071129E1,1.175856795E0,-2.682302007E0,-1.335393250E0,3.218797663E0
2.394066629E1,6.312623321E-1,-3.282366081E0,-1.661142950E0,3.732534678E0
2.395062129E1,1.596213859E-1,-3.619919994E0,-1.144391320E0,3.799859371E0
2.396057629E1,-2.536408129E-1,-3.390857660E0,-5.224975428E-1,3.440240255E0
2.397053129E1,-5.108022344E-1,-2.185064144E0,-1.775892949E-1,2.250991380E0
2.398048629E1,-5.985853136E-1,-8.064877439E-1,-2.997633576E-2,1.004801194E0
2.399044129E1,-6.369677527E-1,1.275470692E-1,3.505990505E-2,6.505577375E-1
2.400039529E1,-6.831828296E-1,6.929763311E-1,4.065203592E-2,9.739648670E-1
2.401035029E1,-7.599757015E-1,9.800518155E-1,-7.144581243E-2,1.242243588E0
2.402030529E1,-8.476265605E-1,1.119911951E0,-2.236982448E-1,1.422221667E0
2.403026029E1,-9.075822287E-1,1.277401443E0,-3.409124069E-1,1.603646225E0
2.404021529E1,-8.950517917E-1,1.406931887E0,-4.616353369E-1,1.730226063E0
2.405017029E1,-7.811883035E-1,1.466768784E0,-6.128722541E-1,1.771236357E0
2.406012529E1,-6.479806180E-1,1.400311670E0,-7.365012503E-1,1.709732653E0
2.407008029E1,-5.710739446E-1,1.180523019E0,-7.976948471E-1,1.534951829E0
2.408003429E1,-5.676040607E-1,8.340866017E-1,-7.828614112E-1,1.277006977E0
2.408998929E1,-6.182769086E-1,3.722056818E-1,-7.627974947E-1,1.050077818E0
2.409994429E1,-7.077349958E-1,-1.351256454E-1,-7.502351173E-1,1.040192528E0
2.410989929E1,-7.892901324E-1,-5.433221090E-1,-7.552393837E-1,1.220067356E0
2.411985429E1,-8.540770626E-1,-7.984273571E-1,-8.016496845E-1,1.417595179E0
2.412980929E1,-8.693288668E-1,-9.317450434E-1,-8.666721113E-1,1.541104167E0
2.413976429E1,-8.416556031E-1,-9.255692142E-1,-8.795206368E-1,1.529254418E0
2.414971929E1,-8.184844031E-1,-7.659910977E-1,-7.630840082E-1,1.356081223E0
2.415967329E1,-8.149010101E-1,-5.275094837E-1,-5.113015866E-1,1.097159617E0
2.416962829E1,-7.644000703E-1,-3.026320016E-1,-2.676820242E-1,8.646081552E-1
2.417958329E1,-6.591799363E-1,-8.801345944E-2,-4.945326492E-2,6.668659407E-1
2.418953829E1,-5.292222062E-1,1.544588792E-1,1.140932107E-1,5.629839693E-1
2.419949329E1,-3.560379843E-1,3.590494466E-1,2.238909106E-1,5.529979125E-1
2.420944829E1,-1.863545635E-1,4.716954714E-1,2.988337965E-1,5.886648274E-1
2.421940329E1,-2.799836889E-2,4.763568717E-1,3.598737578E-1,5.976695571E-1
2.422935829E1,7.964141607E-2,4.343107134E-1,4.377142315E-1,6.217413444E-1
2.423931229E1,1.548010875E-1,3.952273393E-1,5.297483826E-1,6.788235229E-1
2.424926729E1,1.939266347E-1,3.457265657E-1,6.242428958E-1,7.394684516E-1
2.425922229E1,1.820709664E-1,3.120699924E-1,7.396809661E-1,8.232043784E-1
2.426917729E1,8.756190822E-2,3.575192302E-1,8.810536306E-1,9.548521287E-1
2.427913229E1,-6.425848804E-2,4.956345570E-1,1.020239875E0,1.136077537E0
2.428908729E1,-2.932849716E-1,7.523314172E-1,1.191877728E0,1.439649663E0
2.429904229E1,-5.850369494E-1,1.092462782E0,1.450162399E0,1.907541388E0
2.430899629E1,-9.577946084E-1,1.471051285E0,1.788411984E0,2.505948886E0
2.431895129E1,-1.417003132E0,1.848683183E0,2.246145620E0,3.235845721E0
2.432890629E1,-1.908592000E0,2.247702441E0,2.786625105E0,4.057113403E0
2.433886129E1,-2.392363287E0,2.788550593E0,3.155510446E0,4.843207892E0
2.434881629E1,-2.635326061E0,3.584322145E0,3.061489557E0,5.400465442E0
2.435877129E1,-2.466470752E0,4.821834467E0,2.587224526E0,6.002274265E0
2.436872629E1,-1.813965632E0,6.495277766E0,2.340819497E0,7.138525092E0
2.437868129E1,-8.337603271E-1,8.231172252E0,1.999267112E0,8.511428899E0
2.438863529E1,1.531540639E-2,9.606153783E0,1.148137046E0,9.674535841E0
2.439859029E1,4.986271985E-1,1.024593332E1,5.857305023E-1,1.027476807E1
2.440854529E1,8.002174091E-1,1.077635998E1,1.327774036E-1,1.080684561E1
2.441850029E1,9.835925969E-1,1.143260000E1,-1.160416199E0,1.153335871E1
2.442845529E1,1.134897780E0,1.163879856E1,-3.123736968E0,1.210402237E1
2.443841029E1,1.993425013E0,1.159187231E1,-1.418456165E0,1.184724714E1
2.444836529E1,3.703020915E0,1.061210467E1,2.515240624E0,1.151761976E1
2.445831929E1,3.717896524E0,7.753010345E0,2.611497196E0,8.986202845E0
2.446827429E1,3.574884447E0,4.218204761E0,1.133071110E0,5.644191736E0
2.447822929E1,4.006653960E0,-2.851802264E0,-1.824384493E0,5.245419991E0
2.448818429E1,4.507098437E0,-1.411424771E1,-4.630705067E0,1.552318763E1
2.449813929E1,4.013692546E0,-2.581546178E1,-5.771179630E0,2.675545382E1
2.450809429E1,2.532861793E0,-2.961782894E1,-4.367184799E0,3.004502426E1
2.451804929E1,1.299448954E0,-2.286451472E1,-2.215717295E0,2.300834640E1
2.452800429E1,-3.797902514E-1,-1.315467752E1,-1.401338733E0,1.323455823E1
2.453795829E1,-1.601818269E0,-6.432868679E0,-1.116079394E0,6.722592835E0
2.454791329E1,-3.230120040E0,-4.012070528E0,3.473459521E-1,5.162464006E0
2.455786829E1,-5.890130707E0,-4.317285830E0,3.547403410E-1,7.311527706E0
2.456782329E1,-7.341525992E0,-6.354727074E0,-4.504330072E0,1.070371662E1
2.457777829E1,-5.858380326E0,-7.686519901E0,-7.292502351E0,1.210717964E1
2.458773329E1,-3.178278626E0,-7.912832875E0,-5.759358898E0,1.029002401E1
2.459768829E1,-1.911712659E0,-9.311334831E0,-4.580697048E0,1.055170067E1
2.460764229E1,-2.136947552E-1,-1.062573687E1,-3.995669965E0,1.135417667E1
2.461759729E1,1.084492296E0,-1.136567044E1,-3.161135467E0,1.184682934E1
2.462755229E1,1.594995153E0,-1.191086248E1,-2.084722707E0,1.219666854E1
2.463750729E1,1.823049135E0,-1.115309374E1,-1.217524785E0,1.136650231E1
2.464746229E1,2.163213683E0,-9.064747222E0,-1.390276093E0,9.422420244E0
2.465741729E1,2.275756066E0,-6.877997911E0,-2.037767519E0,7.525849945E0
2.466737229E1,1.865951618E0,-5.092614346E0,-2.316573286E0,5.897712108E0
2.467732729E1,1.356698896E0,-3.572196774E0,-2.284847463E0,4.452162353E0
2.468728129E1,1.000028243E0,-2.178739795E0,-2.181252636E0,3.241115031E0
2.469723629E1,7.788538027E-1,-8.445823538E-1,-1.933173695E0,2.248798153E0
2.470719129E1,6.645156667E-1,3.724968731E-1,-1.595742574E0,1.768256020E0
2.471714629E1,5.978838670E-1,1.555180439E0,-1.209269540E0,2.058733624E0
2.472710129E1,5.615724750E-1,2.770610751E0,-8.268370776E-1,2.945387433E0
2.473705629E1,5.083762977E-1,4.019355574E0,-4.722094417E-1,4.078804659E0
2.474701129E1,4.270979171E-1,5.331288918E0,-1.607879055E-1,5.350785635E0
2.475696529E1,3.412203359E-1,6.690794039E0,7.635411143E-2,6.699924339E0
2.476692029E1,2.314604602E-1,7.933647208E0,2.431028147E-1,7.940744987E0
2.477687529E1,1.037138365E-1,8.956547420E0,3.369809218E-1,8.963484500E0
2.478683029E1,-1.416236744E-2,9.733633609E0,3.926277037E-1,9.741559440E0
2.479678529E1,-5.722204009E-2,1.014671776E1,6.030970252E-1,1.016478636E1
2.480674029E1,-9.208968138E-2,1.032108173E1,1.034553713E0,1.037321117E1
2.481669529E1,-1.737960599E-1,1.027764978E1,1.105461143E0,1.033839129E1
2.482665029E1,-2.827971498E-1,1.020569746E1,1.015227495E0,1.025996694E1
2.483660429E1,-3.845054096E-1,1.019712661E1,9.817089164E-1,1.025148710E1
2.484655929E1,-4.994549815E-1,1.022361332E1,9.326811826E-1,1.027821088E1
2.485651429E1,-6.055075398E-1,1.021819646E1,6.214414948E-1,1.025496796E1
2.486646929E1,-7.333591028E-1,1.014476947E1,1.443420267E-1,1.017226611E1
2.487641900E1,-8.443778475E-1,1.005119998E1,-2.063289446E-1,1.008871482E1
2.488637400E1,-9.466775165E-1,9.883253918E0,-4.245189661E-1,9.937561204E0
2.489632900E1,-9.857437145E-1,9.686909094E0,-4.347890157E-1,9.746637366E0
2.490628300E1,-1.073557784E0,9.505540743E0,-4.321033895E-1,9.575726838E0
2.491623800E1,-1.232951786E0,9.013068945E0,-4.178313594E-1,9.106600077E0
2.492619300E1,-1.358855057E0,1.268141792E0,8.561843991E-2,1.860645368E0
2.493614800E1,-1.586697223E0,-8.508854769E0,-3.548090458E-1,8.662800183E0
2.494610300E1,-1.234370905E0,-2.204736399E1,-3.095393175E0,2.229778889E1
2.495605800E1,-1.836835408E0,-2.835934675E1,-4.588584942E0,2.878683074E1
2.496601300E1,-4.628268240E0,-2.108301546E1,-2.981268389E0,2.178996028E1
2.497596700E1,-4.012861364E0,-9.712128135E0,-2.107800790E0,1.071780357E1
2.498592200E1,-2.940336418E0,-3.546699405E0,-2.113383712E0,5.068633508E0
2.499587700E1,-2.306571331E0,-6.053253990E-1,-1.646359435E0,2.897790457E0
2.500583200E1,-1.829891109E0,1.335143867E0,-6.554282896E-1,2.358112986E0
2.501578700E1,-1.427720055E0,2.900841692E0,2.658217326E-1,3.244060460E0
2.502574200E1,-9.060478462E-1,4.169836593E0,1.361558225E0,4.479095970E0
2.503569700E1,-2.896528640E-1,5.058113435E0,2.844539437E0,5.810319691E0
2.504565100E1,4.540247472E-1,5.440984438E0,4.449420624E0,7.043280061E0
2.505560600E1,1.368022614E0,5.206835611E0,5.816172785E0,7.925306859E0
2.506556100E1,2.167518111E0,4.221640584E0,6.137402440E0,7.758098524E0
2.507551600E1,2.727440173E0,2.799849168E0,5.354508212E0,6.629392389E0
2.508547100E1,2.756042413E0,1.204055139E0,3.624860014E0,4.710109201E0
2.509542600E1,2.205551033E0,-2.593509114E-1,1.056367043E0,2.459192872E0
2.510538100E1,1.524171485E0,-1.390774276E0,-1.340744330E0,2.460680223E0
2.511533600E1,9.121552630E-1,-2.392363726E0,-2.695773407E0,3.717879192E0
2.512529000E1,2.343576459E-1,-3.272747412E0,-2.284921138E0,3.998332619E0
2.513524500E1,-3.778285836E-1,-3.706052989E0,-8.640380868E-1,3.824152849E0
2.514520000E1,-7.962049035E-1,-3.968153261E0,4.372713049E-1,4.070797065E0
2.515515500E1,-1.141516975E0,-3.895819110E0,1.206422092E0,4.235082267E0
2.516511000E1,-1.461910479E0,-3.198716984E0,1.523799602E0,3.832875920E0
2.517506500E1,-1.632117079E0,-2.035835599E0,1.678202494E0,3.102385591E0
2.518502000E1,-1.531898288E0,-7.447873396E-1,1.802001644E0,2.479643214E0
2.519497400E1,-1.241895103E0,3.594903266E-1,1.972974522E0,2.358848279E0
2.520492900E1,-8.824943114E-1,1.193510270E0,2.067250350E0,2.544953238E0
2.521488400E1,-4.129990011E-1,1.736913071E0,1.992805646E0,2.675576486E0
2.522483900E1,-8.566390201E-3,2.234906979E0,1.905063498E0,2.936690232E0
2.523479400E1,3.282451451E-1,2.722553655E0,1.974500645E0,3.379156119E0
2.524474900E1,5.482437104E-1,3.167396958E0,2.272328575E0,3.936553290E0
2.525470400E1,5.238301232E-1,3.435143886E0,2.808272667E0,4.467774266E0
2.526465800E1,3.741435222E-1,3.688503740E0,3.375515735E0,5.013895661E0
2.527461300E1,4.708076448E-1,4.118019737E0,3.894333333E0,5.687317338E0
2.528456800E1,4.983547548E-1,4.361850969E0,4.316095629E0,6.156523598E0
2.529452300E1,-1.460166693E-1,4.267369904E0,4.722950449E0,6.366948069E0
2.530447800E1,-1.084194162E0,4.333972029E0,4.688789553E0,6.476383096E0
2.531443300E1,-1.883476162E0,4.493868234E0,3.802569177E0,6.180765851E0
2.532438800E1,-2.334730060E0,4.954560415E0,2.362780031E0,5.965011554E0
2.533434200E1,-2.596631819E0,6.135386320E0,1.172435151E0,6.764618710E0
2.534429700E1,-2.586088120E0,7.435527585E0,-3.884977788E-2,7.872511132E0
2.535425200E1,-2.278943530E0,8.787815487E0,-1.389933739E0,9.184290961E0
2.536420700E1,-1.881194286E0,1.026456722E1,-2.268320016E0,1.067920914E1
2.537416200E1,-1.664466946E0,1.135713116E1,-2.987174077E0,1.186077938E1
2.538411700E1,-1.709146690E0,1.143246318E1,-3.948079477E0,1.221514340E1
2.539407200E1,-1.905620591E0,9.468239601E0,-4.825516166E0,1.079650671E1
2.540402600E1,-1.757235069E0,5.699635438E0,-5.902504585E0,8.391262097E0
2.541398100E1,-1.471150834E0,-4.639484954E-1,-6.644560690E0,6.821269658E0
2.542393600E1,-7.624503893E-1,-1.021911097E1,-7.259036397E0,1.255807187E1
2.543389100E1,4.490505939E-1,-2.286090348E1,-6.121791544E0,2.367063341E1
2.544384600E1,2.339118249E0,-3.024466449E1,-1.949470762E0,3.039755978E1
2.545380100E1,4.464086611E0,-2.575161954E1,2.401875392E-1,2.613678765E1
2.546375600E1,3.572556670E0,-1.721842925E1,-8.156558856E-1,1.760405526E1
2.547371000E1,9.338286987E-1,-1.129828011E1,-2.026820654E0,1.151656074E1
2.548366500E1,-5.820187264E-1,-8.546575742E0,-3.055487098E0,9.094982359E0
2.549362000E1,-1.338789605E0,-8.111376252E0,-3.941508084E0,9.117141453E0
2.550357500E1,-1.778270135E0,-8.740195763E0,-4.473735978E0,9.978355589E0
2.551353000E1,-1.643599549E0,-9.571252338E0,-4.936715298E0,1.089410156E1
2.552348500E1,-7.312171215E-1,-9.844234278E0,-4.471264068E0,1.083678132E1
2.553344000E1,2.945152989E-1,-9.019281027E0,-3.057399137E0,9.527951458E0
2.554339400E1,1.010375549E0,-7.689592028E0,-1.819051248E0,7.966155393E0
2.555334900E1,1.464169989E0,-6.450596268E0,-1.132894232E0,6.710993615E0
2.556330400E1,1.736404217E0,-5.535772482E0,-8.867594898E-1,5.869090131E0
2.557325900E1,1.790720757E0,-4.839021773E0,-8.421876267E-1,5.228010381E0
2.558321400E1,1.733717129E0,-4.218808778E0,-8.057314065E-1,4.631773493E0
2.559316900E1,1.654083899E0,-3.339161841E0,-7.055832204E-1,3.792603727E0
2.560312400E1,1.460484197E0,-2.089579112E0,-5.981271842E-1,2.618608616E0
2.561307800E1,1.151784905E0,-6.892557478E-1,-4.640821043E-1,1.420230317E0
2.562303300E1,8.256136939E-1,8.005645144E-1,-3.041955471E-1,1.189569857E0
2.563298800E1,4.834757471E-1,2.275695401E0,-1.183710337E-1,2.329495666E0
2.564294300E1,1.962029192E-1,3.723825601E0,1.946289584E-2,3.729041632E0
2.565289800E1,-5.393164739E-2,5.148038934E0,1.253045158E-1,5.149846086E0
2.566285300E1,-2.830857830E-1,6.512965593E0,2.280918427E-1,6.523103883E0
2.567280800E1,-4.925360443E-1,7.741780767E0,3.220356213E-1,7.764114125E0
2.568276200E1,-6.642334655E-1,8.764876860E0,4.132461921E-1,8.799718455E0
2.569271700E1,-8.420467819E-1,9.531097169E0,5.146754301E-1,9.582053372E0
2.570267200E1,-9.854067687E-1,9.959510965E0,5.522766081E-1,1.002336743E1
2.571262700E1,-1.120682030E0,1.004850325E1,4.474745500E-1,1.012070053E1
2.572258200E1,-1.227743964E0,9.985511194E0,2.656763927E-1,1.006421249E1
2.573253700E1,-1.291864092E0,9.893046834E0,1.539665437E-1,9.978226005E0
2.574249200E1,-1.356628730E0,9.906103667E0,1.220185268E-1,9.999310971E0
2.575244600E1,-1.421800041E0,9.924707168E0,1.763298047E-1,1.002758296E1
2.576240100E1,-1.448396101E0,9.967774251E0,2.384845011E-1,1.007527913E1
2.577235600E1,-1.465102181E0,9.984158149E0,2.241875106E-1,1.009357213E1
2.578231100E1,-1.532959557E0,9.743476228E0,5.709806085E-3,9.863332429E0
2.579226600E1,-1.654954111E0,9.334010918E0,-2.846839732E-1,9.483864080E0
2.580222100E1,-1.705405203E0,9.225412921E0,-3.156462226E-1,9.387027378E0
2.581217600E1,-1.165550054E0,7.973199529E0,-5.368153274E-2,8.058120089E0
2.582213000E1,-5.313218683E-2,3.903811669E-1,-4.358420992E-1,5.875192084E-1
2.583208500E1,1.025029914E0,-7.662046380E0,-1.900188382E0,7.960424420E0
2.584204000E1,3.115088351E0,-1.678884367E1,-4.070666646E0,1.755389912E1
2.585199500E1,3.417133293E0,-1.725707700E1,-4.007261193E0,1.804277276E1
2.586195000E1,2.158360348E0,-8.425036102E0,-2.479428767E0,9.043634210E0
2.587190517E1,1.213515934E0,-1.552521125E0,-1.287259848E0,2.353716355E0
2.588186017E1,6.737052239E-1,1.908952773E0,-5.915710668E-1,2.109012979E0
2.589181417E1,2.146024624E-1,3.959051485E0,1.675320840E-1,3.968401426E0
2.590176917E1,-1.355543925E-1,5.196272031E0,8.330284019E-1,5.264366470E0
2.591172417E1,-3.884046619E-1,6.086448634E0,1.343421185E0,6.245037681E0
2.592167917E1,-5.999168707E-1,6.591793077E0,1.891294767E0,6.883940159E0
2.593163417E1,-8.772494321E-1,6.553503755E0,3.389959527E0,7.430329981E0
2.594158917E1,-1.604635750E0,5.987643553E0,6.561803877E0,9.026848915E0
2.595154417E1,-2.210264181E0,5.258298710E0,7.811648562E0,9.672477776E0
2.596149817E1,-2.481750696E0,4.506999326E0,7.846364651E0,9.382833670E0
2.597145317E1,-3.105462665E0,3.735588444E0,7.255618114E0,8.731695918E0
2.598140817E1,-3.540569184E0,3.786439925E0,5.533851671E0,7.582629608E0
2.599136317E1,-3.308384729E0,5.249190502E0,2.007204707E0,6.521371112E0
2.600131817E1,-2.265161204E0,6.770811431E0,-1.656021520E0,7.329205277E0
2.601127317E1,-1.219450565E0,7.289264748E0,-3.723577679E0,8.275594901E0
2.602122817E1,-9.938225931E-1,6.737444880E0,-4.532690822E0,8.180839379E0
2.603118217E1,-8.117477529E-1,5.255639396E0,-4.528281145E0,6.984698276E0
2.604113717E1,-1.422627568E-2,2.310982763E0,-4.952370633E0,5.465054309E0
2.605109217E1,9.869477293E-1,-3.673550656E0,-6.146170925E0,7.228032739E0
2.606104717E1,1.857369514E0,-1.530498172E1,-6.176230291E0,1.660837462E1
2.607100217E1,2.548594311E0,-2.809135014E1,-3.632042734E0,2.843960303E1
2.608095717E1,3.637983797E0,-3.322912780E1,-1.163020256E0,3.344790691E1
2.609091217E1,4.828177819E0,-2.826328401E1,-1.628331445E0,2.871891341E1
2.610086617E1,4.030159475E0,-2.033978757E1,-3.925824097E0,2.110358355E1
2.611082117E1,2.386390649E0,-1.405828869E1,-5.165422121E0,1.516614410E1
2.612077617E1,1.357990400E0,-1.019465323E1,-5.490685186E0,1.165858981E1
2.613073117E1,7.629651636E-1,-8.073723106E0,-5.292033051E0,9.683632297E0
2.614068617E1,4.949339144E-1,-6.928669882E0,-4.458679398E0,8.254165487E0
2.615064117E1,4.208653334E-1,-6.377343519E0,-3.156344258E0,7.128123671E0
2.616059517E1,2.424566974E-1,-5.879690503E0,-1.922130351E0,6.190648654E0
2.617055017E1,-6.091044545E-3,-5.065679732E0,-9.481666562E-1,5.153655815E0
2.618050517E1,-1.008198119E-1,-3.956746513E0,-2.922593334E-1,3.968806259E0
2.619046017E1,-1.073988066E-1,-2.577367875E0,1.546328339E-1,2.584235086E0
2.620041517E1,-1.281941367E-1,-1.114267049E0,4.867277858E-1,1.222672782E0
2.621037017E1,-2.583877288E-1,5.070553386E-1,8.689558876E-1,1.038726946E0
2.622032517E1,-4.817231539E-1,2.219170368E0,1.270893199E0,2.602295879E0
2.623027917E1,-7.449745966E-1,3.810008882E0,1.638338955E0,4.213704945E0
2.624023417E1,-1.031929482E0,5.237533493E0,1.941246653E0,5.680235393E0
2.625018917E1,-1.377426545E0,6.594954082E0,2.571409270E0,7.211301468E0
2.626014417E1,-1.858366318E0,7.988482397E0,3.665089735E0,8.983443612E0
2.627009917E1,-2.251621245E0,9.094769751E0,3.876984352E0,1.013980487E1
2.628005417E1,-2.491465260E0,9.729334152E0,3.280631797E0,1.056550459E1
2.629000917E1,-2.436458018E0,1.004482886E1,2.515237116E0,1.063773154E1
2.629996317E1,-2.167452330E0,1.003467926E1,1.853338005E0,1.043204195E1
2.630991817E1,-1.943822059E0,9.969696815E0,1.418249319E0,1.025596070E1
2.631987317E1,-1.847350895E0,9.928349984E0,1.302520058E0,1.018240626E1
2.632982817E1,-1.878517870E0,9.907888237E0,1.360850858E0,1.017580433E1
2.633978317E1,-2.035098557E0,9.896677955E0,1.393839533E0,1.019944358E1
2.634973817E1,-2.144135388E0,9.848364751E0,1.297225989E0,1.016220449E1
2.635969217E1,-2.252331828E0,9.654708477E0,1.154992468E0,9.981002056E0
2.636964717E1,-2.204344460E0,9.268053741E0,1.000798906E0,9.579016290E0
2.637960217E1,-2.092291197E0,8.800994527E0,7.156044710E-1,9.074540036E0
2.638955717E1,-2.449586040E0,6.795455106E0,-1.345225051E-2,7.223493811E0
2.639951217E1,-2.880432863E0,2.017840793E0,-2.039874855E0,4.065668994E0
2.640946717E1,-2.601655747E0,-3.197886094E0,-6.775151235E0,7.930810952E0
2.641942217E1,-2.343445774E0,-1.082383001E1,-1.018727756E1,1.504751336E1
2.642937617E1,-2.146527776E0,-1.524426540E1,-9.070740033E0,1.786822694E1
2.643933117E1,-1.744439168E0,-1.272049369E1,-4.770625137E0,1.369718555E1
2.644928617E1,-1.168321781E0,-6.880100570E0,-1.796281021E0,7.206065857E0
2.645924117E1,-5.041914455E-1,-2.558816414E0,-2.240056987E-1,2.617618958E0
2.646919617E1,1.449811274E-1,6.622550601E-1,1.628065982E0,1.763575951E0
2.647915117E1,5.749282830E-1,3.779984014E0,3.249856732E0,5.018006622E0
2.648910617E1,7.083952926E-1,6.113582053E0,3.691409222E0,7.176643467E0
2.649906017E1,7.580080403E-1,7.648040544E0,3.584013412E0,8.480109227E0
2.650901517E1,4.116033438E-1,8.707836102E0,3.533735543E0,9.406546326E0
2.651897017E1,1.803237453E-1,9.302627742E0,3.442603179E0,9.920832436E0
2.652892517E1,-2.485636756E-2,9.683127115E0,3.389769200E0,1.025934227E1
2.653888017E1,-2.357427782E-1,1.002284099E1,3.194844958E0,1.052235480E1
2.654883517E1,-7.054080963E-3,1.001324571E1,2.659586159E0,1.036043136E1
2.655878917E1,4.560607477E-1,9.496994453E0,2.105078326E0,9.738185139E0
2.656874417E1,1.005739365E0,8.389389136E0,1.661251270E0,8.611220444E0
2.657869917E1,1.846372363E0,6.526652171E0,1.295930392E0,6.905484418E0
2.658865417E1,3.149298071E0,3.376143726E0,5.150648546E-1,4.645612619E0
2.659860917E1,4.596058853E0,-2.345531037E0,-1.450432833E0,5.359946662E0
2.660856417E1,5.842954202E0,-1.124383083E1,-4.657425673E0,1.350020220E1
2.661851917E1,5.828313943E0,-2.363496724E1,-6.639134474E0,2.523210309E1
2.662847317E1,3.507425412E0,-3.166583727E1,-6.068025227E0,3.243220950E1
2.663842817E1,1.392735432E0,-2.979639823E1,-3.076834112E0,2.998719673E1
2.664838317E1,1.047215127E0,-2.206975415E1,-8.547927618E-1,2.211111436E1
2.665833817E1,9.594227656E-1,-1.513405825E1,-9.380825481E-1,1.519342654E1
2.666829317E1,2.515485330E-1,-1.039880526E1,-1.474610485E0,1.050585092E1
2.667824817E1,-7.796833764E-1,-7.529271315E0,-2.124089379E0,7.861907427E0
2.668820317E1,-1.624669627E0,-5.831108912E0,-2.749587087E0,6.648429265E0
2.669815717E1,-2.346005246E0,-4.712262323E0,-3.088737289E0,6.103233148E0
2.670811217E1,-2.914505758E0,-3.861931572E0,-2.592864166E0,5.489244380E0
2.671806717E1,-3.072298427E0,-3.009599903E0,-1.478177286E0,4.547715613E0
2.672802217E1,-2.635239815E0,-2.365389351E0,-3.861325800E-1,3.562113703E0
2.673797717E1,-2.014037325E0,-1.914018801E0,3.218655404E-1,2.797036243E0
2.674793217E1,-1.476927883E0,-1.128407371E0,7.383516017E-1,1.999945563E0
2.675788617E1,-1.181182878E0,1.050101459E-1,1.006023101E0,1.555089258E0
2.676784117E1,-1.047817537E0,1.523258734E0,1.307726857E0,2.264594510E0
2.677779617E1,-9.800829519E-1,2.939611655E0,1.519133816E0,3.451035617E0
2.678775117E1,-9.095411190E-1,4.331279971E0,1.434968117E0,4.652567542E0
2.679770617E1,-9.061953422E-1,5.681734772E0,1.206817656E0,5.878750621E0
2.680766117E1,-9.842005612E-1,6.930350372E0,1.039178714E0,7.076602251E0
2.681761617E1,-1.125379098E0,7.962464041E0,8.952451153E-1,8.091277744E0
2.682757017E1,-1.332310160E0,8.818535589E0,8.605323887E-1,8.960029927E0
2.683752517E1,-1.543741238E0,9.417091666E0,8.144376183E-1,9.577476761E0
2.684748017E1,-1.740274635E0,9.739957373E0,7.508516331E-1,9.922656076E0
2.685743517E1,-1.854039671E0,9.889142064E0,6.349691013E-1,1.008145722E1
2.686739017E1,-1.875910304E0,9.903585856E0,4.987358471E-1,1.009201614E1
2.687734529E1,-1.859359906E0,9.846395409E0,4.208895993E-1,1.002925071E1
2.688729929E1,-1.769333981E0,9.630462998E0,4.452864854E-1,9.801767205E0
2.689725429E1,-1.497473244E0,9.021270835E0,5.655041063E-1,9.162180335E0
2.690720929E1,-9.223010592E-1,7.152938669E0,6.458390021E-1,7.241013662E0
2.691716429E1,-3.205863158E-1,4.014191898E0,3.320130908E-1,4.040636692E0
2.692711929E1,6.117200603E-1,-8.212958175E-1,-5.170365357E-1,1.147194417E0
2.693707429E1,1.834246700E0,-7.107671279E0,-1.662039474E0,7.526342218E0
2.694702929E1,1.836476243E0,-1.127726170E1,-2.882538738E0,1.178381543E1
2.695698329E1,6.220716785E-1,-1.047912028E1,-3.164456978E0,1.096415628E1
2.696693829E1,-1.009691352E-1,-4.614489276E0,-2.442502431E0,5.222022996E0
2.697689329E1,-4.629796118E-2,8.445238817E-1,-1.296963887E0,1.548379609E0
2.698684829E1,-1.724706423E-1,4.014695343E0,-4.341452007E-1,4.041782636E0
2.699680329E1,-3.427004854E-1,6.136582661E0,4.029893719E-2,6.146276465E0
2.700675829E1,-5.427075666E-1,7.681568479E0,3.570132999E-1,7.708987242E0
2.701671229E1,-6.954533578E-1,8.818663058E0,4.563903844E-1,8.857808176E0
2.702666729E1,-8.248741673E-1,9.557364616E0,5.850348298E-1,9.610718056E0
2.703662229E1,-9.373096924E-1,1.012400951E1,8.770976968E-1,1.020506827E1
2.704657729E1,-9.695874922E-1,1.054355659E1,7.664363632E-1,1.061574822E1
2.705653229E1,-9.398388324E-1,1.071647981E1,4.550174582E-1,1.076723165E1
2.706648729E1,-7.964327987E-1,1.072926767E1,2.385400862E-2,1.075881308E1
2.707644229E1,-5.664743055E-1,1.009533477E1,-5.228372660E-1,1.012472400E1
2.708639629E1,-1.913509362E-1,8.743811681E0,-9.699244380E-1,8.799523357E0
2.709635129E1,4.105424396E-1,7.217163901E0,-1.430311687E0,7.368974921E0
2.710630629E1,1.368821782E0,4.934094576E0,-1.888316195E0,5.457536111E0
2.711626129E1,2.370545864E0,1.180140027E0,-2.360704269E0,3.547554485E0
2.712621629E1,3.285700456E0,-5.182828113E0,-3.233757008E0,6.936477429E0
2.713617129E1,4.139190751E0,-1.582943253E1,-3.751849844E0,1.678631024E1
2.714612529E1,4.279118714E0,-2.820173154E1,-3.022231643E0,2.868418385E1
2.715608029E1,3.391986172E0,-3.396540919E1,-2.365131781E0,3.421620143E1
2.716603529E1,2.300252830E0,-3.045509643E1,-2.070956607E0,3.061197352E1
2.717599029E1,1.025220095E0,-2.249640910E1,-3.049644267E0,2.272531251E1
2.718594529E1,-1.108241786E-1,-1.467242525E1,-4.608991140E0,1.537969909E1
2.719590029E1,-1.010140564E0,-1.006367560E1,-5.911836741E0,1.171527909E1
2.720585529E1,-2.077434006E0,-8.191395983E0,-6.397264398E0,1.059904203E1
2.721580929E1,-3.105208603E0,-7.501237425E0,-5.511764399E0,9.812768731E0
2.722576429E1,-3.804303169E0,-7.373143641E0,-4.072195108E0,9.242226071E0
2.723571929E1,-3.798904727E0,-7.632007479E0,-2.559467794E0,8.901128618E0
2.724567429E1,-3.147311480E0,-7.618048421E0,-1.188291338E0,8.327800886E0
2.725562929E1,-2.265005229E0,-6.837255682E0,-2.764350137E-1,7.207962976E0
2.726558429E1,-1.400245596E0,-5.440100339E0,2.632182598E-1,5.623581002E0
2.727553829E1,-7.114237118E-1,-3.806868927E0,4.842275164E-1,3.902928517E0
2.728549329E1,-3.201702864E-1,-2.096643133E0,5.056803659E-1,2.180397687E0
2.729544829E1,-2.213717108E-1,-2.803652197E-1,5.073737195E-1,6.205144495E-1
2.730540329E1,-2.745149343E-1,1.537031266E0,6.395418432E-1,1.687257340E0
2.731535829E1,-3.746578579E-1,3.287161968E0,8.805627568E-1,3.423622801E0
2.732531329E1,-5.141354397E-1,4.908645154E0,1.068995859E0,5.049939074E0
2.733526829E1,-6.135221721E-1,6.458857214E0,1.325998821E0,6.622047934E0
2.734522229E1,-7.718633102E-1,7.892780433E0,1.493600049E0,8.069857312E0
2.735517729E1,-1.071805739E0,9.059205816E0,1.315720439E0,9.216783486E0
2.736513229E1,-1.416198408E0,9.870819229E0,1.026110479E0,1.002454951E1
2.737508729E1,-1.689577083E0,1.019136710E1,6.789436714E-1,1.035275802E1
2.738504229E1,-1.809128961E0,1.012957139E1,3.790013524E-1,1.029683476E1
2.739499729E1,-1.864841963E0,9.996512146E0,2.742531252E-1,1.017266462E1
2.740495129E1,-1.867386379E0,9.983568749E0,2.744613043E-1,1.016041859E1
2.741490629E1,-1.859556080E0,9.997571661E0,3.001621377E-1,1.017346968E1
2.742486129E1,-1.881444109E0,1.005147013E1,3.674980885E-1,1.023264084E1
2.743481629E1,-1.903407712E0,1.007000580E1,3.738043106E-1,1.025513078E1
2.744477129E1,-1.839786644E0,1.005093335E1,3.074459777E-1,1.022255346E1
2.745472629E1,-1.635755509E0,9.860640396E0,1.645845026E-1,9.996750130E0
2.746468029E1,-1.526443713E0,9.261310147E0,3.054519676E-2,9.386310727E0
2.747463529E1,-1.597775212E0,8.948874119E0,4.609488007E-1,9.102071601E0
2.748459029E1,-1.774182639E0,8.309537221E0,2.534593738E0,8.866808799E0
2.749454529E1,-2.011287672E0,7.467594885E0,4.038671851E0,8.724741932E0
2.750450029E1,-1.234308925E0,4.068762792E0,3.398087157E0,5.442917004E0
2.751445529E1,9.868699613E-1,-2.287593901E0,1.692519840E0,3.011913276E0
2.752440929E1,2.143293828E0,-7.834847975E0,-2.938331115E-1,8.128031073E0
2.753436429E1,1.022762218E0,-8.842933096E0,-1.505129296E0,9.028229201E0
2.754431929E1,-1.191452050E0,-3.166035726E0,-3.793346071E-1,3.404002784E0
2.755427429E1,-2.609771390E0,3.341586097E0,1.506841215E0,4.499741637E0
2.756422929E1,-3.454027469E0,7.909533291E0,2.625729611E0,9.021390061E0
2.757418429E1,-3.319123726E0,1.083210733E1,2.243403568E0,1.154919872E1
2.758413929E1,-1.851991537E0,1.270135225E1,2.508572459E-2,1.283568661E1
2.759409329E1,5.487000125E-1,1.229635187E1,-2.896449848E0,1.264479192E1
2.760404829E1,2.522377443E0,9.496480483E0,-5.691475648E0,1.135510566E1
2.761400329E1,4.112533002E0,6.182106743E0,-6.957327670E0,1.017525330E1
2.762395829E1,5.773113304E0,2.484740378E0,-8.045958188E0,1.020980975E1
2.763391329E1,6.934753325E0,-2.925150906E0,-8.605755411E0,1.143268725E1
2.764386829E1,7.218933853E0,-9.286246768E0,-7.317964636E0,1.385279724E1
2.765382229E1,6.717048038E0,-1.802569935E1,-6.029573936E0,2.015937333E1
2.766377729E1,4.879642672E0,-2.736941314E1,-1.937554429E0,2.786843744E1
2.767373229E1,1.236179742E0,-3.018946911E1,1.336014283E1,3.303673111E1
2.768368729E1,-2.959436640E-2,-2.501346704E1,1.466485662E1,2.899538634E1
2.769364229E1,-3.060257256E-1,-1.920900623E1,5.669915210E0,2.003066426E1
2.770359729E1,-2.749475113E0,-1.539500428E1,6.867414451E-1,1.565366999E1
2.771355129E1,-4.314366900E0,-1.177335234E1,-6.987337335E0,1.435438853E1
2.772350629E1,-4.768420737E0,-8.177414705E0,-1.446648164E1,1.728834979E1
2.773346129E1,-4.878509774E0,-4.412710050E0,-1.433716930E1,1.577422870E1
2.774341629E1,-4.706609528E0,-1.471719037E0,-8.502935632E0,9.829447825E0
2.775337129E1,-3.900994773E0,-1.187335610E-1,-4.440742479E0,5.912026019E0
2.776332629E1,-3.253388450E0,-2.827438670E-1,-2.149375370E0,3.909513395E0
2.777328129E1,-2.516534028E0,-1.645391867E0,-6.377324224E-1,3.073590824E0
2.778323529E1,-1.849231651E0,-3.147162083E0,4.762424125E-1,3.681181022E0
2.779319029E1,-1.339685545E0,-4.009311812E0,1.193182826E0,4.392382477E0
2.780314529E1,-8.043375765E-1,-3.820591173E0,1.587650173E0,4.214796427E0
2.781310029E1,-2.142470247E-1,-2.351375329E0,2.335865736E0,3.321315471E0
2.782305529E1,6.170705549E-1,-2.208996212E-1,3.763446919E0,3.820092332E0
2.783301029E1,5.958206038E-1,1.646974708E0,2.794237010E0,3.297770209E0
2.784296429E1,3.180617805E-1,3.273757811E0,1.311851922E0,3.541131029E0
2.785291929E1,1.147736804E-1,4.929163619E0,2.933701582E-1,4.939219880E0
2.786287429E1,-6.532480091E-2,6.475505991E0,-3.197456324E-1,6.483724426E0
2.787282950E1,-1.993495618E-1,7.800437695E0,-5.930537014E-1,7.825489197E0
2.788278450E1,-5.076790904E-1,8.795224494E0,-4.195366998E-1,8.819848242E0
2.789273950E1,-8.609261987E-1,9.516422412E0,-8.686506629E-2,9.555680770E0
2.790269350E1,-1.196649202E0,9.992716134E0,1.993290965E-1,1.006608549E1
2.791264850E1,-1.372158642E0,1.021432795E1,3.113594826E-1,1.031078365E1
2.792260350E1,-1.417386416E0,1.024955859E1,6.011557496E-1,1.036454648E1
2.793255850E1,-1.317525183E0,1.050931530E1,1.898614311E0,1.076040505E1
2.794251350E1,-1.260904547E0,1.083092502E1,3.721179736E0,1.152154485E1
2.795246850E1,-1.276396891E0,1.105405945E1,4.533184912E0,1.201545608E1
2.796242250E1,-9.982432343E-1,1.127968830E1,4.232218198E0,1.208881833E1
2.797237750E1,-7.737409973E-1,1.130973597E1,3.209241972E0,1.178168226E1
2.798233250E1,-2.804510276E-1,1.139311844E1,2.078396312E0,1.158453848E1
2.799228750E1,2.329435699E-1,1.138444117E1,9.599058918E-1,1.142721238E1
2.800224250E1,4.752494091E-1,1.078151137E1,2.749291364E-1,1.079548218E1
2.801219750E1,8.417797834E-1,9.716462676E0,-1.076834198E-1,9.753452510E0
2.802215150E1,2.525931673E0,9.335644630E0,-1.185023548E0,9.743658055E0
2.803210650E1,3.668361252E0,8.845940319E0,-1.829494375E0,9.749594047E0
2.804206150E1,3.746680028E0,1.557505292E0,-1.392277157E0,4.289740044E0
2.805201650E1,3.723023947E0,-1.266453701E1,3.838357937E0,1.374715958E1
2.806197150E1,1.365111431E0,-2.213547685E1,5.985223975E0,2.297097670E1
2.807192650E1,-3.811938755E-1,-1.558976919E1,2.642075210E0,1.581666126E1
2.808188150E1,-9.309171508E-1,-5.032034853E0,2.109952858E0,5.535330394E0
2.809183550E1,-1.819298585E0,2.133789909E0,1.331187056E0,3.104024113E0
2.810179050E1,-3.080081656E0,5.421902050E0,4.236103088E-1,6.250069643E0
2.811174550E1,-4.879465794E0,8.288561504E0,-7.062404475E-1,9.644076618E0
2.812170050E1,-5.497486668E0,9.871320920E0,-3.314584532E0,1.177505019E1
2.813165550E1,-4.171739569E0,9.692332386E0,-4.203598123E0,1.135847504E1
2.814161050E1,-2.462209009E0,9.350854408E0,-3.860252252E0,1.041165207E1
2.815156450E1,-1.690972082E0,8.406862371E0,-3.333348247E0,9.200322388E0
2.816151950E1,-1.263312284E0,4.959601300E0,-3.942183145E0,6.460217560E0
2.817147450E1,-1.693806812E-2,-1.044696293E0,-7.093905180E0,7.170437081E0
2.818142950E1,1.928753053E0,-9.827735775E0,-1.019578058E1,1.429190052E1
2.819138450E1,4.083880768E0,-1.968782536E1,-1.027839004E1,2.258171498E1
2.820133950E1,4.932445076E0,-2.634949501E1,-4.802403292E0,2.723394901E1
2.821129350E1,4.378442443E0,-2.684227963E1,8.050962527E-1,2.720894915E1
2.822124850E1,3.182117616E0,-2.114364640E1,3.229982046E0,2.162434831E1
2.823120350E1,6.800294262E-1,-1.587719141E1,3.087905231E0,1.618897174E1
2.824115850E1,-1.777327417E0,-1.270654574E1,1.396962092E0,1.290607224E1
2.825111350E1,-3.332427018E0,-1.130254156E1,-1.719332832E0,1.190834249E1
2.826106850E1,-4.456456579E0,-1.072615344E1,-5.825788531E0,1.299423660E1
2.827102250E1,-5.670130388E0,-9.916447392E0,-8.613788316E0,1.430676961E1
2.828097750E1,-5.694806807E0,-8.020919241E0,-7.914843732E0,1.262579587E1
2.829093250E1,-3.999985211E0,-5.883707541E0,-4.605718745E0,8.475290040E0
2.830088750E1,-2.457873006E0,-3.928862895E0,-2.202402892E0,5.131050756E0
2.831084250E1,-1.144136381E0,-1.947644384E0,-6.406001893E-1,2.347921487E0
2.832079750E1,-2.694084878E-1,-2.956059873E-1,3.900189319E-1,5.586399558E-1
2.833075150E1,2.257561358E-1,9.822883755E-1,9.538773394E-1,1.387709719E0
2.834070650E1,5.109141355E-1,2.033929991E0,1.191430708E0,2.411931092E0
2.835066150E1,6.116855617E-1,2.915121177E0,1.227079281E0,3.221461511E0
2.836061650E1,5.917594933E-1,3.913792282E0,1.177828038E0,4.129797599E0
2.837057150E1,4.705949523E-1,5.017363020E0,1.023772763E0,5.142324567E0
2.838052650E1,3.375380518E-1,6.280760381E0,7.614479573E-1,6.335746672E0
2.839048050E1,1.035524350E-1,7.552105862E0,5.976673738E-1,7.576426093E0
2.840043550E1,-2.127664366E-1,8.646543834E0,5.635137141E-1,8.667498920E0
2.841039050E1,-5.591067407E-1,9.487161191E0,5.999477148E-1,9.522539843E0
2.842034550E1,-8.335346246E-1,9.982354867E0,6.490327513E-1,1.003809903E1
2.843030050E1,-9.295751417E-1,1.024951181E1,6.724659797E-1,1.031352572E1
2.844025550E1,-8.898269391E-1,1.038703949E1,1.149985936E0,1.048831965E1
2.845020950E1,-7.070760146E-1,1.061760573E1,2.294609975E0,1.088571279E1
2.846016450E1,-5.380721864E-1,1.098257256E1,3.222682382E0,1.145827664E1
2.847011950E1,-8.210462876E-1,1.093500897E1,3.107873472E0,1.139769344E1
2.848007450E1,-1.353907289E0,1.065735978E1,2.634884012E0,1.106141927E1
2.849002950E1,-1.802963219E0,1.033560154E1,2.001403685E0,1.068086851E1
2.849998450E1,-1.997164892E0,9.832440444E0,1.330086025E0,1.012100200E1
2.850993850E1,-1.689456191E0,9.319936670E0,8.080068505E-1,9.506227266E0
2.851989350E1,-1.380488878E0,9.506021969E0,3.315757191E-1,9.611459082E0
2.852984850E1,-9.702803873E-1,9.529177528E0,2.284401906E-1,9.581171813E0
2.853980350E1,-4.121630685E-1,8.222136549E0,6.118304265E-1,8.255164705E0
2.854975850E1,1.316570771E0,1.201919151E0,1.206713283E0,2.152701834E0
2.855971350E1,3.044971173E0,-7.902779757E0,2.007725694E0,8.703834775E0
2.856966750E1,2.262903155E0,-1.773803856E1,2.033825326E0,1.799708832E1
2.857962250E1,-2.890467270E-1,-1.737519544E1,2.882630539E-1,1.737999022E1
2.858957750E1,-1.962781071E0,-8.872491941E0,-4.685993707E-1,9.099077324E0
2.859953250E1,-2.235568007E0,-1.902354775E0,1.395692369E-1,2.938740815E0
2.860948750E1,-2.617188875E0,1.708601437E0,1.048007133E0,3.296561152E0
2.861944250E1,-3.079631713E0,3.878779739E0,1.786041669E0,5.264884481E0
2.862939650E1,-3.988392813E0,5.550517405E0,2.425247590E0,7.252402814E0
2.863935150E1,-4.153462050E0,6.952078625E0,2.180885139E0,8.386829210E0
2.864930650E1,-2.611179692E0,7.871369684E0,1.167420286E0,8.374938221E0
2.865926150E1,-3.149673609E-1,7.930302601E0,3.138788286E-1,7.942759199E0
2.866921650E1,1.199521208E0,7.901129088E0,-1.387828741E0,8.111273673E0
2.867917150E1,2.010777795E0,7.706677008E0,-3.395235178E0,8.658159143E0
2.868912550E1,2.754686151E0,7.200502260E0,-4.363940763E0,8.858866043E0
2.869908050E1,3.687373766E0,4.906308607E0,-3.733456550E0,7.183821215E0
2.870903550E1,5.126860319E0,1.709183820E0,-8.838475764E-1,5.476056300E0
2.871899050E1,6.135009175E0,-2.477806749E0,1.765006895E-1,6.618837991E0
2.872894550E1,6.103896725E0,-8.129217861E0,-8.583032839E-1,1.020188330E1
2.873890050E1,5.059596874E0,-1.425553164E1,-2.369931468E0,1.531131209E1
2.874885450E1,4.063457029E0,-1.827650865E1,-9.505467653E-1,1.874689282E1
2.875880950E1,3.376248391E0,-1.744811490E1,2.274853549E0,1.791677218E1
2.876876450E1,2.082467874E0,-1.551023185E1,3.444947913E0,1.602409532E1
2.877871950E1,3.838838871E-1,-1.481909447E1,3.043168184E0,1.513320192E1
2.878867450E1,-9.369306466E-1,-1.372515761E1,1.561743061E0,1.384546250E1
2.879862950E1,-1.845289166E0,-1.216582915E1,-2.048793029E0,1.247437549E1
2.880858350E1,-3.561698975E0,-1.148783514E1,-5.075146959E0,1.305423964E1
2.881853850E1,-7.342375007E0,-1.128470287E1,-5.868092551E0,1.468637123E1
2.882849350E1,-8.375067551E0,-9.606683541E0,-4.765468185E0,1.360660914E1
2.883844850E1,-7.585370672E0,-7.059582608E0,-2.730921605E0,1.071603880E1
2.884840350E1,-5.929829208E0,-4.828044795E0,-2.110711242E0,7.932716617E0
2.885835850E1,-4.154981449E0,-3.034013783E0,-1.260314709E0,5.296933419E0
2.886831250E1,-2.660598020E0,-1.575270887E0,-1.405717421E-1,3.095160837E0
2.887826742E1,-1.245291165E0,-8.050528371E-1,4.975930819E-1,1.564116055E0
2.888822242E1,-2.990597731E-1,-4.497859544E-1,5.131610012E-1,7.450358151E-1
2.889817742E1,2.413525786E-1,-3.640745437E-1,3.319090104E-1,5.486027085E-1
2.890813242E1,5.815959727E-1,-2.758868372E-1,4.499417827E-1,7.853757255E-1
2.891808742E1,8.660810309E-1,2.258492893E-1,7.449867296E-1,1.164521138E0
2.892804142E1,1.118513297E0,1.329137607E0,1.022218573E0,2.015591621E0
2.893799642E1,1.085121603E0,2.845369157E0,1.140121683E0,3.251690635E0
2.894795142E1,9.594325597E-1,4.421277975E0,1.016178399E0,4.636898566E0
2.895790642E1,7.637502254E-1,5.850196563E0,8.775675206E-1,5.964749700E0
2.896786142E1,5.660642695E-1,7.126236774E0,6.470235018E-1,7.177904898E0
2.897781642E1,3.525668579E-1,8.178591750E0,4.415981714E-1,8.198089737E0
2.898777042E1,1.761439363E-1,9.019169930E0,2.822590598E-1,9.025304598E0
2.899772542E1,2.619669557E-2,9.651557413E0,1.853075465E-1,9.653371724E0
2.900768042E1,-2.165589407E-2,1.013235700E1,1.095252927E-1,1.013297208E1
2.901763542E1,3.484882057E-2,1.049683734E1,1.465732877E-1,1.049791847E1
2.902759042E1,2.485063729E-1,1.079878054E1,6.747955835E-1,1.082269678E1
2.903754542E1,7.503645600E-1,1.130659017E1,2.083743006E0,1.152145881E1
2.904749942E1,1.103510219E0,1.174464018E1,2.686270512E0,1.209836175E1
2.905745442E1,1.018634229E0,1.178916789E1,2.251686734E0,1.204542189E1
2.906740942E1,7.672986813E-1,1.160964668E1,1.524040507E0,1.173436588E1
2.907736442E1,3.881345936E-1,1.115873864E1,6.776478553E-1,1.118603161E1
2.908731942E1,1.515581486E-1,1.045881290E1,9.597619772E-3,1.045991535E1
2.909727442E1,2.843679312E-1,9.940376537E0,-5.140275586E-1,9.957719375E0
2.910722842E1,4.787090604E-1,9.328598735E0,-8.376849782E-1,9.378359817E0
2.911718342E1,6.049385326E-1,8.816921173E0,-9.909194505E-1,8.893029346E0
2.912713842E1,6.754897211E-1,8.184923115E0,-1.174752402E0,8.296342324E0
2.913709342E1,6.052972593E-1,7.035652878E0,-1.304460018E0,7.181114965E0
2.914704842E1,6.527447831E-1,4.890487795E0,-1.145805176E0,5.065157069E0
2.915700342E1,1.066631976E0,1.672291982E0,-5.118312713E-1,2.048471503E0
2.916695742E1,1.339033434E0,-2.686077554E0,2.401360106E-1,3.010928174E0
2.917691242E1,1.201614511E0,-7.394062055E0,1.516077769E-1,7.492597415E0
2.918686742E1,2.581083963E-1,-1.080605097E1,-1.793006580E0,1.095683486E1
2.919682242E1,-1.218231275E0,-1.228287404E1,-5.906802288E0,1.368369085E1
2.920677742E1,-1.912594565E0,-1.239208599E1,-1.058487653E1,1.640918719E1
2.921673242E1,-2.256037647E0,-1.226913308E1,-1.311690100E1,1.810177959E1
2.922668642E1,-2.605008833E0,-1.263748428E1,-1.163283206E1,1.737281962E1
2.923664142E1,-2.547535673E0,-1.271280343E1,-6.659692699E0,1.457589846E1
2.924659642E1,-1.929063979E0,-1.270034886E1,-2.615583815E0,1.310959297E1
2.925655142E1,-1.315164223E0,-1.334863317E1,-3.615228188E-1,1.341813561E1
2.926650642E1,-8.951972412E-1,-1.410860865E1,1.123189608E0,1.418152922E1
2.927646142E1,-8.491866707E-1,-1.425277760E1,2.144395005E0,1.443818608E1
2.928641542E1,-1.218726388E0,-1.351978585E1,1.954212269E0,1.371454881E1
2.929637042E1,-1.584087611E0,-1.279445161E1,4.023024702E-1,1.289841746E1
2.930632542E1,-2.304323954E0,-1.245891733E1,-1.364966421E0,1.274353417E1
2.931628042E1,-2.892804987E0,-1.122586936E1,-2.653018566E0,1.189230722E1
2.932623542E1,-2.654112873E0,-8.705965578E0,-1.835840358E0,9.284851189E0
2.933618942E1,-1.896508729E0,-6.429859117E0,-7.609616151E-1,6.746769316E0
2.934614442E1,-1.171706003E0,-4.389862055E0,-4.412753320E-1,4.564921438E0
2.935609942E1,-6.323791502E-1,-2.390078634E0,-3.614780876E-1,2.498608748E0
2.936605442E1,-2.644679377E-1,-9.922988087E-1,-2.186104363E-1,1.049947970E0
2.937600942E1,6.258622091E-2,-4.502005219E-2,9.074440151E-2,1.190730303E-1
2.938596442E1,2.884955904E-1,8.753088874E-1,4.099845421E-1,1.008703464E0
2.939591842E1,3.734800825E-1,2.056297345E0,6.178246996E-1,2.179347036E0
2.940587342E1,3.385980789E-1,3.486320472E0,5.877610941E-1,3.551695679E0
2.941582842E1,3.008203150E-1,5.051232432E0,3.793569727E-1,5.074382096E0
2.942578342E1,1.868566201E-1,6.538947111E0,1.731900691E-1,6.543908581E0
2.943573842E1,1.079505645E-2,7.903458034E0,-5.865919434E-2,7.903683086E0
2.944569342E1,-2.018823563E-1,9.016545700E0,-2.185232397E-1,9.021452502E0
2.945564742E1,-4.700749887E-1,9.793718428E0,-1.949064453E-1,9.806930186E0
2.946560242E1,-7.400923178E-1,1.019758152E1,-2.711330326E-1,1.022799680E1
2.947555742E1,-9.440623493E-1,1.038999234E1,-4.924285287E-1,1.044440905E1
2.948551242E1,-9.903961247E-1,1.040658206E1,-7.378648210E-1,1.047961255E1
2.949546742E1,-9.393347293E-1,1.040506997E1,-9.878625262E-1,1.049398414E1
2.950542242E1,-7.566285360E-1,1.059751821E1,-1.029967084E0,1.067430143E1
2.951537642E1,-5.020738032E-1,1.097609618E1,-1.047183114E0,1.103736191E1
2.952533142E1,-5.011856112E-1,1.103559745E1,-1.262600386E0,1.111889193E1
2.953528642E1,-5.699588075E-1,1.094692326E1,-1.311130521E0,1.103988429E1
2.954524142E1,-5.070877907E-1,1.025649339E1,-1.329625264E0,1.035474278E1
2.955519642E1,-1.933791161E-1,9.357510878E0,-1.490337302E0,9.477421094E0
2.956515142E1,7.867604077E-1,9.106217430E0,-1.417360396E0,9.249383672E0
2.957510542E1,1.596792295E0,6.995743877E0,-1.190288454E0,7.273717388E0
2.958506042E1,3.381714368E0,-4.312496960E0,-5.971289183E-1,5.512729365E0
2.959501542E1,5.400980127E0,-1.651556703E1,8.783259045E-1,1.739844812E1
2.960497042E1,4.130417588E0,-2.418372843E1,4.892884277E-1,2.453879527E1
2.961492542E1,6.357861035E-1,-1.848699438E1,-1.007000536E0,1.852531336E1
2.962487942E1,-5.529250643E-1,-7.566748459E0,-1.080108785E0,7.663422431E0
2.963483442E1,-7.243282244E-1,-1.048325075E0,-7.798150849E-1,1.493903747E0
2.964478942E1,-8.936377157E-1,2.566932349E0,-4.003706232E-1,2.747367229E0
2.965474442E1,-1.049739955E0,5.081982354E0,4.859745182E-2,5.189495190E0
2.966469942E1,-1.210962455E0,6.588081849E0,3.530408478E-1,6.707748531E0
2.967465442E1,-1.333104212E0,7.472977247E0,6.503239627E-1,7.618758234E0
2.968460842E1,-1.577975955E0,8.310020785E0,1.309824253E0,8.559327844E0
2.969456342E1,-3.016168081E0,9.119108786E0,3.972140770E0,1.039390770E1
2.970451842E1,-4.274536836E0,9.990675455E0,5.480578859E0,1.217053844E1
2.971447342E1,-4.112340044E0,9.978986871E0,5.612325983E0,1.216510265E1
2.972442842E1,-3.534612041E0,9.711810046E0,5.507957277E0,1.171111993E1
2.973438342E1,-3.010106857E0,9.814822783E0,5.007979993E0,1.142240575E1
2.974433742E1,-2.149705884E0,9.938050514E0,4.026632726E0,1.093617184E1
2.975429242E1,-9.603416555E-1,9.829249034E0,2.347622001E0,1.015124237E1
2.976424742E1,4.168333858E-4,8.961597660E0,-7.149361342E-2,8.961882845E0
2.977420242E1,2.705171929E-1,7.280085204E0,-2.360279761E0,7.657920127E0
2.978415742E1,4.696168959E-1,4.910327983E0,-3.475985226E0,6.034429071E0
2.979411142E1,7.505771794E-1,1.276744215E0,-3.682276163E0,3.968954477E0
2.980406642E1,1.261117532E0,-4.699235312E0,-4.242340020E0,6.455283014E0
2.981402142E1,2.116332755E0,-1.446154776E1,-4.342749577E0,1.524712110E1
2.982397642E1,3.197141744E0,-2.476186369E1,-3.058015434E0,2.515398710E1
2.983393142E1,4.755300462E0,-2.807692623E1,-1.715425430E0,2.852839556E1
2.984388642E1,6.251345962E0,-2.309255379E1,-1.379361681E0,2.396347232E1
2.985384042E1,5.154211255E0,-1.579601452E1,-1.710498566E0,1.670346592E1
2.986379542E1,3.076791135E0,-1.181557509E1,-1.718133568E0,1.232990030E1
2.987374987E1,1.998138015E0,-9.583093534E0,-1.832400441E0,9.959213251E0
2.988370487E1,1.503233629E0,-8.521755481E0,-2.350455270E0,8.966864992E0
2.989365988E1,1.137262541E0,-9.000513219E0,-2.843180544E0,9.507169921E0
2.990361488E1,6.801009084E-1,-1.030359622E1,-3.049497502E0,1.076689683E1
2.991356887E1,-4.027330080E-2,-1.095975906E1,-2.750368567E0,1.129966672E1
2.992352387E1,-7.622723416E-1,-1.050911181E1,-2.114252900E0,1.074674628E1
2.993347887E1,-1.285375437E0,-9.259387583E0,-1.567396442E0,9.478669739E0
2.994343387E1,-1.590941133E0,-7.710637327E0,-1.170245076E0,7.959553707E0
2.995338888E1,-1.699488844E0,-6.118379109E0,-8.741005602E-1,6.409904605E0
2.996334288E1,-1.666928770E0,-4.544244921E0,-6.240467218E-1,4.880394219E0
2.997329787E1,-1.572631308E0,-2.936982163E0,-3.621709827E-1,3.351149247E0
2.998325287E1,-1.473637216E0,-1.340242639E0,-5.762284845E-2,1.992781314E0
2.999320787E1,-1.401047249E0,1.799159020E-1,2.698668364E-1,1.438099870E0
3.000316288E1,-1.380962502E0,1.636686532E0,6.462214100E-1,2.236828636E0
3.001311788E1,-1.397061203E0,3.068714669E0,1.017371962E0,3.521907925E0
3.002307188E1,-1.389255901E0,4.499904315E0,1.304197185E0,4.886727033E0
3.003302687E1,-1.358541061E0,5.893260137E0,1.435376691E0,6.215822963E0
3.004298187E1,-1.304607221E0,7.192641263E0,1.383546094E0,7.439777425E0
3.005293687E1,-1.211095333E0,8.302204227E0,1.271692367E0,8.485902923E0
3.006289188E1,-1.105800793E0,9.188863145E0,1.123817599E0,9.323141492E0
3.007284688E1,-9.438778697E-1,9.801883480E0,9.732501881E-1,9.895202935E0
3.008280087E1,-7.758360547E-1,1.008693817E1,8.457341091E-1,1.015201996E1
3.009275587E1,-6.899327092E-1,1.021211302E1,6.760200635E-1,1.025769285E1
3.010271087E1,-6.503874781E-1,1.024299801E1,5.223971900E-1,1.027691155E1
3.011266587E1,-6.413199815E-1,1.024606429E1,5.117085894E-1,1.027886037E1
3.012262088E1,-6.431576152E-1,1.030909377E1,4.829063380E-1,1.034041898E1
3.013257488E1,-6.287874980E-1,1.037195485E1,3.533975279E-1,1.039700490E1
3.014252987E1,-5.868700150E-1,1.046014255E1,3.392472661E-1,1.048208411E1
3.015248487E1,-5.258971140E-1,1.059017527E1,6.038764590E-1,1.062040710E1
3.016243987E1,-2.085103397E-1,1.056964921E1,1.063924862E0,1.062510692E1
3.017239488E1,1.099264574E-1,9.679383143E0,1.190712377E0,9.752965591E0
3.018234988E1,-6.420389424E-2,9.001033621E0,1.066604640E0,9.064235977E0
3.019230388E1,-2.975480486E-1,8.553416399E0,7.697146046E-1,8.593132579E0
3.020225887E1,-8.212669469E-1,7.658073197E0,-3.637821829E-1,7.710570794E0
3.021221387E1,-1.434725750E0,5.372644520E0,-1.962754759E0,5.897130943E0
3.022216887E1,-2.027390611E0,8.324903119E-1,-3.720281603E0,4.317852246E0
3.023212388E1,-2.225876539E0,-2.480150898E0,-4.228590585E0,5.383925444E0
3.024207888E1,-2.056877243E0,-2.446573847E0,-3.687448318E0,4.879932651E0
3.025203287E1,-1.251888433E0,5.239982307E-2,-3.587169739E0,3.799704874E0
3.026198787E1,-3.756198345E-1,3.190988134E0,-4.167167923E0,5.262013306E0
3.027194287E1,2.078852358E-1,5.026194069E0,-4.295338013E0,6.614814566E0
3.028189788E1,8.197309564E-1,5.673583753E0,-3.726013044E0,6.837008458E0
3.029185288E1,1.462638018E0,4.854893455E0,-2.430975230E0,5.623072203E0
3.030180688E1,2.121006142E0,1.733549752E0,-2.147056949E0,3.480476310E0
3.031176187E1,2.811591839E0,-3.987163728E0,-3.102312478E0,5.781597182E0
3.032171687E1,3.041026056E0,-1.258769641E1,-3.437469616E0,1.339828861E1
3.033167187E1,2.325566596E0,-2.139296934E1,-2.261800663E0,2.163754005E1
3.034162688E1,1.122647425E0,-2.528109644E1,-4.914307013E-1,2.531078186E1
3.035158188E1,5.112622276E-1,-2.155449049E1,-2.950648275E-1,2.156257203E1
3.036153587E1,1.768120172E-1,-1.637634366E1,-1.730830212E0,1.646850531E1
3.037149087E1,-6.300947893E-1,-1.429459923E1,-3.441179382E0,1.471646364E1
3.038144587E1,-1.527744572E0,-1.287967361E1,-4.872741788E0,1.385509323E1
3.039140087E1,-2.409372107E0,-1.121237047E1,-4.761368410E0,1.241744558E1
3.040135588E1,-3.256560272E0,-9.830602080E0,-3.216370313E0,1.084393656E1
3.041130988E1,-3.721661839E0,-8.931309083E0,-1.760564766E0,9.834563390E0
3.042126487E1,-3.491254937E0,-7.994778094E0,-7.834771961E-1,8.758948243E0
3.043121987E1,-2.614393322E0,-6.834913872E0,-7.412798873E-1,7.355310731E0
3.044117487E1,-1.504287589E0,-5.879295232E0,-1.050186536E0,6.158886696E0
3.045112988E1,-3.597508566E-1,-5.055113229E0,-1.292341956E0,5.230080130E0
3.046108488E1,5.567848845E-1,-4.204618755E0,-1.138995802E0,4.391598766E0
3.047103888E1,1.134196115E0,-3.296566629E0,-5.670351997E-1,3.532036422E0
3.048099387E1,1.471996049E0,-2.314508049E0,1.603721684E-1,2.747624267E0
3.049094887E1,1.651312026E0,-1.108644952E0,7.285221398E-1,2.118175995E0
3.050090387E1,1.585318596E0,3.255887550E-1,1.118597205E0,1.967359346E0
3.051085888E1,1.355833508E0,1.823240193E0,1.327684866E0,2.631584391E0
3.052081288E1,1.037450496E0,3.294276275E0,1.508053927E0,3.768658429E0
3.053076787E1,7.186044580E-1,4.700756173E0,1.884861660E0,5.115291237E0
3.054072287E1,4.396697596E-1,6.063070881E0,2.217389160E0,6.470776823E0
3.055067787E1,9.073621541E-2,7.299847038E0,2.121639980E0,7.602457238E0
3.056063288E1,-2.115125012E-1,8.406823195E0,1.803840155E0,8.600770493E0
3.057058788E1,-4.816252861E-1,9.313850888E0,1.512765906E0,9.448187232E0
3.058054188E1,-7.003820490E-1,9.849460520E0,1.151386782E0,9.941232271E0
3.059049687E1,-8.665568481E-1,1.003159076E1,7.640392971E-1,1.009789533E1
3.060045187E1,-9.898893173E-1,9.929519427E0,5.222043780E-1,9.992393823E0
3.061040687E1,-1.073555153E0,9.852920902E0,3.985603253E-1,9.919244996E0
3.062036188E1,-1.144790173E0,9.846273787E0,3.962097446E-1,9.920515823E0
3.063031588E1,-1.195000798E0,9.879140986E0,3.885124334E-1,9.958734631E0
3.064027088E1,-1.235776868E0,9.949544971E0,3.328761399E-1,1.003152013E1
3.065022587E1,-1.304363246E0,9.997940036E0,2.824638037E-1,1.008662254E1
3.066018087E1,-1.370335334E0,9.927544237E0,7.336853226E-2,1.002194275E1
3.067013587E1,-1.439701438E0,9.611638471E0,-1.942374873E-1,9.720805653E0
3.068009088E1,-1.400051761E0,9.404373972E0,-3.705403948E-1,9.515234886E0
3.069004488E1,-1.532691024E0,8.994675944E0,-5.668834645E-1,9.141919600E0
3.069999987E1,-8.118290292E-1,5.292954572E0,-5.412726599E-1,5.382138104E0
3.070995487E1,3.726822299E-1,-2.484101862E0,-1.448842975E0,2.899793108E0
3.071990987E1,1.381361575E0,-9.675880076E0,-3.172410361E0,1.027594290E1
3.072986488E1,1.588938023E0,-1.285185841E1,-3.061426699E0,1.330666457E1
3.073981888E1,1.123300559E-1,-6.746538470E0,-2.833852701E-1,6.753421842E0
3.074977388E1,-3.880074167E-1,1.201595215E0,1.715829619E-1,1.274292560E0
3.075972887E1,-5.014052107E-1,5.552576795E0,-5.510215764E-1,5.602333534E0
3.076968387E1,-8.987466473E-1,7.795289222E0,-6.511247389E-1,7.873896305E0
3.077963887E1,-1.037410735E0,9.128533913E0,-3.211103725E-1,9.192902931E0
3.078959388E1,-1.004935592E0,1.000276516E1,-4.980731383E-1,1.006544998E1
3.079954788E1,-8.005350590E-1,1.021543073E1,-4.742223457E-1,1.025771750E1
3.080950287E1,-4.680061707E-1,9.962388965E0,-2.787730229E-1,9.977271073E0
3.081945787E1,-2.689920564E-1,8.923408910E0,-5.733393753E-1,8.945853863E0
3.082941287E1,3.672632131E-1,7.292028142E0,-1.280321250E0,7.412676925E0
3.083936787E1,9.445512497E-1,3.314464372E0,-2.220191292E0,4.099646388E0
3.084932188E1,1.506314234E0,-3.587541622E0,-3.925077993E0,5.526814156E0
3.085927688E1,2.709631601E0,-1.268256631E1,-6.268398782E0,1.440424989E1
3.086923187E1,3.852722792E0,-2.395334111E1,-5.913810761E0,2.497156746E1
3.087918725E1,4.400953346E0,-3.202002885E1,-2.053368182E0,3.238621557E1
3.088914225E1,4.215613275E0,-3.195461020E1,1.963377195E0,3.229122727E1
3.089909725E1,2.705472184E0,-2.472396204E1,4.389871995E0,2.525598651E1
3.090905125E1,1.284626701E-1,-1.572913173E1,4.354882257E0,1.632136903E1
3.091900625E1,-1.674538629E0,-9.805214639E0,2.014309074E0,1.014907655E1
3.092896125E1,-2.604769974E0,-7.447799136E0,-2.418907161E0,8.252614764E0
3.093891625E1,-4.658325852E0,-7.176467865E0,-6.664373980E0,1.084507129E1
3.094887125E1,-7.205078875E0,-6.890209236E0,-8.518995010E0,1.311340615E1
3.095882525E1,-6.999429377E0,-5.608134699E0,-5.026379426E0,1.028142386E1
3.096878025E1,-5.237736976E0,-4.499858122E0,-1.906110442E0,7.163509528E0
3.097873525E1,-3.737705721E0,-4.026784462E0,-6.403668854E-1,5.531320539E0
3.098869025E1,-2.277970992E0,-3.478635476E0,2.691356421E-1,4.166832203E0
3.099864525E1,-1.014511285E0,-2.952483716E0,1.239054525E0,3.358816660E0
3.100860025E1,-1.528910306E-1,-2.480834438E0,1.991338288E0,3.184861590E0
3.101855425E1,4.621161607E-1,-1.558908039E0,2.001196108E0,2.578474643E0
3.102850925E1,9.051739798E-1,-2.383295864E-1,1.576410509E0,1.833360581E0
3.103846425E1,1.184445186E0,1.302463778E0,9.199515018E-1,1.986361764E0
3.104841925E1,1.237785387E0,2.907704569E0,2.764703894E-1,3.172269598E0
3.105837425E1,1.222883831E0,4.522364055E0,-2.803282361E-1,4.693165822E0
3.106832825E1,1.082372242E0,6.010878634E0,-5.759869945E-1,6.134651794E0
3.107828325E1,8.077005295E-1,7.258954536E0,-5.666897754E-1,7.325703952E0
3.108823825E1,5.375282492E-1,8.324980302E0,-4.560220098E-1,8.354770477E0
3.109819325E1,2.445767516E-1,9.205010816E0,-3.545810775E-1,9.215083811E0
3.110814825E1,-7.637896210E-2,9.807629539E0,-1.514861548E-1,9.809096746E0
3.111810325E1,-3.345376993E-1,1.013883104E1,-7.051628787E-2,1.014459377E1
3.112805725E1,-5.277509006E-1,1.024627012E1,-1.065982314E-1,1.026040620E1
3.113801225E1,-6.273029631E-1,1.023664209E1,-2.388850719E-1,1.025862644E1
3.114796725E1,-6.488024441E-1,1.022423079E1,-4.946358160E-1,1.025672972E1
3.115792225E1,-5.822148639E-1,1.010428802E1,-7.914626654E-1,1.015194680E1
3.116787725E1,-5.449854226E-1,9.648267184E0,-1.042788858E0,9.719746775E0
3.117783125E1,-5.768574987E-1,9.049699997E0,-1.137787401E0,9.139168167E0
3.118778625E1,-5.253636286E-1,8.075938616E0,-1.210849092E0,8.183089087E0
3.119774125E1,-2.374022180E-1,6.257776145E0,-1.371250423E0,6.410651279E0
3.120769625E1,9.232015304E-2,3.539271687E0,-1.604585318E0,3.887114756E0
3.121765125E1,3.161580732E-1,-3.068542761E-1,-1.777314407E0,1.831109493E0
3.122760525E1,3.559708875E-1,-4.855220314E0,-2.368179642E0,5.413700619E0
3.123756025E1,-8.415743999E-2,-7.229338388E0,-2.532272978E0,7.660471425E0
3.124751525E1,-1.052265952E0,-5.135853336E0,-1.896430376E0,5.575006843E0
3.125747025E1,-1.251536430E0,-2.074942946E-2,-1.315144050E0,1.815592974E0
3.126742525E1,-1.098231134E0,3.592693019E0,-1.148847994E0,3.928537446E0
3.127738025E1,-1.067030976E0,5.814409264E0,-1.067771891E0,6.007166304E0
3.128733425E1,-1.017707665E0,7.281186819E0,-1.171924689E0,7.444784608E0
3.129728925E1,-8.104564684E-1,8.543551562E0,-1.159638373E0,8.659900354E0
3.130724425E1,-5.712636502E-1,9.618262782E0,-1.027132865E0,9.689805108E0
3.131719925E1,-3.302612650E-1,1.061726659E1,8.771086603E-2,1.062276403E1
3.132715425E1,9.786806434E-2,1.101645951E1,1.104569150E0,1.107212858E1
3.133710825E1,5.123740391E-1,1.021951793E1,1.754655862E0,1.038170945E1
3.134706325E1,9.088900316E-1,8.499482852E0,1.459936605E0,8.671718672E0
3.135701825E1,1.589847557E0,6.167685755E0,1.221416984E0,6.485354445E0
3.136697325E1,2.480031030E0,3.410966234E0,8.881043494E-1,4.309753345E0
3.137692825E1,3.547082398E0,-2.777199394E-1,-1.918354511E-1,3.563105772E0
3.138688225E1,4.799856538E0,-5.883209358E0,-3.053108450E0,8.183657272E0
3.139683725E1,5.533364598E0,-1.546489371E1,-5.449340694E0,1.730538573E1
3.140679225E1,4.855776092E0,-2.710735029E1,-3.904484392E0,2.781424095E1
3.141674725E1,3.413781376E0,-3.248418551E1,3.533565974E-1,3.266498235E1
3.142670225E1,1.992335238E0,-2.862751409E1,2.291512120E0,2.878810502E1
3.143665725E1,2.668443741E-1,-2.028113298E1,1.507287942E0,2.033881702E1
3.144661125E1,-1.274993267E0,-1.343696472E1,-1.028738657E0,1.353646674E1
3.145656625E1,-2.446354284E0,-9.982613314E0,-3.872793944E0,1.098343074E1
3.146652125E1,-4.541318974E0,-9.112226613E0,-5.787752978E0,1.171129098E1
3.147647625E1,-6.775968676E0,-9.124317486E0,-6.210366921E0,1.295127709E1
3.148643125E1,-7.542952046E0,-8.576915190E0,-5.073981024E0,1.249819520E1
3.149638525E1,-6.380464178E0,-7.606401937E0,-3.507294434E0,1.052942486E1
3.150634025E1,-4.596328409E0,-7.162980092E0,-2.337652498E0,8.826048824E0
3.151629525E1,-2.713367679E0,-6.322276196E0,-1.219003253E0,6.987095920E0
3.152625025E1,-1.246941250E0,-5.373466054E0,-3.457458615E-1,5.527073377E0
3.153620525E1,-3.652665352E-1,-4.410370579E0,-4.243353635E-2,4.425673835E0
3.154615925E1,2.943213358E-1,-3.265517914E0,-2.925449699E-2,3.278885195E0
3.155611425E1,7.723917523E-1,-1.754770467E0,-7.873831362E-2,1.918855944E0
3.156606925E1,9.602907117E-1,-1.224798721E-1,-1.087491480E-1,9.741590975E-1
3.157602425E1,8.669628641E-1,1.533735191E0,-1.025484681E-2,1.761838076E0
3.158597925E1,6.123975698E-1,3.032432111E0,1.582281406E-1,3.097694536E0
3.159593425E1,3.573729037E-1,4.418615153E0,3.026824339E-1,4.443364932E0
3.160588825E1,1.247464722E-1,5.774737660E0,4.259661520E-1,5.791770359E0
3.161584325E1,-1.004853877E-1,7.088393594E0,4.952075641E-1,7.106381047E0
3.162579825E1,-3.098409607E-1,8.323631934E0,5.082760911E-1,8.344890327E0
3.163575325E1,-5.062960046E-1,9.400935810E0,4.989440080E-1,9.427771469E0
3.164570825E1,-6.851269557E-1,1.007342408E1,4.284711722E-1,1.010578345E1
3.165566225E1,-8.075330067E-1,1.022756838E1,2.341026342E-1,1.026206941E1
3.166561725E1,-8.850857243E-1,1.020562729E1,-8.134609871E-3,1.024393827E1
3.167557225E1,-9.288171963E-1,1.015778654E1,-2.475699230E-1,1.020316714E1
3.168552725E1,-9.577876648E-1,1.012563855E1,-5.040779364E-1,1.018332008E1
3.169548225E1,-9.854009946E-1,1.010172110E1,-7.423607451E-1,1.017678160E1
3.170543625E1,-1.043909842E0,1.009773447E1,-7.565016514E-1,1.017969960E1
3.171539125E1,-1.066807247E0,1.003610598E1,-8.064397967E-1,1.012481339E1
3.172534625E1,-1.018494773E0,9.724861032E0,-1.181832211E0,9.849212205E0
3.173530125E1,-8.876174225E-1,9.235554916E0,-1.371860288E0,9.378983951E0
3.174525625E1,-5.399384715E-1,8.790824465E0,-1.505990152E0,8.935218781E0
3.175521125E1,-1.303033005E-1,7.100124863E0,-1.546871545E0,7.267844494E0
3.176516525E1,1.817040683E0,1.082081051E0,-1.867797731E0,2.821560668E0
3.177512025E1,3.768348932E0,-5.855857837E0,-2.322193045E0,7.340579352E0
3.178507525E1,3.920032430E0,-1.134113552E1,-2.080442253E0,1.217851588E1
3.179503025E1,1.434235168E0,-9.852934935E0,-1.631386031E0,1.008953803E1
3.180498525E1,-4.055413891E-1,-3.314276676E0,-7.591440082E-1,3.424206964E0
3.181493925E1,-7.959737192E-1,2.087898622E0,-2.388915038E-1,2.247212489E0
3.182489425E1,-1.051828069E0,5.190337692E0,3.907460332E-2,5.295986638E0
3.183484925E1,-1.195831103E0,7.321495185E0,2.270253105E-1,7.421983849E0
3.184480425E1,-1.249947303E0,8.968520179E0,5.772128633E-1,9.073582377E0
3.185475925E1,-1.379481256E0,9.942453468E0,6.618331835E-1,1.005949167E1
3.186471325E1,-1.616263085E0,1.024846048E1,1.199331758E0,1.044421588E1
3.187466825E1,-2.867502623E0,1.035305548E1,2.619175759E0,1.105750472E1
3.188462392E1,-3.355109245E0,9.885840726E0,2.250785386E0,1.067954305E1
3.189457892E1,-3.080857874E0,8.750485693E0,2.099992126E0,9.511711309E0
3.190453392E1,-1.993607300E0,7.346769190E0,2.206360580E0,7.925750097E0
3.191448892E1,-4.172841331E-1,6.423165225E0,1.592122563E0,6.630688637E0
3.192444292E1,2.517092583E-1,5.428145707E0,3.611328095E-1,5.445965504E0
3.193439792E1,6.234444585E-1,2.864465579E0,-7.533885938E-1,3.026787145E0
3.194435292E1,1.408985722E0,-1.417283213E0,-2.392012893E0,3.116995051E0
3.195430792E1,2.611915856E0,-7.775540251E0,-4.013432345E0,9.131745169E0
3.196426292E1,3.818951613E0,-1.642612802E1,-4.410476414E0,1.743141920E1
3.197421692E1,4.394373474E0,-2.513580015E1,-3.372007406E0,2.573886946E1
3.198417192E1,3.566196361E0,-2.955842357E1,-1.432917498E0,2.980723759E1
3.199412692E1,1.638539515E0,-2.615722452E1,-6.320576996E-2,2.620857114E1
3.200408192E1,3.465761662E-2,-1.689872221E1,-4.539953649E-1,1.690485508E1
3.201403692E1,-9.910017501E-1,-1.050782894E1,-2.097143070E0,1.076078819E1
3.202399092E1,-2.071891577E0,-7.960875353E0,-3.578719343E0,8.970813967E0
3.203394592E1,-3.331954563E0,-7.180507121E0,-4.661189526E0,9.186310006E0
3.204390092E1,-4.476444701E0,-7.823893801E0,-5.342374070E0,1.047820748E1
3.205385592E1,-4.888606161E0,-9.165098307E0,-5.103377316E0,1.157332956E1
3.206381092E1,-4.441894088E0,-1.009938806E1,-3.895702751E0,1.170062230E1
3.207376492E1,-3.219101255E0,-9.849613717E0,-2.667599183E0,1.070016769E1
3.208371992E1,-1.863646207E0,-8.725012883E0,-1.863901731E0,9.114447688E0
3.209367492E1,-8.227780136E-1,-7.546888976E0,-1.495998723E0,7.737603573E0
3.210362992E1,1.051475555E-2,-6.300888251E0,-1.456730576E0,6.467098831E0
3.211358492E1,6.253115476E-1,-4.894678495E0,-1.505663878E0,5.159061524E0
3.212353992E1,1.002024482E0,-3.443159834E0,-1.500458686E0,3.887258543E0
3.213349392E1,1.126018930E0,-1.987684947E0,-1.422405228E0,2.691105110E0
3.214344892E1,1.068759778E0,-5.624571222E-1,-1.211372637E0,1.710563984E0
3.215340392E1,9.358233301E-1,7.958861572E-1,-9.250552440E-1,1.537832008E0
3.216335892E1,7.423592102E-1,2.155711121E0,-6.195579605E-1,2.362634060E0
3.217331392E1,5.116312965E-1,3.543343104E0,-2.906801467E-1,3.591871640E0
3.218326792E1,2.655588820E-1,4.950388427E0,1.522614956E-3,4.957506371E0
3.219322292E1,3.634106655E-2,6.404896769E0,2.304987028E-1,6.409146039E0
3.220317792E1,-1.767176943E-1,7.849810415E0,4.480160022E-1,7.864570620E0
3.221313292E1,-3.912766315E-1,9.145718880E0,6.232665570E-1,9.175278330E0
3.222308792E1,-5.683515907E-1,9.946786255E0,7.055320573E-1,9.987960543E0
3.223304192E1,-6.946662495E-1,1.021619438E1,7.506714658E-1,1.026726334E1
3.224299692E1,-8.047484165E-1,1.018920129E1,6.667206518E-1,1.024265392E1
3.225295192E1,-9.032604054E-1,1.011359095E1,5.024489387E-1,1.016627051E1
3.226290692E1,-9.715539108E-1,1.007611731E1,3.689745470E-1,1.012957054E1
3.227286192E1,-1.036198827E0,1.010393018E1,4.108616245E-1,1.016523095E1
3.228281592E1,-1.139175896E0,1.021183469E1,4.044589233E-1,1.028313554E1
3.229277092E1,-1.246906751E0,1.031075321E1,2.953183043E-1,1.039007320E1
3.230272592E1,-1.383778375E0,1.039595884E1,1.907513773E-1,1.048938458E1
3.231268092E1,-1.529861118E0,1.026364336E1,8.421159983E-2,1.037737644E1
3.232263592E1,-1.596949147E0,9.806229131E0,2.813621700E-2,9.935450065E0
3.233258992E1,-1.654216046E0,9.227016812E0,3.690764347E-2,9.374200347E0
3.234254492E1,-1.863436439E0,8.473068640E0,-9.662874699E-2,8.676095011E0
3.235249992E1,-2.309915062E0,7.487977109E0,-6.460986185E-1,7.862757290E0
3.236245492E1,-2.700073450E0,6.459361829E0,-1.096849875E0,7.086383529E0
3.237240992E1,-3.016261344E0,5.034291294E0,-1.317175373E0,6.014721297E0
3.238236392E1,-3.245544703E0,1.968256989E0,-1.258083265E0,3.998796005E0
3.239231892E1,-3.432337807E0,5.326696515E-2,-1.858598306E0,3.903609593E0
3.240227392E1,-3.755699943E0,2.101021528E-2,-3.310623336E0,5.006590692E0
3.241222892E1,-3.417637030E0,1.532609017E0,-4.559568719E0,5.900745730E0
3.242218392E1,-2.539904764E0,3.206803098E0,-4.445207413E0,6.041073685E0
3.243213892E1,-1.594109593E0,4.174849995E0,-3.120562222E0,5.450547354E0
3.244209292E1,-5.982839992E-1,4.364086944E0,-1.864028323E0,4.783074345E0
3.245204792E1,3.005084391E-1,3.525678665E0,-1.001114948E0,3.677355913E0
3.246200292E1,8.458079302E-1,9.556373513E-1,-7.375607657E-1,1.473984289E0
3.247195792E1,1.496632415E0,-3.254570757E0,-9.930759037E-1,3.717302671E0
3.248191292E1,2.702718438E0,-8.980710454E0,-1.132042000E0,9.446659002E0
3.249186692E1,4.129211308E0,-1.572658000E1,-6.373383200E-1,1.627212047E1
3.250182192E1,5.547507259E0,-2.100383714E1,6.586099058E-1,2.173406953E1
3.251177692E1,6.603704440E0,-2.200091137E1,1.414287685E0,2.301410922E1
3.252173192E1,6.546515747E0,-1.825405066E1,1.439177527E0,1.944578273E1
3.253168692E1,5.048687139E0,-1.478293997E1,9.167434269E-1,1.564816201E1
3.254164092E1,4.014952621E0,-1.416810524E1,-5.633839059E-1,1.473677211E1
3.255159592E1,3.412417221E0,-1.402790889E1,-2.122681954E0,1.459221018E1
3.256155092E1,2.612226051E0,-1.318603965E1,-3.220699591E0,1.382274475E1
3.257150592E1,1.505066731E0,-1.196255187E1,-3.602348526E0,1.258351255E1
3.258146092E1,2.610519760E-1,-1.056042230E1,-3.583127559E0,1.115479585E1
3.259141492E1,-8.693829536E-1,-9.080306078E0,-3.523498238E0,9.778692399E0
3.260136992E1,-1.684798884E0,-7.660171763E0,-3.482953353E0,8.581826307E0
3.261132492E1,-2.138574686E0,-6.402380127E0,-3.488390386E0,7.598212979E0
3.262127992E1,-2.216185072E0,-5.142770008E0,-3.480734334E0,6.593562856E0
3.263123492E1,-1.803306158E0,-3.575502205E0,-3.322568905E0,5.203421302E0
3.264118892E1,-1.193307226E0,-1.804893969E0,-2.964468169E0,3.670108432E0
3.265114392E1,-7.181697176E-1,-5.793011963E-2,-2.526574867E0,2.627299792E0
3.266109892E1,-4.637509326E-1,1.516014619E0,-2.034925480E0,2.579590464E0
3.267105392E1,-4.123758341E-1,2.813320568E0,-1.489376897E0,3.209839558E0
3.268100892E1,-4.908735348E-1,4.163782386E0,-1.025746636E0,4.316271162E0
3.269096292E1,-6.436029538E-1,5.619190030E0,-7.133766818E-1,5.700739219E0
3.270091792E1,-8.457680230E-1,7.156493191E0,-4.479597227E-1,7.220206802E0
3.271087292E1,-1.079412162E0,8.541559415E0,-2.927455294E-1,8.614468516E0
3.272082792E1,-1.306351446E0,9.675080761E0,-2.836005572E-1,9.766993965E0
3.273078292E1,-1.444144299E0,1.054577269E1,-4.177777842E-1,1.065238999E1
3.274073692E1,-1.525461965E0,1.097950160E1,-7.065868950E-1,1.110746392E1
3.275069192E1,-1.522347446E0,1.100912711E1,-1.058103958E0,1.116413926E1
3.276064692E1,-1.435892269E0,1.091182242E1,-1.270467814E0,1.107897755E1
3.277060192E1,-1.302616391E0,1.073555109E1,-1.200048627E0,1.088067017E1
3.278055692E1,-1.208802712E0,1.053024014E1,-1.020162545E0,1.064837514E1
3.279051092E1,-1.128566781E0,1.033890755E1,-8.638243711E-1,1.043613266E1
3.280046592E1,-1.078553572E0,1.009825253E1,-7.054162824E-1,1.018015688E1
3.281042092E1,-9.704704218E-1,9.612666997E0,-5.640376246E-1,9.677981095E0
3.282037592E1,-7.198311308E-1,9.121190395E0,-5.897197652E-1,9.168535351E0
3.283033092E1,-5.683786340E-1,8.841194134E0,-5.732306170E-1,8.877970564E0
3.284028592E1,-5.200662705E-1,8.494498685E0,-4.752453160E-1,8.523663235E0
3.285023992E1,-6.397285156E-1,6.885157242E0,-4.604249632E-1,6.930125105E0
3.286019492E1,-1.207763004E0,1.191153842E0,-4.299083813E-1,1.749960047E0
3.287014992E1,-1.362032726E0,-3.874287323E0,-1.117565537E0,4.256076614E0
3.288010375E1,-8.764479250E-1,-9.340703641E0,-1.632587049E0,9.522722612E0
3.289005875E1,-9.648665965E-2,-1.038023801E1,-1.727626669E0,1.052346639E1
3.290001275E1,-3.850195260E-1,-6.170615210E0,-2.858257005E0,6.811340926E0
3.290996775E1,-1.514428415E0,-3.754888934E-1,-3.526240582E0,3.856015817E0
3.291992275E1,-2.005656365E0,3.840234894E0,-3.371935193E0,5.489991661E0
3.292987775E1,-2.153770430E0,6.772263880E0,-2.682015786E0,7.595754985E0
3.293983275E1,-2.060714186E0,8.813118728E0,-1.660242040E0,9.201848092E0
3.294978675E1,-1.817528048E0,9.810322766E0,-7.841721377E-1,1.000803512E1
3.295974175E1,-1.515622417E0,9.890191054E0,1.590240929E-1,1.000691156E1
3.296969675E1,-1.039478238E0,9.720552803E0,9.622330105E-1,9.823215063E0
3.297965175E1,-5.910357542E-1,9.376716058E0,1.716272692E0,9.550796786E0
3.298960675E1,-4.593661056E-1,8.382463694E0,2.333115644E0,8.713216594E0
3.299956075E1,-5.454820704E-1,6.268135657E0,1.855383507E0,6.559689266E0
3.300951575E1,-1.123860430E0,2.879606359E0,5.546136671E-1,3.140508139E0
3.301947075E1,-2.298474399E0,-4.740088053E0,-1.930335456E0,5.610491448E0
3.302942575E1,-3.013427491E0,-1.703299065E1,-5.192141558E0,1.805995154E1
3.303938075E1,-1.894741408E0,-2.989570032E1,-6.291063175E0,3.060915580E1
3.304933475E1,2.592146420E0,-3.525924833E1,-4.785043201E0,3.567674949E1
3.305928975E1,7.696677099E0,-3.103659734E1,-2.253800502E0,3.205602642E1
3.306924475E1,7.574550984E0,-2.084624064E1,-6.904418555E-1,2.219045474E1
3.307919975E1,4.326055484E0,-1.229700793E1,-4.472321829E-1,1.304343424E1
3.308915475E1,2.347248364E0,-8.442272524E0,-6.902813494E-1,8.789654635E0
3.309910875E1,1.391919161E0,-6.502577430E0,-1.625831761E0,6.845749126E0
3.310906375E1,9.577855452E-1,-5.557207789E0,-2.506464538E0,6.171083863E0
3.311901875E1,7.320200904E-1,-5.607131317E0,-2.675693776E0,6.255806279E0
3.312897375E1,1.026318202E0,-6.314712238E0,-1.922817983E0,6.680280585E0
3.313892875E1,1.590704613E0,-6.369476091E0,-1.002618560E0,6.641220581E0
3.314888275E1,1.850829549E0,-5.592058364E0,-4.224908593E-1,5.905521594E0
3.315883775E1,1.785620669E0,-3.988888072E0,-1.109512094E-1,4.371724991E0
3.316879275E1,1.462276953E0,-2.077361355E0,2.328244328E-2,2.540516908E0
3.317874775E1,1.073900285E0,-3.220190299E-1,1.646014595E-1,1.133160058E0
3.318870275E1,7.016519912E-1,1.201957743E0,3.476435754E-1,1.434529187E0
3.319865675E1,3.570353001E-1,2.555835503E0,5.666083530E-1,2.642123076E0
3.320861175E1,1.826085448E-2,3.862895193E0,7.135708094E-1,3.928291745E0
3.321856675E1,-2.909443677E-1,5.096092270E0,7.922850032E-1,5.165512615E0
3.322852175E1,-5.857657318E-1,6.353417298E0,8.904482058E-1,6.442199225E0
3.323847675E1,-8.338588527E-1,7.590959440E0,9.540844770E-1,7.695990060E0
3.324843075E1,-1.052094775E0,8.721775280E0,1.015246060E0,8.843471717E0
3.325838575E1,-1.242994379E0,9.609975523E0,1.040816227E0,9.745766414E0
3.326834075E1,-1.425330882E0,1.011761500E1,9.377646057E-1,1.026046314E1
3.327829575E1,-1.546743930E0,1.035696492E1,5.896786885E-1,1.048841552E1
3.328825075E1,-1.693848474E0,1.049596844E1,1.347384135E-1,1.063262106E1
3.329820475E1,-1.877508055E0,1.074380034E1,-4.504425236E-1,1.091591410E1
3.330815975E1,-2.080291687E0,1.095008777E1,-9.987055298E-1,1.119059643E1
3.331811475E1,-2.254766755E0,1.096199504E1,-1.395536249E0,1.127815720E1
3.332806975E1,-2.576488454E0,1.071306971E1,-1.550512168E0,1.112709501E1
3.333802475E1,-3.038461467E0,9.874062095E0,-1.792904838E0,1.048541168E1
3.334797875E1,-3.389296453E0,8.749265964E0,-2.619620440E0,9.741632133E0
3.335793375E1,-3.370061452E0,7.497115138E0,-3.925397251E0,9.108940287E0
3.336788875E1,-3.311238755E0,6.328552013E0,-4.860029064E0,8.639140882E0
3.337784375E1,-3.258845364E0,5.434972331E0,-4.847164021E0,7.978345467E0
3.338779875E1,-3.195997444E0,4.590360156E0,-3.911411880E0,6.825316764E0
3.339775275E1,-3.049547788E0,3.667190055E0,-2.775199353E0,5.518129761E0
3.340770775E1,-2.773046116E0,2.452658460E0,-1.795378064E0,4.114450228E0
3.341766275E1,-2.160157344E0,1.154601143E0,-1.253812898E0,2.751623218E0
3.342761775E1,-1.240410787E0,6.618814230E-2,-9.333606291E-1,1.553757334E0
3.343757275E1,-1.603429323E-1,-8.210806400E-1,-4.557936761E-1,9.526967767E-1
3.344752675E1,9.447499819E-1,-1.964348710E0,1.574734113E-1,2.185409860E0
3.345748175E1,1.991633864E0,-3.704554932E0,7.228038552E-1,4.267643156E0
3.346743675E1,2.910931647E0,-6.465875042E0,1.065113308E0,7.170462292E0
3.347739175E1,3.922902828E0,-1.014694229E1,1.229258685E0,1.094809031E1
3.348734675E1,4.996753923E0,-1.402433390E1,1.161430106E0,1.493313132E1
3.349730075E1,5.458506204E0,-1.680045624E1,4.085069507E-1,1.766967735E1
3.350725575E1,5.512904606E0,-1.742255204E1,-3.742656559E-2,1.827399347E1
3.351721075E1,5.223186765E0,-1.538068211E1,8.261402357E-1,1.626436503E1
3.352716575E1,4.166511281E0,-1.224854854E1,2.346183586E0,1.314881497E1
3.353712075E1,2.796948949E0,-1.041863902E1,2.953463709E0,1.118453889E1
3.354707475E1,1.763090324E0,-9.925900000E0,2.201677253E0,1.031888371E1
3.355702975E1,1.224610148E0,-9.960345948E0,3.477748454E-1,1.004136986E1
3.356698475E1,7.026204363E-1,-9.765959356E0,-1.615157669E0,9.923526184E0
3.357693975E1,9.413147427E-2,-9.144057101E0,-2.663372816E0,9.524505014E0
3.358689475E1,-5.093119984E-1,-8.098641016E0,-2.736472952E0,8.563624772E0
3.359684875E1,-8.303285962E-1,-6.676785865E0,-2.386525866E0,7.138936950E0
3.360680375E1,-8.503963134E-1,-5.207291694E0,-2.121849018E0,5.686941527E0
3.361675875E1,-8.898612184E-1,-3.928666429E0,-1.892146414E0,4.450448399E0
3.362671375E1,-9.127144030E-1,-2.666597555E0,-1.714985135E0,3.299236899E0
3.363666875E1,-8.976744872E-1,-1.265317002E0,-1.794808984E0,2.372379795E0
3.364662275E1,-8.618961786E-1,3.404997396E-1,-2.029833724E0,2.231374026E0
3.365657775E1,-7.525960037E-1,1.885562156E0,-2.487099144E0,3.210515153E0
3.366653275E1,-6.709967206E-1,3.373266311E0,-3.109343462E0,4.636505038E0
3.367648775E1,-7.249399162E-1,4.827440777E0,-3.657099222E0,6.099516134E0
3.368644275E1,-8.560392420E-1,6.213547221E0,-4.190159175E0,7.543103219E0
3.369639675E1,-1.043931258E0,7.431803493E0,-4.735402679E0,8.873868050E0
3.370635175E1,-1.206341546E0,8.478169751E0,-5.010742217E0,9.921802246E0
3.371630675E1,-1.376538937E0,9.135199739E0,-4.964467353E0,1.048773902E1
3.372626175E1,-1.471850745E0,9.638670734E0,-4.768232456E0,1.085386378E1
3.373621675E1,-1.387985008E0,9.946581602E0,-4.477584908E0,1.099589717E1
3.374617075E1,-1.193456110E0,9.843230896E0,-4.111615866E0,1.073400750E1
3.375612575E1,-7.557766698E-1,9.313563205E0,-3.630166070E0,1.002455803E1
3.376608075E1,-6.190819971E-2,8.634900858E0,-2.982669382E0,9.135735443E0
3.377603575E1,5.847461236E-1,7.898210158E0,-2.325755754E0,8.254258995E0
3.378599075E1,1.236627638E0,6.932719663E0,-1.681633494E0,7.240147861E0
3.379594475E1,1.763790090E0,5.637257341E0,-1.167378479E0,6.020996456E0
3.380589975E1,2.014873184E0,4.103177750E0,-9.489510602E-1,4.668649666E0
3.381585475E1,2.030165846E0,2.605791775E0,-9.180701602E-1,3.428494853E0
3.382580975E1,1.867732242E0,1.604388267E0,-8.616451138E-1,2.608623725E0
3.383576475E1,1.584659176E0,1.699703729E0,-7.690456831E-1,2.447768113E0
3.384571875E1,1.222587743E0,3.032206993E0,-6.799996054E-1,3.339371124E0
3.385567375E1,6.872527110E-1,4.586276461E0,-6.347468340E-1,4.680721270E0
3.386562875E1,2.118633342E-1,5.644759904E0,-7.139263932E-1,5.693671165E0
3.387558375E1,-1.730776564E-1,6.215426517E0,-7.096203574E-1,6.258198120E0
3.388553829E1,-5.176656231E-1,6.415657985E0,-5.376549876E-1,6.458925449E0
3.389549329E1,-7.795289368E-1,6.163444769E0,-3.383337848E-1,6.221751083E0
3.390544829E1,-9.525647856E-1,5.744506971E0,-1.472013152E-1,5.824809717E0
3.391540329E1,-1.084166826E0,5.145234609E0,-4.773052901E-2,5.258434662E0
3.392535829E1,-1.228798217E0,4.287151619E0,-5.111343563E-3,4.459780285E0
3.393531229E1,-1.358833715E0,3.041884720E0,-1.110488579E-1,3.333440199E0
3.394526729E1,-1.374811231E0,1.327888641E0,-2.834484565E-1,1.932288072E0
3.395522229E1,-1.264309088E0,-8.879710329E-1,-4.375749215E-1,1.605752732E0
3.396517729E1,-1.107918289E0,-3.710786310E0,-5.406592870E-1,3.910208490E0
3.397513229E1,-9.407415694E-1,-7.175664457E0,-8.553339216E-1,7.287437905E0
3.398508629E1,-7.307896900E-1,-1.122679672E1,-1.323217593E0,1.132810324E1
3.399504129E1,-4.294718501E-1,-1.522679041E1,-1.564524874E0,1.531297915E1
3.400499629E1,-6.561939094E-2,-1.776346342E1,-1.220774375E0,1.780548311E1
3.401495129E1,3.171806051E-1,-1.663324926E1,7.485839367E-2,1.663644158E1
3.402490629E1,3.697825225E-1,-1.264297364E1,2.983486238E0,1.299548813E1
3.403486029E1,5.190464065E-1,-1.016586154E1,5.113585385E0,1.139135223E1
3.404481529E1,9.854592475E-1,-9.390285691E0,4.512283455E0,1.046466900E1
3.405477029E1,1.517613248E0,-9.238241712E0,2.456654447E0,9.679019112E0
3.406472529E1,1.910223373E0,-9.138346125E0,4.281243593E-2,9.335960376E0
3.407468029E1,2.179316477E0,-8.944114485E0,-1.871384705E0,9.394077121E0
3.408463429E1,2.274975024E0,-8.632319312E0,-2.822125890E0,9.362523303E0
3.409458929E1,1.859215918E0,-8.064707869E0,-2.452471349E0,8.631964583E0
3.410454429E1,1.188831767E0,-7.266658827E0,-1.854461693E0,7.593199566E0
3.411449929E1,6.253104512E-1,-6.195788643E0,-1.523187983E0,6.410843291E0
3.412445429E1,4.073069559E-1,-4.968099058E0,-1.358061444E0,5.166453144E0
3.413440829E1,3.655666070E-1,-3.695691723E0,-1.405346122E0,3.970739727E0
3.414436329E1,4.303099754E-1,-2.101089941E0,-1.723441086E0,2.751362352E0
3.415431829E1,5.523298909E-1,-3.409523141E-1,-2.109607434E0,2.207206450E0
3.416427329E1,6.981738480E-1,1.237376667E0,-2.451017292E0,2.833025504E0
3.417422829E1,8.013463602E-1,2.699871136E0,-2.727784574E0,3.920748503E0
3.418418229E1,6.966447280E-1,4.094951887E0,-2.856099383E0,5.040957103E0
3.419413729E1,4.062285101E-1,5.514667541E0,-2.827412943E0,6.210542943E0
3.420409229E1,-3.292932585E-3,6.765641323E0,-2.700909601E0,7.284835347E0
3.421404729E1,-4.553280915E-1,7.774971902E0,-2.587481804E0,8.206861387E0
3.422400229E1,-8.450522507E-1,8.641250349E0,-2.693376049E0,9.090632291E0
3.423395629E1,-1.146412629E0,9.359970801E0,-2.791739080E0,9.834486383E0
3.424391129E1,-1.386286246E0,9.856507584E0,-2.727237275E0,1.032038538E1
3.425386629E1,-1.557311457E0,1.003326307E1,-2.550886420E0,1.046893539E1
3.426382129E1,-1.745689741E0,9.675300617E0,-2.290858401E0,1.009489509E1
3.427377529E1,-1.854620445E0,8.903787993E0,-2.065263466E0,9.326433981E0
3.428373029E1,-1.584827576E0,7.998889856E0,-2.043951534E0,8.406643518E0
3.429368529E1,-1.166446506E0,6.907908758E0,-2.217806797E0,7.348364978E0
3.430364029E1,-9.028623562E-1,5.720690677E0,-2.470949135E0,6.296590496E0
3.431359529E1,-6.904254102E-1,4.412781386E0,-2.710524763E0,5.224583361E0
3.432354929E1,-5.115244386E-1,3.012383178E0,-2.906453265E0,4.217058245E0
3.433350429E1,-3.901162881E-1,1.724575446E0,-2.893809246E0,3.391236226E0
3.434345929E1,-2.744234984E-1,6.846984279E-1,-2.694468309E0,2.793614086E0
3.435341429E1,-1.418619302E-1,4.353784150E-1,-2.189611523E0,2.236979614E0
3.436336929E1,-1.714484029E-2,1.257139086E0,-1.443272917E0,1.914087078E0
3.437332329E1,-1.647137991E-1,2.456988323E0,-8.287446586E-1,2.598218613E0
3.438327829E1,-5.202553549E-1,3.562179909E0,-4.210569759E-1,3.624511045E0
3.439323329E1,-7.987381366E-1,4.319189098E0,2.893787026E-2,4.392518011E0
3.440318829E1,-9.957845532E-1,4.567271256E0,4.663727510E-1,4.697771508E0
3.441314329E1,-1.174032610E0,4.256726802E0,7.512103598E-1,4.479106232E0
3.442309729E1,-1.337995115E0,3.520410324E0,8.918579695E-1,3.870262318E0
3.443305229E1,-1.429075585E0,2.449961724E0,8.576802631E-1,2.963137680E0
3.444300729E1,-1.463901602E0,1.083720025E0,5.884386402E-1,1.914083861E0
3.445296229E1,-1.435078191E0,-4.556963199E-1,1.065652129E-1,1.509458411E0
3.446291729E1,-1.419635840E0,-2.260460481E0,-2.565843013E-1,2.681582184E0
3.447287129E1,-1.379932661E0,-4.482298349E0,-4.289868236E-1,4.709484296E0
3.448282629E1,-1.256450869E0,-7.139614618E0,-3.640037924E-1,7.258461576E0
3.449278129E1,-9.247336471E-1,-1.001517997E1,1.519843376E-1,1.005892943E1
3.450273629E1,-3.698092736E-1,-1.246901313E1,1.128071741E0,1.252539793E1
3.451269029E1,4.835137540E-1,-1.331975260E1,2.575014371E0,1.357498781E1
3.452264529E1,2.176641814E0,-1.145406630E1,5.381843945E0,1.284124794E1
3.453260029E1,3.450224440E0,-8.475820924E0,6.575509751E0,1.126858099E1
3.454255529E1,3.972253329E0,-6.323392430E0,5.791170675E0,9.449960112E0
3.455251029E1,3.725740564E0,-5.240953529E0,3.832762737E0,7.485907216E0
3.456246429E1,2.344668426E0,-5.429505769E0,1.517765275E0,6.105785319E0
3.457241929E1,1.096871291E0,-5.827567254E0,-1.040243053E-1,5.930808358E0
3.458237429E1,6.116653157E-1,-6.011519489E0,-5.099596506E-1,6.064038247E0
3.459232929E1,7.565794925E-1,-6.154405559E0,-1.220568261E-1,6.201936647E0
3.460228429E1,1.165240006E0,-6.126177540E0,-1.113432652E-1,6.237005119E0
3.461223829E1,1.499652209E0,-6.137161535E0,-7.627941325E-1,6.363612445E0
3.462219329E1,1.611070757E0,-6.426991643E0,-1.626947702E0,6.822662925E0
3.463214829E1,1.544979825E0,-7.028005890E0,-2.291384943E0,7.551839140E0
3.464210329E1,1.302494476E0,-7.889132355E0,-2.518768834E0,8.383262946E0
3.465205829E1,1.006824608E0,-8.243329198E0,-2.202875639E0,8.591788704E0
3.466201229E1,1.039569089E0,-7.031599588E0,-1.685829017E0,7.305211574E0
3.467196729E1,1.316584658E0,-4.848416494E0,-1.767853320E0,5.325959352E0
3.468192229E1,1.429854727E0,-2.847909772E0,-2.046576788E0,3.787288101E0
3.469187729E1,1.366736665E0,-1.112644447E0,-2.074483355E0,2.722026445E0
3.470183229E1,1.152516464E0,5.470385993E-1,-1.917588526E0,2.303191522E0
3.471178629E1,8.184884231E-1,2.196207182E0,-1.684256701E0,2.886168727E0
3.472174129E1,3.990652324E-1,3.700487024E0,-1.605714561E0,4.053538766E0
3.473169629E1,-5.196003936E-2,5.121748683E0,-1.705126437E0,5.398376199E0
3.474165129E1,-4.683045249E-1,6.546023996E0,-1.977138909E0,6.854109538E0
3.475160629E1,-8.539124635E-1,7.889736373E0,-2.265417166E0,8.252831118E0
3.476156029E1,-1.225062869E0,8.832519790E0,-2.576615338E0,9.281871119E0
3.477151529E1,-1.607177389E0,9.180747210E0,-3.014412746E0,9.795704298E0
3.478147029E1,-1.972921459E0,9.389606245E0,-3.339639559E0,1.015924785E1
3.479142529E1,-2.328308356E0,9.496660577E0,-3.240424004E0,1.030087033E1
3.480137929E1,-2.649116135E0,9.189118084E0,-2.847965906E0,9.978407551E0
3.481133429E1,-2.880520864E0,8.377653775E0,-2.363711784E0,9.168948501E0
3.482128929E1,-2.800628602E0,7.095039539E0,-2.392018740E0,7.994051556E0
3.483124429E1,-2.376768471E0,5.456940320E0,-3.059283110E0,6.692267117E0
3.484119929E1,-2.028862063E0,3.614975004E0,-3.744900135E0,5.586466018E0
3.485115329E1,-1.746415673E0,1.630061052E0,-4.239012662E0,4.865829332E0
3.486110829E1,-1.454389351E0,-5.555322647E-1,-4.421774989E0,4.687852230E0
3.487106329E1,-1.044270177E0,-2.660415879E0,-4.119114336E0,5.013523288E0
3.488102162E1,-4.395641443E-1,-4.080611005E0,-3.207109492E0,5.208661451E0
3.489097662E1,3.335035461E-1,-3.791743934E0,-1.815604899E0,4.217222762E0
3.490093063E1,8.112045465E-1,-2.008335559E0,-7.004603286E-1,2.276424654E0
3.491088563E1,7.385112306E-1,1.633443081E-1,-2.905835945E-2,7.569178219E-1
3.492084062E1,4.959523532E-1,1.758722016E0,5.957844973E-1,1.921986221E0
3.493079562E1,3.382776515E-1,2.727630792E0,1.547059826E0,3.154012621E0
3.494075062E1,-5.301670432E-3,3.205117346E0,3.002924137E0,4.392079084E0
3.495070463E1,-6.608651769E-1,3.452417146E0,3.742219187E0,5.134211855E0
3.496065963E1,-1.024295211E0,4.077682720E0,3.747326145E0,5.631973924E0
3.497061463E1,-1.325858634E0,4.802958485E0,4.189776183E0,6.510033471E0
3.498056962E1,-1.875861187E0,5.431428918E0,4.544111019E0,7.325859693E0
3.499052363E1,-2.630341895E0,6.084590389E0,4.032314174E0,7.758897877E0
3.500047863E1,-3.390053083E0,6.455276964E0,2.338188103E0,7.657034948E0
3.501043363E1,-4.206709427E0,7.082889025E0,9.446182734E-1,8.291925279E0
3.502038863E1,-4.609875239E0,8.491049997E0,5.724886054E-1,9.678668450E0
3.503034362E1,-4.504349661E0,1.027007764E1,3.158326757E-1,1.121888635E1
3.504029763E1,-3.896795303E0,1.170702621E1,-2.322125217E-1,1.234072117E1
3.505025263E1,-2.846707292E0,1.273117071E1,-1.042831031E0,1.308716725E1
3.506020763E1,-1.745389194E0,1.306716575E1,-1.414707807E0,1.325890653E1
3.507016263E1,-5.687179553E-1,1.255640445E1,-1.820615963E0,1.270044784E1
3.508011763E1,4.800385345E-1,1.079155338E1,-2.585533804E0,1.110734200E1
3.509007163E1,1.073571379E0,7.568043618E0,-2.620578799E0,8.080549050E0
3.510002663E1,1.849941503E0,2.504000521E0,-2.345538054E0,3.897929057E0
3.510998163E1,3.707592853E0,-1.012883931E1,-4.479650145E0,1.167933628E1
3.511993663E1,7.334713401E0,-3.099746544E1,-5.933205975E0,3.240129345E1
3.512989163E1,1.311641334E1,-4.301252063E1,-3.540470074E0,4.510711871E1
3.513984563E1,1.722191302E1,-3.636509714E1,-8.344932756E-1,4.024563277E1
3.514980063E1,1.159404514E1,-2.550534418E1,2.914451087E-1,2.801837619E1
3.515975563E1,4.138587318E0,-1.719705534E1,1.383324924E0,1.774204625E1
3.516971063E1,8.759851909E-1,-1.235911705E1,2.351694587E0,1.261132792E1
3.517966463E1,-4.947966510E-1,-1.070654773E1,2.401688865E0,1.098376517E1
3.518961963E1,-1.150238682E0,-1.057480528E1,1.767093767E0,1.078295767E1
3.519957463E1,-1.252883483E0,-1.069223491E1,-1.233301742E0,1.083580351E1
3.520952963E1,-8.254685368E-1,-9.321769187E0,-3.657435145E0,1.004756741E1
3.521948463E1,-5.820042180E-1,-7.301721071E0,-2.561897312E0,7.759972767E0
3.522943862E1,-3.982266685E-1,-6.057714247E0,-1.742906467E0,6.316027970E0
3.523939363E1,-2.312844224E-1,-4.797284347E0,-1.428879411E0,5.010900714E0
3.524934863E1,-1.462764318E-1,-3.273464280E0,-9.319342008E-1,3.406679695E0
3.525930363E1,-2.022418870E-1,-1.883496335E0,-6.507708362E-1,2.002988494E0
3.526925863E1,-3.647670002E-1,-7.454866666E-1,-5.041077572E-1,9.710458101E-1
3.527921262E1,-5.314265335E-1,1.928236306E-1,-4.095084326E-1,6.980632273E-1
3.528916763E1,-6.904671447E-1,1.313536651E0,-2.644846205E-1,1.507340547E0
3.529912263E1,-8.599128762E-1,2.813783668E0,-1.356669514E-1,2.945375053E0
3.530907763E1,-1.046583336E0,4.455904602E0,-1.824306433E-1,4.580797249E0
3.531903162E1,-1.239028651E0,6.193407072E0,-3.894080441E-1,6.328121505E0
3.532898662E1,-1.401445299E0,7.889373845E0,-5.636867917E-1,8.032683947E0
3.533894162E1,-1.561404215E0,9.280507725E0,-6.356682821E-1,9.432384689E0
3.534889663E1,-1.683608245E0,1.020152956E1,-6.595483840E-1,1.036053793E1
3.535885163E1,-1.765571152E0,1.068956157E1,-7.307791650E-1,1.085900576E1
3.536880562E1,-1.789821602E0,1.069070762E1,-8.667912483E-1,1.087409849E1
3.537876062E1,-1.796681116E0,1.063661152E1,-1.081009841E0,1.084131680E1
3.538871562E1,-1.800336796E0,1.059989335E1,-1.330550294E0,1.083371200E1
3.539867062E1,-1.774596768E0,1.057772538E1,-1.524941563E0,1.083341658E1
3.540862563E1,-1.690405925E0,1.053580318E1,-1.728898877E0,1.080970454E1
3.541857963E1,-1.656277774E0,1.030998372E1,-1.905460816E0,1.061460321E1
3.542853462E1,-1.699829152E0,9.470973174E0,-2.066762692E0,9.841761023E0
3.543848962E1,-1.533567376E0,8.918415973E0,-2.278309692E0,9.331702278E0
3.544844462E1,-1.339626050E0,8.781090605E0,-2.410508221E0,9.203950241E0
3.545839963E1,-1.243411286E0,8.481547687E0,-2.414873167E0,8.905859600E0
3.546835363E1,-1.152367580E0,7.580212258E0,-2.371214932E0,8.025598368E0
3.547830863E1,-1.025211982E0,4.661650579E0,-2.488206022E0,5.382677302E0
3.548826362E1,-8.367553440E-1,2.478904272E0,-2.738531756E0,3.787437402E0
3.549821862E1,-5.258892202E-1,2.845424706E-1,-3.045938594E0,3.104072456E0
3.550817263E1,3.494768967E-1,-1.736773322E0,-2.992933584E0,3.477954444E0
3.551812763E1,1.241258341E0,-1.742931610E0,-3.203162037E0,3.852113693E0
3.552808263E1,1.228591518E0,1.051719968E0,-3.917262604E0,4.237982813E0
3.553803762E1,4.936964974E-1,4.041811806E0,-3.593877665E0,5.431016072E0
3.554799262E1,-1.164298951E-1,5.522482345E0,-2.985347407E0,6.278826826E0
3.555794663E1,-4.997770169E-1,6.117771583E0,-2.129613390E0,6.497088533E0
3.556790163E1,-6.058307081E-1,6.361302268E0,-1.459343405E0,6.554607583E0
3.557785663E1,-4.939137214E-1,5.918594368E0,-9.762113643E-1,6.018861910E0
3.558781163E1,-4.143429470E-1,4.471951700E0,-7.088488904E-1,4.546701974E0
3.559776662E1,-4.586610045E-1,2.206312340E0,-1.043759861E0,2.483469088E0
3.560772063E1,-3.474406770E-1,-1.138970951E0,-1.772025893E0,2.134957989E0
3.561767563E1,1.235552847E-1,-6.156953191E0,-2.447065598E0,6.626572911E0
3.562763063E1,1.123144877E0,-1.400327106E1,-2.770009950E0,1.431872934E1
3.563758563E1,2.579888025E0,-2.456553758E1,-2.315002432E0,2.480888339E1
3.564753963E1,3.857306132E0,-3.200475592E1,-3.030728817E-1,3.223778940E1
3.565749463E1,4.462685618E0,-2.948553919E1,2.316786709E0,2.991120334E1
3.566744963E1,3.339141961E0,-2.038669393E1,4.483045038E0,2.113917811E1
3.567740463E1,1.962490903E0,-1.327122422E1,7.143501263E0,1.519889381E1
3.568735963E1,-1.481846707E-1,-1.032407317E1,1.282972319E1,1.646846206E1
3.569731363E1,-1.907099352E0,-9.571486226E0,9.242740560E0,1.344167510E1
3.570726863E1,-2.623341316E0,-9.795100710E0,7.634808880E-1,1.016901277E1
3.571722363E1,-2.401759032E0,-9.001846384E0,-2.869228721E0,9.748546467E0
3.572717863E1,-1.796057365E0,-7.343825701E0,-2.177050534E0,7.867473992E0
3.573713363E1,-6.839083229E-1,-5.214753326E0,-2.113593042E0,5.668214744E0
3.574708763E1,1.441635405E-1,-3.772263350E0,-2.588557107E0,4.577267941E0
3.575704263E1,6.353278280E-1,-3.465193897E0,-2.873378490E0,4.546153774E0
3.576699763E1,8.157823317E-1,-3.687273486E0,-2.552756067E0,4.558294650E0
3.577695263E1,7.748527723E-1,-3.870833958E0,-2.116955776E0,4.479425644E0
3.578690662E1,4.725224870E-1,-3.346811169E0,-1.887336494E0,3.871235144E0
3.579686163E1,-1.915021598E-2,-2.078962907E0,-1.823309336E0,2.765304764E0
3.580681663E1,-3.123027116E-1,-4.576060206E-1,-1.671127363E0,1.760568919E0
3.581677163E1,-2.507256105E-1,1.136732052E0,-1.708447802E0,2.067321209E0
3.582672663E1,-1.209229048E-1,2.576998331E0,-2.902071362E0,3.882983509E0
3.583668062E1,-6.218638100E-2,4.078423562E0,-4.025517955E0,5.730811522E0
3.584663562E1,-1.716385105E-1,5.572016448E0,-4.656996195E0,7.263913590E0
3.585659063E1,-4.677809798E-1,6.933559908E0,-4.980243140E0,8.549613663E0
3.586654563E1,-8.242651798E-1,8.116903040E0,-5.132492942E0,9.638776470E0
3.587650063E1,-1.129727599E0,9.091564307E0,-5.284973123E0,1.057656688E1
3.588645487E1,-1.354841967E0,9.738974456E0,-5.619707508E0,1.132538444E1
3.589640988E1,-1.431478499E0,1.031045851E1,-5.972360101E0,1.200099040E1
3.590636488E1,-1.421205964E0,1.072946531E1,-5.633882913E0,1.220171663E1
3.591631988E1,-1.454501910E0,1.052614241E1,-4.649325818E0,1.159877065E1
3.592627387E1,-1.259747529E0,9.951544719E0,-3.574779489E0,1.064890861E1
3.593622887E1,-6.524071795E-1,9.357433695E0,-2.748273802E0,9.774467217E0
3.594618387E1,3.483186364E-2,8.672292048E0,-2.230501687E0,8.954607775E0
3.595613888E1,5.300627435E-1,7.861574428E0,-2.080655676E0,8.149505939E0
3.596609388E1,1.027561247E0,7.029501607E0,-2.216202321E0,7.441863187E0
3.597604787E1,1.325879830E0,6.304778404E0,-2.369614549E0,6.864638458E0
3.598600287E1,1.349208467E0,5.453755926E0,-2.578201103E0,6.181499666E0
3.599595787E1,1.216913678E0,4.803498183E0,-2.895212578E0,5.739053020E0
3.600591287E1,7.052292446E-1,4.921930028E0,-2.637256812E0,5.628309425E0
3.601586688E1,-1.681958891E-2,5.624616830E0,-1.992490189E0,5.967127830E0
3.602582188E1,-4.741882491E-1,6.249751427E0,-1.480220304E0,6.440131950E0
3.603577687E1,-7.139937092E-1,6.526666789E0,-1.006986430E0,6.642378193E0
3.604573187E1,-7.912430294E-1,6.477100527E0,-5.465066488E-1,6.548096386E0
3.605568687E1,-8.494622938E-1,6.132245781E0,-2.053086054E-1,6.194205044E0
3.606564088E1,-8.937435503E-1,5.546218532E0,7.365152836E-3,5.617772849E0
3.607559588E1,-9.169870365E-1,4.591718464E0,-3.902724087E-3,4.682388163E0
3.608555088E1,-9.042799406E-1,3.260464751E0,-2.046233118E-1,3.389723189E0
3.609550587E1,-8.959294588E-1,1.452391650E0,-5.999778280E-1,1.808895932E0
3.610546087E1,-9.425000464E-1,-1.116177920E0,-1.240117549E0,1.916259643E0
3.611541488E1,-9.819236554E-1,-4.908928744E0,-2.094133508E0,5.426522886E0
3.612536988E1,-9.124649461E-1,-1.024730039E1,-3.116433503E0,1.074950768E1
3.613532488E1,-8.197002585E-1,-1.733820829E1,-4.321589673E0,1.788746803E1
3.614527987E1,-7.429134531E-1,-2.430162467E1,-4.338182024E0,2.469697765E1
3.615523388E1,-4.081683604E-1,-2.654668885E1,-2.052403977E0,2.662903776E1
3.616518888E1,3.477374232E-1,-2.132911073E1,1.752004734E0,2.140377085E1
3.617514388E1,8.709322464E-1,-1.428916366E1,3.855761005E0,1.482584277E1
3.618509888E1,1.219333036E0,-1.042923300E1,4.363755991E0,1.137092962E1
3.619505388E1,2.208974139E0,-8.484073684E0,6.241461829E0,1.076173400E1
3.620500788E1,3.026719966E0,-7.640878290E0,6.184817512E0,1.028571935E1
3.621496288E1,2.550923842E0,-7.789885810E0,2.280010647E0,8.508112713E0
3.622491788E1,2.204275755E0,-8.053170143E0,-8.791335511E-1,8.395549819E0
3.623487288E1,2.057698192E0,-7.928126267E0,-1.904984268E0,8.409415736E0
3.624482688E1,1.980260445E0,-7.509967902E0,-1.306972274E0,7.875863499E0
3.625478188E1,2.023166875E0,-6.845785015E0,-6.710714918E-1,7.169959109E0
3.626473688E1,1.853665887E0,-6.344416679E0,-8.666985700E-1,6.666248317E0
3.627469188E1,1.428405787E0,-5.765155828E0,-1.285980185E0,6.077097156E0
3.628464688E1,1.217919983E0,-4.708350536E0,-1.591115087E0,5.116985546E0
3.629460088E1,1.130301723E0,-3.244690717E0,-1.970117865E0,3.960677244E0
3.630455588E1,8.770574241E-1,-1.842962267E0,-2.014496185E0,2.867740316E0
3.631451088E1,4.962598436E-1,-6.516523039E-1,-1.367433215E0,1.593988129E0
3.632446588E1,1.711726335E-1,1.867483735E-1,-1.276471881E0,1.301366777E0
3.633441987E1,-2.429525413E-2,1.412920606E0,-2.013292390E0,2.459731925E0
3.634437487E1,-2.589631679E-1,3.122448242E0,-2.875993949E0,4.253009069E0
3.635432988E1,-7.422150763E-1,4.484023862E0,-3.428555828E0,5.693184371E0
3.636428488E1,-1.368546817E0,5.648880436E0,-3.796819317E0,6.942521696E0
3.637423988E1,-2.013001783E0,6.812795025E0,-4.083855625E0,8.194158224E0
3.638419387E1,-2.567114782E0,7.925407312E0,-4.507244325E0,9.471927511E0
3.639414887E1,-2.986893995E0,8.928715843E0,-5.009473372E0,1.066481720E1
3.640410388E1,-3.258939797E0,9.747067003E0,-5.114858909E0,1.147988612E1
3.641405888E1,-3.364268616E0,1.020221719E1,-4.881345674E0,1.179962180E1
3.642401388E1,-3.330121461E0,1.025013629E1,-4.432751967E0,1.165350990E1
3.643396787E1,-3.172295755E0,9.907871865E0,-3.799327773E0,1.107539059E1
3.644392287E1,-2.892914037E0,9.469223687E0,-3.178186240E0,1.039884689E1
3.645387787E1,-2.351706135E0,9.053600090E0,-2.554114083E0,9.696478489E0
3.646383288E1,-1.530640113E0,8.662271090E0,-2.390278609E0,9.115439178E0
3.647378688E1,-8.988364752E-1,8.058600453E0,-2.199924842E0,8.401703254E0
3.648374187E1,-4.568102145E-1,7.334027522E0,-1.889990838E0,7.587404077E0
3.649369687E1,-1.096357686E-1,6.725602514E0,-1.472661023E0,6.885817284E0
3.650365187E1,1.489964469E-1,6.329292271E0,-9.647987688E-1,6.404137510E0
3.651360687E1,4.536588211E-1,6.072661484E0,-5.965949214E-1,6.118737560E0
3.652356088E1,8.064319029E-1,5.787623169E0,-4.443848813E-1,5.860408884E0
3.653351588E1,1.107803537E0,5.628697602E0,-5.661461306E-1,5.764545673E0
3.654347087E1,1.188557898E0,5.661287643E0,-5.929087635E-1,5.815014055E0
3.655342587E1,9.915887374E-1,5.866054212E0,-4.473704696E-1,5.966069106E0
3.656337988E1,6.750708412E-1,6.056968727E0,-1.454376487E-1,6.096207256E0
3.657333488E1,4.521636881E-1,5.869325729E0,6.095868498E-2,5.887032570E0
3.658328988E1,4.347860555E-1,5.225409876E0,1.619117403E-1,5.245966327E0
3.659324488E1,5.012964890E-1,4.323179823E0,2.388073039E-1,4.358693713E0
3.660319987E1,4.860476084E-1,3.148095299E0,1.552669644E-1,3.189177656E0
3.661315388E1,4.276451434E-1,1.613274280E0,-1.293053269E-1,1.673993471E0
3.662310888E1,3.979172777E-1,-9.534195024E-1,-7.856321874E-1,1.297907871E0
3.663306388E1,3.930776835E-1,-5.299473633E0,-1.914123174E0,5.648256225E0
3.664301888E1,4.956503445E-1,-1.251394898E1,-3.402657341E0,1.297777583E1
3.665297288E1,9.200186717E-1,-2.290737948E1,-4.352605351E0,2.333537320E1
3.666292788E1,1.261560312E0,-3.128328670E1,-3.098247493E0,3.146163852E1
3.667288288E1,1.516913921E0,-3.004220582E1,7.176825714E-1,3.008903831E1
3.668283788E1,1.492711418E0,-2.162449803E1,3.932784623E0,2.202984107E1
3.669279288E1,1.626581081E0,-1.438284541E1,8.721458945E0,1.689898974E1
3.670274688E1,2.840649577E0,-1.006820135E1,1.274296571E1,1.648699923E1
3.671270188E1,2.179394099E0,-8.645795975E0,6.655511940E0,1.112633749E1
3.672265688E1,1.294033117E0,-9.072642133E0,2.381845754E-1,9.167556319E0
3.673261188E1,5.769451704E-1,-8.916372955E0,-1.954024866E0,9.146189676E0
3.674256587E1,1.206227599E-1,-8.897652510E0,-1.654542759E0,9.050982365E0
3.675252088E1,-3.480759770E-2,-8.943016963E0,-1.251527221E0,9.030231689E0
3.676247588E1,-7.458518252E-2,-8.523810777E0,-1.344461405E0,8.629512708E0
3.677243088E1,1.708323256E-1,-7.702539518E0,-1.589882787E0,7.866767188E0
3.678238588E1,4.295860170E-1,-6.152715129E0,-2.071441926E0,6.506252320E0
3.679233987E1,1.769274632E-1,-4.668470187E0,-2.973684843E0,5.537934521E0
3.680229488E1,-3.361367666E-1,-3.339388129E0,-3.915391495E0,5.157013822E0
3.681224988E1,-5.713997076E-1,-1.265450318E0,-4.012523103E0,4.245963234E0
3.682220488E1,-9.605716704E-1,7.672932726E-1,-4.511593776E0,4.676100437E0
3.683215887E1,-1.400031588E0,2.624437376E0,-5.793770932E0,6.512721520E0
3.684211387E1,-1.888807361E0,4.485944088E0,-6.952435305E0,8.486910172E0
3.685206887E1,-2.393592957E0,6.224230669E0,-7.726199691E0,1.020610094E1
3.686202388E1,-2.945729012E0,7.359138390E0,-7.900428007E0,1.119155932E1
3.687197888E1,-3.342905521E0,8.170305076E0,-7.326757679E0,1.147215239E1
3.688193329E1,-3.362973458E0,8.933275502E0,-6.390306212E0,1.148690625E1
3.689188829E1,-3.076259916E0,9.445575208E0,-5.379191648E0,1.129681233E1
3.690184329E1,-2.619870701E0,9.901500739E0,-4.480619613E0,1.117941821E1
3.691179829E1,-2.141399768E0,1.015182355E1,-3.652652707E0,1.099940845E1
3.692175229E1,-1.720244413E0,1.011822077E1,-2.814477732E0,1.064231729E1
3.693170729E1,-1.357869216E0,1.000321072E1,-2.025422877E0,1.029613380E1
3.694166229E1,-1.111133088E0,9.856159090E0,-1.348253324E0,1.000980898E1
3.695161729E1,-8.848879422E-1,9.564404663E0,-7.959101307E-1,9.638170790E0
3.696157229E1,-7.012206128E-1,9.203641983E0,-2.180765855E-1,9.232891935E0
3.697152629E1,-4.996308365E-1,8.650756752E0,3.397091961E-1,8.671829432E0
3.698148129E1,-2.619491217E-1,7.734477010E0,6.530240607E-1,7.766414384E0
3.699143629E1,-9.247554280E-2,6.539844074E0,5.663940891E-1,6.564976352E0
3.700139129E1,1.203154521E-1,5.335367936E0,1.537361634E-1,5.338938249E0
3.701134529E1,4.602874075E-1,4.329209472E0,-4.119842533E-1,4.373059590E0
3.702130029E1,8.098232149E-1,3.612559519E0,-9.664676372E-1,3.826285354E0
3.703125529E1,1.126273064E0,3.459613899E0,-1.577528497E0,3.965604053E0
3.704121029E1,1.168925871E0,4.138418918E0,-2.181268716E0,4.821911659E0
3.705116529E1,6.876089526E-1,5.261493044E0,-2.385151916E0,5.817651140E0
3.706111929E1,6.592527341E-2,6.181820814E0,-2.019745231E0,6.503739349E0
3.707107429E1,-4.675927360E-1,6.626345444E0,-1.518160547E0,6.814096298E0
3.708102929E1,-8.102649721E-1,6.658785796E0,-1.035197930E0,6.787311129E0
3.709098429E1,-9.545318621E-1,6.378289599E0,-5.795663676E-1,6.475307441E0
3.710093829E1,-9.556599361E-1,5.877042884E0,-1.344176938E-1,5.955752437E0
3.711089329E1,-9.376894690E-1,5.192855503E0,9.554701209E-2,5.277702061E0
3.712084829E1,-8.743430735E-1,4.230811357E0,-7.640088916E-2,4.320888525E0
3.713080329E1,-7.520366444E-1,2.919998925E0,-6.909198654E-1,3.093432252E0
3.714075829E1,-6.186188976E-1,9.677609682E-1,-1.589902375E0,1.961387313E0
3.715071229E1,-5.341461466E-1,-1.724443299E0,-2.663098581E0,3.217314229E0
3.716066729E1,-4.719371076E-1,-5.348707189E0,-3.854487774E0,6.609725352E0
3.717062229E1,-5.094889498E-1,-1.024408677E1,-4.912639972E0,1.137255135E1
3.718057729E1,-5.039907398E-1,-1.663488180E1,-5.620005716E0,1.756581235E1
3.719053129E1,-4.674658880E-1,-2.327960622E1,-5.388032638E0,2.389957083E1
3.720048629E1,-3.475005379E-1,-2.707334288E1,-3.783553154E0,2.733865260E1
3.721044129E1,5.711794138E-2,-2.563650424E1,-3.412171930E-1,2.563883853E1
3.722039629E1,8.501800396E-1,-2.029410444E1,2.969921283E0,2.052788137E1
3.723035129E1,1.559413384E0,-1.544747252E1,4.846416162E0,1.626480639E1
3.724030529E1,2.235316723E0,-1.201727011E1,5.480763046E0,1.339590181E1
3.725026029E1,3.597236890E0,-9.507758592E0,7.541562163E0,1.265751739E1
3.726021529E1,4.815966201E0,-7.693760508E0,7.645342639E0,1.186755010E1
3.727017029E1,4.165849669E0,-6.843404029E0,2.962880065E0,8.541963501E0
3.728012429E1,2.183098602E0,-6.712311793E0,-1.937432806E0,7.319473683E0
3.729007929E1,3.983649186E-1,-6.729744682E0,-2.750964691E0,7.281206275E0
3.730003429E1,-4.393813457E-2,-6.574530342E0,1.203679748E0,6.683952776E0
3.730998929E1,5.365140496E-1,-6.434053910E0,2.169783615E0,6.811230283E0
3.731994429E1,9.326165709E-1,-6.111056056E0,1.605934855E0,6.387002939E0
3.732989829E1,1.179619844E0,-5.502332840E0,6.998737067E-1,5.670713611E0
3.733985329E1,1.276794355E0,-4.207059383E0,-2.466121674E-1,4.403449788E0
3.734980829E1,1.288652947E0,-2.510248856E0,-1.104299886E0,3.030091414E0
3.735976329E1,1.130456235E0,-4.908474416E-1,-1.877616083E0,2.245952953E0
3.736971729E1,5.879649427E-1,9.102536023E-1,-2.408531862E0,2.641077455E0
3.737967229E1,-9.963882051E-2,9.011834013E-1,-2.638262533E0,2.789711206E0
3.738962729E1,-4.420325464E-1,1.459393691E0,-3.165783419E0,3.513887786E0
3.739958229E1,-7.098014018E-1,2.962873634E0,-4.173128575E0,5.166956580E0
3.740953729E1,-1.263331288E0,4.234307992E0,-5.347720764E0,6.937109447E0
3.741949129E1,-2.011863915E0,4.639517698E0,-5.709248260E0,7.626810381E0
3.742944629E1,-2.755181411E0,5.833840147E0,-5.654531186E0,8.578953222E0
3.743940129E1,-3.567447665E0,7.496853182E0,-6.448806435E0,1.051268733E1
3.744935629E1,-4.307908065E0,8.996058226E0,-7.477019427E0,1.246567106E1
3.745931029E1,-4.593511806E0,1.018751963E1,-7.566559010E0,1.349587797E1
3.746926529E1,-4.434624538E0,1.100061941E1,-6.748774445E0,1.364644564E1
3.747922029E1,-3.984790636E0,1.122172134E1,-5.726927902E0,1.321375380E1
3.748917529E1,-3.428421342E0,1.092939798E1,-4.484460064E0,1.230106480E1
3.749913029E1,-2.863845774E0,1.043330617E1,-3.236548469E0,1.129295073E1
3.750908429E1,-2.280173345E0,9.901272697E0,-2.102519585E0,1.037569179E1
3.751903929E1,-1.685381998E0,9.281062626E0,-1.220900967E0,9.511531692E0
3.752899429E1,-1.250101962E0,8.406115097E0,-9.673972714E-1,8.553442782E0
3.753894929E1,-1.030490482E0,7.227817528E0,-1.193061204E0,7.397746406E0
3.754890329E1,-9.684996908E-1,5.923999534E0,-1.301525885E0,6.142127625E0
3.755885829E1,-9.319271842E-1,4.723939798E0,-1.289647851E0,4.984705314E0
3.756881329E1,-7.147424452E-1,3.627167033E0,-1.221402731E0,3.893458884E0
3.757876829E1,-2.865106068E-1,3.079754212E0,-9.193858568E-1,3.226800999E0
3.758872229E1,2.939986608E-1,3.194195332E0,-6.965871330E-1,3.282461373E0
3.759867729E1,6.627384055E-1,3.895592823E0,-8.128705645E-1,4.034305912E0
3.760863229E1,5.599472049E-1,4.990347129E0,-1.205150761E0,5.164251514E0
3.761858729E1,2.474133821E-1,5.962821538E0,-1.394666037E0,6.128747623E0
3.762854229E1,-8.696906450E-2,6.474573360E0,-1.338925846E0,6.612139308E0
3.763849629E1,-3.165946775E-1,6.553238876E0,-1.100283726E0,6.652503005E0
3.764845129E1,-2.602170302E-1,6.180259023E0,-8.143111722E-1,6.239103876E0
3.765840629E1,2.890878493E-2,5.309348411E0,-4.066104063E-1,5.324974018E0
3.766836129E1,2.070636289E-1,3.910918375E0,-3.424509555E-2,3.916545750E0
3.767831529E1,2.970738212E-1,2.141704116E0,3.147731602E-1,2.185001491E0
3.768827029E1,3.274427609E-1,2.132596493E-2,4.282392570E-1,5.395020109E-1
3.769822529E1,4.426777136E-1,-3.326448240E0,1.687576604E-1,3.360014970E0
3.770818029E1,9.365813486E-1,-9.039750960E0,-6.759445614E-1,9.113242183E0
3.771813529E1,1.968234623E0,-1.789539649E1,-2.138408333E0,1.812986357E1
3.772808929E1,3.487476466E0,-2.721891516E1,-3.476724606E0,2.766079263E1
3.773804429E1,5.163248127E0,-3.078170552E1,-3.820726828E0,3.144472101E1
3.774799929E1,5.786470683E0,-2.446824926E1,-2.207839049E0,2.523990924E1
3.775795429E1,3.976764455E0,-1.539359978E1,5.954883358E-1,1.591012810E1
3.776790829E1,2.344001405E0,-1.113972818E1,2.891615663E0,1.174518316E1
3.777786329E1,9.165723959E-1,-9.788371149E0,6.373307771E0,1.171628639E1
3.778781829E1,7.565770074E-1,-9.383530988E0,3.692855238E0,1.011238065E1
3.779777329E1,1.389652488E0,-9.197686594E0,-8.537665755E-1,9.341171772E0
3.780772729E1,2.454400345E0,-8.533597262E0,-2.930465441E0,9.350614471E0
3.781768229E1,3.220141474E0,-7.308932442E0,-1.814679285E0,8.190413022E0
3.782763729E1,3.241251677E0,-6.251409697E0,2.499713928E-1,7.046156493E0
3.783759229E1,2.920650597E0,-5.371250544E0,1.158405926E0,6.222735460E0
3.784754729E1,2.381803947E0,-4.511980569E0,1.126189230E0,5.224869461E0
3.785750129E1,1.870089985E0,-3.321635397E0,8.683252653E-1,3.909537956E0
3.786745629E1,1.470859642E0,-1.610364121E0,6.102233192E-1,2.264745723E0
3.787741129E1,1.038578790E0,2.249850708E-1,2.768080661E-1,1.098128813E0
3.788736167E1,4.853566868E-1,1.802275586E0,-1.040164116E-1,1.869381667E0
3.789731567E1,-4.960470781E-2,3.162168962E0,-3.913598447E-1,3.186680985E0
3.790727067E1,-5.542037773E-1,4.605591568E0,-5.593914270E-1,4.672422743E0
3.791722567E1,-1.065500394E0,6.086649778E0,-8.658787903E-1,6.239578727E0
3.792718067E1,-1.695006076E0,7.264464952E0,-1.242099463E0,7.562295135E0
3.793713567E1,-2.455887877E0,7.976812524E0,-1.546542932E0,8.488387264E0
3.794708967E1,-3.275409064E0,8.352991973E0,-1.865122629E0,9.164030874E0
3.795704467E1,-3.954310855E0,8.807833430E0,-2.508437973E0,9.975307772E0
3.796699967E1,-4.568214119E0,9.198247342E0,-3.619840472E0,1.088942512E1
3.797695467E1,-5.132085391E0,9.425720987E0,-4.825322331E0,1.176716840E1
3.798690867E1,-5.488929268E0,9.271883082E0,-5.417583296E0,1.206011481E1
3.799686367E1,-5.649227176E0,8.550310943E0,-5.091665343E0,1.144319190E1
3.800681867E1,-5.522440245E0,7.479599803E0,-4.095879840E0,1.015962554E1
3.801677367E1,-4.807875117E0,6.428140621E0,-3.372182822E0,8.706794586E0
3.802672767E1,-3.993837448E0,5.231918412E0,-3.286501232E0,7.356955769E0
3.803668267E1,-3.390564714E0,3.943246461E0,-3.278237947E0,6.147517041E0
3.804663767E1,-2.856838763E0,2.900352865E0,-3.183713028E0,5.168133426E0
3.805659267E1,-2.297422778E0,1.998517499E0,-2.988955139E0,4.266857911E0
3.806654767E1,-1.595354026E0,1.347806012E0,-2.706186129E0,3.418359092E0
3.807650167E1,-7.828732518E-1,1.454301351E0,-2.249867080E0,2.791018600E0
3.808645667E1,-8.403727971E-2,2.213609081E0,-1.829136525E0,2.872780510E0
3.809641167E1,2.720523794E-1,3.356749097E0,-1.510377757E0,3.690937274E0
3.810636667E1,3.642222590E-1,4.510407084E0,-1.179915494E0,4.676390754E0
3.811632067E1,3.846919723E-1,5.432916450E0,-8.284721053E-1,5.509168276E0
3.812627567E1,4.185474971E-1,6.092084765E0,-4.748079443E-1,6.124877254E0
3.813623067E1,5.218112624E-1,6.446001526E0,-1.464261205E-1,6.468745108E0
3.814618567E1,6.676863925E-1,6.484165717E0,2.411941373E-1,6.522912293E0
3.815614067E1,8.040323518E-1,6.323878334E0,6.898556721E-1,6.412004838E0
3.816609467E1,8.996335968E-1,5.856431449E0,1.131898159E0,6.032273483E0
3.817604967E1,8.899944618E-1,4.941828103E0,1.448918696E0,5.226195608E0
3.818600467E1,8.192346740E-1,3.638792467E0,1.447193183E0,4.000790444E0
3.819595967E1,7.992585388E-1,2.023583343E0,1.109297501E0,2.442180318E0
3.820591367E1,8.458514920E-1,-5.079885542E-2,5.517023385E-1,1.011148229E0
3.821586867E1,9.505615295E-1,-2.928971477E0,-2.507987738E-1,3.089553554E0
3.822582367E1,1.169685936E0,-6.937069992E0,-1.316252975E0,7.157068335E0
3.823577867E1,1.546133188E0,-1.227345417E1,-2.559773018E0,1.263252323E1
3.824573267E1,2.124192582E0,-1.812071777E1,-3.651495835E0,1.860661250E1
3.825568767E1,2.833328278E0,-2.153982567E1,-3.862607802E0,2.206607301E1
3.826564267E1,3.344809082E0,-1.891893522E1,-2.089115428E0,1.932558565E1
3.827559767E1,2.531460215E0,-1.251999033E1,7.495794252E-1,1.279532407E1
3.828555167E1,1.473982494E0,-8.864098848E0,2.233266543E0,9.259176649E0
3.829550667E1,9.382785760E-1,-7.280979828E0,2.816164654E0,7.862812302E0
3.830546167E1,8.796346575E-1,-6.393252039E0,2.627552188E0,6.967887719E0
3.831541667E1,1.235368148E0,-6.122489702E0,1.875678315E0,6.521440312E0
3.832537167E1,1.971855073E0,-6.190962936E0,1.257040268E-1,6.498618007E0
3.833532567E1,2.612440644E0,-6.199712709E0,-1.322254264E0,6.856357643E0
3.834528067E1,2.632319715E0,-6.058976660E0,-1.228357921E0,6.719313093E0
3.835523567E1,2.096798084E0,-5.886475028E0,6.705937743E-2,6.249131733E0
3.836519067E1,1.726233716E0,-5.372636919E0,8.652967000E-1,5.709102266E0
3.837514467E1,1.477066023E0,-4.471521930E0,1.211244875E0,4.862442448E0
3.838509967E1,1.235955793E0,-3.306122734E0,1.254064328E0,3.745759148E0
3.839505467E1,9.662202269E-1,-2.032258272E0,1.055220404E0,2.485386351E0
3.840500967E1,6.744937210E-1,-7.891308689E-1,7.831503367E-1,1.300382158E0
3.841496467E1,3.502186161E-1,3.789375812E-1,5.339735806E-1,7.425459947E-1
3.842491867E1,6.158821084E-2,1.564588609E0,2.690447178E-1,1.588746576E0
3.843487367E1,-1.831562097E-1,2.780200769E0,6.617425516E-2,2.787013015E0
3.844482867E1,-3.904812274E-1,4.005276648E0,-7.422572494E-2,4.024950444E0
3.845478367E1,-6.066614147E-1,5.157616673E0,-1.327649783E-1,5.194870004E0
3.846473767E1,-8.007707018E-1,6.163396822E0,-1.122605471E-1,6.216212395E0
3.847469267E1,-9.998228596E-1,7.015026240E0,-2.603545859E-2,7.085966183E0
3.848464767E1,-1.159426192E0,7.641126212E0,2.037871599E-2,7.728615282E0
3.849460267E1,-1.298570410E0,8.054612067E0,8.249836564E-2,8.159035889E0
3.850455667E1,-1.433080928E0,8.492977824E0,1.034012114E-1,8.613656894E0
3.851451167E1,-1.599914562E0,8.724160944E0,2.795904636E-2,8.869695174E0
3.852446667E1,-1.856000973E0,8.578266481E0,-1.747779536E-1,8.778493195E0
3.853442167E1,-2.141751771E0,8.290544295E0,-8.226376804E-1,8.602148459E0
3.854437667E1,-2.426880571E0,7.854350778E0,-1.963058814E0,8.451874073E0
3.855433067E1,-2.743729054E0,7.204813412E0,-3.251524358E0,8.367185672E0
3.856428567E1,-3.022841215E0,6.339533669E0,-4.299888024E0,8.235064855E0
3.857424067E1,-3.036516683E0,5.469745138E0,-5.126181457E0,8.088033245E0
3.858419567E1,-2.711872838E0,4.927790108E0,-5.675581162E0,7.990593918E0
3.859414967E1,-2.277187026E0,4.747341524E0,-5.565151817E0,7.661184441E0
3.860410467E1,-1.824837506E0,4.790436088E0,-4.755429393E0,6.992311389E0
3.861405967E1,-1.252509992E0,4.881495947E0,-3.770305703E0,6.293885052E0
3.862401467E1,-5.338717660E-1,4.998875293E0,-3.125696955E0,5.919776576E0
3.863396867E1,1.529811234E-1,5.189978673E0,-2.484780139E0,5.756163148E0
3.864392367E1,8.519195862E-1,5.379312100E0,-1.927562706E0,5.777392460E0
3.865387867E1,1.411120394E0,5.437868457E0,-1.199075211E0,5.744515252E0
3.866383367E1,1.717342148E0,5.103988350E0,-2.576025939E-1,5.391318969E0
3.867378767E1,1.939413989E0,4.272879735E0,5.157100949E-1,4.720676303E0
3.868374267E1,2.243693298E0,2.866853582E0,1.053053133E0,3.789713706E0
3.869369767E1,2.645128918E0,9.049589485E-1,1.263318716E0,3.067838306E0
3.870365267E1,3.147899417E0,-1.615933594E0,1.221725425E0,3.743410896E0
3.871360767E1,3.703395722E0,-5.352844679E0,8.046625355E-1,6.558625452E0
3.872356167E1,4.533586031E0,-1.118770926E1,-1.180339417E-1,1.207195812E1
3.873351667E1,5.562705926E0,-1.929943225E1,-1.284111122E0,2.012612043E1
3.874347167E1,6.123887186E0,-2.634186322E1,-2.348664852E0,2.714612272E1
3.875342667E1,5.554232141E0,-2.725155432E1,-2.402872342E0,2.791541694E1
3.876338067E1,3.351019118E0,-2.119841844E1,-5.858915931E-1,2.146964235E1
3.877333567E1,1.074105010E0,-1.511993138E1,1.092895476E0,1.519738290E1
3.878329067E1,-1.304014149E-1,-1.189444233E1,1.653989320E0,1.200959798E1
3.879324567E1,-9.513994355E-1,-9.630954164E0,1.133506728E0,9.743986684E0
3.880320067E1,-1.899108401E0,-8.184460015E0,1.147434211E-1,8.402687934E0
3.881315467E1,-2.812566570E0,-7.786080442E0,-8.733430535E-1,8.324440368E0
3.882310967E1,-4.335880853E0,-7.374706602E0,-1.045408484E0,8.618528826E0
3.883306467E1,-6.076670335E0,-6.515523750E0,-7.823054141E-1,8.943711414E0
3.884301967E1,-5.796776986E0,-5.274397849E0,8.468522429E-2,7.837669786E0
3.885297367E1,-4.155854731E0,-4.152677938E0,1.206129731E0,5.997550461E0
3.886292867E1,-2.655337864E0,-2.920459685E0,1.969548054E0,4.411238316E0
3.887288367E1,-1.387146956E0,-1.451482993E0,2.048220586E0,2.868133038E0
3.888284313E1,-7.475423283E-1,-2.175491667E-1,1.621875535E0,1.799062929E0
3.889279713E1,-5.715987322E-1,8.482064581E-1,1.115097354E0,1.513149502E0
3.890275213E1,-5.788710605E-1,1.970594705E0,6.510898018E-1,2.154588853E0
3.891270712E1,-6.789321231E-1,3.176989900E0,2.097501504E-1,3.255489023E0
3.892266212E1,-7.721927277E-1,4.494191000E0,-2.263854790E-1,4.565663669E0
3.893261613E1,-8.506486939E-1,5.915707013E0,-5.875292520E-1,6.005362877E0
3.894257113E1,-9.651808112E-1,7.179120162E0,-7.731761563E-1,7.284857010E0
3.895252613E1,-1.146343413E0,8.283216564E0,-8.659048104E-1,8.406876412E0
3.896248112E1,-1.320035831E0,8.956310023E0,-9.036884947E-1,9.098056755E0
3.897243612E1,-1.499369058E0,9.022815669E0,-1.042062634E0,9.205715871E0
3.898239013E1,-1.637304583E0,8.812062721E0,-1.507834364E0,9.088827216E0
3.899234513E1,-1.780329232E0,8.356213204E0,-2.280715821E0,8.842937065E0
3.900230013E1,-1.888555931E0,7.433191622E0,-3.369097247E0,8.376741458E0
3.901225513E1,-1.856765789E0,6.168389760E0,-4.467668030E0,7.839430403E0
3.902220913E1,-1.793247485E0,4.719212324E0,-5.378114591E0,7.376368893E0
3.903216413E1,-1.671460800E0,3.114621744E0,-5.946964474E0,6.918167117E0
3.904211913E1,-1.499519916E0,1.351328375E0,-6.091478993E0,6.417224063E0
3.905207413E1,-1.234878882E0,-7.071154833E-2,-5.746983851E0,5.878583959E0
3.906202813E1,-7.556408682E-1,-7.924661207E-1,-5.118035116E0,5.233858913E0
3.907198313E1,-5.728210196E-2,-4.418337411E-1,-4.290192171E0,4.313264096E0
3.908193813E1,6.047954951E-1,7.486950338E-1,-3.382348791E0,3.516618431E0
3.909189313E1,8.114657709E-1,2.319948299E0,-2.754706909E0,3.691753914E0
3.910184712E1,7.357848202E-1,3.748229540E0,-2.229992979E0,4.423061459E0
3.911180213E1,6.474730065E-1,4.786059448E0,-1.684068859E0,5.114848409E0
3.912175713E1,5.561716212E-1,5.492158100E0,-1.097379706E0,5.628265247E0
3.913171213E1,4.663768075E-1,6.020104371E0,-5.061045448E-1,6.059315619E0
3.914166713E1,3.914194863E-1,6.453059115E0,2.997282743E-3,6.464919964E0
3.915162112E1,3.703997692E-1,6.811420344E0,4.271542331E-1,6.834844829E0
3.916157612E1,3.231956358E-1,7.120882478E0,7.796127713E-1,7.170719543E0
3.917153113E1,2.270463971E-1,7.339670085E0,1.134728211E0,7.430337485E0
3.918148613E1,1.598178889E-1,7.428160678E0,1.451227616E0,7.570282320E0
3.919144012E1,2.602197345E-2,7.304950488E0,1.687998773E0,7.497487488E0
3.920139512E1,-1.199763502E-1,6.788695725E0,1.751541635E0,7.012038368E0
3.921135012E1,-1.447033664E-1,5.839779748E0,1.627200594E0,6.063971335E0
3.922130513E1,-5.828305392E-2,4.586375864E0,1.220792501E0,4.746427584E0
3.923125913E1,9.962835948E-2,2.912254872E0,5.618437493E-1,2.967629129E0
3.924121413E1,2.767468896E-1,7.892168230E-1,-1.998674789E-1,8.598831570E-1
3.925116912E1,4.362174173E-1,-1.785954253E0,-1.066843207E0,2.125575841E0
3.926112412E1,5.454953729E-1,-4.683202831E0,-2.132821318E0,5.174831469E0
3.927107813E1,7.222317052E-1,-7.722544012E0,-3.196862247E0,8.389233152E0
3.928103313E1,9.858371969E-1,-1.052689554E1,-3.815096836E0,1.124021212E1
3.929098813E1,1.308460683E0,-1.253203208E1,-3.681494683E0,1.312696845E1
3.930094312E1,1.566554150E0,-1.320456596E1,-2.481730231E0,1.352677490E1
3.931089812E1,1.552040776E0,-1.234495393E1,-2.619049752E-1,1.244489101E1
3.932085213E1,9.947526658E-1,-1.108419600E1,1.256067291E0,1.119940350E1
3.933080713E1,2.209421049E-1,-1.041672581E1,1.657296213E0,1.055005321E1
3.934076213E1,-4.108702857E-1,-1.032823171E1,1.212746440E0,1.040730217E1
3.935071713E1,-7.009522256E-1,-1.060021377E1,-4.436107099E-2,1.062345678E1
3.936067113E1,-4.969620942E-1,-1.097818832E1,-1.651833159E0,1.111288184E1
3.937062613E1,1.933348599E-1,-1.129676100E1,-2.929474922E0,1.167201828E1
3.938058113E1,1.054839166E0,-1.119801907E1,-3.195046687E0,1.169258911E1
3.939053613E1,1.651729079E0,-1.049867804E1,-2.013240788E0,1.081681968E1
3.940049013E1,1.874371170E0,-9.357820196E0,-2.929735708E-1,9.548188289E0
3.941044513E1,1.953857781E0,-8.059485721E0,7.235429433E-1,8.324445009E0
3.942040013E1,2.066155605E0,-6.502330678E0,1.117428931E0,6.913606196E0
3.943035513E1,2.176515368E0,-4.813765309E0,1.090487885E0,5.394322889E0
3.944030912E1,2.183961066E0,-3.158008668E0,8.938243881E-1,3.942286992E0
3.945026413E1,2.087095215E0,-1.616412481E0,6.045909888E-1,2.708188695E0
3.946021913E1,1.888593499E0,-1.977417237E-1,3.469559428E-1,1.930353755E0
3.947017413E1,1.594316584E0,1.144771389E0,1.882303503E-1,1.971744803E0
3.948012812E1,1.234475132E0,2.377213590E0,1.178895155E-1,2.681225698E0
3.949008312E1,8.505868596E-1,3.435621604E0,7.424560547E-2,3.540127995E0
3.950003812E1,4.287577589E-1,4.266512702E0,-1.581379473E-3,4.288002607E0
3.950999313E1,-3.128669679E-2,4.874951159E0,-1.540624380E-1,4.877485304E0
3.951994813E1,-4.744723872E-1,5.325813001E0,-3.220789638E-1,5.356598083E0
3.952990212E1,-9.015965071E-1,5.462320928E0,-4.382533447E-1,5.553547711E0
3.953985712E1,-1.277150305E0,5.503956612E0,-4.774203341E-1,5.670324634E0
3.954981212E1,-1.543203148E0,5.561922399E0,-6.568140797E-1,5.809290961E0
3.955976712E1,-1.745029883E0,5.542240672E0,-1.078653267E0,5.909742281E0
3.956972113E1,-1.877645904E0,5.486345968E0,-1.653966808E0,6.030020930E0
3.957967613E1,-1.974838907E0,5.367322385E0,-2.317307696E0,6.170741710E0
3.958963112E1,-2.142412214E0,5.042921199E0,-2.939178962E0,6.217697104E0
3.959958612E1,-2.343359381E0,4.640348003E0,-3.482140882E0,6.256953564E0
3.960954013E1,-2.492177159E0,4.308068279E0,-3.906687330E0,6.327132461E0
3.961949513E1,-2.501127200E0,4.096879714E0,-4.052256103E0,6.281786384E0
3.962945013E1,-2.350374724E0,4.067457109E0,-3.776028957E0,6.027177064E0
3.963940513E1,-2.082575025E0,4.063704366E0,-3.210243015E0,5.581798288E0
3.964935913E1,-1.834667991E0,3.976535829E0,-2.666446112E0,5.127258401E0
3.965931413E1,-1.662061109E0,3.966180410E0,-2.290058502E0,4.872104486E0
3.966926913E1,-1.534617535E0,4.046906485E0,-2.025262663E0,4.778513569E0
3.967922413E1,-1.394777426E0,4.236483157E0,-1.716868815E0,4.779208317E0
3.968917913E1,-1.310235459E0,4.454871399E0,-1.339229901E0,4.832818315E0
3.969913313E1,-1.334102185E0,4.606951046E0,-1.011657186E0,4.901762626E0
3.970908813E1,-1.402731248E0,4.755823495E0,-6.734400527E-1,5.003901835E0
3.971904313E1,-1.518492377E0,4.906714404E0,-2.870350655E-1,5.144322547E0
3.972899813E1,-1.626393386E0,5.085186628E0,1.230137229E-1,5.340356811E0
3.973895213E1,-1.673356614E0,5.341858345E0,5.022736318E-1,5.620307086E0
3.974890713E1,-1.674846485E0,5.622153983E0,7.653174984E-1,5.916032203E0
3.975886213E1,-1.584046242E0,5.904786168E0,8.897697826E-1,6.177976405E0
3.976881713E1,-1.433739471E0,6.158290449E0,8.883253741E-1,6.385081996E0
3.977877112E1,-1.234365058E0,6.291625677E0,8.153018367E-1,6.463197958E0
3.978872612E1,-9.666363294E-1,6.346719312E0,8.300356507E-1,6.473344653E0
3.979868113E1,-5.378877068E-1,6.016817066E0,8.107573807E-1,6.094976482E0
3.980863613E1,-1.061968931E-1,4.985364717E0,6.588645521E-1,5.029835150E0
3.981859012E1,1.509543871E-1,3.371016303E0,3.106698766E-1,3.388665506E0
3.982854512E1,3.619653799E-1,1.362565554E0,-1.795665309E-1,1.421213553E0
3.983850012E1,6.094456030E-1,-1.271069493E0,-8.226810229E-1,1.632129181E0
3.984845513E1,9.403210815E-1,-4.868360762E0,-1.597007619E0,5.209181661E0
3.985840913E1,1.487357123E0,-9.729218962E0,-2.354529317E0,1.011996745E1
3.986836413E1,2.453286743E0,-1.543547286E1,-2.701956838E0,1.586105322E1
3.987831912E1,3.651102318E0,-2.033941803E1,-2.347203048E0,2.079739974E1
3.988826979E1,4.616916163E0,-2.213149139E1,-1.621021841E0,2.266597754E1
3.989822479E1,4.644400708E0,-1.818689422E1,-4.742711699E-1,1.877654155E1
3.990817879E1,3.470318104E0,-1.252231050E1,4.820941597E-1,1.300322202E1
3.991813379E1,2.662380251E0,-9.740447370E0,5.699637777E-1,1.011382431E1
3.992808879E1,2.300116736E0,-8.567785347E0,1.276493955E-1,8.872078512E0
3.993804379E1,2.164642158E0,-8.388403881E0,-4.594180727E-1,8.675370903E0
3.994799779E1,2.163578988E0,-9.262167934E0,-9.296508631E-1,9.556834183E0
3.995795279E1,1.972491688E0,-1.037822072E1,-1.040148913E0,1.061508825E1
3.996790779E1,1.223743956E0,-1.069811955E1,-5.688498831E-1,1.078289856E1
3.997786279E1,2.639327896E-1,-9.979176321E0,-2.245272338E-2,9.982691255E0
3.998781679E1,-3.607441889E-1,-8.471313305E0,2.142115760E-1,8.481696298E0
3.999777179E1,-5.686982575E-1,-6.629046273E0,1.799644339E-1,6.655828978E0
4.000772679E1,-4.904442760E-1,-4.853749155E0,-2.217351884E-2,4.878514949E0
4.001768179E1,-3.393116585E-1,-3.244097224E0,-1.454749247E-1,3.265036318E0
4.002763579E1,-2.167860319E-1,-1.663722303E0,-1.235905507E-1,1.682332520E0
4.003759079E1,-1.231227735E-1,-7.502094626E-2,-8.985620946E-2,1.698867214E-1
4.004754579E1,-1.099461461E-1,1.493125108E0,-1.823547757E-1,1.508232081E0
4.005750079E1,-1.853941584E-1,3.058639331E0,-3.632401460E-1,3.085707205E0
4.006745479E1,-3.667841434E-1,4.571374247E0,-5.264192703E-1,4.616179195E0
4.007740979E1,-6.014217979E-1,5.957684174E0,-6.262847435E-1,6.020626336E0
4.008736479E1,-8.821347076E-1,7.253654619E0,-6.584770279E-1,7.336706276E0
4.009731979E1,-1.195191418E0,8.242560289E0,-6.296141481E-1,8.352526361E0
4.010727379E1,-1.496786635E0,8.944900936E0,-4.559202683E-1,9.080720581E0
4.011722879E1,-1.723613871E0,9.546228594E0,-3.147778380E-1,9.705689580E0
4.012718379E1,-2.013039644E0,9.881918414E0,-5.060799500E-1,1.009756194E1
4.013713879E1,-2.466451457E0,9.569329773E0,-1.174595770E0,9.951639579E0
4.014709379E1,-2.945223228E0,8.944455963E0,-2.438519307E0,9.727487278E0
4.015704779E1,-3.377669849E0,8.326746746E0,-4.090893334E0,9.873133912E0
4.016700279E1,-3.784966426E0,7.434366912E0,-5.753765452E0,1.013417975E1
4.017695779E1,-4.127138762E0,6.404507344E0,-6.723377649E0,1.016143669E1
4.018691279E1,-4.325105019E0,5.396516948E0,-6.710505003E0,9.636379299E0
4.019686679E1,-4.092268307E0,4.575086644E0,-6.071766860E0,8.633911657E0
4.020682179E1,-3.652474659E0,4.165862825E0,-5.472567004E0,7.787424082E0
4.021677679E1,-3.128677865E0,4.150317417E0,-4.847385045E0,7.107102196E0
4.022673179E1,-2.605333353E0,4.222152801E0,-3.986652682E0,6.364568780E0
4.023668579E1,-2.069016501E0,4.538025237E0,-3.477051466E0,6.079834638E0
4.024664079E1,-1.429237261E0,5.407218522E0,-2.918533320E0,6.308610626E0
4.025659579E1,-8.545182350E-1,6.238850462E0,-2.273892120E0,6.695075943E0
4.026655079E1,-4.893103547E-1,6.558870329E0,-1.888334906E0,6.842807416E0
4.027650479E1,-3.097434219E-1,6.674245250E0,-1.505102545E0,6.848855694E0
4.028645979E1,-1.960518235E-1,6.485280781E0,-9.221013768E-1,6.553439866E0
4.029641479E1,-3.393870145E-3,5.963605065E0,-1.998461366E-1,5.966953608E0
4.030636979E1,2.798132974E-1,5.426410253E0,3.759420526E-1,5.446609601E0
4.031632379E1,5.973885347E-1,4.929391075E0,9.963930291E-1,5.064441579E0
4.032627879E1,9.055350454E-1,4.251098272E0,1.623988134E0,4.639953415E0
4.033623379E1,1.161573144E0,3.004063759E0,1.859337394E0,3.718976578E0
4.034618879E1,1.415621288E0,1.009008982E0,1.693666187E0,2.427053339E0
4.035614279E1,1.797974374E0,-1.672334667E0,1.368634671E0,2.811152068E0
4.036609779E1,2.488500137E0,-5.497823467E0,8.569495073E-1,6.095330858E0
4.037605279E1,3.506911149E0,-1.108724708E1,-6.523913920E-2,1.162883183E1
4.038600779E1,4.710230416E0,-1.787917163E1,-1.353164985E0,1.853866512E1
4.039596179E1,5.539959088E0,-2.336352312E1,-2.530452155E0,2.414432743E1
4.040591679E1,5.390523552E0,-2.430512832E1,-2.939364318E0,2.506864315E1
4.041587179E1,4.049471366E0,-1.912107814E1,-1.711037680E0,1.961992603E1
4.042582679E1,2.587328607E0,-1.269793162E1,2.703971788E-1,1.296166855E1
4.043578179E1,1.741060501E0,-9.177514284E0,1.346230187E0,9.437711366E0
4.044573579E1,1.249056334E0,-7.406713675E0,1.588235041E0,7.677371929E0
4.045569079E1,9.153133442E-1,-6.827936974E0,1.115833519E0,6.978796908E0
4.046564579E1,6.813364251E-1,-6.862252529E0,3.952173990E-1,6.907309598E0
4.047560079E1,5.212836608E-1,-6.650736519E0,-2.313193595E-1,6.675143560E0
4.048555479E1,3.417901471E-1,-6.128956722E0,-4.671580321E-1,6.156229985E0
4.049550979E1,1.063485736E-1,-5.580299613E0,-3.606048059E-1,5.592949993E0
4.050546479E1,-5.577151034E-2,-4.907639433E0,-1.869726142E-1,4.911516469E0
4.051541979E1,9.287242256E-3,-3.881015714E0,-6.549115419E-2,3.881579359E0
4.052537379E1,1.839186135E-1,-2.729133527E0,-1.820568600E-1,2.741375670E0
4.053532879E1,3.420635409E-1,-1.609732037E0,-4.616859153E-1,1.709209929E0
4.054528379E1,3.740776679E-1,-5.069793248E-1,-7.287726930E-1,9.633648195E-1
4.055523879E1,3.112931898E-1,5.689703357E-1,-9.044765532E-1,1.112972834E0
4.056519279E1,2.008737116E-1,1.658321815E0,-9.897967851E-1,1.941669170E0
4.057514779E1,-2.697247490E-3,2.625944788E0,-9.457660818E-1,2.791069112E0
4.058510279E1,-2.515896097E-1,3.468254914E0,-8.112988329E-1,3.570755561E0
4.059505779E1,-5.166397291E-1,4.273070354E0,-6.009054887E-1,4.345933072E0
4.060501179E1,-7.531506852E-1,4.979407573E0,-3.397243989E-1,5.047489317E0
4.061496679E1,-9.722256828E-1,5.594137634E0,-1.405625327E-1,5.679732078E0
4.062492179E1,-1.110239633E0,6.119043937E0,-1.351523964E-1,6.220417745E0
4.063487679E1,-1.282096757E0,6.656459774E0,-3.040528750E-1,6.785622813E0
4.064483079E1,-1.581584272E0,6.900314979E0,-5.999264456E-1,7.104622957E0
4.065478579E1,-1.960864061E0,6.897911773E0,-9.785313933E-1,7.237658350E0
4.066474079E1,-2.329137052E0,6.822825338E0,-1.613053840E0,7.387676745E0
4.067469579E1,-2.631381822E0,6.682406793E0,-2.816071683E0,7.714207060E0
4.068464979E1,-2.950494786E0,6.656480239E0,-3.842527002E0,8.232810117E0
4.069460479E1,-3.328718714E0,6.329508033E0,-4.357552096E0,8.374443294E0
4.070455979E1,-3.672106978E0,5.856145520E0,-4.480730710E0,8.237460635E0
4.071451479E1,-3.807111002E0,5.840892473E0,-3.993402708E0,8.034760995E0
4.072446879E1,-3.633048747E0,6.238337077E0,-3.165564440E0,7.882682977E0
4.073442379E1,-3.184231092E0,6.559738056E0,-2.414806509E0,7.681196618E0
4.074437879E1,-2.700467552E0,6.700194608E0,-2.001018938E0,7.495946209E0
4.075433379E1,-2.246646434E0,6.758564438E0,-1.945609553E0,7.383157184E0
4.076428879E1,-1.820820908E0,6.659552951E0,-1.752067884E0,7.122834840E0
4.077424279E1,-1.429795524E0,6.387217128E0,-1.142283837E0,6.644220815E0
4.078419779E1,-1.088797747E0,6.083312187E0,-3.354768352E-1,6.189080094E0
4.079415279E1,-8.593910122E-1,5.704270526E0,3.386571358E-1,5.778576278E0
4.080410779E1,-8.231733584E-1,4.860770491E0,7.195010555E-1,4.982206932E0
4.081406179E1,-7.672402822E-1,4.034885779E0,9.376554090E-1,4.212856343E0
4.082401679E1,-6.194621392E-1,3.152514625E0,1.054074057E0,3.381294710E0
4.083397179E1,-4.377246468E-1,2.197540932E0,1.282641425E0,2.581851669E0
4.084392679E1,-1.707566407E-1,1.236803640E0,1.577996274E0,2.012191172E0
4.085388079E1,1.675982672E-1,3.416761994E-2,1.617387212E0,1.626406468E0
4.086383579E1,6.758570724E-1,-1.890095503E0,9.482640123E-1,2.220010907E0
4.087379079E1,1.442068391E0,-4.822237925E0,-4.772985658E-1,5.055823748E0
4.088374604E1,2.497415095E0,-8.619600449E0,-2.392488272E0,9.287550494E0
4.089370004E1,3.652701531E0,-1.316694147E1,-4.219616278E0,1.430089989E1
4.090365504E1,4.653071544E0,-1.807358220E1,-4.790182612E0,1.926788254E1
4.091361004E1,5.028396131E0,-2.087581820E1,-2.773931677E0,2.165131059E1
4.092356504E1,4.656626651E0,-1.783569642E1,1.298523340E0,1.847924244E1
4.093351904E1,3.549387370E0,-1.298838972E1,3.245808704E0,1.385033185E1
4.094347404E1,2.660034348E0,-1.141401054E1,2.716897058E0,1.203066702E1
4.095342904E1,2.567446027E0,-1.141400118E1,4.610845292E-1,1.170827917E1
4.096338404E1,2.503896733E0,-1.168302806E1,-2.583322095E0,1.222440987E1
4.097333804E1,2.042171642E0,-1.162310229E1,-4.905078937E0,1.277993628E1
4.098329304E1,1.247939662E0,-1.084904087E1,-5.475238597E0,1.221627107E1
4.099324804E1,3.634142834E-1,-9.532426826E0,-4.496288689E0,1.054589224E1
4.100320304E1,-1.305863240E-1,-8.088232972E0,-3.405209066E0,8.776788375E0
4.101315704E1,-1.033386462E-1,-6.599568704E0,-2.732283129E0,7.143553532E0
4.102311204E1,1.763175072E-1,-5.574522564E0,-2.351821471E0,6.052888064E0
4.103306704E1,5.424740069E-1,-5.041119087E0,-1.903864526E0,5.415889570E0
4.104302204E1,9.385161191E-1,-4.293442054E0,-1.308416536E0,4.585456467E0
4.105297604E1,1.138579187E0,-3.243031862E0,-7.511122727E-1,3.518208048E0
4.106293104E1,1.236906989E0,-2.008554829E0,-5.323502474E-1,2.418186963E0
4.107288604E1,1.204947716E0,-6.496168882E-1,-4.754604936E-1,1.449125178E0
4.108284104E1,1.069980896E0,8.901561373E-1,-5.501374774E-1,1.496625641E0
4.109279504E1,8.534518491E-1,2.639604469E0,-6.257805674E-1,2.843851812E0
4.110275004E1,4.410501411E-1,4.391898056E0,-5.133235538E-1,4.443736584E0
4.111270504E1,-1.244855402E-1,6.093400973E0,-2.948353243E-1,6.101799729E0
4.112266004E1,-7.250480166E-1,7.769185497E0,-1.725739919E-2,7.802963266E0
4.113261404E1,-1.251855104E0,9.340628797E0,2.278532763E-1,9.426897933E0
4.114256904E1,-1.610209316E0,1.034984302E1,2.394188496E-1,1.047708671E1
4.115252404E1,-1.793590278E0,1.056873470E1,-2.823854327E-2,1.071988417E1
4.116247904E1,-1.849997490E0,1.043672796E1,-1.432450891E-1,1.060039152E1
4.117243304E1,-1.936360281E0,1.041176971E1,-4.213503599E-2,1.059038313E1
4.118238804E1,-2.026177314E0,1.047009451E1,1.212502209E-1,1.066503517E1
4.119234304E1,-2.110230162E0,1.052131378E1,3.485841000E-1,1.073650902E1
4.120229804E1,-2.228497261E0,1.053669430E1,3.477099413E-1,1.077538997E1
4.121225204E1,-2.771322649E0,1.089496724E1,2.745974896E-1,1.124526318E1
4.122220704E1,-3.416165578E0,1.120525792E1,7.035182762E-1,1.173554133E1
4.123216204E1,-3.968087187E0,1.175496636E1,1.305068128E0,1.247510132E1
4.124211704E1,-3.693629702E0,1.190809207E1,7.933747780E-1,1.249299807E1
4.125207104E1,-2.874142721E0,1.188294203E1,-1.358267266E-1,1.222634273E1
4.126202604E1,-2.366014126E0,1.190051759E1,-1.573389838E0,1.223502748E1
4.127198104E1,-2.623348332E0,1.127953393E1,-4.760855609E0,1.252100588E1
4.128193604E1,-4.030349509E0,8.008053612E0,-6.645981563E0,1.115982575E1
4.129189004E1,-4.983864906E0,5.202476512E0,-4.556500100E0,8.524456840E0
4.130184504E1,-4.955043980E0,3.483236650E0,4.365901920E0,7.466357745E0
4.131180004E1,-4.893454965E0,1.277753445E0,1.139875983E1,1.247037614E1
4.132175504E1,-5.180218500E0,2.656833290E0,5.631461581E0,8.099801626E0
4.133171004E1,-4.953100950E0,3.277916935E0,3.840662617E0,7.073092520E0
4.134166404E1,-4.017955751E0,3.734182774E0,1.457921362E0,5.675704723E0
4.135161904E1,-1.828185914E0,4.375213026E0,-1.948164201E0,5.126411661E0
4.136157404E1,1.024388328E-1,3.631958826E0,-6.229621217E0,7.211781967E0
4.137152904E1,1.207079465E0,1.630322422E0,-1.206006238E1,1.222947655E1
4.138148304E1,2.559694373E0,2.405743325E-1,-1.781151467E1,1.799610975E1
4.139143804E1,4.700529301E0,2.573558414E-1,-1.847568937E1,1.906599868E1
4.140139304E1,6.536507068E0,1.395236871E0,-5.081923882E0,8.396342116E0
4.141134804E1,6.891172857E0,7.070716292E-1,1.273551636E1,1.449764086E1
4.142130204E1,4.501799690E0,-6.546162575E-1,1.241319561E1,1.322051997E1
4.143125704E1,3.525359992E0,-1.492849822E1,4.915875821E0,1.610757763E1
4.144121204E1,4.472558641E0,-3.522174429E1,-5.771082566E0,3.597054970E1
4.145116704E1,5.221649532E0,-4.067338177E1,-1.629726240E1,4.412698007E1
4.146112104E1,5.891186129E0,-3.282082141E1,-1.761101599E1,3.771021448E1
4.147107604E1,3.638993611E0,-2.054017633E1,-8.932415376E0,2.269205065E1
4.148103104E1,1.297795946E0,-1.107696767E1,-3.341799520E0,1.164264193E1
4.149098604E1,6.292945978E-1,-5.944468297E0,-2.306469297E-1,5.982132817E0
4.150094004E1,8.054981026E-1,-3.476763198E0,7.146873352E-1,3.639709812E0
4.151089504E1,1.587550917E0,-3.463310509E0,-5.278541771E-1,3.846227714E0
4.152085004E1,2.458254245E0,-5.358017710E0,-1.915584393E0,6.198453943E0
4.153080504E1,2.500488099E0,-6.530069869E0,-2.310670814E0,7.364336551E0
4.154075904E1,2.005748897E0,-5.934606968E0,-2.036615325E0,6.587138262E0
4.155071404E1,1.457440282E0,-4.399855531E0,-1.885332799E0,5.003732671E0
4.156066904E1,9.728635409E-1,-2.837877120E0,-1.852070182E0,3.525645186E0
4.157062404E1,5.291917276E-1,-1.333068690E0,-1.774651000E0,2.281776104E0
4.158057804E1,1.338800423E-1,3.404231411E-1,-1.578144794E0,1.619985423E0
4.159053304E1,-2.013332297E-1,2.119499899E0,-1.222646800E0,2.455133416E0
4.160048804E1,-5.381812370E-1,3.795775005E0,-8.108100057E-1,3.918540518E0
4.161044304E1,-8.484336224E-1,5.315268717E0,-3.611193609E-1,5.394657388E0
4.162039704E1,-1.044078535E0,6.758201326E0,6.030525132E-1,6.864914966E0
4.163035204E1,-1.144198362E0,8.101564039E0,1.958993829E0,8.413214997E0
4.164030704E1,-1.300980047E0,9.085158682E0,2.224039929E0,9.443463929E0
4.165026204E1,-1.485593749E0,9.852792263E0,2.265230055E0,1.021840356E1
4.166021604E1,-1.659740349E0,1.027889992E1,2.165205245E0,1.063478421E1
4.167017104E1,-1.711057706E0,1.023949670E1,2.062581933E0,1.058438734E1
4.168012604E1,-1.756074689E0,1.015811515E1,2.076542745E0,1.051585144E1
4.169008104E1,-1.786815256E0,1.016731867E1,2.205061036E0,1.055601117E1
4.170003504E1,-1.823530069E0,1.025084030E1,2.565440140E0,1.072317452E1
4.170999004E1,-1.850938892E0,1.038637174E1,2.998783139E0,1.096792565E1
4.171994504E1,-1.854495169E0,1.048819048E1,3.354188601E0,1.116655153E1
4.172990004E1,-1.846140082E0,1.048851558E1,3.370781829E0,1.117046832E1
4.173985404E1,-1.855766938E0,1.040124004E1,2.959962305E0,1.097228518E1
4.174980904E1,-1.824038338E0,1.034522138E1,2.648496330E0,1.083352454E1
4.175976404E1,-1.500797240E0,9.948990655E0,2.452312743E0,1.035609218E1
4.176971904E1,-1.494390007E0,8.909463885E0,2.012209485E0,9.255308489E0
4.177967304E1,-1.703732022E0,8.901835608E0,1.402653626E0,9.171304007E0
4.178962804E1,-1.642516937E0,8.761714101E0,9.362235720E-1,8.963370485E0
4.179958304E1,-1.485982296E0,8.415063676E0,5.861506248E-1,8.565337857E0
4.180953804E1,-1.383849273E0,7.739869897E0,-8.712712388E-1,7.910735642E0
4.181949204E1,-2.067451786E0,5.538345256E0,-3.351186348E0,6.795445166E0
4.182944704E1,-2.403312783E0,2.579644781E0,-4.559709052E0,5.763803099E0
4.183940204E1,-2.461153294E0,-2.063985264E-1,-4.343938608E0,4.996966932E0
4.184935704E1,-2.698447339E0,-9.573307049E-1,-2.831025352E0,4.026512718E0
4.185931104E1,-2.292476179E0,1.517823747E0,-2.803195822E0,3.926466959E0
4.186926604E1,-9.768558736E-1,4.323617780E0,-3.166858429E0,5.447651826E0
4.187922104E1,5.716366661E-1,4.223933278E0,-3.701660560E0,5.645411563E0
4.188917587E1,2.044316108E0,1.407730617E0,-4.856158208E0,5.453733251E0
4.189912988E1,4.238806255E0,-3.821358327E0,-7.498898538E0,9.423573485E0
4.190908488E1,7.523220617E0,-1.679080132E1,-1.060614402E1,2.123723495E1
4.191903988E1,9.439095908E0,-3.186635233E1,-9.644768211E0,3.460610490E1
4.192899488E1,8.275073732E0,-3.584306007E1,-4.329706193E0,3.703981852E1
4.193894888E1,6.854021988E0,-2.847576013E1,1.846933403E0,2.934719229E1
4.194890388E1,5.330394294E0,-1.953221224E1,5.185697926E0,2.090004501E1
4.195885888E1,3.627606159E0,-1.297087380E1,2.493310934E0,1.369743381E1
4.196881388E1,3.433470998E0,-8.819606214E0,-2.764490470E0,9.859847079E0
4.197876787E1,2.931548930E0,-7.533715199E0,-5.044716294E0,9.528903731E0
4.198872288E1,1.305362389E0,-7.439783188E0,-5.014846963E0,9.066588935E0
4.199867788E1,-5.041545349E-1,-6.961469838E0,-4.524213529E0,8.317736601E0
4.200863288E1,-1.874818044E0,-6.283482844E0,-3.823379125E0,7.590476091E0
4.201858687E1,-2.571409855E0,-5.643256000E0,-2.911107649E0,6.850768910E0
4.202854187E1,-2.394749975E0,-4.628262393E0,-1.829738789E0,5.523005002E0
4.203849688E1,-1.680855522E0,-3.208383601E0,-8.002136815E-1,3.709358779E0
4.204845188E1,-1.035604019E0,-1.723380859E0,-3.427579343E-2,2.010893359E0
4.205840588E1,-6.877280165E-1,-2.552292091E-1,5.677947530E-1,9.276328236E-1
4.206836087E1,-7.156208432E-1,1.135028758E0,1.257404111E0,1.838876987E0
4.207831587E1,-9.678192942E-1,2.442141657E0,2.082786694E0,3.352421584E0
4.208827087E1,-1.181671413E0,3.911961519E0,3.547729977E0,5.411670559E0
4.209822488E1,-1.543857598E0,5.318525616E0,3.647796887E0,6.631488003E0
4.210817988E1,-1.891009423E0,6.489721157E0,2.526585392E0,7.216372432E0
4.211813487E1,-2.123893497E0,7.627695158E0,1.841455293E0,8.129182899E0
4.212808987E1,-2.371278374E0,8.620245981E0,1.500372148E0,9.065468465E0
4.213804388E1,-2.551597441E0,9.324813248E0,1.332403861E0,9.759000546E0
4.214799888E1,-2.657999225E0,9.689496487E0,1.191433412E0,1.011784639E1
4.215795388E1,-2.686816642E0,9.721918713E0,1.075763792E0,1.014356717E1
4.216790888E1,-2.718154210E0,9.638653777E0,9.733919100E-1,1.006178417E1
4.217786288E1,-2.781055048E0,9.599068712E0,9.081088436E-1,1.003499123E1
4.218781788E1,-2.857131124E0,9.637069767E0,9.325361717E-1,1.009484699E1
4.219777288E1,-2.939867179E0,9.716380815E0,9.746595132E-1,1.019808003E1
4.220772788E1,-3.020027828E0,9.680637955E0,8.881230605E-1,1.017959144E1
4.221768188E1,-3.123801872E0,9.496253611E0,6.447128284E-1,1.001761575E1
4.222763688E1,-3.083515141E0,9.156450275E0,3.448547459E-1,9.667862848E0
4.223759188E1,-3.027289485E0,8.830675578E0,1.762327409E-1,9.336828732E0
4.224754688E1,-3.083039178E0,8.008182836E0,-1.884873354E-1,8.583219115E0
4.225750087E1,-1.930527537E0,3.051753066E0,-1.045331300E0,3.759368414E0
4.226745588E1,-8.032048246E-1,-3.922352605E0,-3.371001685E0,5.233893418E0
4.227741088E1,5.660815188E-1,-1.104884724E1,-7.060806431E0,1.312449851E1
4.228736588E1,1.860739849E0,-1.438551875E1,-7.129712359E0,1.616286797E1
4.229731987E1,2.272787289E0,-8.757467269E0,-4.053051324E0,9.913930606E0
4.230727487E1,1.120313070E0,-1.676131849E0,-1.213542831E0,2.353126761E0
4.231722987E1,7.669734299E-2,2.372199603E0,9.337629175E-1,2.550514972E0
4.232718488E1,-5.605613087E-1,5.328659425E0,2.710925882E0,6.004828007E0
4.233713888E1,-1.024044366E0,7.725373480E0,4.329471427E0,8.914840722E0
4.234709387E1,-1.259505747E0,9.518229786E0,5.370043094E0,1.100092795E1
4.235704887E1,-1.236587877E0,1.051717746E1,4.715292351E0,1.159198660E1
4.236700387E1,-1.022341364E0,1.082440187E1,3.243779136E0,1.134614299E1
4.237695788E1,-7.048745379E-1,1.080397521E1,1.853905623E0,1.098452067E1
4.238691288E1,-5.340935947E-1,1.049943116E1,9.486198154E-1,1.055571837E1
4.239686788E1,-2.426144260E-1,9.966326480E0,3.505712762E-1,9.975441117E0
4.240682287E1,3.722077283E-1,9.039722893E0,-2.467513311E-1,9.050746643E0
4.241677688E1,1.164272438E0,6.685749062E0,-1.697989910E0,6.995565778E0
4.242673188E1,2.558998262E0,1.131327471E0,-4.801286767E0,5.557043150E0
4.243668688E1,4.398590486E0,-1.075317927E1,-1.109205583E1,1.606275709E1
4.244664188E1,6.509286525E0,-2.712974278E1,-1.557168258E1,3.195107280E1
4.245659588E1,7.548049648E0,-3.908193339E1,-1.147809719E1,4.142604599E1
4.246655088E1,6.937431934E0,-3.828687578E1,-3.882372268E0,3.910352457E1
4.247650588E1,5.645121846E0,-2.862279656E1,1.448162359E0,2.921008486E1
4.248646088E1,3.848886434E0,-1.791076531E1,3.571894180E0,1.866461542E1
4.249641488E1,2.272582344E0,-1.082757691E1,4.402883512E0,1.190741094E1
4.250636988E1,1.054442286E0,-6.463383543E0,4.891301143E0,8.173860914E0
4.251632488E1,3.581793809E-1,-4.112832672E0,3.463791442E0,5.389019968E0
4.252627988E1,9.658289020E-1,-2.545254382E0,6.909186959E-2,2.723218504E0
4.253623387E1,1.200475181E0,-1.496552162E0,-3.223462400E0,3.751202325E0
4.254618887E1,5.431041540E-1,-9.691976291E-1,-5.213377476E0,5.330441902E0
4.255614388E1,-6.944445670E-1,-5.013092798E-1,-4.932835085E0,5.006638216E0
4.256609888E1,-1.752663715E0,-1.642149585E-1,-3.537758428E0,3.951522662E0
4.257605287E1,-2.070669947E0,-1.712573451E-1,-2.398482252E0,3.173282248E0
4.258600787E1,-2.066976261E0,-1.885955089E-1,-1.242985901E0,2.419291855E0
4.259596287E1,-1.924484440E0,-1.743639708E-2,-2.751895568E-1,1.944138287E0
4.260591688E1,-1.670185669E0,3.418194562E-1,4.017928854E-1,1.751513126E0
4.261587188E1,-1.491971599E0,1.087397924E0,6.827594912E-1,1.968393767E0
4.262582688E1,-1.403557605E0,2.160903448E0,8.810679562E-1,2.723189014E0
4.263578187E1,-1.380324717E0,3.334101661E0,1.017646050E0,3.749284424E0
4.264573588E1,-1.418324748E0,4.488840213E0,1.136427412E0,4.842808980E0
4.265569088E1,-1.488032768E0,5.733299028E0,1.218236976E0,6.047235781E0
4.266564588E1,-1.576311399E0,6.904046087E0,1.271492246E0,7.194949794E0
4.267560088E1,-1.755113114E0,7.897733610E0,1.058536652E0,8.159357699E0
4.268555488E1,-1.995243643E0,8.688957197E0,7.328421358E-1,8.945168079E0
4.269550988E1,-2.244630899E0,9.247006103E0,5.210874867E-1,9.529796531E0
4.270546488E1,-2.431952592E0,9.622283328E0,3.959500186E-1,9.932749179E0
4.271541988E1,-2.529030113E0,9.793890921E0,2.798558907E-1,1.011902228E1
4.272537388E1,-2.592675008E0,9.849290950E0,1.148112488E-1,1.018546403E1
4.273532888E1,-2.672049207E0,9.784381594E0,-2.834612747E-2,1.014272023E1
4.274528388E1,-2.679615211E0,9.382334062E0,-9.565109253E-2,9.757954666E0
4.275523888E1,-2.381110759E0,8.526005237E0,-2.191431359E-1,8.854969083E0
4.276519287E1,-1.730746012E0,6.542011637E0,-4.239769292E-1,6.780350614E0
4.277514787E1,-7.510269034E-1,3.036808167E0,-9.465940475E-1,3.268376592E0
4.278510288E1,1.326012562E-1,-1.980982869E0,-2.324008605E0,3.056614503E0
4.279505788E1,1.032181936E0,-7.568154715E0,-4.218619328E0,8.725772996E0
4.280501187E1,1.064499350E0,-1.018530237E1,-4.606207280E0,1.122901103E1
4.281496687E1,5.625445381E-1,-6.539672751E0,-3.482437921E0,7.430420575E0
4.282492187E1,1.095692199E-1,9.780871511E-2,-1.198257040E0,1.207224872E0
4.283487688E1,-5.006051289E-1,4.081969898E0,3.456265052E-1,4.127049967E0
4.284483088E1,-1.173618773E0,6.373598962E0,4.691067629E-1,6.497707743E0
4.285478588E1,-1.730912512E0,7.771898605E0,-1.445702143E-1,7.963627729E0
4.286474087E1,-2.092648608E0,8.632821588E0,-1.665918517E-1,8.884398663E0
4.287469587E1,-2.397256091E0,9.204337801E0,7.305629642E-1,9.539412632E0
4.288464988E1,-2.748550960E0,9.531381344E0,2.187844202E0,1.015817035E1
4.289460475E1,-3.051111626E0,9.782585914E0,3.766809068E0,1.091774335E1
4.290455975E1,-3.191876619E0,9.680577144E0,4.688156300E0,1.121964615E1
4.291451475E1,-2.825263506E0,9.189687018E0,4.090427019E0,1.044816034E1
4.292446875E1,-1.690235771E0,8.314178156E0,2.220342150E0,8.769970047E0
4.293442375E1,-2.457939957E-1,7.147798966E0,2.059778193E-1,7.154989281E0
4.294437875E1,5.901242463E-1,5.538666853E0,-2.163466868E0,5.975421828E0
4.295433375E1,1.597990390E0,2.093130126E0,-5.055334253E0,5.700102755E0
4.296428775E1,3.436867061E0,-4.415904384E0,-9.012767814E0,1.060859323E1
4.297424275E1,5.956795397E0,-1.630079763E1,-1.275253175E1,2.153663114E1
4.298419775E1,7.765174892E0,-2.910946733E1,-1.082859432E1,3.201433249E1
4.299415275E1,8.467913734E0,-3.409156404E1,-3.890685840E0,3.534229390E1
4.300410675E1,8.371338197E0,-2.880130737E1,2.380754079E0,3.008758215E1
4.301406175E1,6.967167950E0,-2.046570853E1,5.007461929E0,2.219146975E1
4.302401675E1,4.337376863E0,-1.426991696E1,4.549346616E0,1.559294465E1
4.303397175E1,3.071100333E0,-1.053019687E1,9.600882518E-1,1.101083434E1
4.304392575E1,2.445693256E0,-8.926840056E0,-2.141395383E0,9.500287526E0
4.305388075E1,1.906125206E0,-8.590973065E0,-5.043723437E0,1.014284367E1
4.306383575E1,1.034079357E0,-8.745126720E0,-7.205563610E0,1.137834383E1
4.307379075E1,-1.960711741E-1,-8.180554075E0,-7.183532470E0,1.088866602E1
4.308374475E1,-1.122386639E0,-6.971186156E0,-5.739542685E0,9.099425170E0
4.309369975E1,-1.585546784E0,-5.635458738E0,-4.459981281E0,7.359605072E0
4.310365475E1,-1.751867471E0,-4.095318507E0,-3.174029747E0,5.469473297E0
4.311360875E1,-1.716757134E0,-2.495596318E0,-1.959326975E0,3.607522451E0
4.312356375E1,-1.664500567E0,-9.863814265E-1,-1.187286494E0,2.270057196E0
4.313351875E1,-1.584501594E0,5.525051612E-1,-7.442945655E-1,1.835723741E0
4.314347375E1,-1.542619012E0,2.211823926E0,-4.982539634E-1,2.742279254E0
4.315342775E1,-1.609695492E0,3.807513875E0,-3.184639227E-1,4.146046400E0
4.316338275E1,-1.779287989E0,5.325613611E0,-7.037357926E-2,5.615423272E0
4.317333775E1,-1.978555836E0,6.708003564E0,1.075279570E-1,6.994537674E0
4.318329275E1,-2.166703886E0,7.900764806E0,1.399286580E-1,8.193672576E0
4.319324675E1,-2.331492164E0,8.933521085E0,1.086143696E-1,9.233387881E0
4.320320175E1,-2.472219735E0,9.663576949E0,1.196351834E-1,9.975515147E0
4.321315675E1,-2.570822209E0,9.899851824E0,1.123425452E-1,1.022882270E1
4.322311175E1,-2.625406845E0,9.897691863E0,8.262584408E-2,1.024030724E1
4.323306575E1,-2.690578448E0,9.956000297E0,-5.997838100E-2,1.031332884E1
4.324302075E1,-2.715121259E0,1.005324651E1,-2.739028770E-1,1.041703756E1
4.325297575E1,-2.834460884E0,1.015774561E1,-5.451996499E-1,1.055988670E1
4.326293075E1,-2.874012913E0,1.026715169E1,-8.126021773E-1,1.069273942E1
4.327288475E1,-2.903132046E0,1.040289597E1,-9.264223961E-1,1.084004976E1
4.328283975E1,-2.736136152E0,1.042880382E1,-1.462199770E0,1.088046039E1
4.329279475E1,-2.414822589E0,9.597075981E0,-2.068675316E0,1.011012626E1
4.330274975E1,-2.466947885E0,8.463192692E0,-2.385493248E0,9.132471760E0
4.331270375E1,-2.527005807E0,7.988868898E0,-3.070510933E0,8.923890519E0
4.332265875E1,-2.553700393E0,7.380477803E0,-3.796066781E0,8.683487854E0
4.333261375E1,-2.480721002E0,6.009611542E0,-3.795870899E0,7.528482148E0
4.334256875E1,-2.026780747E0,-2.902405822E-1,-4.280665888E0,4.745121730E0
4.335252275E1,-2.449799756E0,-5.145815822E0,-5.587506891E0,7.981301434E0
4.336247775E1,-1.809943625E0,-9.611129764E0,-4.410333157E0,1.072850175E1
4.337243275E1,6.613265222E-1,-8.555947074E0,-4.633596808E-1,8.593967960E0
4.338238775E1,2.474074179E0,-5.100549603E0,3.641331328E0,6.737651158E0
4.339234175E1,2.881144761E0,-9.603858751E-1,4.112735023E0,5.112526336E0
4.340229675E1,1.646142064E0,1.589542771E0,1.816434180E0,2.921619936E0
4.341225175E1,7.004555047E-2,2.494832087E0,5.490020943E-1,2.555483677E0
4.342220575E1,-1.123947407E0,3.024062991E0,5.383554840E-1,3.270786049E0
4.343216075E1,-2.192452247E0,3.428645291E0,1.100924288E0,4.215980274E0
4.344211575E1,-2.982934553E0,3.667052645E0,2.086685617E0,5.167149167E0
4.345207075E1,-3.620016473E0,3.635325653E0,2.961272373E0,5.923617639E0
4.346202475E1,-4.622078378E0,3.732091810E0,4.220624923E0,7.287372129E0
4.347197975E1,-6.083009301E0,4.024903997E0,4.338589575E0,8.486825900E0
4.348193475E1,-4.666786188E0,4.348746774E0,3.101798215E0,7.093070139E0
4.349188975E1,-1.154806088E0,4.141613837E0,2.122572026E0,4.794982198E0
4.350184375E1,1.121437490E-1,2.903113920E0,3.950145006E-2,2.905547628E0
4.351179875E1,1.473284921E0,7.823995543E-1,-2.426309736E0,2.944434828E0
4.352175375E1,4.332122555E0,-3.172838961E0,-4.532396708E0,7.026863655E0
4.353170875E1,8.197452528E0,-9.807639479E0,-6.737572349E0,1.444932183E1
4.354166275E1,1.128103901E1,-1.956223185E1,-8.659587218E0,2.418535108E1
4.355161775E1,1.138259579E1,-2.736913013E1,-4.613652247E0,2.999864260E1
4.356157275E1,9.292917856E0,-2.441039457E1,2.004487214E0,2.619625268E1
4.357152775E1,6.200048924E0,-1.592796045E1,3.083954559E0,1.736811177E1
4.358148175E1,3.633203114E0,-1.099346709E1,1.803611967E0,1.171791362E1
4.359143675E1,2.155799706E0,-8.864255553E0,1.545623749E-2,9.122649712E0
4.360139175E1,1.436627703E0,-7.992673681E0,-1.699343833E0,8.296656024E0
4.361134675E1,1.380475722E0,-7.109985607E0,-3.688952222E0,8.128097997E0
4.362130075E1,1.491394625E0,-6.061921903E0,-5.285845528E0,8.179933864E0
4.363125575E1,1.351426462E0,-4.872430424E0,-5.647619192E0,7.580404624E0
4.364121075E1,8.862633535E-1,-3.151099014E0,-4.839622282E0,5.842673323E0
4.365116575E1,2.962610216E-1,-1.545039613E0,-3.572363420E0,3.903421371E0
4.366111975E1,-2.269871575E-1,-2.092303330E-1,-2.274461639E0,2.295316154E0
4.367107475E1,-6.158676365E-1,1.144039317E0,-1.122090039E0,1.716742544E0
4.368102975E1,-8.813138317E-1,2.432952758E0,-2.823934726E-1,2.603021181E0
4.369098475E1,-1.069872942E0,3.739316044E0,2.996839086E-1,3.900887468E0
4.370093875E1,-1.244637739E0,4.967098015E0,8.128974617E-1,5.184784284E0
4.371089375E1,-1.432755677E0,6.098827189E0,1.695708911E0,6.490293570E0
4.372084875E1,-1.620132333E0,7.080656558E0,2.282480510E0,7.613819236E0
4.373080275E1,-1.817851838E0,7.912448128E0,2.456764959E0,8.482164508E0
4.374075775E1,-2.038543590E0,8.566522933E0,2.373255025E0,9.119940491E0
4.375071275E1,-2.226851563E0,9.033733590E0,2.042052505E0,9.525607009E0
4.376066775E1,-2.295726500E0,9.322445710E0,1.572315120E0,9.728850344E0
4.377062175E1,-2.306485231E0,9.473619624E0,1.115962230E0,9.814006042E0
4.378057675E1,-2.275937038E0,9.532523890E0,7.653502429E-1,9.830293083E0
4.379053175E1,-2.224602870E0,9.516805404E0,6.525012466E-1,9.795111072E0
4.380048675E1,-2.152790291E0,9.381964518E0,6.884301940E-1,9.650373070E0
4.381044075E1,-2.052363046E0,8.939753047E0,7.390741713E-1,9.202043754E0
4.382039575E1,-1.782333219E0,8.065109573E0,7.512724864E-1,8.293799761E0
4.383035075E1,-1.336472208E0,6.785645818E0,6.648963205E-1,6.947894231E0
4.384030575E1,-5.613486363E-1,4.973149883E0,2.172021344E-2,5.004778099E0
4.385025975E1,4.093841793E-1,1.675392176E0,-1.882712224E0,2.553260595E0
4.386021475E1,1.547073713E0,-3.707211907E0,-3.619012506E0,5.406857564E0
4.387016975E1,2.726505788E0,-9.683965021E0,-4.149606396E0,1.088265802E1
4.388012475E1,3.268979758E0,-1.376356680E1,-2.606210436E0,1.438451711E1
4.389007938E1,2.738122451E0,-1.135490454E1,1.012824436E0,1.172420509E1
4.390003438E1,1.133362740E0,-4.095123795E0,2.798214287E0,5.087686428E0
4.390998938E1,-1.664912796E-1,4.327851748E-1,2.576008690E0,2.617411531E0
4.391994437E1,-9.315843911E-1,2.907623293E0,2.504115711E0,3.948761602E0
4.392989838E1,-1.590484611E0,4.571561943E0,3.271794608E0,5.842384774E0
4.393985338E1,-2.334643667E0,5.645117168E0,4.710024886E0,7.713769722E0
4.394980838E1,-3.172559465E0,6.274621389E0,5.607861049E0,8.993559511E0
4.395976338E1,-3.627160016E0,6.659309122E0,5.871329570E0,9.590370101E0
4.396971738E1,-4.037534568E0,6.799242348E0,5.507887110E0,9.636814946E0
4.397967238E1,-3.718945515E0,6.467299424E0,4.195048909E0,8.558910733E0
4.398962738E1,-1.987969999E0,5.796039652E0,1.959471255E0,6.433166247E0
4.399958137E1,-6.502337694E-1,5.210748568E0,-9.416718614E-1,5.334927411E0
4.400953638E1,-2.509256583E-1,4.237871870E0,-3.590828634E0,5.560267256E0
4.401949138E1,3.400894113E-1,2.855559685E0,-5.338017894E0,6.063358554E0
4.402944638E1,1.413791402E0,7.560613561E-1,-6.324956560E0,6.524991218E0
4.403940037E1,3.056642507E0,-2.992862248E0,-7.207528274E0,8.381452838E0
4.404935537E1,5.577793497E0,-9.620494664E0,-7.763907216E0,1.356259389E1
4.405931037E1,6.943774409E0,-1.859592801E1,-5.330841022E0,2.055340379E1
4.406926538E1,6.030832257E0,-2.515008139E1,2.970218321E0,2.603305069E1
4.407921938E1,3.880883860E0,-2.388501289E1,9.908044943E0,2.614812527E1
4.408917437E1,3.252737655E0,-1.586450997E1,4.047319883E0,1.669262643E1
4.409912937E1,3.173456427E0,-1.093158952E1,-1.966489814E0,1.155151753E1
4.410908437E1,1.951473579E0,-9.262481929E0,-5.358345155E0,1.087720936E1
4.411903838E1,6.407123096E-1,-7.947873484E0,-7.738992230E0,1.111175980E1
4.412899338E1,-3.393150938E-1,-6.039632902E0,-8.956777800E0,1.080815289E1
4.413894838E1,-1.144719933E0,-4.136853034E0,-7.824967350E0,8.924911808E0
4.414890337E1,-1.606971420E0,-2.493063304E0,-5.877370913E0,6.583404183E0
4.415885738E1,-1.549854941E0,-1.158213553E0,-4.241776056E0,4.662206890E0
4.416881238E1,-1.367998056E0,-1.134184420E-1,-2.763871250E0,3.085979052E0
4.417876738E1,-1.171215860E0,8.687582517E-1,-1.573434277E0,2.145269893E0
4.418872238E1,-9.321546409E-1,1.821003633E0,-6.633338714E-1,2.150576279E0
4.419867638E1,-5.277199835E-1,2.905801300E0,7.803718130E-1,3.054693069E0
4.420863138E1,1.213531137E-1,4.196270685E0,3.728231478E0,5.614545769E0
4.421858638E1,1.220422080E-1,5.153421296E0,4.196853068E0,6.647271698E0
4.422854037E1,-3.597978902E-1,5.848320192E0,3.275648800E0,6.712836855E0
4.423849538E1,-9.619090748E-1,6.543214409E0,2.473728901E0,7.061038065E0
4.424845038E1,-1.514794597E0,7.207034184E0,1.779246912E0,7.576388584E0
4.425840538E1,-1.924196464E0,7.734147812E0,1.167153288E0,8.054925276E0
4.426835937E1,-2.193320997E0,8.196965455E0,6.625118259E-1,8.511158652E0
4.427831437E1,-2.429075762E0,8.581009410E0,4.054670564E-1,8.927403603E0
4.428826937E1,-2.619030164E0,8.867929358E0,4.774101014E-1,9.258909791E0
4.429822438E1,-2.762600358E0,9.034759777E0,6.601168795E-1,9.470723270E0
4.430817838E1,-2.853038365E0,9.128700559E0,7.975028392E-1,9.597344038E0
4.431813337E1,-2.932065239E0,9.113658012E0,8.678659666E-1,9.612957935E0
4.432808837E1,-2.968730789E0,8.772508646E0,9.348013830E-1,9.308282552E0
4.433804337E1,-2.739228160E0,7.999090415E0,8.714889014E-1,8.499900663E0
4.434799738E1,-2.310165907E0,6.519259536E0,6.118538884E-1,6.943484471E0
4.435795238E1,-1.821695943E0,4.008125997E0,2.402913272E-1,4.409239168E0
4.436790738E1,-8.177904117E-1,-1.598277926E-2,-4.797078379E-1,9.482384808E-1
4.437786237E1,7.486114186E-1,-5.778538935E0,-1.852707675E0,6.114283033E0
4.438781638E1,2.197980058E0,-1.160718266E1,-3.506814963E0,1.232296867E1
4.439777138E1,2.980356224E0,-1.423231703E1,-4.203149350E0,1.513630852E1
4.440772638E1,2.959386062E0,-1.068848334E1,-2.536885847E0,1.137705726E1
4.441768038E1,2.522803705E0,-4.731717179E0,2.338231227E0,5.849872757E0
4.442763538E1,1.934086445E0,-7.924637818E-1,6.608731291E0,6.931379264E0
4.443759038E1,5.721570683E-1,1.398476229E0,6.371765860E0,6.548473078E0
4.444754538E1,-4.706602219E-1,2.892112969E0,4.726665770E0,5.561223585E0
4.445749937E1,-9.122173896E-1,4.377013968E0,3.709865373E0,5.809775635E0
4.446745438E1,-1.426837271E0,5.886849250E0,3.567988533E0,7.030035623E0
4.447740938E1,-2.123665602E0,7.325501112E0,3.596198717E0,8.432411716E0
4.448736438E1,-2.763470716E0,8.353018286E0,3.259986156E0,9.382813790E0
4.449731837E1,-3.038647701E0,9.261502520E0,2.618276457E0,1.009277863E1
4.450727337E1,-3.019551280E0,9.963264878E0,1.664712529E0,1.054303584E1
4.451722837E1,-2.855662011E0,1.006636532E1,8.855230960E-1,1.050098412E1
4.452718338E1,-2.629837572E0,9.794136504E0,3.926761991E-1,1.014866248E1
4.453713738E1,-2.389850154E0,9.232513779E0,-5.669489533E-1,9.553644622E0
4.454709237E1,-1.910247931E0,8.034763693E0,-2.000825980E0,8.497633751E0
4.455704737E1,-1.062644760E0,5.961739218E0,-3.534536320E0,7.011739826E0
4.456700237E1,3.741387713E-1,3.402782471E0,-5.246490258E0,6.264548539E0
4.457695638E1,2.250612747E0,-1.434016190E0,-7.508181578E0,7.968340528E0
4.458691138E1,4.722705158E0,-1.159588467E1,-9.021976594E0,1.543258070E1
4.459686638E1,7.381830264E0,-2.408771247E1,-7.567748333E0,2.630551510E1
4.460682137E1,1.029600887E1,-3.136701415E1,-9.744688940E-1,3.302797246E1
4.461677538E1,1.173142547E1,-2.955604726E1,6.956890883E0,3.255126117E1
4.462673038E1,8.166001525E0,-2.030253613E1,4.308794211E0,2.230341368E1
4.463668538E1,4.117942846E0,-1.142254279E1,1.877424002E-1,1.214360673E1
4.464663938E1,2.105640244E0,-6.252209596E0,-1.987174778E0,6.890044214E0
4.465659438E1,9.107305889E-1,-4.284898687E0,-3.337372886E0,5.507072248E0
4.466654938E1,4.775249992E-1,-3.669047130E0,-4.875153180E0,6.120216949E0
4.467650438E1,-9.108090878E-2,-3.110334565E0,-5.609597672E0,6.414831477E0
4.468645837E1,-9.143685803E-1,-2.826820035E0,-4.773631775E0,5.622681010E0
4.469641338E1,-1.317633210E0,-2.603887922E0,-3.315725616E0,4.417060781E0
4.470636838E1,-1.206456006E0,-2.069787456E0,-1.863477223E0,3.035144736E0
4.471632338E1,-1.063500354E0,-1.276275269E0,-6.670567936E-1,1.790216839E0
4.472627737E1,-1.024161895E0,-4.142266971E-1,2.407019480E-1,1.130676245E0
4.473623237E1,-9.928304668E-1,4.383207339E-1,8.823878190E-1,1.398730018E0
4.474618737E1,-1.033662889E0,1.300792059E0,1.472245871E0,2.219915957E0
4.475614238E1,-1.033754691E0,2.301958171E0,2.695274932E0,3.692176477E0
4.476609638E1,-1.089284236E0,3.432334299E0,3.762696136E0,5.208199411E0
4.477605137E1,-1.427213247E0,4.279118130E0,2.792622010E0,5.305330085E0
4.478600637E1,-1.626535766E0,5.148233061E0,1.968977512E0,5.746894352E0
4.479596038E1,-1.782226945E0,6.008402338E0,1.326744926E0,6.406050549E0
4.480591538E1,-1.915177719E0,6.822548765E0,9.542082918E-1,7.150216137E0
4.481587038E1,-2.088110876E0,7.512098043E0,8.502344187E-1,7.843132193E0
4.482582538E1,-2.240825239E0,8.045344815E0,8.720269914E-1,8.396981720E0
4.483577938E1,-2.358858303E0,8.408259856E0,9.409223945E-1,8.783415124E0
4.484573438E1,-2.437175325E0,8.625070519E0,1.021406979E0,9.020805798E0
4.485568938E1,-2.473431570E0,8.723069853E0,1.140238700E0,9.138378176E0
4.486564438E1,-2.463300392E0,8.669766051E0,1.261368377E0,9.100755044E0
4.487559838E1,-2.368338394E0,8.161226689E0,1.322607436E0,8.600228964E0
4.488555338E1,-2.192291887E0,7.174435372E0,1.186603685E0,7.595175767E0
4.489550854E1,-1.968422465E0,5.673563873E0,9.508823224E-1,6.080147301E0
4.490546354E1,-1.592861066E0,3.521356403E0,6.791014731E-1,3.924071368E0
4.491541754E1,-6.601053312E-1,3.412540305E-1,7.930936731E-2,7.473174275E-1
4.492537254E1,4.838629425E-1,-4.268272714E0,-8.050271825E-1,4.370394041E0
4.493532754E1,1.795237877E0,-9.003398235E0,-7.789181951E-1,9.213618853E0
4.494528154E1,2.643909481E0,-1.055447101E1,-1.940432867E-1,1.088231448E1
4.495523654E1,2.021916009E0,-6.399921958E0,9.796366632E-1,6.782833730E0
4.496519154E1,6.233687371E-1,-1.021389291E0,2.557370982E0,2.823467904E0
4.497514654E1,-2.762031716E-1,2.282559448E0,3.191998533E0,3.933855673E0
4.498510054E1,-7.905401941E-1,4.653913543E0,2.770137419E0,5.473346909E0
4.499505554E1,-1.150889477E0,6.734898418E0,2.010575919E0,7.122206035E0
4.500501054E1,-1.609384420E0,8.419222215E0,1.365748339E0,8.679786256E0
4.501496554E1,-1.961945212E0,9.439245012E0,5.055645910E-1,9.654230729E0
4.502491954E1,-2.129278783E0,1.018579938E1,-1.051481402E-1,1.040650726E1
4.503487454E1,-2.163001283E0,1.067400213E1,-4.246154451E-1,1.089922907E1
4.504482954E1,-2.166957948E0,1.082761901E1,-8.377706400E-1,1.107406428E1
4.505478454E1,-2.089527656E0,1.069672558E1,-8.089991230E-1,1.092888574E1
4.506473854E1,-2.029237893E0,1.016126329E1,-7.413216949E-2,1.036217032E1
4.507469354E1,-1.872011527E0,9.043204325E0,3.352024546E-1,9.241013598E0
4.508464854E1,-1.217683244E0,8.332541336E0,8.351870477E-2,8.421459077E0
4.509460254E1,-3.678747953E-1,6.840390959E0,-8.325183785E-1,6.900678748E0
4.510455754E1,1.191623666E0,-2.501848161E-1,-2.715979046E0,2.976424294E0
4.511451254E1,3.405886758E0,-1.283592124E1,-5.326351529E0,1.430842267E1
4.512446754E1,5.825266959E0,-2.856847125E1,-5.382543272E0,2.964899756E1
4.513442154E1,8.739786458E0,-3.628460203E1,-2.826310450E0,3.742918971E1
4.514437654E1,1.043051237E1,-3.035578732E1,-1.492025540E0,3.213246881E1
4.515433154E1,7.807223389E0,-2.273394171E1,-3.567035437E-2,2.403718193E1
4.516428654E1,3.811821811E0,-1.563470153E1,1.962568232E-1,1.609386201E1
4.517424054E1,1.586842234E0,-1.016186439E1,-4.364835387E-1,1.029427385E1
4.518419554E1,5.469381733E-1,-7.102083680E0,-1.366321220E0,7.252969574E0
4.519415054E1,-6.934125334E-2,-5.950770426E0,-2.601136807E0,6.494797115E0
4.520410554E1,-8.374186376E-1,-6.363094440E0,-3.934983176E0,7.528235744E0
4.521405954E1,-1.722365637E0,-7.008518874E0,-4.437109897E0,8.471943368E0
4.522401454E1,-2.105461611E0,-6.694633906E0,-3.846301380E0,8.002819880E0
4.523396954E1,-1.849042933E0,-5.822572562E0,-2.651691833E0,6.659788329E0
4.524392454E1,-1.350386388E0,-4.748088214E0,-1.405096154E0,5.132463374E0
4.525387854E1,-9.044904403E-1,-3.429841631E0,-2.365991029E-1,3.554981815E0
4.526383354E1,-6.973615967E-1,-2.012812772E0,5.807451662E-1,2.207938722E0
4.527378854E1,-6.960335478E-1,-4.898417205E-1,1.048251108E0,1.350273304E0
4.528374254E1,-8.904927908E-1,9.855739260E-1,1.211427893E0,1.797746065E0
4.529369754E1,-1.197222229E0,2.398502133E0,1.225801226E0,2.947667246E0
4.530365254E1,-1.515006997E0,3.755464300E0,1.092426091E0,4.194300070E0
4.531360754E1,-1.788837954E0,5.162041846E0,8.063430253E-1,5.522391359E0
4.532356154E1,-2.014007796E0,6.537757203E0,4.807077849E-1,6.857811358E0
4.533351654E1,-2.213492429E0,7.768558676E0,2.056921828E-1,8.080368921E0
4.534347154E1,-2.397167798E0,8.854167352E0,5.285064340E-2,9.173084876E0
4.535342654E1,-2.512208258E0,9.599190919E0,2.466830648E-2,9.922513046E0
4.536338054E1,-2.560146071E0,1.003792213E1,-1.498751007E-2,1.035926895E1
4.537333554E1,-2.539381438E0,1.019304642E1,-1.822658980E-1,1.050618267E1
4.538329054E1,-2.550923257E0,1.015460215E1,-2.792244279E-1,1.047383027E1
4.539324454E1,-2.616038143E0,1.005534800E1,-4.144459677E-1,1.039833854E1
4.540319954E1,-2.690852975E0,9.586576136E0,-6.434059757E-1,9.977830575E0
4.541315454E1,-2.485673009E0,8.713524858E0,-1.382304000E0,9.165961494E0
4.542310954E1,-2.245494825E0,7.677953730E0,-2.319755341E0,8.329134729E0
4.543306354E1,-1.936783327E0,4.760254515E0,-3.163512068E0,6.034812450E0
4.544301854E1,-1.509063010E0,8.973710167E-1,-4.273583155E0,4.620179531E0
4.545297354E1,-1.093036833E0,-3.428435960E0,-5.513439041E0,6.583837233E0
4.546292854E1,-5.358961451E-1,-7.620777317E0,-6.201060492E0,9.839541799E0
4.547288254E1,1.079229364E-1,-9.372837600E0,-5.394318395E0,1.081482330E1
4.548283754E1,7.806456819E-1,-6.785012564E0,-3.343678231E0,7.604340030E0
4.549279254E1,7.322281051E-1,-2.267098240E0,-1.862796022E0,3.024219147E0
4.550274754E1,5.111418115E-1,8.901157916E-1,-1.059467529E0,1.475141864E0
4.551270154E1,3.813918038E-1,2.813084341E0,-4.422103018E-1,2.873056416E0
4.552265654E1,3.578045744E-1,4.093631001E0,5.295057962E-1,4.143213158E0
4.553261154E1,4.986270158E-1,5.136911682E0,2.102935322E0,5.573044725E0
4.554256554E1,5.122551213E-1,6.037258932E0,2.913410867E0,6.723010010E0
4.555252054E1,3.582681124E-1,6.846488435E0,2.659477401E0,7.353609996E0
4.556247554E1,1.084309132E-1,7.590096391E0,1.939695679E0,7.834777586E0
4.557243054E1,-1.799530318E-1,8.380873252E0,1.083506675E0,8.452538451E0
4.558238454E1,-4.462577444E-1,9.164563286E0,2.126527083E-1,9.177885779E0
4.559233954E1,-7.018569361E-1,9.859745772E0,-3.610176194E-1,9.891285233E0
4.560229454E1,-9.220909980E-1,1.028980614E1,-4.106455699E-1,1.033919688E1
4.561224954E1,-1.083340980E0,1.043459256E1,-2.420074850E-2,1.049070709E1
4.562220354E1,-1.053343448E0,1.044738861E1,4.882998097E-1,1.051170290E1
4.563215854E1,-9.282400762E-1,1.044265704E1,7.283546171E-1,1.050910159E1
4.564211354E1,-7.004405943E-1,1.002470742E1,7.611668524E-1,1.007793386E1
4.565206754E1,-2.961885162E-1,9.036927924E0,1.029655792E0,9.100218953E0
4.566202254E1,2.945214750E-1,7.691934423E0,9.812262288E-1,7.759858438E0
4.567197754E1,1.337408493E0,4.639145815E0,3.500172526E-2,4.828204686E0
4.568193254E1,3.178593791E0,-3.199456072E0,-2.710238542E0,5.261688949E0
4.569188654E1,5.918735286E0,-1.898077069E1,-7.238730186E0,2.115892951E1
4.570184154E1,9.063870140E0,-3.777237226E1,-8.679716842E0,3.980255435E1
4.571179654E1,1.087770976E1,-4.276500097E1,-7.642647657E0,4.478370174E1
4.572175154E1,9.892032927E0,-3.331329262E1,-5.318600460E0,3.515558692E1
4.573170554E1,6.185933746E0,-2.293823875E1,-2.966970778E0,2.394225321E1
4.574166054E1,3.134301133E0,-1.414166413E1,-1.908054933E0,1.460996857E1
4.575161554E1,1.342377165E0,-9.425856058E0,-1.530987584E0,9.643270289E0
4.576157054E1,7.889604226E-2,-7.366532779E0,-2.102102971E0,7.660996454E0
4.577152454E1,-1.043020846E0,-6.385681064E0,-3.262545190E0,7.246310527E0
4.578147954E1,-2.232528040E0,-6.537948992E0,-3.920097042E0,7.943306571E0
4.579143454E1,-2.915772557E0,-6.089831833E0,-3.529967890E0,7.618953646E0
4.580138854E1,-3.154096881E0,-4.906644237E0,-2.829460638E0,6.483003340E0
4.581134354E1,-2.983326609E0,-3.484018423E0,-1.703758481E0,4.892996525E0
4.582129854E1,-2.444882832E0,-2.202540886E0,-3.926244512E-1,3.314029629E0
4.583125354E1,-1.988324925E0,-1.064670382E0,7.036925232E-1,2.362655751E0
4.584120754E1,-1.648212417E0,1.843094999E-1,1.427417607E0,2.188171655E0
4.585116254E1,-1.372492372E0,1.489182916E0,1.884675426E0,2.766478362E0
4.586111754E1,-1.207919564E0,2.825285726E0,2.184780261E0,3.770221995E0
4.587107254E1,-1.160317673E0,4.150340806E0,2.383619507E0,4.924764752E0
4.588102654E1,-1.181655040E0,5.493429285E0,2.524324273E0,6.160055761E0
4.589098187E1,-1.200461002E0,6.817446485E0,2.853519591E0,7.487406577E0
4.590093687E1,-1.277912343E0,8.006553801E0,3.069723898E0,8.669554114E0
4.591089088E1,-1.484737424E0,8.927648141E0,2.804011509E0,9.474694037E0
4.592084588E1,-1.693103977E0,9.572366232E0,2.590132054E0,1.006009843E1
4.593080088E1,-1.863258976E0,9.908817945E0,2.399295162E0,1.036402549E1
4.594075588E1,-1.974830282E0,1.000347735E1,2.131893804E0,1.041702860E1
4.595070988E1,-2.012871682E0,9.884954288E0,1.730829628E0,1.023522080E1
4.596066488E1,-2.057123557E0,9.828830373E0,1.322673948E0,1.012853051E1
4.597061988E1,-2.085587072E0,9.779766971E0,1.070803014E0,1.005684516E1
4.598057488E1,-2.007789429E0,9.769490490E0,8.776718203E-1,1.001221607E1
4.599052888E1,-1.804973491E0,9.768069617E0,6.937230936E-1,9.957628486E0
4.600048388E1,-1.420356802E0,9.520900210E0,3.057918370E-1,9.631119504E0
4.601043888E1,-1.173371290E0,9.074573468E0,-1.745018920E-1,9.151783144E0
4.602039388E1,-8.009605171E-1,8.646231592E0,-6.781624103E-1,8.709693608E0
4.603034787E1,2.539814132E-1,6.290124112E0,-1.416610783E0,6.452670301E0
4.604030288E1,2.650305458E0,-1.997908219E0,-2.180305095E0,3.971081286E0
4.605025788E1,5.044063160E0,-1.208684964E1,-3.299328854E0,1.350629773E1
4.606021187E1,6.132462713E0,-1.877335592E1,-4.017400850E0,2.015404428E1
4.607016687E1,3.820380673E0,-1.476323485E1,-1.935064684E0,1.537182120E1
4.608012187E1,1.734415871E0,-5.537785678E0,2.692408919E-1,5.809282166E0
4.609007687E1,6.727332705E-1,1.407588530E-1,9.731052502E-1,1.191350887E0
4.610003088E1,-1.242632729E-1,3.328671352E0,9.927883668E-1,3.475790999E0
4.610998588E1,-6.273445514E-1,5.453464735E0,1.048694473E0,5.588702792E0
4.611994087E1,-1.010641086E0,6.824888821E0,1.154101206E0,6.995173508E0
4.612989587E1,-1.313093578E0,7.793860162E0,1.356014918E0,8.019179973E0
4.613984988E1,-1.561096798E0,8.634184574E0,2.210729473E0,9.048397166E0
4.614980488E1,-1.959691695E0,9.393029789E0,3.762796124E0,1.030669854E1
4.615975988E1,-1.908077737E0,9.901898350E0,3.782269983E0,1.077004725E1
4.616971388E1,-1.712544361E0,1.006092858E1,3.025916559E0,1.064477633E1
4.617966888E1,-1.635449407E0,9.881691542E0,2.435291352E0,1.030791766E1
4.618962388E1,-1.658531291E0,9.269291596E0,2.127215300E0,9.653783594E0
4.619957888E1,-1.430376591E0,8.322123352E0,1.456112233E0,8.568779208E0
4.620953288E1,-8.996240951E-1,7.095209109E0,-1.120344061E-1,7.152892248E0
4.621948788E1,-4.635292500E-1,2.972813900E0,-2.660092528E0,4.016039605E0
4.622944288E1,1.576364755E-1,-4.880560977E0,-7.379941614E0,8.849195609E0
4.623939788E1,1.100953232E0,-1.932783685E1,-1.172225236E1,2.263158359E1
4.624935187E1,2.264450475E0,-3.458783594E1,-1.123601661E1,3.643753834E1
4.625930687E1,3.396388541E0,-3.938803747E1,-6.545324669E0,4.007236237E1
4.626926188E1,3.959452019E0,-3.368410666E1,-2.850902962E0,3.403562765E1
4.627921588E1,2.940537562E0,-2.247660809E1,-3.476700048E0,2.293320988E1
4.628917087E1,1.601137361E0,-1.238239365E1,-4.793145103E0,1.337391316E1
4.629912587E1,6.122265753E-1,-7.130576577E0,-5.386148080E0,8.957149929E0
4.630908087E1,-3.155047931E-1,-4.932226390E0,-5.183843189E0,7.162306238E0
4.631903488E1,-9.986157019E-1,-3.911877319E0,-4.538038101E0,6.074027271E0
4.632898988E1,-1.102765357E0,-3.241543745E0,-3.722421977E0,5.057679572E0
4.633894488E1,-6.201178314E-1,-2.647083058E0,-2.548067770E0,3.726156760E0
4.634889987E1,-4.715764806E-2,-1.979668999E0,-1.451266061E0,2.455093964E0
4.635885388E1,3.497564667E-1,-1.189242972E0,-6.092576516E-1,1.381239776E0
4.636880888E1,5.234406987E-1,-1.159233892E-1,4.338648632E-2,5.378761794E-1
4.637876388E1,4.058854978E-1,1.209352131E0,5.431899619E-1,1.386481500E0
4.638871788E1,5.083057657E-2,2.723657609E0,9.188852620E-1,2.874933850E0
4.639867288E1,-3.726013921E-1,4.217165710E0,1.130198958E0,4.381856697E0
4.640862788E1,-7.816923335E-1,5.606859421E0,1.240333750E0,5.795372575E0
4.641858288E1,-1.152172210E0,6.918503913E0,1.245569054E0,7.123527178E0
4.642853687E1,-1.451332573E0,8.071624541E0,1.171504859E0,8.284317268E0
4.643849188E1,-1.658846310E0,9.068088906E0,9.919555771E-1,9.271784259E0
4.644844688E1,-1.789523540E0,9.781017106E0,8.031549040E-1,9.975758013E0
4.645840188E1,-1.870997766E0,1.004971596E1,6.774993360E-1,1.024482449E1
4.646835587E1,-1.840081782E0,1.003921085E1,5.687376531E-1,1.022228536E1
4.647831087E1,-1.808827391E0,1.000743708E1,5.183580065E-1,1.018279670E1
4.648826587E1,-1.793736897E0,1.000630038E1,5.318359116E-1,1.017970475E1
4.649821988E1,-1.777288387E0,1.001368893E1,6.086705911E-1,1.018838554E1
4.650817488E1,-1.763087254E0,1.001033613E1,6.956034851E-1,1.018818779E1
4.651812987E1,-1.768260579E0,9.975613028E0,5.242286110E-1,1.014467429E1
4.652808487E1,-1.923767133E0,9.658014493E0,1.490104437E-1,9.848874455E0
4.653803888E1,-1.755567589E0,9.192471462E0,-2.418390852E-1,9.361732494E0
4.654799388E1,-1.661662914E0,8.996704928E0,-5.861085248E-1,9.167624905E0
4.655794888E1,-1.786996081E0,7.645028059E0,-8.980890548E-1,7.902301751E0
4.656790388E1,-1.660110332E0,-1.551944005E0,-1.513782737E0,2.730574057E0
4.657785788E1,-1.160932070E0,-1.167637744E1,-4.588767375E0,1.259929917E1
4.658781288E1,-3.969733179E-2,-2.085878409E1,-6.314519280E0,2.179365971E1
4.659776788E1,1.094723901E0,-1.949564142E1,-4.967642391E0,2.014834796E1
4.660772187E1,1.805039419E0,-1.029995223E1,-3.801359096E0,1.112643313E1
4.661767688E1,1.279959599E0,-3.519306369E0,-2.475004764E0,4.488815264E0
4.662763188E1,8.958864087E-1,3.419375700E-1,-1.461306900E0,1.747841988E0
4.663758688E1,6.369592743E-1,2.914363963E0,-5.227914385E-1,3.028621025E0
4.664754087E1,4.246705551E-1,4.518157568E0,2.907842271E-1,4.547378185E0
4.665749587E1,2.030091879E-1,5.551597386E0,1.225804296E0,5.688940362E0
4.666745088E1,1.240695839E-1,6.570966464E0,3.401876153E0,7.400388834E0
4.667740588E1,9.513112888E-2,7.676813523E0,5.857214391E0,9.656576838E0
4.668735988E1,-2.609587495E-1,8.538253984E0,6.597331560E0,1.079326940E1
4.669731487E1,-5.878743108E-1,9.098244751E0,6.520336593E0,1.120885556E1
4.670726987E1,-7.933769707E-1,9.163480382E0,5.626297320E0,1.078211673E1
4.671722388E1,-6.886388665E-1,8.735016884E0,3.730903363E0,9.523359878E0
4.672717888E1,-1.936817095E-1,8.045457081E0,1.734992845E0,8.232684400E0
4.673713388E1,2.948934310E-1,7.018057437E0,1.662392646E-2,7.024269975E0
4.674708887E1,5.017401465E-1,5.913448234E0,-1.428245573E0,6.104137826E0
4.675704288E1,3.612342587E-1,4.604332663E0,-2.106347172E0,5.076127251E0
4.676699788E1,-1.139359937E-1,2.802967488E0,-1.697340869E0,3.278806822E0
4.677695288E1,-4.401276697E-1,-1.080963063E-1,-1.237751181E0,1.318114245E0
4.678690688E1,-2.073919684E-2,-6.153130281E0,-1.704052888E0,6.384766136E0
4.679686188E1,1.504051216E0,-1.622444586E1,-2.554027252E0,1.649296422E1
4.680681688E1,4.315353325E0,-2.535408840E1,-2.459666932E0,2.583606074E1
4.681677188E1,8.007006376E0,-2.778228036E1,-2.044416972E0,2.898528754E1
4.682672587E1,9.906552733E0,-2.451476036E1,-2.786366366E0,2.658716043E1
4.683668087E1,6.793579904E0,-1.951735330E1,-4.567306047E0,2.116459525E1
4.684663588E1,2.010207106E0,-1.496742196E1,-5.114015740E0,1.594420929E1
4.685659088E1,-8.408130924E-1,-1.106705079E1,-4.894275037E0,1.213014872E1
4.686654487E1,-2.204269616E0,-8.074217196E0,-4.869214163E0,9.683028165E0
4.687649987E1,-2.796704535E0,-6.080403782E0,-4.854411937E0,8.267900681E0
4.688645487E1,-2.883851438E0,-4.789145023E0,-4.511023965E0,7.183442516E0
4.689640767E1,-2.379660504E0,-3.679647548E0,-3.686498438E0,5.726505123E0
4.690636267E1,-1.446233216E0,-2.769091644E0,-2.622083287E0,4.078575709E0
4.691631767E1,-6.597482125E-1,-1.734205810E0,-1.682628982E0,2.504790967E0
4.692627267E1,-2.357280140E-1,-3.860682607E-1,-9.635465875E-1,1.064442777E0
4.693622667E1,-2.347961140E-1,1.233294725E0,-3.809626181E-1,1.311974699E0
4.694618167E1,-4.600905025E-1,2.992069951E0,6.582693055E-2,3.027952946E0
4.695613667E1,-6.745073158E-1,4.576668316E0,3.845446225E-1,4.642060702E0
4.696609167E1,-9.416095886E-1,6.062340564E0,6.483989131E-1,6.169199533E0
4.697604567E1,-1.213210855E0,7.372343742E0,8.289423676E-1,7.517345161E0
4.698600067E1,-1.466380383E0,8.438633802E0,1.010315907E0,8.624473903E0
4.699595567E1,-1.639017817E0,9.255963453E0,1.328478041E0,9.493370990E0
4.700590967E1,-1.738892938E0,9.807958152E0,1.527090415E0,1.007729115E1
4.701586467E1,-1.771968006E0,1.010988615E1,1.468778472E0,1.036855722E1
4.702581967E1,-1.749988468E0,1.014420112E1,1.306569693E0,1.037662760E1
4.703577467E1,-1.775032970E0,1.016126797E1,1.084469054E0,1.037199026E1
4.704572867E1,-1.868308192E0,1.017555155E1,8.583057690E-1,1.038119038E1
4.705568367E1,-2.086192697E0,1.007032272E1,7.206716681E-1,1.030936309E1
4.706563867E1,-2.273794179E0,9.707540410E0,5.849671118E-1,9.987425459E0
4.707559267E1,-2.116782844E0,9.385037815E0,4.044823122E-1,9.629294384E0
4.708554767E1,-1.982063726E0,9.362253554E0,1.192714866E-1,9.570506461E0
4.709550267E1,-1.879395829E0,9.273312142E0,-1.006902413E-1,9.462377359E0
4.710545767E1,-1.400252905E0,8.035254859E0,-1.492969573E-1,8.157715270E0
4.711541167E1,-6.200511731E-1,5.809573617E0,-4.704330575E-1,5.861477316E0
4.712536667E1,4.314571260E-1,2.161127397E0,-1.560584435E0,2.700379725E0
4.713532167E1,1.905351619E0,-6.001228389E0,-3.619365678E0,7.262569441E0
4.714527667E1,4.102115310E0,-1.911472221E1,-5.242530524E0,2.024065418E1
4.715523067E1,6.526518270E0,-2.832019847E1,-5.829398017E0,2.964137249E1
4.716518567E1,7.429384500E0,-2.229773475E1,-4.663014150E0,2.396097723E1
4.717514067E1,4.678447291E0,-1.011538136E1,-1.428391753E0,1.123606302E1
4.718509467E1,1.808101167E0,-2.920958453E0,6.461722934E-1,3.495535259E0
4.719504967E1,5.344954446E-2,1.250879057E0,2.711653275E0,2.986740490E0
4.720500467E1,-1.501490135E0,4.225102721E0,6.090084432E0,7.562743816E0
4.721495967E1,-2.553540471E0,6.524959987E0,7.864173515E0,1.053284847E1
4.722491367E1,-2.715139093E0,8.311993636E0,7.571920906E0,1.156698771E1
4.723486867E1,-2.770059943E0,9.709709727E0,7.453404862E0,1.255009717E1
4.724482367E1,-2.191648255E0,1.062028376E1,6.833292439E0,1.281747380E1
4.725477867E1,-1.416262874E0,1.094599940E1,6.566776350E0,1.284302359E1
4.726473267E1,-1.178532920E0,1.080909971E1,5.872895454E0,1.235785084E1
4.727468767E1,-1.244462615E0,1.013428073E1,4.478347385E0,1.114934655E1
4.728464267E1,-1.149917523E0,9.487119091E0,2.873388430E0,9.979183334E0
4.729459667E1,-1.013376559E0,9.050996910E0,1.418621348E0,9.217372925E0
4.730455167E1,-1.080039642E0,8.331584147E0,3.593561330E-1,8.408978348E0
4.731450667E1,-8.795544045E-1,7.397013729E0,-7.605748218E-1,7.487850300E0
4.732446167E1,-5.222295941E-1,5.909082118E0,-1.980956264E0,6.254131670E0
4.733441567E1,1.809429654E-1,3.098085233E0,-3.880474847E0,4.968798397E0
4.734437067E1,1.443532826E0,-3.563866830E0,-6.146541638E0,7.250166061E0
4.735432567E1,3.082315877E0,-1.456337468E1,-6.994707166E0,1.644744605E1
4.736427967E1,3.721454555E0,-2.547099061E1,-4.791616934E0,2.618358607E1
4.737423467E1,2.949225647E0,-2.945816253E1,-1.143328296E0,2.962749519E1
4.738418967E1,1.352443293E0,-2.282606109E1,1.942553798E0,2.294845709E1
4.739414467E1,5.396279843E-1,-1.287350597E1,1.855565940E0,1.301773710E1
4.740409867E1,1.831045349E-1,-7.888928288E0,-6.934213042E-2,7.891357623E0
4.741405367E1,9.432757527E-2,-6.512698376E0,-2.668407269E0,7.038787905E0
4.742400867E1,1.139085849E-1,-6.469734789E0,-5.165523863E0,8.279678749E0
4.743396367E1,3.497788323E-1,-6.251822510E0,-6.790894278E0,9.237092347E0
4.744391767E1,9.541495273E-1,-6.037920252E0,-6.815858381E0,9.155479657E0
4.745387267E1,1.541499416E0,-5.950659914E0,-4.957426136E0,7.897002454E0
4.746382767E1,1.742441613E0,-5.999266064E0,-2.659663342E0,6.789779464E0
4.747378167E1,1.926605371E0,-5.678517049E0,-9.637497783E-1,6.073399194E0
4.748373667E1,2.076674892E0,-4.716704453E0,1.253128481E-1,5.155151095E0
4.749369167E1,2.051351624E0,-3.302679309E0,6.728136697E-1,3.945682746E0
4.750364667E1,1.772198678E0,-1.958539501E0,8.789514104E-1,2.783724252E0
4.751360067E1,1.300855209E0,-8.253292269E-1,9.029130077E-1,1.785677605E0
4.752355567E1,7.355915697E-1,2.943242776E-1,8.531741063E-1,1.164314302E0
4.753351067E1,1.754470213E-1,1.515455040E0,7.004740696E-1,1.678704726E0
4.754346467E1,-3.248265705E-1,2.844638840E0,4.833622746E-1,2.903639358E0
4.755341967E1,-7.452950241E-1,4.156916000E0,3.806021373E-1,4.240315235E0
4.756337467E1,-1.122459729E0,5.333369942E0,4.331641475E-1,5.467392611E0
4.757332967E1,-1.487465588E0,6.424522948E0,5.709677446E-1,6.619142932E0
4.758328367E1,-1.836734544E0,7.459933863E0,9.539966226E-1,7.741725685E0
4.759323867E1,-2.209375989E0,8.455862623E0,1.559062990E0,8.877704228E0
4.760319367E1,-2.517039227E0,9.257952676E0,1.545745372E0,9.717741660E0
4.761314767E1,-2.644521977E0,9.686153049E0,1.126556143E0,1.010367191E1
4.762310267E1,-2.634212459E0,9.788429037E0,7.405790985E-1,1.016370384E1
4.763305767E1,-2.636810085E0,9.686291043E0,5.654444647E-1,1.005468692E1
4.764301267E1,-2.734453323E0,9.613290895E0,5.437267729E-1,1.000940736E1
4.765296667E1,-2.864193683E0,9.556948294E0,5.753754123E-1,9.993494034E0
4.766292167E1,-3.049035572E0,9.423996059E0,6.316174042E-1,9.925082376E0
4.767287667E1,-3.160972330E0,9.087154337E0,6.059235692E-1,9.640293740E0
4.768283167E1,-3.072795733E0,8.583149491E0,4.063849962E-1,9.125660391E0
4.769278567E1,-2.755110075E0,7.316459563E0,5.690508446E-2,7.818212727E0
4.770274067E1,-2.023295952E0,5.505326614E0,-9.236168289E-1,5.937627109E0
4.771269567E1,-1.496071082E0,3.541706468E0,-2.644581034E0,4.666446425E0
4.772264967E1,-1.669388986E0,4.098722756E-2,-4.283143938E0,4.597157984E0
4.773260467E1,-2.643749560E0,-1.827740210E0,-4.790605073E0,5.768877099E0
4.774255967E1,-3.539069958E0,-9.534779745E-1,-3.801770740E0,5.280870873E0
4.775251467E1,-3.337401537E0,1.363195299E0,-2.909793779E-2,3.605190305E0
4.776246867E1,-1.909279048E0,3.935869029E0,4.712272264E0,6.429768377E0
4.777242367E1,-8.415593433E-1,6.285121234E0,7.329462601E0,9.691851891E0
4.778237867E1,5.704808177E-1,8.154516424E0,7.897041299E0,1.136595125E1
4.779233267E1,2.252624627E0,8.848097357E0,5.710292573E0,1.076896401E1
4.780228767E1,4.318673374E0,8.015653238E0,2.210914392E0,9.369620003E0
4.781224267E1,5.745624374E0,5.189537793E0,-2.583216845E0,8.161893850E0
4.782219767E1,5.424046224E0,1.110099739E0,-7.538611073E0,9.353248408E0
4.783215167E1,3.817100385E0,-3.324607537E0,-1.034810288E1,1.151983090E1
4.784210667E1,1.996783653E0,-7.868175935E0,-9.306892117E0,1.234963879E1
4.785206167E1,1.197221790E0,-1.356943456E1,-3.090372171E0,1.396829605E1
4.786201667E1,1.085432383E0,-1.834430828E1,7.111470800E0,1.970443673E1
4.787197067E1,1.164012675E0,-1.706149232E1,7.004807062E0,1.848017228E1
4.788192567E1,1.182126472E0,-1.305993859E1,-1.389261602E0,1.318671554E1
4.789188154E1,3.922492062E-1,-1.094947966E1,-9.083571163E0,1.423222503E1
4.790183554E1,-2.087500281E0,-1.215354064E1,-1.303583403E1,1.794433550E1
4.791179054E1,-4.101974685E0,-1.400289801E1,-1.263503079E1,1.930158937E1
4.792174554E1,-3.588405840E0,-1.421584893E1,-9.409732361E0,1.742154070E1
4.793170054E1,-9.010076925E-1,-1.265161349E1,-6.449766548E0,1.422935794E1
4.794165454E1,2.358255163E0,-1.092374840E1,-4.020806268E0,1.187672217E1
4.795160954E1,5.670822698E0,-9.243104841E0,-4.720369488E-2,1.084414337E1
4.796156454E1,7.576530851E0,-7.872237411E0,7.254111287E-1,1.094998461E1
4.797151854E1,7.447363518E0,-6.608240125E0,-6.476761973E-1,9.977552074E0
4.798147354E1,4.988260258E0,-5.971191827E0,-1.735632530E0,7.971843734E0
4.799142854E1,2.860754936E0,-5.142118043E0,-2.318245590E0,6.324520487E0
4.800138354E1,1.946520257E0,-3.416881862E0,-2.544158614E0,4.683670123E0
4.801133754E1,1.269127486E0,-1.695842228E0,-2.438872479E0,3.230273117E0
4.802129254E1,6.280988422E-1,-9.053828716E-2,-2.045091741E0,2.141285961E0
4.803124754E1,5.021574184E-2,1.510549811E0,-1.644692247E0,2.233672971E0
4.804120254E1,-4.466405909E-1,3.066785088E0,-1.374122429E0,3.390113721E0
4.805115654E1,-8.622260347E-1,4.547236941E0,-1.171584527E0,4.774244216E0
4.806111154E1,-1.234419437E0,5.920475417E0,-1.021375185E0,6.133435235E0
4.807106654E1,-1.532633575E0,7.143729889E0,-9.031257733E-1,7.361893680E0
4.808102054E1,-1.794836612E0,8.203030187E0,-8.878002211E-1,8.443893175E0
4.809097554E1,-2.034820376E0,9.087929678E0,-9.065511453E-1,9.356965041E0
4.810093054E1,-2.253884849E0,9.736856595E0,-9.189975286E-1,1.003647995E1
4.811088554E1,-2.375515851E0,1.012354524E1,-8.681279218E-1,1.043469645E1
4.812083954E1,-2.362144438E0,1.021013900E1,-7.089018077E-1,1.050377106E1
4.813079454E1,-2.271549579E0,1.016090311E1,-4.435259253E-1,1.042116139E1
4.814074954E1,-2.188531542E0,1.009158086E1,-4.476043582E-2,1.032626157E1
4.815070354E1,-2.150355802E0,1.003821566E1,3.756415788E-1,1.027282387E1
4.816065854E1,-2.131688859E0,9.982251956E0,5.868973142E-1,1.022418212E1
4.817061354E1,-2.151857221E0,9.874347439E0,5.059677565E-1,1.011875636E1
4.818056854E1,-2.190822628E0,9.458512173E0,1.818998623E-1,9.710625308E0
4.819052254E1,-1.974930562E0,9.201820575E0,-2.096532328E-1,9.413703155E0
4.820047754E1,-1.825990723E0,9.112853435E0,-4.630842769E-1,9.305524536E0
4.821043254E1,-1.431471043E0,7.336695607E0,-6.741488814E-1,7.505377305E0
4.822038654E1,-6.472394103E-1,1.783058712E0,-6.860609753E-1,2.017150685E0
4.823034154E1,1.032646058E-1,-4.093377231E0,-1.696359122E0,4.432159181E0
4.824029654E1,1.541721172E0,-1.277143229E1,-3.547639638E0,1.334436713E1
4.825025154E1,2.143742455E0,-1.706368152E1,-3.593533264E0,1.756924415E1
4.826020554E1,2.331567155E0,-1.243742296E1,-2.342715603E0,1.286911076E1
4.827016054E1,1.054429860E0,-4.930050057E0,-5.387069017E-1,5.070248615E0
4.828011554E1,-1.117923313E-1,-1.194969735E0,-3.521193266E-3,1.200192731E0
4.829006954E1,-7.395308389E-1,6.849399179E-1,2.562822561E-1,1.040062088E0
4.830002454E1,-1.236406467E0,1.365893789E0,9.179953889E-1,2.058417433E0
4.830997954E1,-1.539200145E0,1.464638643E0,1.899621202E0,2.850063885E0
4.831993454E1,-1.664756968E0,1.698725490E0,2.642757872E0,3.555454011E0
4.832988854E1,-1.556661831E0,2.108601859E0,2.620539915E0,3.706295630E0
4.833984354E1,-1.357805628E0,2.487571599E0,2.483521233E0,3.768225882E0
4.834979854E1,-1.371530359E0,2.693271968E0,2.665581894E0,4.029905241E0
4.835975254E1,-1.494396732E0,2.703366601E0,2.959535458E0,4.277880632E0
4.836970754E1,-1.610207416E0,2.295089446E0,3.205663184E0,4.258694628E0
4.837966254E1,-1.767625425E0,1.634774492E0,3.564690118E0,4.301627939E0
4.838961754E1,-1.956818958E0,6.754990035E-1,4.086290698E0,4.580743499E0
4.839957154E1,-2.339059339E0,-5.121570343E-1,4.915438449E0,5.467635555E0
4.840952654E1,-2.975478769E0,-1.637680559E0,5.769102699E0,6.694626014E0
4.841948154E1,-3.816015726E0,-2.325423632E0,6.363397910E0,7.775757458E0
4.842943554E1,-4.758867263E0,-1.903027790E0,6.658954196E0,8.402975865E0
4.843939054E1,-5.619392928E0,1.417353380E-1,6.238061673E0,8.397087544E0
4.844934554E1,-5.839490311E0,3.088287638E0,5.033472683E0,8.304999391E0
4.845930054E1,-5.212239023E0,6.171883471E0,3.411772273E0,8.769251465E0
4.846925454E1,-4.095018545E0,8.927853963E0,1.229984617E0,9.898919912E0
4.847920954E1,-2.787165388E0,1.123564590E1,-1.237744749E0,1.164216654E1
4.848916454E1,-1.922523722E0,1.246998728E1,-3.789182854E0,1.317401180E1
4.849911954E1,-1.504132492E0,1.312842820E1,-5.176057037E0,1.419188529E1
4.850907354E1,-6.407658117E-1,1.320769072E1,-5.506819993E0,1.432406162E1
4.851902854E1,1.036103371E0,1.239475934E1,-5.640627676E0,1.365724166E1
4.852898354E1,3.954969251E0,9.231545480E0,-3.144574106E0,1.052385671E1
4.853893754E1,8.118067220E0,4.749165271E0,-1.134752769E0,9.473396963E0
4.854889254E1,1.276620956E1,-6.397510566E0,-1.777694184E0,1.438973400E1
4.855884754E1,1.547650161E1,-2.530233820E1,-1.425427215E0,2.969448203E1
4.856880254E1,1.265218184E1,-3.567914624E1,-1.360464357E0,3.788047050E1
4.857875654E1,8.244975189E0,-3.115552269E1,-3.165130869E0,3.238308607E1
4.858871154E1,5.669750903E0,-2.086347356E1,-3.831999383E0,2.195711328E1
4.859866654E1,3.641481602E0,-1.473116989E1,-3.141624185E0,1.549637239E1
4.860862054E1,1.853509621E0,-1.163963003E1,-2.346833504E0,1.201765837E1
4.861857554E1,2.118398722E-1,-1.064574253E1,-2.668825929E0,1.097721923E1
4.862853054E1,-1.059348100E0,-1.171923052E1,-5.412289812E0,1.295204475E1
4.863848554E1,-2.096716516E0,-1.252649711E1,-8.196440960E0,1.511591858E1
4.864843954E1,-3.202803603E0,-1.142639728E1,-7.481818237E0,1.402847496E1
4.865839454E1,-3.668571752E0,-9.898882356E0,-4.102105955E0,1.132579197E1
4.866834954E1,-2.954846868E0,-9.349943411E0,-1.380436399E0,9.902432351E0
4.867830354E1,-2.094645578E0,-8.980529775E0,-1.995406196E-1,9.223734146E0
4.868825854E1,-1.197153597E0,-7.870738769E0,1.226044178E-2,7.961272249E0
4.869821354E1,-2.811767402E-1,-6.351725113E0,-4.074769637E-1,6.370989700E0
4.870816854E1,2.048484296E-1,-4.698709647E0,-7.759886670E-1,4.766759238E0
4.871812254E1,2.663283938E-1,-2.612288032E0,-8.135146353E-1,2.748960828E0
4.872807754E1,1.694350603E-1,-4.134764993E-1,-7.459734473E-1,8.695673862E-1
4.873803254E1,4.162033483E-2,1.556295503E0,-6.940861326E-1,1.704565488E0
4.874798654E1,-1.164323893E-1,3.343839029E0,-5.510135365E-1,3.390933776E0
4.875794154E1,-3.333006477E-1,4.905423923E0,-3.045101273E-1,4.926154647E0
4.876789654E1,-5.914134112E-1,6.240227482E0,-8.681799620E-3,6.268196249E0
4.877785154E1,-8.652334039E-1,7.440941522E0,2.887002794E-1,7.496638408E0
4.878780554E1,-1.134445644E0,8.544910455E0,5.024196661E-1,8.634517191E0
4.879776054E1,-1.368821928E0,9.385397419E0,6.159059358E-1,9.504667185E0
4.880771554E1,-1.579327539E0,9.925552676E0,6.323156349E-1,1.007028770E1
4.881766954E1,-1.741293220E0,1.018834058E1,5.804800681E-1,1.035235929E1
4.882762454E1,-1.840684192E0,1.017887745E1,5.048579550E-1,1.035628051E1
4.883757954E1,-1.890419731E0,1.010177138E1,3.601861453E-1,1.028344329E1
4.884753454E1,-1.964384962E0,1.004276011E1,2.181958505E-1,1.023540172E1
4.885748854E1,-2.043291530E0,1.000990461E1,8.898471851E-2,1.021670930E1
4.886744354E1,-2.115092853E0,9.965828297E0,-7.766096413E-2,1.018810005E1
4.887739854E1,-2.185159161E0,9.913937767E0,-2.606799835E-1,1.015524675E1
4.888735254E1,-2.181058655E0,9.979660470E0,-2.422168154E-1,1.021808734E1
4.889730717E1,-2.147312034E0,1.011336290E1,-1.503545724E-2,1.033882412E1
4.890726217E1,-2.262765307E0,1.008700833E1,-6.926260829E-2,1.033792248E1
4.891721717E1,-2.303802967E0,9.937675123E0,-4.713690506E-1,1.021210477E1
4.892717117E1,-2.190860050E0,9.318743838E0,-1.077607346E0,9.633280442E0
4.893712617E1,-2.206392886E0,8.863336955E0,-1.666958737E0,9.284700479E0
4.894708117E1,-2.134617144E0,8.288553903E0,-1.902266921E0,8.767858096E0
4.895703517E1,-1.369775609E0,5.371542320E0,-2.244254923E0,5.980504350E0
4.896699017E1,1.745741489E0,-7.498791534E0,-2.762102467E0,8.179773705E0
4.897694517E1,4.596138667E0,-1.958172179E1,-4.203673260E0,2.054845950E1
4.898690017E1,7.736868521E0,-2.449393023E1,-2.181782686E0,2.577929263E1
4.899685417E1,7.803394048E0,-1.546742673E1,3.407602916E0,1.765633048E1
4.900680917E1,4.172416092E0,-5.773161251E0,3.790599049E0,8.068896333E0
4.901676417E1,1.984038916E0,-9.249850774E-1,1.782187915E0,2.822800308E0
4.902671817E1,7.971278134E-1,1.482976096E0,6.435387075E-1,1.802435275E0
4.903667317E1,-5.352675694E-1,2.459029586E0,1.238977050E0,2.805067201E0
4.904662817E1,-1.980809206E0,2.425537319E0,3.253581701E0,4.515820001E0
4.905658317E1,-3.374990655E0,1.749581648E0,5.982657632E0,7.088285421E0
4.906653717E1,-4.375453054E0,1.379211992E0,8.800018626E0,9.924068872E0
4.907649217E1,-4.310079721E0,1.728614702E0,9.711246960E0,1.076444209E1
4.908644717E1,-3.533995745E0,1.852585614E0,9.172518423E0,1.000281428E1
4.909640117E1,-3.332235814E0,2.626234810E0,8.267668233E0,9.292752166E0
4.910635617E1,-4.148258905E0,4.249402580E0,6.780413729E0,9.013294878E0
4.911631117E1,-5.123936711E0,6.157763030E0,4.638416960E0,9.256764275E0
4.912626617E1,-5.348094401E0,8.615438401E0,1.980966496E0,1.033209179E1
4.913622017E1,-5.150116450E0,1.107592453E1,-8.526863024E-1,1.224446314E1
4.914617517E1,-4.762936633E0,1.285975215E1,-3.613648270E0,1.418158117E1
4.915613017E1,-4.656417321E0,1.364096940E1,-5.305782194E0,1.535934872E1
4.916608417E1,-4.328641707E0,1.279226242E1,-5.892053272E0,1.473415788E1
4.917603917E1,-3.960813543E0,1.024790851E1,-6.100062121E0,1.256656001E1
4.918599417E1,-3.143753157E0,7.212734050E0,-6.610866694E0,1.027668599E1
4.919594917E1,-9.805872012E-1,4.582485711E0,-7.993567135E0,9.265950685E0
4.920590317E1,2.220340103E0,4.331874633E-1,-9.371859945E0,9.641022787E0
4.921585817E1,6.804369187E0,-1.093875820E1,-9.664133604E0,1.610438913E1
4.922581317E1,1.231835728E1,-2.465103556E1,-2.736044643E0,2.769298505E1
4.923576717E1,1.536883565E1,-3.102169162E1,5.149404259E0,3.500089748E1
4.924572217E1,1.236521336E1,-2.784995135E1,5.528765763E0,3.096910626E1
4.925567717E1,7.131885184E0,-2.070631444E1,3.606420527E0,2.219507857E1
4.926563217E1,4.096927076E0,-1.526672924E1,3.740512969E0,1.624343776E1
4.927558617E1,2.423289357E0,-1.174383092E1,2.487165803E0,1.224646438E1
4.928554117E1,1.533680812E0,-1.016543353E1,-2.070801364E0,1.048696495E1
4.929549617E1,-3.630941849E-1,-9.985495992E0,-6.011630001E0,1.166111756E1
4.930545017E1,-2.139613444E0,-8.687756764E0,-7.901627271E0,1.193695006E1
4.931540517E1,-2.829734287E0,-6.531363857E0,-7.955747929E0,1.067520656E1
4.932536017E1,-2.613770885E0,-5.986377631E0,-6.631335458E0,9.308228904E0
4.933531517E1,-1.635037909E0,-7.257588041E0,-4.468841566E0,8.678506674E0
4.934526917E1,-6.155802459E-1,-8.762178955E0,-2.887812634E0,9.246306338E0
4.935522417E1,3.100470020E-1,-9.077309965E0,-1.786404196E0,9.256615218E0
4.936517917E1,1.084718437E0,-8.207819057E0,-9.602654225E-1,8.334687603E0
4.937513317E1,1.650966163E0,-6.645838307E0,-6.359744570E-1,6.877304674E0
4.938508817E1,1.768319782E0,-4.422968405E0,-7.832731283E-1,4.827330645E0
4.939504317E1,1.538832062E0,-2.221829097E0,-1.081792491E0,2.911151601E0
4.940499817E1,1.207763297E0,-2.728474545E-1,-1.239383139E0,1.751915660E0
4.941495217E1,7.607869296E-1,1.553173090E0,-1.159900475E0,2.082429473E0
4.942490717E1,2.395640798E-1,3.138414649E0,-1.049461774E0,3.317892022E0
4.943486217E1,-2.785519981E-1,4.504138868E0,-9.324494867E-1,4.608071202E0
4.944481617E1,-7.966310924E-1,5.755862263E0,-7.586890948E-1,5.860049542E0
4.945477117E1,-1.248670418E0,6.893364394E0,-6.037368567E-1,7.031511123E0
4.946472617E1,-1.626798013E0,8.013951114E0,-4.921602876E-1,8.192197872E0
4.947468117E1,-1.927840888E0,9.011220056E0,-4.829835212E-1,9.227780365E0
4.948463517E1,-2.135058024E0,9.684221129E0,-5.896215320E-1,9.934297418E0
4.949459017E1,-2.218102228E0,1.000295929E1,-8.051651037E-1,1.027752221E1
4.950454517E1,-2.211481133E0,1.014485016E1,-9.336097205E-1,1.042498253E1
4.951449917E1,-2.054773122E0,1.007636172E1,-9.382044625E-1,1.032644110E1
4.952445417E1,-1.868529071E0,9.964997993E0,-7.792338717E-1,1.016856879E1
4.953440917E1,-1.714784868E0,9.883628139E0,-6.165374351E-1,1.005020949E1
4.954436417E1,-1.659798821E0,9.839638367E0,-4.371074001E-1,9.988216968E0
4.955431817E1,-1.692619243E0,9.878753901E0,-1.676285630E-1,1.002411282E1
4.956427317E1,-1.695762413E0,9.913056006E0,-1.107842714E-1,1.005766189E1
4.957422817E1,-1.748552246E0,9.943134084E0,-9.915649831E-2,1.009619643E1
4.958418217E1,-1.818154431E0,9.920727553E0,-1.609626641E-1,1.008724094E1
4.959413717E1,-1.917414279E0,9.543014379E0,-4.846219110E-1,9.745791879E0
4.960409217E1,-1.722196506E0,9.248507668E0,-8.852433068E-1,9.449048132E0
4.961404717E1,-1.645926302E0,9.224626470E0,-9.805927560E-1,9.421484440E0
4.962400117E1,-1.678169457E0,6.406474932E0,-9.181990913E-1,6.685975124E0
4.963395617E1,-1.537583389E0,-5.579027259E0,-8.345246313E-1,5.846891413E0
4.964391117E1,-1.337261582E0,-1.888526227E1,8.525199491E-1,1.895173316E1
4.965386517E1,1.815608700E-1,-2.824302926E1,4.416030684E0,2.858676255E1
4.966382017E1,-4.377956539E-3,-1.990824434E1,4.028311754E0,2.031170863E1
4.967377517E1,-1.131019761E0,-8.318972288E0,1.012359948E0,8.456321794E0
4.968373017E1,-1.078012558E0,-1.849286031E0,-5.668909927E-1,2.214347601E0
4.969368417E1,-1.174599790E0,1.700942754E0,-1.121298180E0,2.351637839E0
4.970363917E1,-1.313941278E0,4.096599632E0,-6.288446546E-1,4.347874863E0
4.971359417E1,-1.423464305E0,6.096740318E0,7.098052025E-1,6.300818721E0
4.972354817E1,-1.216647995E0,8.423421686E0,4.171988660E0,9.478383545E0
4.973350317E1,-5.428879532E-1,1.063653317E1,8.456643226E0,1.359946248E1
4.974345817E1,6.186719611E-2,1.212769127E1,1.018986787E1,1.584039553E1
4.975341217E1,1.318028189E-1,1.255666406E1,9.930957842E0,1.600971917E1
4.976336717E1,-4.273655368E-1,1.228378386E1,9.217503392E0,1.536347474E1
4.977332217E1,-7.118552363E-1,1.188778118E1,8.151289930E0,1.443154901E1
4.978327717E1,-8.174566819E-1,1.168886476E1,6.539852845E0,1.341892209E1
4.979323117E1,-8.790808531E-1,1.128975253E1,4.345236105E0,1.212898891E1
4.980318617E1,-4.901371510E-1,1.137301103E1,2.466905200E0,1.164779960E1
4.981314117E1,-1.302355459E-1,1.062026037E1,7.539125043E-1,1.064778266E1
4.982309517E1,3.451729075E-1,9.186853457E0,-7.803033274E-1,9.226391172E0
4.983305017E1,5.243756685E-1,7.056052060E0,-2.229174661E0,7.418359669E0
4.984300517E1,7.108174286E-1,3.594762349E0,-3.588282172E0,5.128678846E0
4.985296017E1,1.320197799E0,-2.549643302E0,-5.498093609E0,6.202631419E0
4.986291417E1,2.594404615E0,-1.573513565E1,-7.898877910E0,1.779656431E1
4.987286917E1,4.805362276E0,-3.308411685E1,-4.675521636E0,3.375664078E1
4.988282417E1,9.112731228E0,-3.563926355E1,1.226667199E0,3.680629959E1
4.989277829E1,9.600949761E0,-2.423975879E1,-3.540109009E-2,2.607192735E1
4.990273329E1,4.163952540E0,-1.350741899E1,-3.413460364E0,1.454099653E1
4.991268829E1,6.627481996E-1,-7.822262428E0,-4.091976531E0,8.852756440E0
4.992264329E1,-1.084828804E0,-5.683181958E0,-4.851631878E0,7.550744505E0
4.993259729E1,-1.892556742E0,-5.374032649E0,-6.449618613E0,8.605787482E0
4.994255229E1,-1.845981623E0,-6.952654576E0,-7.591745306E0,1.045856829E1
4.995250729E1,-3.831791514E-1,-9.797255993E0,-5.370423163E0,1.117919927E1
4.996246129E1,1.685129544E0,-1.176496627E1,-2.740222479E0,1.219684025E1
4.997241629E1,3.035218894E0,-1.215678117E1,-2.603846406E0,1.279765206E1
4.998237129E1,3.053316026E0,-1.149935767E1,-3.220915353E0,1.232608053E1
4.999232629E1,2.136937466E0,-1.086709473E1,-4.020248152E0,1.178230219E1
5.000228029E1,1.147537341E0,-9.953957280E0,-4.446998415E0,1.096238580E1
5.001223529E1,5.272955487E-1,-8.444357641E0,-4.253928909E0,9.470012024E0
5.002219029E1,1.685597321E-1,-6.700167126E0,-4.128711371E0,7.871906344E0
5.003214429E1,-7.904828914E-2,-4.970080680E0,-4.062296941E0,6.419517664E0
5.004209929E1,-2.031812422E-1,-3.291213503E0,-3.961436857E0,5.154255612E0
5.005205429E1,-2.893238119E-1,-1.691510611E0,-3.659518508E0,4.041904517E0
5.006200929E1,-3.384307755E-1,-2.694350195E-1,-3.245285671E0,3.273989876E0
5.007196329E1,-3.426995353E-1,9.979366940E-1,-2.793771572E0,2.986382463E0
5.008191829E1,-3.588804621E-1,2.208813779E0,-2.261743945E0,3.181688101E0
5.009187329E1,-3.969566533E-1,3.455302162E0,-1.754092044E0,3.895321106E0
5.010182729E1,-4.751836279E-1,4.700067955E0,-1.314706825E0,4.903559146E0
5.011178229E1,-6.268481228E-1,5.972325602E0,-1.031584496E0,6.093092666E0
5.012173729E1,-8.416148919E-1,7.300346975E0,-8.422200056E-1,7.396804454E0
5.013169129E1,-1.063505762E0,8.517174772E0,-6.697377419E-1,8.609405278E0
5.014164629E1,-1.297298056E0,9.478573970E0,-5.064167861E-1,9.580334269E0
5.015160129E1,-1.481677283E0,1.006906908E1,-4.753727853E-1,1.018859651E1
5.016155629E1,-1.559725187E0,1.040105293E1,-3.830089974E-1,1.052432138E1
5.017151029E1,-1.554944650E0,1.037436273E1,-2.518594587E-1,1.049326870E1
5.018146529E1,-1.522814346E0,1.024028607E1,-1.206567103E-1,1.035359747E1
5.019142029E1,-1.502841719E0,1.013039467E1,7.102320492E-2,1.024150740E1
5.020137429E1,-1.524873881E0,1.006873461E1,1.586975624E-1,1.018478483E1
5.021132929E1,-1.569856219E0,1.001473207E1,1.495980889E-1,1.013813033E1
5.022128429E1,-1.629694139E0,9.981311724E0,5.047842801E-2,1.011360642E1
5.023123929E1,-1.735501114E0,9.956699624E0,-8.958226740E-2,1.010721804E1
5.024119329E1,-1.877626900E0,9.847008197E0,-2.400686214E-1,1.002729705E1
5.025114829E1,-1.891223431E0,9.506820114E0,-3.752515695E-1,9.700369503E0
5.026110329E1,-1.762036802E0,9.325590928E0,-4.866625893E-1,9.503065838E0
5.027105729E1,-1.765719671E0,9.245892794E0,-5.250004435E-1,9.427615020E0
5.028101229E1,-1.708044490E0,7.549666988E0,1.223931871E-2,7.740480438E0
5.029096729E1,-1.048633954E0,2.689707506E-1,1.323734633E0,1.710044389E0
5.030092229E1,-8.424737017E-1,-8.259034234E0,1.051703596E0,8.368242879E0
5.031087629E1,7.263197860E-1,-1.943733532E1,3.926235010E-1,1.945486310E1
5.032083129E1,1.364016540E0,-2.228642389E1,3.484513682E-1,2.233084525E1
5.033078629E1,1.228608328E0,-1.451356225E1,-2.142249076E0,1.472216692E1
5.034074029E1,1.004664939E0,-6.562658740E0,-3.279609704E0,7.404976785E0
5.035069529E1,6.832566507E-1,-2.645359299E0,-2.963885787E0,4.031052521E0
5.036065029E1,4.387540126E-1,-2.697706497E-1,-1.979700867E0,2.045604265E0
5.037060429E1,3.413326755E-1,1.302064413E0,-4.263121609E-1,1.411956724E0
5.038055929E1,3.011802842E-1,2.511525888E0,2.457539130E0,3.526750690E0
5.039051429E1,-2.399352318E-1,3.290857993E0,4.719125201E0,5.758251289E0
5.040046929E1,-8.066033725E-1,3.432659989E0,5.394044745E0,6.444337228E0
5.041042329E1,-9.511547296E-1,3.309755024E0,5.823844332E0,6.765821195E0
5.042037829E1,-7.393282329E-1,3.382783239E0,6.351868955E0,7.234367139E0
5.043033329E1,-1.404034884E-1,3.814125322E0,6.494449800E0,7.532937230E0
5.044028729E1,6.062429734E-1,4.333601900E0,6.126621344E0,7.528819633E0
5.045024229E1,9.128187758E-1,4.739406853E0,5.370040755E0,7.220287608E0
5.046019729E1,6.781147555E-1,5.151601058E0,4.667631404E0,6.984670071E0
5.047015229E1,2.678697199E-2,5.860356100E0,4.313945900E0,7.276992538E0
5.048010629E1,-1.043151897E0,6.587266747E0,4.214329811E0,7.889285445E0
5.049006129E1,-2.143949447E0,7.065232773E0,3.792185399E0,8.300283336E0
5.050001629E1,-2.767984182E0,7.535738336E0,2.764934566E0,8.490815735E0
5.050997029E1,-2.963245516E0,8.157955171E0,1.374402950E0,8.787607185E0
5.051992529E1,-2.950861991E0,9.122817675E0,-3.365636864E-1,9.594095264E0
5.052988029E1,-2.833171281E0,1.043399848E1,-1.745525142E0,1.095180542E1
5.053983429E1,-2.509312717E0,1.156056398E1,-1.975564839E0,1.199358772E1
5.054978929E1,-2.321776139E0,1.133920594E1,-1.530128043E0,1.167516713E1
5.055974429E1,-2.336983285E0,8.652521442E0,-1.119451776E0,9.032208504E0
5.056969929E1,-1.681488483E0,4.594928001E0,-1.895270289E0,5.247172221E0
5.057965329E1,1.413048367E-1,-4.150909156E-1,-3.162397296E0,3.192651591E0
5.058960829E1,3.375388558E0,-8.680976332E0,-4.494257951E0,1.034170936E1
5.059956329E1,8.352980279E0,-2.108157470E1,-5.224184300E0,2.327009181E1
5.060951729E1,1.370547120E1,-2.964888233E1,-3.366703104E0,3.283642572E1
5.061947229E1,1.591802837E1,-2.562899174E1,-7.971131954E-1,3.018052740E1
5.062942729E1,9.969084027E0,-1.521254426E1,-1.073206439E0,1.821965727E1
5.063938229E1,4.072211773E0,-9.945227387E0,-1.965522538E0,1.092491352E1
5.064933629E1,1.173968729E0,-8.856475248E0,-2.671348418E0,9.324776607E0
5.065929129E1,-4.884046210E-1,-9.037182863E0,-3.110987114E0,9.570133437E0
5.066924629E1,-1.205762672E0,-9.994489009E0,-3.977625750E0,1.082428662E1
5.067920029E1,-1.405494349E0,-1.162629019E1,-5.365733696E0,1.288165890E1
5.068915529E1,-1.527734924E0,-1.287412460E1,-6.125640181E0,1.433877700E1
5.069911029E1,-1.580151704E0,-1.289156685E1,-5.548684303E0,1.412364233E1
5.070906529E1,-1.102444564E0,-1.130530261E1,-4.355994105E0,1.216552242E1
5.071901929E1,-2.617098244E-1,-9.269252420E0,-3.448027934E0,9.893251694E0
5.072897429E1,4.883055107E-1,-7.729189957E0,-2.812053477E0,8.239324270E0
5.073892929E1,1.067266107E0,-6.485838606E0,-2.347402146E0,6.979645850E0
5.074888329E1,1.529222163E0,-5.307199559E0,-1.930281662E0,5.850715758E0
5.075883829E1,1.675960379E0,-4.122632021E0,-1.493272166E0,4.694123958E0
5.076879329E1,1.489694255E0,-2.905798377E0,-1.041901031E0,3.427595504E0
5.077874729E1,1.062268784E0,-1.599584194E0,-7.377890995E-1,2.057040913E0
5.078870229E1,5.531083015E-1,-2.002209431E-1,-6.047655281E-1,8.436578473E-1
5.079865729E1,3.433031872E-2,1.133846451E0,-5.224276686E-1,1.248886310E0
5.080861229E1,-4.132920197E-1,2.462411615E0,-4.686201283E-1,2.540449976E0
5.081856629E1,-7.747182132E-1,3.694345109E0,-3.493019919E-1,3.790829194E0
5.082852129E1,-1.133469598E0,4.956968299E0,-1.902542178E-1,5.088465850E0
5.083847629E1,-1.400917295E0,6.153413871E0,-3.594480805E-1,6.321097567E0
5.084843029E1,-1.572015596E0,7.234632457E0,-5.230800717E-1,7.421910306E0
5.085838529E1,-1.723677898E0,8.262188222E0,-3.564896818E-1,8.447597565E0
5.086834029E1,-1.902345566E0,9.185591628E0,-6.741598450E-2,9.380754614E0
5.087829529E1,-2.028151480E0,9.855366207E0,1.034348329E-1,1.006242219E1
5.088824929E1,-2.063713076E0,1.006499357E1,4.547496557E-2,1.027448661E1
5.089820412E1,-2.030474725E0,1.003215560E1,-1.002540390E-1,1.023606489E1
5.090815912E1,-1.990118851E0,1.001891634E1,-1.104579967E-1,1.021525617E1
5.091811313E1,-1.986094505E0,1.002073833E1,-1.796206359E-1,1.021724188E1
5.092806813E1,-1.973363362E0,1.004222100E1,-1.411442210E-1,1.023524730E1
5.093802312E1,-1.943479705E0,1.009746549E1,-1.343561518E-1,1.028367514E1
5.094797713E1,-1.882235091E0,1.013404801E1,-1.743879443E-1,1.030883840E1
5.095793213E1,-1.797224323E0,1.008435253E1,-2.974128500E-1,1.024756730E1
5.096788713E1,-1.641235519E0,9.727599868E0,-6.525492668E-1,9.886641177E0
5.097784213E1,-1.779411511E0,9.280979596E0,-1.142575028E0,9.518842644E0
5.098779613E1,-1.817304246E0,9.235747874E0,-1.307021098E0,9.503154091E0
5.099775113E1,-1.732126540E0,8.615174691E0,-1.414517480E0,8.900694187E0
5.100770613E1,-9.217196998E-1,4.632924378E-2,-1.725569472E0,1.956860651E0
5.101766012E1,-7.092612652E-1,-1.035238071E1,-1.783681440E0,1.052883457E1
5.102761513E1,5.922150645E-1,-2.216831715E1,-1.154172688E0,2.220624053E1
5.103757013E1,2.798067521E0,-2.246823722E1,1.859099997E0,2.271799107E1
5.104752413E1,1.949732571E0,-1.318574728E1,1.635376756E0,1.342906719E1
5.105747912E1,8.217502923E-1,-5.916415696E0,-4.940406060E-1,5.993606956E0
5.106743412E1,4.535176474E-1,-2.532156034E0,-1.366882553E0,2.913050008E0
5.107738912E1,2.904823646E-1,-3.295373797E-1,-1.734237385E0,1.789009278E0
5.108734313E1,9.479944557E-3,1.243664178E0,-1.467256003E0,1.923442392E0
5.109729813E1,-1.314771290E-1,2.520980251E0,-8.223560639E-1,2.654975924E0
5.110725313E1,-1.568446894E-1,3.395806158E0,4.176900029E-2,3.399682981E0
5.111720713E1,1.337411709E-1,3.916173853E0,2.852468262E0,4.846739061E0
5.112716213E1,1.157343487E0,4.362670164E0,7.782235898E0,8.996417647E0
5.113711713E1,1.466466629E0,4.045031283E0,7.512074654E0,8.657024204E0
5.114707213E1,1.298717029E0,3.753042968E0,6.158749455E0,7.328177965E0
5.115702613E1,1.117792043E0,3.691838992E0,4.571845240E0,5.981714060E0
5.116698113E1,8.737304315E-1,3.705686953E0,2.860221962E0,4.761973365E0
5.117693613E1,5.653202114E-1,3.367839510E0,1.555288028E0,3.752445970E0
5.118689012E1,-1.133731261E-1,2.573737339E0,1.583560777E0,3.024010927E0
5.119684512E1,-1.157040455E0,1.920095812E0,2.993568884E0,3.739915134E0
5.120680013E1,-2.184594904E0,1.540137892E0,4.279920075E0,5.046007875E0
5.121675413E1,-3.002499045E0,1.612040518E0,4.393989605E0,5.560649224E0
5.122670912E1,-3.373020144E0,2.023454120E0,3.884562343E0,5.528241679E0
5.123666412E1,-3.391181303E0,2.504003445E0,3.291379857E0,5.348207666E0
5.124661912E1,-3.495608774E0,3.066800290E0,3.021469459E0,5.545612898E0
5.125657313E1,-3.850085405E0,4.206566463E0,2.653070314E0,6.289446806E0
5.126652813E1,-4.005724545E0,6.438462710E0,1.443056570E0,7.718940567E0
5.127648313E1,-3.748675975E0,8.944632549E0,-1.165529004E0,9.768187184E0
5.128643713E1,-3.273734422E0,1.084069338E1,-4.179394744E0,1.207084547E1
5.129639213E1,-3.159829784E0,1.182221168E1,-6.366826133E0,1.379440786E1
5.130634713E1,-3.550944192E0,1.107474807E1,-7.679454710E0,1.393675981E1
5.131630213E1,-3.695561330E0,8.512044425E0,-8.473395499E0,1.256624467E1
5.132625613E1,-3.249602378E0,4.053404496E0,-9.597588197E0,1.091346429E1
5.133621113E1,-2.896736362E0,-5.352497354E0,-1.108873461E1,1.264912427E1
5.134616613E1,-1.054777916E0,-2.195653100E1,-9.563459169E0,2.397209964E1
5.135612012E1,4.937287155E0,-3.600701132E1,-2.861569161E0,3.645641571E1
5.136607512E1,1.188095047E1,-3.572844762E1,2.091140026E0,3.771010236E1
5.137603013E1,1.190874111E1,-2.635744020E1,-5.130800173E-1,2.892742678E1
5.138598413E1,6.602565987E0,-1.797118927E1,-3.043728347E0,1.938612399E1
5.139593913E1,3.001110623E0,-1.269285741E1,-2.878548013E0,1.335669618E1
5.140589412E1,1.424526013E0,-9.728914322E0,-2.258021607E0,1.008859305E1
5.141584912E1,9.099765904E-1,-8.052097179E0,-1.582281406E0,8.256387880E0
5.142580313E1,1.001453575E0,-7.068836412E0,-1.238743453E0,7.246091555E0
5.143575813E1,1.334648023E0,-6.133072577E0,-4.509533510E-1,6.292791392E0
5.144571313E1,1.451476268E0,-4.937680088E0,1.066146219E0,5.255866795E0
5.145566713E1,1.322959731E0,-3.606197748E0,7.388079768E-1,3.911613718E0
5.146562213E1,9.541685307E-1,-2.257417005E0,4.560152856E-1,2.492853598E0
5.147557713E1,4.853349790E-1,-8.238580674E-1,6.169558033E-1,1.137948426E0
5.148553112E1,1.874193415E-2,6.522165602E-1,1.118992477E0,1.295330794E0
5.149548613E1,-3.007363343E-1,2.065127810E0,1.728384614E0,2.709706366E0
5.150544113E1,-5.548887786E-1,3.493524826E0,2.428412103E0,4.290664588E0
5.151539613E1,-7.006380840E-1,4.817509282E0,3.067740815E0,5.754157029E0
5.152535012E1,-8.090390302E-1,5.938076706E0,3.549819772E0,6.965380071E0
5.153530512E1,-1.047326663E0,7.011580476E0,3.790734705E0,8.039205403E0
5.154526012E1,-1.391671678E0,7.857779585E0,3.321264976E0,8.643624882E0
5.155521413E1,-1.672700556E0,8.391720421E0,2.399574512E0,8.886892405E0
5.156516913E1,-1.833677765E0,8.736068798E0,1.637018069E0,9.075301667E0
5.157512412E1,-1.907940620E0,9.040897599E0,1.223636148E0,9.320694836E0
5.158507813E1,-1.980126690E0,9.356094097E0,1.143808937E0,9.631495074E0
5.159503313E1,-2.004962300E0,9.564407587E0,1.175647172E0,9.842759399E0
5.160498813E1,-1.983952523E0,9.632151673E0,1.108504472E0,9.896625467E0
5.161494313E1,-1.976429349E0,9.649902651E0,9.660477340E-1,9.897481617E0
5.162489713E1,-1.968301866E0,9.681779916E0,9.083731377E-1,9.921502726E0
5.163485213E1,-1.937728091E0,9.729488518E0,8.064538300E-1,9.953296176E0
5.164480713E1,-1.916490273E0,9.533537212E0,4.712833158E-1,9.735675359E0
5.165476112E1,-1.907870454E0,8.900618218E0,-9.386308707E-2,9.103284276E0
5.166471613E1,-1.377093107E0,5.808238698E0,-8.188241994E-1,6.025155207E0
5.167467113E1,-9.232658498E-1,-1.816706514E-1,-2.595417645E0,2.760727586E0
5.168462513E1,-1.715763107E-2,-1.098097744E1,-5.068600416E0,1.209433215E1
5.169458012E1,7.667636611E-1,-2.269909231E1,-5.217508534E0,2.330362876E1
5.170453512E1,9.291748998E-1,-2.489021241E1,-1.850672990E0,2.497620929E1
5.171449012E1,5.679947278E-1,-1.454486357E1,3.584518611E-1,1.456036270E1
5.172444413E1,1.313723177E-1,-5.488407111E0,8.412810159E-1,5.554063832E0
5.173439913E1,-1.463451366E-1,-1.029183630E0,9.563800208E-1,1.412550384E0
5.174435412E1,-3.026666464E-1,1.810147693E0,8.277354292E-1,2.013302687E0
5.175430813E1,-3.548001288E-1,3.736684797E0,6.528707175E-1,3.809847317E0
5.176426313E1,-3.894656391E-1,5.101533104E0,5.916632335E-1,5.150474627E0
5.177421813E1,-3.710894483E-1,6.096766046E0,7.195187433E-1,6.150282174E0
5.178417313E1,-2.555149917E-1,6.825624400E0,1.093463241E0,6.917376542E0
5.179412713E1,2.365125641E-2,7.312565902E0,1.697901617E0,7.507133231E0
5.180408213E1,4.157042885E-1,7.399635036E0,2.069371866E0,7.694784509E0
5.181403713E1,7.709745334E-1,6.870314670E0,1.765171494E0,7.135226401E0
5.182399112E1,1.027217065E0,5.666017456E0,9.056628071E-1,5.829164077E0
5.183394612E1,1.124559611E0,4.247817984E0,8.985913306E-2,4.395072992E0
5.184390113E1,1.180210193E0,2.862754683E0,-2.512814614E-1,3.106670702E0
5.185385513E1,1.121991514E0,1.484285873E0,-4.240620062E-2,1.861120038E0
5.186381012E1,8.752312656E-1,2.670885319E-1,6.092955123E-1,1.099366669E0
5.187376512E1,4.501499435E-1,-3.172558880E-1,1.600695165E0,1.692782113E0
5.188372012E1,-7.336121410E-2,-5.403879762E-2,2.593774577E0,2.595374466E0
5.189367837E1,-5.668624145E-1,7.992904061E-1,3.209840727E0,3.356080399E0
5.190363337E1,-9.701076020E-1,1.725558947E0,3.372971904E0,3.910959205E0
5.191358837E1,-1.278533610E0,2.487952838E0,3.177308865E0,4.233184279E0
5.192354238E1,-1.546491038E0,3.412590006E0,2.924501281E0,4.752905724E0
5.193349738E1,-1.706323508E0,4.668276059E0,2.649363764E0,5.632359153E0
5.194345238E1,-1.665430421E0,5.978995521E0,2.211093316E0,6.588700902E0
5.195340638E1,-1.535897199E0,7.110621784E0,1.506217024E0,7.428903828E0
5.196336138E1,-1.436539118E0,7.977908877E0,4.850008106E-1,8.120708126E0
5.197331638E1,-1.408647460E0,8.257542610E0,-6.163628957E-1,8.399476224E0
5.198327138E1,-1.516633108E0,7.961239634E0,-1.932595697E0,8.331652815E0
5.199322538E1,-1.728976499E0,6.808582690E0,-3.386389217E0,7.798319685E0
5.200318038E1,-1.775052119E0,4.156175743E0,-5.313488824E0,6.975512190E0
5.201313538E1,-2.028844960E0,-2.523219734E-1,-7.432135030E0,7.708210516E0
5.202308937E1,-2.616675197E0,-7.864813201E0,-9.452457966E0,1.257184304E1
5.203304437E1,-2.466137461E0,-2.040113188E1,-9.137950269E0,2.248977881E1
5.204299938E1,1.266047904E-1,-3.232359290E1,-3.745607941E0,3.254013315E1
5.205295338E1,4.545794433E0,-3.539980838E1,3.217203248E0,3.583519327E1
5.206290838E1,6.033525485E0,-2.758496022E1,5.214011314E0,2.871444539E1
5.207286337E1,2.856126572E0,-1.609862196E1,3.455314734E0,1.671114263E1
5.208281837E1,3.879842471E-1,-9.721400650E0,2.012852825E0,9.935176841E0
5.209277238E1,-5.851367906E-1,-6.514530893E0,5.280029887E-1,6.562033601E0
5.210272738E1,-8.183439969E-1,-4.730146617E0,-1.321540319E0,4.979000174E0
5.211268238E1,-7.435820822E-1,-3.653143288E0,-3.401802770E0,5.046843795E0
5.212263638E1,-6.415668802E-1,-3.041387122E0,-4.470774948E0,5.445132902E0
5.213259138E1,-4.093826444E-1,-2.769882773E0,-3.918650733E0,4.816188150E0
5.214254638E1,-1.676915668E-2,-3.124396534E0,-1.917121333E0,3.665718090E0
5.215250037E1,2.862272727E-1,-3.783117537E0,1.332071739E-1,3.796267707E0
5.216245538E1,5.491243011E-1,-3.723129197E0,1.647055399E0,4.108043331E0
5.217241038E1,7.552173105E-1,-2.718084628E0,2.661004694E0,3.878051471E0
5.218236538E1,8.377041279E-1,-1.158500066E0,3.308086521E0,3.603790649E0
5.219231937E1,9.182675037E-1,6.700581694E-1,3.871107023E0,4.034558556E0
5.220227437E1,9.092562135E-1,2.482473412E0,3.958375255E0,4.760058378E0
5.221222937E1,6.797689328E-1,4.014446252E0,3.270847067E0,5.222672213E0
5.222218338E1,2.966568781E-1,5.254370551E0,2.152344002E0,5.685859644E0
5.223213838E1,-1.428183885E-1,6.336436399E0,1.319145300E0,6.473868059E0
5.224209337E1,-5.434829074E-1,7.331274068E0,8.573681679E-1,7.401218367E0
5.225204738E1,-9.310078557E-1,8.210184841E0,6.277219892E-1,8.286612434E0
5.226200238E1,-1.318844753E0,8.922487974E0,5.349743316E-1,9.035283098E0
5.227195738E1,-1.648991851E0,9.439415751E0,4.968672962E-1,9.595239495E0
5.228191238E1,-1.860089931E0,9.771986666E0,4.105974765E-1,9.955915239E0
5.229186638E1,-1.977343269E0,9.914223111E0,2.884525037E-1,1.011360031E1
5.230182138E1,-2.045029176E0,9.682447084E0,5.673195206E-2,9.896218691E0
5.231177638E1,-1.936947049E0,8.728484960E0,-5.013964033E-1,8.954865265E0
5.232173037E1,-1.664284659E0,7.348082474E0,-1.327682819E0,7.650287651E0
5.233168538E1,-1.373726427E0,5.139203206E0,-2.104771932E0,5.720891432E0
5.234164038E1,-1.116773312E0,1.767128558E0,-2.917494562E0,3.589108593E0
5.235159438E1,-7.769417632E-1,-2.740554893E0,-3.999375054E0,4.910120207E0
5.236154937E1,-4.703719541E-1,-7.122623779E0,-4.842829480E0,8.625892223E0
5.237150437E1,-5.642495862E-1,-9.849039520E0,-4.393890202E0,1.079945499E1
5.238145838E1,-1.378775059E0,-8.913221891E0,-3.515506849E0,9.680151525E0
5.239141338E1,-2.099710144E0,-4.567944855E0,-2.951199083E0,5.829620821E0
5.240136838E1,-2.005933815E0,-9.491574669E-1,-2.349030011E0,3.231503111E0
5.241132337E1,-1.854073000E0,1.198054141E0,-1.805485123E0,2.851788376E0
5.242127738E1,-1.622405585E0,2.458402179E0,-1.275187687E0,3.209679858E0
5.243123238E1,-1.219446765E0,2.916990532E0,-8.580028832E-1,3.275981246E0
5.244118738E1,-7.755467637E-1,2.734593657E0,-4.380079079E-1,2.875991338E0
5.245114138E1,-3.027737966E-1,2.353986695E0,-1.640787184E-1,2.379043329E0
5.246109638E1,1.548640913E-1,2.003943130E0,2.828532100E-2,2.010117165E0
5.247105138E1,6.210818911E-1,1.718002591E0,2.899529358E-1,1.849688709E0
5.248100537E1,1.142409552E0,1.541214364E0,9.453404776E-1,2.138716886E0
5.249096037E1,1.713215914E0,1.518672763E0,1.794080129E0,2.908642164E0
5.250091537E1,2.408222252E0,1.736219591E0,2.596534463E0,3.944107516E0
5.251087038E1,2.991846587E0,2.113419964E0,3.279343071E0,4.916480542E0
5.252082438E1,3.382993155E0,2.600334569E0,3.854700905E0,5.750226223E0
5.253077937E1,2.674857332E0,2.780903605E0,4.564934416E0,5.977199414E0
5.254073437E1,8.712656839E-1,2.699582868E0,5.281465963E0,5.995059155E0
5.255068838E1,-5.215128717E-1,3.248599581E0,5.976628568E0,6.822423613E0
5.256064338E1,-1.762235754E0,4.155196334E0,6.399991540E0,7.831412589E0
5.257059838E1,-3.054973712E0,5.232060499E0,6.108014334E0,8.603206411E0
5.258055238E1,-4.241528719E0,6.520904943E0,4.909381903E0,9.198630214E0
5.259050738E1,-5.207452492E0,7.453981397E0,3.217596766E0,9.645326800E0
5.260046238E1,-5.712474754E0,8.932756854E0,1.829310772E0,1.075978117E1
5.261041738E1,-5.671653587E0,1.086879276E1,8.103483680E-1,1.228637355E1
5.262037138E1,-4.979441487E0,1.258369223E1,2.701428249E-1,1.353577205E1
5.263032638E1,-3.715699140E0,1.398122823E1,1.242115250E-1,1.446708649E1
5.264028138E1,-1.816265780E0,1.325139514E1,2.488344017E-1,1.337760118E1
5.265023537E1,6.506731877E-1,1.069427559E1,-5.802961001E-1,1.072975534E1
5.266019037E1,3.238881508E0,6.894590555E0,-1.549659790E0,7.773491996E0
5.267014537E1,4.746182606E0,2.895539437E0,-2.384577866E0,6.049513167E0
5.268009938E1,5.542084551E0,-1.165222026E0,-4.240223913E0,7.074739739E0
5.269005438E1,6.225136403E0,-6.463432660E0,-7.228774132E0,1.152317059E1
5.270000937E1,7.140213373E0,-1.457315824E1,-9.758305936E0,1.893631756E1
5.270996437E1,7.313251780E0,-2.350405276E1,-8.239778184E0,2.595800632E1
5.271991838E1,4.851557034E0,-2.658420458E1,-2.469011075E0,2.713583525E1
5.272987338E1,1.121709239E0,-2.284575919E1,2.026163135E0,2.296284567E1
5.273982838E1,-2.405347761E0,-1.831372033E1,1.967199227E0,1.857546562E1
5.274978238E1,-6.030369158E0,-1.462554579E1,-3.802902176E0,1.627064863E1
5.275973738E1,-8.955990180E0,-1.242109403E1,-1.017004581E1,1.838268666E1
5.276969238E1,-9.865728643E0,-1.009431969E1,-1.202053286E1,1.853971688E1
5.277964637E1,-6.718556619E0,-8.440900767E0,-1.113261796E1,1.550235439E1
5.278960137E1,-1.869489330E0,-8.807634040E0,-9.280397213E0,1.293039753E1
5.279955638E1,1.513233975E0,-1.006624136E1,-7.859472354E0,1.286041982E1
5.280951138E1,4.613446425E0,-1.092137326E1,-5.772715108E0,1.318652803E1
5.281946537E1,6.713437967E0,-1.106701805E1,-2.669050170E0,1.321639008E1
5.282942037E1,7.207366891E0,-1.003026695E1,-9.124825609E-1,1.238487049E1
5.283937537E1,6.100863190E0,-7.948641223E0,-9.080626506E-1,1.006111359E1
5.284932938E1,4.186112317E0,-5.971925653E0,-1.583849045E0,7.462975957E0
5.285928438E1,2.845800682E0,-4.231873212E0,-1.996343212E0,5.476560839E0
5.286923938E1,2.116309074E0,-2.560494565E0,-1.953702976E0,3.853810041E0
5.287919338E1,1.566121164E0,-1.206096987E0,-1.648179088E0,2.573693794E0
5.288914838E1,1.108352810E0,-5.381309509E-2,-1.201155212E0,1.635272346E0
5.289909938E1,7.453725728E-1,1.105036635E0,-6.896228068E-1,1.500755094E0
5.290905438E1,4.934714527E-1,2.316811268E0,-1.269094303E-1,2.372179278E0
5.291900837E1,3.599809080E-1,3.525489215E0,5.030440025E-1,3.579345433E0
5.292896338E1,2.531747898E-1,4.749316129E0,1.150265579E0,4.893180159E0
5.293891838E1,5.642913938E-2,6.007665589E0,1.508558542E0,6.194431285E0
5.294887237E1,-1.988681898E-1,7.227197138E0,1.524418237E0,7.388895587E0
5.295882737E1,-4.948830436E-1,8.270508810E0,1.274875445E0,8.382811736E0
5.296878237E1,-8.161907597E-1,9.070739449E0,9.475553298E-1,9.156546434E0
5.297873638E1,-1.082209690E0,9.657444974E0,7.206155348E-1,9.744573259E0
5.298869138E1,-1.350694244E0,1.010957625E1,6.060755968E-1,1.021739862E1
5.299864638E1,-1.570446203E0,1.029071363E1,5.991466463E-1,1.042708325E1
5.300860038E1,-1.693650107E0,1.023430905E1,6.615246698E-1,1.039457297E1
5.301855538E1,-1.730198274E0,1.009573940E1,6.863345519E-1,1.026589476E1
5.302851038E1,-1.757617330E0,9.964367663E0,7.260405815E-1,1.014420901E1
5.303846538E1,-1.797258529E0,9.899242544E0,7.788409388E-1,1.009117111E1
5.304841938E1,-1.828586887E0,9.896403136E0,9.084596765E-1,1.010484161E1
5.305837438E1,-1.868145932E0,9.930235126E0,1.144280223E0,1.016901746E1
5.306832938E1,-1.901894453E0,9.984599029E0,1.387279980E0,1.025836079E1
5.307828337E1,-1.940825215E0,1.002468403E1,1.578481593E0,1.033211966E1
5.308823837E1,-2.009349612E0,9.949087719E0,1.364829011E0,1.024131781E1
5.309819338E1,-2.112037536E0,9.622807823E0,7.346628857E-1,9.879213658E0
5.310814738E1,-2.029338173E0,9.388245013E0,3.405523646E-1,9.611104710E0
5.311810237E1,-1.924738063E0,9.249321016E0,3.532150948E-1,9.454063506E0
5.312805737E1,-1.487807797E0,5.939248488E0,-1.665871922E-1,6.125030280E0
5.313801138E1,1.003582765E0,-9.701359318E0,-1.160237274E0,9.821899079E0
5.314796638E1,3.150638838E0,-2.849866017E1,-9.751401544E-1,2.868886639E1
5.315792138E1,1.843191478E0,-3.488124689E1,3.153268915E0,3.507195238E1
5.316787638E1,1.551690236E-2,-2.059914199E1,2.159704185E0,2.071205479E1
5.317783038E1,-8.447910994E-1,-7.814876810E0,-4.612738328E-1,7.873928187E0
5.318778538E1,-1.122406958E0,-1.792401978E0,-1.012183435E0,2.344571930E0
5.319774038E1,-1.290994319E0,1.716446646E0,-6.031585671E-1,2.230841921E0
5.320769437E1,-1.427108874E0,4.189806004E0,-2.860598230E-1,4.435419293E0
5.321764938E1,-1.396488029E0,5.613330535E0,1.687892354E-1,5.786894531E0
5.322760438E1,-1.287953328E0,6.472922691E0,1.517488994E0,6.772025161E0
5.323755837E1,-1.093827815E0,7.183338928E0,3.197792831E0,7.938683545E0
5.324751337E1,-8.997927873E-1,7.717389691E0,5.411464770E0,9.468457196E0
5.325746837E1,-9.654361153E-1,7.731649881E0,8.383079406E0,1.144493325E1
5.326742338E1,-1.939812477E0,6.956575719E0,1.058422982E1,1.281338125E1
5.327737738E1,-3.408533792E0,6.225970801E0,9.932068813E0,1.220765358E1
5.328733238E1,-4.190224079E0,6.417969389E0,7.817040864E0,1.094780511E1
5.329728737E1,-4.312477080E0,7.342341093E0,5.227152346E0,9.991524055E0
5.330724138E1,-3.952609023E0,8.933887120E0,2.903157774E0,1.019145634E1
5.331719638E1,-3.023171875E0,1.123080791E1,8.948295245E-1,1.166496183E1
5.332715138E1,-1.398010790E0,1.340927464E1,-9.324107489E-1,1.351415815E1
5.333710538E1,1.825062186E-3,1.384782751E1,-3.031103916E0,1.417568062E1
5.334706038E1,7.427707811E-1,1.322471079E1,-4.116298317E0,1.387042161E1
5.335701538E1,2.183641955E0,1.217141207E1,-2.802844112E0,1.267941242E1
5.336696937E1,4.222236123E0,1.032182667E1,-9.347186449E-1,1.119111623E1
5.337692437E1,6.128745053E0,6.968268980E0,4.154446721E-4,9.279994002E0
5.338687938E1,7.964826316E0,-3.148842573E-1,-1.713203488E0,8.153077734E0
5.339683438E1,9.917885807E0,-1.557439686E1,-6.420119410E0,1.954850965E1
5.340678837E1,9.918317331E0,-3.440536773E1,-8.876337655E0,3.689026589E1
5.341674337E1,8.280283601E0,-3.641825535E1,-6.357897434E0,3.788502711E1
5.342669837E1,5.386394833E0,-2.205308958E1,-4.612120277E0,2.316513896E1
5.343665238E1,1.611120751E0,-9.699903946E0,-3.490566135E0,1.043397808E1
5.344660738E1,-8.872581111E-1,-3.965381096E0,-2.119165438E0,4.582830604E0
5.345656238E1,-2.311155110E0,-3.371330298E0,-3.266958668E0,5.232621223E0
5.346651638E1,-2.766713289E0,-7.329539199E0,-7.733305228E0,1.100821771E1
5.347647138E1,-3.494805366E0,-1.312460412E1,-1.059544478E1,1.722592082E1
5.348642638E1,-4.746607991E0,-1.719998011E1,-8.060183879E0,1.957897258E1
5.349638138E1,-4.004831383E0,-1.712515680E1,-4.014440697E0,1.803955110E1
5.350633538E1,-2.152838822E0,-1.377811701E1,-2.930494092E0,1.424987786E1
5.351629038E1,-1.268877664E0,-1.110696856E1,-4.609574399E0,1.209226932E1
5.352624538E1,-3.896513613E-1,-9.319014564E0,-5.380118431E0,1.076761510E1
5.353619937E1,2.843044889E-1,-7.970188213E0,-4.456319169E0,9.135836564E0
5.354615437E1,7.143517050E-1,-6.848854803E0,-3.272524340E0,7.624075422E0
5.355610938E1,1.129043402E0,-5.586684188E0,-2.824778480E0,6.361222578E0
5.356606338E1,1.141600955E0,-4.002869934E0,-2.588949455E0,4.901926125E0
5.357601838E1,9.754453790E-1,-2.406132749E0,-2.429876246E0,3.556018428E0
5.358597337E1,7.408583761E-1,-9.413280451E-1,-2.188895385E0,2.495241998E0
5.359592738E1,4.496679868E-1,4.684777486E-1,-1.738090846E0,1.855433235E0
5.360588238E1,1.742389134E-1,1.873893453E0,-1.301533048E0,2.288192332E0
5.361583738E1,-7.609807648E-2,3.318838674E0,-9.690695751E-1,3.458262122E0
5.362579238E1,-2.824704366E-1,4.762954760E0,-8.212741828E-1,4.841489324E0
5.363574638E1,-4.799426767E-1,6.098465247E0,-8.132224938E-1,6.171138806E0
5.364570138E1,-7.027107757E-1,7.346221890E0,-7.647888371E-1,7.419277624E0
5.365565638E1,-9.509155785E-1,8.546416113E0,-5.612508051E-1,8.617451553E0
5.366561037E1,-1.231011534E0,9.504041517E0,-2.531446401E-1,9.586776141E0
5.367556538E1,-1.445841161E0,1.009973889E1,-6.142850876E-2,1.020288958E1
5.368552038E1,-1.559807048E0,1.030058724E1,-1.519102058E-3,1.041801794E1
5.369547437E1,-1.597134796E0,1.018268048E1,1.313822579E-1,1.030801060E1
5.370542937E1,-1.628609334E0,1.010174098E1,3.808513749E-1,1.023926691E1
5.371538437E1,-1.714723618E0,1.012832242E1,5.236169922E-1,1.028578470E1
5.372533838E1,-1.765556534E0,1.023099836E1,5.185000573E-1,1.039516039E1
5.373529338E1,-1.839031184E0,1.046627160E1,6.048266315E-1,1.064381004E1
5.374524838E1,-1.901579727E0,1.048837993E1,6.409033674E-1,1.067861770E1
5.375520337E1,-1.970985007E0,1.042796416E1,6.245364992E-1,1.063095782E1
5.376515738E1,-2.208727971E0,1.029960374E1,4.201376108E-1,1.054214551E1
5.377511238E1,-2.452951405E0,1.016615391E1,2.225164495E-1,1.046026622E1
5.378506738E1,-2.643784059E0,9.850401921E0,2.698424242E-2,1.019905585E1
5.379502138E1,-2.453877604E0,9.443711116E0,-1.989725991E-1,9.759343473E0
5.380497638E1,-2.463998550E0,9.179429832E0,-3.922932065E-1,9.512471543E0
5.381493138E1,-2.546723202E0,8.892867149E0,-7.529330957E-1,9.280937099E0
5.382488537E1,-2.333820233E0,6.785304925E0,-9.462016994E-1,7.237567095E0
5.383484037E1,-1.315561103E0,-4.259166845E0,-1.991186845E0,4.882215509E0
5.384479538E1,-1.324952754E0,-1.585578242E1,-5.063615665E0,1.669735127E1
5.385474938E1,1.512587273E0,-2.868012968E1,-5.025417559E0,2.915634717E1
5.386470438E1,4.227660293E0,-2.656334873E1,-2.170450197E0,2.698509703E1
5.387465937E1,5.425232039E0,-1.587023674E1,-1.945582656E0,1.688439660E1
5.388461437E1,3.819861732E0,-6.937198046E0,-2.506666267E0,8.306589923E0
5.389456825E1,2.681856157E0,-2.445716645E0,-1.942666065E0,4.116774683E0
5.390452325E1,1.755790222E0,1.975470114E-1,-4.766965219E-1,1.830044726E0
5.391447825E1,8.244536063E-1,2.182367992E0,1.875845253E0,2.993534569E0
5.392443225E1,1.059994948E-1,3.695179507E0,4.447023851E0,5.782872003E0
5.393438725E1,-5.642966563E-1,4.605288098E0,5.738463289E0,7.379503377E0
5.394434225E1,-1.181221177E0,4.987564439E0,6.195134339E0,8.040570377E0
5.395429625E1,-1.591781085E0,4.894922324E0,6.818424139E0,8.543122340E0
5.396425125E1,-1.957244343E0,4.087777938E0,7.373024358E0,8.654606985E0
5.397420625E1,-2.048723154E0,2.860861940E0,7.387944113E0,8.183123842E0
5.398416025E1,-2.117532603E0,1.714177342E0,6.615899978E0,7.154892089E0
5.399411525E1,-2.284071245E0,9.853458846E-1,5.165634960E0,5.733382292E0
5.400407025E1,-2.541888725E0,8.765905970E-1,4.015081260E0,4.832234150E0
5.401402525E1,-2.879595834E0,9.506262875E-1,4.177053811E0,5.161738181E0
5.402397925E1,-3.237345737E0,1.211422631E0,4.936311840E0,6.026203348E0
5.403393425E1,-3.477322484E0,1.636036322E0,5.557650424E0,6.756912367E0
5.404388925E1,-3.248890772E0,2.439029185E0,5.689616818E0,6.991129676E0
5.405384325E1,-2.702574596E0,3.632863975E0,5.255733536E0,6.937171262E0
5.406379825E1,-1.875702289E0,4.869813210E0,4.630488136E0,6.976729904E0
5.407375325E1,-7.901162709E-1,5.939238548E0,3.038548883E0,6.718006964E0
5.408370725E1,2.758614019E-1,7.068694909E0,3.925145236E-1,7.084956943E0
5.409366225E1,1.550909779E0,7.985424303E0,-1.905174595E0,8.354759881E0
5.410361725E1,2.601879111E0,8.100570597E0,-3.305469600E0,9.127713196E0
5.411357125E1,2.700145370E0,7.030192164E0,-3.410821223E0,8.267290263E0
5.412352625E1,2.610803131E0,4.481268654E0,-3.102001113E0,6.043217077E0
5.413348125E1,3.722794444E0,6.800557387E-1,-3.304929902E0,5.024364232E0
5.414343625E1,5.788755190E0,-4.438353599E0,-5.349597720E0,9.045820311E0
5.415339025E1,7.825723979E0,-1.103563955E1,-7.545727719E0,1.549081350E1
5.416334525E1,8.976225640E0,-1.815617880E1,-5.103228797E0,2.088689540E1
5.417330025E1,7.930465738E0,-2.078244752E1,-5.207243747E-1,2.225024867E1
5.418325425E1,6.742679307E0,-1.617801078E1,-1.389367729E0,1.758186849E1
5.419320925E1,5.705470374E0,-1.103093137E1,-3.682823170E0,1.295364912E1
5.420316425E1,3.467122893E0,-8.716176571E0,-5.112662694E0,1.068325770E1
5.421311825E1,8.958314449E-1,-8.080356188E0,-5.991668776E0,1.009924576E1
5.422307325E1,-1.362931005E0,-7.838955644E0,-6.329941896E0,1.016734827E1
5.423302825E1,-2.969257624E0,-7.714384807E0,-6.026858490E0,1.022991921E1
5.424298225E1,-3.925128279E0,-8.130801287E0,-5.849131200E0,1.075773663E1
5.425293725E1,-4.086219655E0,-9.044500068E0,-5.871319045E0,1.153137285E1
5.426289225E1,-3.371599855E0,-9.476427457E0,-5.620903848E0,1.152236621E1
5.427284725E1,-1.851949730E0,-8.789919900E0,-5.075901250E0,1.031780903E1
5.428280125E1,-4.475980724E-1,-7.759247569E0,-4.203758337E0,8.836167214E0
5.429275625E1,4.699220109E-1,-6.521297291E0,-3.117003022E0,7.243193556E0
5.430271125E1,9.451679116E-1,-4.901941321E0,-2.192417017E0,5.452436472E0
5.431266525E1,9.523487310E-1,-3.178875627E0,-1.489883704E0,3.637577739E0
5.432262025E1,7.199586001E-1,-1.511561379E0,-9.975607181E-1,1.948919079E0
5.433257525E1,3.872947142E-1,3.832615972E-2,-7.084438245E-1,8.083060946E-1
5.434252925E1,3.119708821E-2,1.438357748E0,-5.095333886E-1,1.526260313E0
5.435248425E1,-3.269697212E-1,2.693119941E0,-3.274278505E-1,2.732583615E0
5.436243925E1,-6.806992248E-1,3.811699312E0,-1.057704301E-1,3.873446845E0
5.437239325E1,-1.019393783E0,4.858699408E0,1.432849232E-1,4.966553552E0
5.438234825E1,-1.316282211E0,5.819321510E0,4.276361167E-1,5.981636427E0
5.439230325E1,-1.523073085E0,6.827404293E0,1.423579495E0,7.138611880E0
5.440225825E1,-1.726797972E0,7.874838252E0,2.247166836E0,8.369269235E0
5.441221225E1,-2.010980254E0,8.602534180E0,2.163867402E0,9.095601027E0
5.442216725E1,-2.298354824E0,9.110556064E0,1.981474035E0,9.602650990E0
5.443212225E1,-2.515151162E0,9.486960631E0,1.775021714E0,9.973921469E0
5.444207625E1,-2.651456190E0,9.689891174E0,1.528180336E0,1.016167043E1
5.445203125E1,-2.769604737E0,9.735226391E0,1.341678715E0,1.021006587E1
5.446198625E1,-2.842154943E0,9.745281263E0,1.267725470E0,1.023012607E1
5.447194025E1,-2.904203256E0,9.756274613E0,1.239693918E0,1.025456639E1
5.448189525E1,-2.932375141E0,9.765807329E0,1.206250184E0,1.026766070E1
5.449185025E1,-2.940306305E0,9.757025980E0,1.004433535E0,1.023981659E1
5.450180425E1,-2.906810530E0,9.739177939E0,5.899489760E-1,1.018082385E1
5.451175925E1,-2.886433276E0,9.697854497E0,2.692981946E-1,1.012187732E1
5.452171425E1,-2.815339904E0,9.595193177E0,1.627642461E-1,1.000101810E1
5.453166925E1,-2.811308541E0,9.240818580E0,4.048262198E-2,9.659079800E0
5.454162325E1,-3.049183507E0,9.029775610E0,-6.529584805E-2,9.530930236E0
5.455157825E1,-2.390933789E0,7.306497661E0,-8.497758508E-2,7.688217846E0
5.456153325E1,-9.199833691E-2,2.250716096E-1,-1.090401639E0,1.117182464E0
5.457148725E1,1.716715911E0,-1.148128392E1,-6.531690717E0,1.332028444E1
5.458144225E1,3.823703938E0,-2.671038282E1,-1.349561931E1,3.016947137E1
5.459139725E1,4.175906295E0,-3.191340137E1,-9.640882151E0,3.359836289E1
5.460135125E1,2.705254375E0,-2.319911812E1,-4.172616359E0,2.372610820E1
5.461130625E1,1.632378888E0,-1.114171740E1,-1.073389750E0,1.131170601E1
5.462126125E1,9.386669773E-1,-4.151459963E0,1.748273041E0,4.601323087E0
5.463121525E1,3.185794052E-1,2.419642156E-1,5.494677665E0,5.509221557E0
5.464117025E1,-3.937026778E-1,3.522051052E0,7.412648599E0,8.216276813E0
5.465112525E1,-6.745467845E-1,5.547265184E0,6.836814802E0,8.830017045E0
5.466107925E1,-9.411872734E-1,6.760633183E0,7.125178428E0,9.867125323E0
5.467103425E1,-9.064165132E-1,6.816206875E0,7.291052241E0,1.002206116E1
5.468098925E1,-3.206855723E-1,5.308958402E0,6.998841147E0,8.790429793E0
5.469094425E1,3.727949350E-1,3.575274163E0,6.174365029E0,7.144532520E0
5.470089825E1,4.338933684E-1,2.266050419E0,6.256251776E0,6.668128241E0
5.471085325E1,2.477539824E-1,1.573823701E0,8.926019107E0,9.067089951E0
5.472080825E1,-4.201107502E-2,1.883806238E0,9.650699626E0,9.832929073E0
5.473076225E1,-8.017020902E-1,2.529248798E0,8.564241350E0,8.965827102E0
5.474071725E1,-1.139258049E0,3.071602024E0,6.629231629E0,7.394549337E0
5.475067225E1,-1.308712113E0,3.842865556E0,5.065411345E0,6.491435524E0
5.476062625E1,-1.627846127E0,5.235133211E0,4.413027262E0,7.037848561E0
5.477058125E1,-1.302537453E0,6.454422101E0,3.760402858E0,7.582664316E0
5.478053625E1,-1.096496484E0,7.343753196E0,2.832084576E0,7.946931394E0
5.479049025E1,-1.030070068E0,7.439187942E0,3.471983099E-1,7.518185169E0
5.480044525E1,-1.784778232E0,7.097121148E0,-2.770424809E0,7.824948278E0
5.481040025E1,-2.810361877E0,7.469352558E0,-5.852525509E0,9.896535573E0
5.482035525E1,-3.342956684E0,6.855041742E0,-4.731271037E0,8.975070045E0
5.483030925E1,-2.344912109E0,4.780992835E0,-3.024337518E0,6.123979320E0
5.484026425E1,-4.065339540E-1,1.072702702E0,-3.490464101E0,3.674139434E0
5.485021925E1,2.471450826E0,-3.689686047E0,-6.293700854E0,7.702760722E0
5.486017325E1,4.647638896E0,-7.584776595E0,-9.466947366E0,1.299047635E1
5.487012825E1,5.173497126E0,-1.039692129E1,-9.779547701E0,1.518224615E1
5.488008325E1,3.113094451E0,-9.828785934E0,-4.768460790E0,1.135934014E1
5.489003725E1,4.510985081E-1,-7.337904226E0,3.348715899E0,8.078503975E0
5.489999213E1,-8.852218182E-1,-6.468203403E0,7.105232990E0,9.649124768E0
5.490994713E1,-1.294395205E-1,-6.266028321E0,4.481324202E0,7.704682480E0
5.491990113E1,1.456750018E0,-6.813867404E0,-3.857966575E-1,6.978520522E0
5.492985613E1,2.719838793E0,-8.745644783E0,-5.569634877E0,1.071935905E1
5.493981113E1,3.510953037E0,-1.134302768E1,-9.917930245E0,1.547114761E1
5.494976512E1,3.241750737E0,-1.246591762E1,-9.784760494E0,1.617558616E1
5.495972012E1,2.773787543E0,-1.125626903E1,-6.450750049E0,1.326686346E1
5.496967513E1,2.394212615E0,-1.036213620E1,-4.125683975E0,1.140733926E1
5.497963013E1,1.864866375E0,-9.891082170E0,-3.263446831E0,1.058117755E1
5.498958412E1,1.406872538E0,-8.996834151E0,-4.028126982E0,9.957315003E0
5.499953912E1,1.431645437E0,-7.651857607E0,-5.399096739E0,9.473688779E0
5.500949412E1,2.121562943E0,-6.137798297E0,-6.240133342E0,9.006267894E0
5.501944813E1,2.472674356E0,-5.265814721E0,-6.362071177E0,8.620839449E0
5.502940313E1,2.309735698E0,-4.631297098E0,-5.827063808E0,7.793488592E0
5.503935813E1,2.013946108E0,-3.675848027E0,-4.992013586E0,6.518284842E0
5.504931213E1,1.688823815E0,-2.559458438E0,-4.016521429E0,5.053256154E0
5.505926713E1,1.389638747E0,-1.438252498E0,-2.988539694E0,3.595974916E0
5.506922213E1,1.067859453E0,-4.298270684E-1,-1.910802101E0,2.230748706E0
5.507917613E1,6.866885278E-1,3.896654677E-1,-8.701963744E-1,1.174998741E0
5.508913113E1,2.508610466E-1,1.179240725E0,7.945328191E-2,1.208243674E0
5.509908613E1,-3.193260947E-1,1.912269314E0,1.329294312E0,2.350694887E0
5.510904113E1,-9.744665551E-1,2.595373206E0,2.774098030E0,3.921883097E0
5.511899512E1,-1.480973717E0,3.378902442E0,3.337920477E0,4.975135976E0
5.512895012E1,-1.759248557E0,4.233460731E0,3.179041103E0,5.578839268E0
5.513890513E1,-1.912632426E0,5.069173443E0,2.772204702E0,6.086033282E0
5.514885913E1,-1.975855445E0,5.834992633E0,2.391036116E0,6.608191695E0
5.515881412E1,-1.993351192E0,6.560932057E0,2.286438052E0,7.228213984E0
5.516876912E1,-1.993192732E0,7.262076949E0,2.413185076E0,7.907846805E0
5.517872313E1,-1.913483196E0,7.913549743E0,2.754674457E0,8.594993825E0
5.518867813E1,-1.813962708E0,8.460921634E0,3.134924738E0,9.203554135E0
5.519863313E1,-1.751412411E0,8.928902954E0,3.484287980E0,9.743357538E0
5.520858713E1,-1.708823631E0,9.255650042E0,3.960441661E0,1.021137768E1
5.521854213E1,-1.815958655E0,9.576235920E0,4.225863444E0,1.062355506E1
5.522849713E1,-2.192345096E0,9.672729596E0,4.103330947E0,1.073337783E1
5.523845112E1,-2.637800018E0,9.710911914E0,3.828106891E0,1.076634578E1
5.524840612E1,-3.034956646E0,9.684015892E0,3.481901146E0,1.072915473E1
5.525836113E1,-3.221289575E0,9.511296158E0,3.069104386E0,1.050051727E1
5.526831613E1,-3.228480773E0,9.241295713E0,2.717578551E0,1.015922574E1
5.527827012E1,-3.182276075E0,8.992223622E0,2.497495494E0,9.860245962E0
5.528822512E1,-3.003863200E0,8.609073122E0,2.077692892E0,9.351798858E0
5.529818012E1,-2.186199380E0,6.863129611E0,5.912485197E-1,7.227142630E0
5.530813413E1,-3.618403226E-1,1.122543198E0,-3.488318758E0,3.682308978E0
5.531808913E1,2.711992414E0,-1.047341105E1,-1.111577798E1,1.551153642E1
5.532804413E1,4.864419154E0,-2.593561037E1,-1.486732231E1,3.028788094E1
5.533799813E1,2.381531759E0,-3.174094359E1,-1.002459165E1,3.337141937E1
5.534795313E1,-2.822250144E0,-2.355295653E1,5.235237291E-1,2.372721927E1
5.535790813E1,-5.098586107E0,-1.135687388E1,1.043279045E1,1.624245305E1
5.536786213E1,-2.463762907E0,-3.700641975E0,5.993293133E0,7.462200833E0
5.537781713E1,-1.400888790E0,-2.140718275E-1,3.671373153E0,3.935390321E0
5.538777213E1,-7.240020959E-1,2.032660561E0,2.487113178E0,3.292661530E0
5.539772612E1,9.977542609E-2,3.917077832E0,1.839020659E0,4.328446703E0
5.540768112E1,1.068627777E0,5.501610124E0,1.513223158E0,5.805129078E0
5.541763612E1,2.058091856E0,6.803228980E0,1.286487869E0,7.223206883E0
5.542759113E1,2.642197124E0,7.568837085E0,2.133544911E0,8.295813061E0
5.543754513E1,2.743550129E0,7.753960517E0,2.985092468E0,8.749957032E0
5.544750012E1,2.813424941E0,7.708474442E0,2.723983884E0,8.646156737E0
5.545745512E1,2.689616289E0,7.283208202E0,2.032589225E0,8.025620004E0
5.546740913E1,2.546427918E0,6.467956651E0,9.716612072E-1,7.018752302E0
5.547736413E1,2.599585248E0,5.270660309E0,-2.269384794E-1,5.881258762E0
5.548731913E1,2.077273208E0,3.857993472E0,-1.355325970E0,4.586511321E0
5.549727313E1,1.519358934E0,2.871799741E0,-1.911067711E0,3.769332185E0
5.550722813E1,7.840838447E-1,2.192671956E0,-1.438377336E0,2.737065425E0
5.551718313E1,7.789339095E-2,1.942227523E0,-2.729560666E-1,1.962860195E0
5.552713712E1,-6.412093230E-1,1.984427463E0,1.568949608E0,2.609732673E0
5.553709212E1,-1.498303110E0,2.477530176E0,3.659267077E0,4.666187258E0
5.554704713E1,-2.291968203E0,3.361546737E0,4.750708351E0,6.254785731E0
5.555700113E1,-2.732261787E0,4.374138892E0,4.478464622E0,6.830445878E0
5.556695612E1,-2.926497228E0,5.367481429E0,3.990895422E0,7.300786888E0
5.557691112E1,-2.881157041E0,5.622814718E0,3.769992584E0,7.357306255E0
5.558686612E1,-3.052190145E0,4.789738516E0,2.897306173E0,6.375879766E0
5.559682013E1,-2.901319410E0,3.956876906E0,9.942783836E-1,5.006307888E0
5.560677513E1,-2.316105070E0,3.333310533E0,-1.307681249E0,4.264426345E0
5.561673013E1,-1.411800425E0,1.738353825E0,-2.909205257E0,3.671311712E0
5.562668413E1,-1.506802623E-1,-1.058182311E-1,-3.037827337E0,3.043402203E0
5.563663913E1,8.514322208E-1,-1.672890737E0,-7.201091659E-1,2.010486870E0
5.564659413E1,1.805916501E0,-2.547713136E0,2.160051802E0,3.797104215E0
5.565654812E1,2.863404894E0,-2.245450678E0,2.080576739E0,4.191650737E0
5.566650313E1,2.925960161E0,-2.185738912E0,7.508935869E-2,3.652989990E0
5.567645813E1,2.025824288E0,-3.229040059E0,-2.286648406E0,4.445157442E0
5.568641212E1,9.537429996E-1,-4.696523373E0,-4.564585045E0,6.618337717E0
5.569636712E1,2.818596219E-1,-6.362309158E0,-6.147356740E0,8.851464148E0
5.570632212E1,1.503248978E-1,-7.973492475E0,-6.307395617E0,1.016771456E1
5.571627613E1,8.045958772E-2,-8.908412556E0,-5.370023798E0,1.040208843E1
5.572623113E1,1.845888506E-1,-9.153385164E0,-4.545171412E0,1.022140480E1
5.573618613E1,7.221115449E-1,-8.876574467E0,-4.136713870E0,9.819746483E0
5.574614112E1,1.872086079E0,-7.592805406E0,-4.352042264E0,8.949618545E0
5.575609513E1,3.041679482E0,-6.445902708E0,-4.785901573E0,8.585239056E0
5.576605013E1,3.710819054E0,-6.275974435E0,-4.964067403E0,8.820430734E0
5.577600513E1,3.805794793E0,-6.699684731E0,-4.496428145E0,8.921194739E0
5.578595913E1,3.810872223E0,-7.243850593E0,-3.692432485E0,8.979430726E0
5.579591413E1,3.866264359E0,-7.654937920E0,-3.454725042E0,9.245604348E0
5.580586913E1,3.906118396E0,-7.578691397E0,-3.696246039E0,9.292822983E0
5.581582312E1,3.684876128E0,-7.321594003E0,-4.004576444E0,9.122537110E0
5.582577812E1,3.020740311E0,-7.205156643E0,-4.162690126E0,8.852521865E0
5.583573313E1,2.343589615E0,-6.863084587E0,-4.007704705E0,8.285893998E0
5.584568713E1,1.823956039E0,-6.207108268E0,-3.530979166E0,7.370401790E0
5.585564212E1,1.361093663E0,-5.206421043E0,-2.919888120E0,6.122511141E0
5.586559712E1,8.589356603E-1,-4.014333401E0,-2.321489625E0,4.716137954E0
5.587555113E1,3.449697898E-1,-2.582533305E0,-1.749862607E0,3.138550871E0
5.588550613E1,-1.629790033E-1,-1.064976776E0,-1.344718390E0,1.723080160E0
5.589546113E1,-6.494186676E-1,4.971092248E-1,-1.046699841E0,1.328323283E0
5.590541913E1,-1.117831074E0,1.996992545E0,-8.229081872E-1,2.432016328E0
5.591537413E1,-1.547298977E0,3.434927539E0,-6.414173377E-1,3.821554334E0
5.592532913E1,-1.889917455E0,4.787268067E0,-5.257313454E-1,5.173598069E0
5.593528413E1,-2.160610503E0,6.062499023E0,-4.744031708E-1,6.453463451E0
5.594523813E1,-2.400770268E0,7.136271765E0,-4.679563232E-1,7.543809098E0
5.595519313E1,-2.617971525E0,7.998182343E0,-4.050320967E-1,8.425481986E0
5.596514813E1,-2.763600816E0,8.747276157E0,-3.382438838E-1,9.179691637E0
5.597510212E1,-2.805485299E0,9.354134696E0,-2.566214311E-1,9.769157498E0
5.598505712E1,-2.827159173E0,9.673258184E0,-1.311028341E-1,1.007878668E1
5.599501213E1,-2.698094459E0,9.852209880E0,-2.695215583E-2,1.021501246E1
5.600496613E1,-2.563260005E0,9.940636153E0,1.255057331E-1,1.026656226E1
5.601492113E1,-2.487928864E0,9.902202405E0,2.264275789E-1,1.021247629E1
5.602487612E1,-2.402967213E0,9.811112140E0,2.621365249E-1,1.010449842E1
5.603483013E1,-2.346134762E0,9.711667959E0,2.853394278E-1,9.995111878E0
5.604478513E1,-2.318699918E0,9.547927210E0,3.040230542E-1,9.830143098E0
5.605474013E1,-2.245136829E0,9.413219056E0,3.459253711E-1,9.683439303E0
5.606469413E1,-2.158318248E0,9.020151093E0,4.509132975E-1,9.285730246E0
5.607464913E1,-1.876597205E0,6.169154575E0,9.012401193E-1,6.510938412E0
5.608460413E1,-1.496960151E0,2.188716899E0,1.217209547E0,2.917699511E0
5.609455913E1,-1.036477154E0,-3.804531795E0,1.181324673E-1,3.944959106E0
5.610451312E1,3.101076669E-1,-1.114662906E1,-8.823337322E-1,1.118579541E1
5.611446813E1,1.453452774E0,-1.570596389E1,-4.326653435E-1,1.577900586E1
5.612442313E1,2.541253425E0,-1.365140200E1,-2.196214199E-1,1.388765564E1
5.613437712E1,2.530075595E0,-7.339488822E0,-5.218055248E-1,7.780852118E0
5.614433212E1,2.007293877E0,-2.889488153E0,-6.083010105E-1,3.570490249E0
5.615428712E1,1.686410523E0,-5.031417972E-1,-5.025388396E-1,1.830212393E0
5.616424113E1,1.555298260E0,9.853540707E-1,-5.036309168E-2,1.841850093E0
5.617419613E1,1.504477478E0,1.896396462E0,6.838505816E-1,2.515437068E0
5.618415113E1,9.864375597E-1,2.281209911E0,1.664185549E0,2.991068581E0
5.619410513E1,-6.118219480E-2,1.912904906E0,2.695478708E0,3.305836340E0
5.620406013E1,-7.697834556E-1,1.578268754E0,3.326970981E0,3.761945606E0
5.621401513E1,-1.293501605E0,1.346330175E0,3.412732093E0,3.890050344E0
5.622396912E1,-1.559427564E0,1.254447028E0,3.150873311E0,3.732754251E0
5.623392413E1,-1.560452288E0,1.320555648E0,2.632171196E0,3.332747181E0
5.624387913E1,-1.392925028E0,1.231049979E0,1.931754575E0,2.680932660E0
5.625383312E1,-1.178108412E0,1.095019185E0,1.301733169E0,2.069182372E0
5.626378812E1,-8.755074003E-1,1.052860175E0,9.796126896E-1,1.683647463E0
5.627374312E1,-3.205811995E-1,1.204501281E0,1.117854316E0,1.674274146E0
5.628369813E1,1.717433949E-1,1.761387761E0,1.677020918E0,2.438110292E0
5.629365213E1,4.557024595E-1,2.693232792E0,2.345504140E0,3.600355159E0
5.630360713E1,4.683898942E-1,3.614004366E0,2.478834690E0,4.407384493E0
5.631356212E1,2.004622869E-1,4.550020216E0,1.900611720E0,4.935098175E0
5.632351613E1,-3.227005228E-1,5.449749414E0,1.048066920E0,5.558988089E0
5.633347113E1,-7.940907696E-1,6.296064883E0,3.347136274E-1,6.354765643E0
5.634342613E1,-1.079539997E0,6.976158628E0,-1.826070830E-1,7.061553736E0
5.635338013E1,-1.271230876E0,7.432315709E0,-4.361157489E-1,7.552849905E0
5.636333513E1,-1.492691099E0,7.524173713E0,-7.006665891E-1,7.702743047E0
5.637329013E1,-1.753449289E0,7.388504861E0,-1.186935515E0,7.685922482E0
5.638324412E1,-1.928297555E0,7.447140155E0,-2.191670766E0,7.998852961E0
5.639319912E1,-1.969568519E0,6.839344307E0,-2.838648952E0,7.662490364E0
5.640315413E1,-1.554572036E0,4.938629091E0,-2.487100314E0,5.743902810E0
5.641310813E1,-4.335228011E-1,1.988794164E0,-2.090420380E0,2.917721990E0
5.642306312E1,1.027621692E0,-9.694063747E-1,-2.011625787E0,2.458128021E0
5.643301812E1,2.187961147E0,-3.712274426E0,-2.001348721E0,4.751163236E0
5.644297213E1,3.036378397E0,-6.651511860E0,-1.838517360E0,7.539386571E0
5.645292713E1,3.634524877E0,-9.999390146E0,-1.666873367E0,1.076921730E1
5.646288213E1,4.135345622E0,-1.379425766E1,-1.567259032E0,1.448581819E1
5.647283613E1,4.617418439E0,-1.753734575E1,-1.233178951E0,1.817690235E1
5.648279113E1,5.076017025E0,-1.944109157E1,-4.048004007E-1,2.009691155E1
5.649274613E1,5.340308248E0,-1.763164730E1,2.157175264E-1,1.842390873E1
5.650270113E1,4.666450266E0,-1.369967778E1,9.158727765E-2,1.447291669E1
5.651265512E1,3.832976745E0,-1.158576431E1,-7.919176519E-2,1.220360261E1
5.652261013E1,3.396857195E0,-1.115826034E1,-9.841039360E-2,1.166426583E1
5.653256513E1,2.793354666E0,-1.130188082E1,-3.688607821E-1,1.164780660E1
5.654251912E1,1.950359392E0,-1.086914827E1,-1.060446938E0,1.109354919E1
5.655247412E1,9.780405195E-1,-9.462129845E0,-1.880457537E0,9.696627507E0
5.656242912E1,1.245006698E-1,-7.626269606E0,-2.541816511E0,8.039671617E0
5.657238313E1,-4.295675983E-1,-5.744190636E0,-2.790526075E0,6.400569519E0
5.658233813E1,-6.733609691E-1,-4.022904834E0,-2.292595609E0,4.679014098E0
5.659229313E1,-4.927824314E-1,-2.693760796E0,-1.484189394E0,3.114803349E0
5.660224713E1,-1.938271590E-1,-1.664635638E0,-8.436757430E-1,1.876264783E0
5.661220213E1,1.654574919E-1,-7.785526711E-1,-2.195418978E-1,8.256628175E-1
5.662215713E1,5.120643559E-1,2.239688247E-1,5.308418119E-1,7.708209703E-1
5.663211112E1,6.994832589E-1,1.441353861E0,1.085639812E0,1.935301420E0
5.664206613E1,6.794477744E-1,2.713005736E0,1.241570874E0,3.059991445E0
5.665202113E1,4.204740085E-1,3.836917768E0,1.175056458E0,4.034785500E0
5.666197512E1,3.669230148E-2,4.919925603E0,1.093448184E0,5.040103490E0
5.667193012E1,-3.976552494E-1,5.929666656E0,8.590473421E-1,6.004751342E0
5.668188512E1,-7.859917912E-1,6.936910948E0,5.216172445E-1,7.000757183E0
5.669184013E1,-1.160680639E0,7.915188718E0,2.127439249E-1,8.002665304E0
5.670179413E1,-1.519532742E0,8.746149983E0,-3.982290074E-2,8.877257749E0
5.671174913E1,-1.839963230E0,9.357321428E0,-2.220257950E-1,9.539089288E0
5.672170412E1,-2.062885549E0,9.726510531E0,-3.272136962E-1,9.948244705E0
5.673165813E1,-2.179603136E0,9.957611790E0,-3.633190835E-1,1.019983839E1
5.674161313E1,-2.178587329E0,9.986999896E0,-3.955050820E-1,1.022950800E1
5.675156813E1,-2.172989789E0,9.943117712E0,-4.725930556E-1,1.018875943E1
5.676152213E1,-2.159941581E0,9.927241352E0,-5.682038023E-1,1.017537832E1
5.677147713E1,-2.065541793E0,9.932876898E0,-6.664942914E-1,1.016723763E1
5.678143213E1,-1.858360617E0,9.597075396E0,-9.031265042E-1,9.816974983E0
5.679138612E1,-1.881431099E0,8.951680782E0,-1.263634758E0,9.234129337E0
5.680134112E1,-1.655983074E0,8.163313560E0,-1.575710013E0,8.477312679E0
5.681129613E1,-1.123402154E-1,3.418335480E0,-2.169079025E0,4.050005135E0
5.682125013E1,1.390375789E0,-4.692969435E0,-3.714912690E0,6.144728086E0
5.683120512E1,3.942866977E0,-1.572498137E1,-5.405333380E0,1.708914475E1
5.684116012E1,5.852557669E0,-2.141403569E1,-4.682864277E0,2.268793895E1
5.685111413E1,5.995253119E0,-1.545873192E1,-2.924323525E0,1.683648183E1
5.686106913E1,3.926226386E0,-6.362915515E0,-1.190494349E0,7.570946062E0
5.687102413E1,1.911633429E0,-1.595878814E0,-3.802877033E-1,2.519085210E0
5.688097813E1,4.611760381E-1,1.013255230E0,6.347116046E-3,1.113287826E0
5.689093313E1,-5.430127913E-1,2.636484395E0,3.817109156E-1,2.718752669E0
5.690088417E1,-1.259012242E0,3.723331511E0,7.690246332E-1,4.004960456E0
5.691083917E1,-1.721370879E0,4.518001447E0,9.102196884E-1,4.919751484E0
5.692079317E1,-1.983482846E0,4.988089519E0,7.676060987E-1,5.422587977E0
5.693074817E1,-2.083805864E0,4.974299446E0,5.400628710E-1,5.420107910E0
5.694070317E1,-2.085447762E0,4.367377757E0,4.206405810E-1,4.857985111E0
5.695065717E1,-2.100452887E0,3.176246719E0,3.730289698E-1,3.826172521E0
5.696061217E1,-2.126679111E0,1.762644328E0,4.820785184E-1,2.803939864E0
5.697056717E1,-2.273159464E0,5.047135288E-1,7.635471077E-1,2.450508902E0
5.698052117E1,-2.400139938E0,-4.114580405E-1,1.117585344E0,2.679359334E0
5.699047617E1,-2.124748945E0,-6.995082557E-1,1.316214237E0,2.595436340E0
5.700043117E1,-1.226038916E0,-2.123591781E-2,1.402735048E0,1.863139287E0
5.701038517E1,-7.908683690E-1,7.683159506E-1,1.522275525E0,1.879655541E0
5.702034017E1,-6.837894782E-1,1.477762719E0,1.806295839E0,2.431883090E0
5.703029517E1,-7.175627035E-1,2.283609608E0,2.296526692E0,3.317198203E0
5.704024917E1,-8.497588938E-1,3.122365211E0,2.806971369E0,4.283730028E0
5.705020417E1,-1.212177214E0,3.927050259E0,3.167182073E0,5.188654894E0
5.706015917E1,-1.709825259E0,4.515808157E0,3.302902965E0,5.850230228E0
5.707011317E1,-2.193750182E0,4.857894246E0,3.230829600E0,6.232971705E0
5.708006817E1,-2.497573554E0,5.052225873E0,2.978049205E0,6.374295020E0
5.709002317E1,-2.718191924E0,5.160647870E0,2.622198185E0,6.395058803E0
5.709997717E1,-2.860114666E0,5.352283346E0,2.085758249E0,6.416975954E0
5.710993217E1,-2.921489965E0,5.725222269E0,1.296385890E0,6.556972626E0
5.711988717E1,-2.943602380E0,6.244676043E0,6.558827645E-1,6.934764312E0
5.712984217E1,-3.093994229E0,6.473923150E0,5.179033855E-1,7.193935304E0
5.713979617E1,-3.184628118E0,6.100777820E0,2.107187417E-1,6.885183269E0
5.714975117E1,-2.546025045E0,5.130365725E0,-1.143211352E0,5.840361991E0
5.715970617E1,-1.434336179E0,2.958176565E0,-2.999635663E0,4.450386834E0
5.716966017E1,-1.757980004E-1,-9.193711656E-1,-5.403747615E0,5.484217042E0
5.717961517E1,1.830747579E0,-8.396070165E0,-8.305562868E0,1.195106713E1
5.718957017E1,4.920151890E0,-2.036287238E1,-1.022700471E1,2.331193024E1
5.719952417E1,8.258810286E0,-3.150743152E1,-8.258426124E0,3.360249679E1
5.720947917E1,1.125337700E1,-3.304718350E1,-2.846336287E0,3.502651083E1
5.721943417E1,1.193231358E1,-2.582389113E1,2.121459301E0,2.852637464E1
5.722938817E1,7.918555545E0,-1.705582988E1,2.480055296E0,1.896722249E1
5.723934317E1,4.537622949E0,-1.117695857E1,9.698402381E-1,1.210185998E1
5.724929817E1,3.154783929E0,-7.868422102E0,-5.957087758E-1,8.498211398E0
5.725925217E1,2.550916533E0,-5.848683304E0,-1.945154639E0,6.670674487E0
5.726920717E1,2.172288270E0,-4.604018083E0,-2.824207499E0,5.821680756E0
5.727916217E1,1.793214741E0,-3.875425192E0,-3.230849773E0,5.354710989E0
5.728911617E1,1.305975470E0,-3.444167894E0,-3.161203587E0,4.853974921E0
5.729907117E1,7.262626295E-1,-2.876654100E0,-2.585362481E0,3.935313885E0
5.730902617E1,2.274702837E-1,-1.976537231E0,-1.711472712E0,2.624420126E0
5.731898017E1,-1.522401533E-1,-9.139461190E-1,-8.217381594E-1,1.238437796E0
5.732893517E1,-4.372632650E-1,2.917193431E-1,-1.408874917E-1,5.441953908E-1
5.733889017E1,-6.676004384E-1,1.566868438E0,3.999647534E-1,1.749496742E0
5.734884417E1,-8.838398288E-1,2.830649961E0,8.430819583E-1,3.082943275E0
5.735879917E1,-1.066769971E0,4.075052642E0,1.213929040E0,4.383796975E0
5.736875417E1,-1.252527972E0,5.418070954E0,2.202536355E0,5.981261203E0
5.737870917E1,-1.515161802E0,6.723085873E0,2.904932989E0,7.478919348E0
5.738866317E1,-1.854148283E0,7.781906115E0,2.443850799E0,8.364707727E0
5.739861817E1,-2.173771708E0,8.616384480E0,1.603573311E0,9.029884402E0
5.740857317E1,-2.400895106E0,9.247694905E0,8.498391469E-1,9.591995879E0
5.741852717E1,-2.537595991E0,9.637149873E0,4.014896341E-1,9.973727740E0
5.742848217E1,-2.624772714E0,9.815042639E0,2.130397940E-1,1.016217889E1
5.743843717E1,-2.607202123E0,9.742591544E0,2.437634404E-1,1.008836030E1
5.744839117E1,-2.631202897E0,9.702652722E0,2.933022209E-1,1.005737166E1
5.745834617E1,-2.742058505E0,9.714007430E0,2.214176480E-1,1.009603145E1
5.746830117E1,-2.901377005E0,9.698494182E0,9.697137555E-2,1.012364467E1
5.747825517E1,-3.051772654E0,9.524236631E0,-9.121071696E-2,1.000163582E1
5.748821017E1,-3.072001681E0,9.091471921E0,-4.900381869E-1,9.608964223E0
5.749816517E1,-3.058993088E0,8.607445257E0,-1.154280131E0,9.207492339E0
5.750811917E1,-2.638510455E0,5.252552651E0,-1.662614840E0,6.108627905E0
5.751807417E1,-1.908256662E0,-3.110916948E0,-3.192455785E0,4.848816524E0
5.752802917E1,-1.108867438E0,-1.240475340E1,-6.476699408E0,1.403763261E1
5.753798317E1,1.197404516E-1,-1.994160856E1,-6.612049001E0,2.100955215E1
5.754793817E1,1.659978331E0,-1.739972568E1,-3.521803715E0,1.783000514E1
5.755789317E1,2.049160234E0,-8.682222959E0,-4.784069055E-1,8.933584182E0
5.756784717E1,1.195994167E0,-3.022516403E0,9.622482133E-1,3.389974790E0
5.757780217E1,6.306914976E-1,7.558286369E-2,1.206043777E0,1.363094320E0
5.758775717E1,3.680904114E-1,2.015848061E0,1.244007994E0,2.397225448E0
5.759771117E1,2.430313325E-1,3.126363537E0,1.399692450E0,3.433999439E0
5.760766617E1,2.627507749E-1,3.750273142E0,1.639657502E0,4.101470874E0
5.761762117E1,3.351852053E-1,4.011032647E0,1.760421216E0,4.393155458E0
5.762757617E1,3.904823238E-1,3.967648062E0,1.703836541E0,4.335639116E0
5.763753017E1,4.087694907E-1,3.723443193E0,1.902055836E0,4.201063926E0
5.764748517E1,2.309840217E-1,3.304767934E0,2.034859114E0,3.887865266E0
5.765744017E1,1.067336127E-1,2.770614259E0,1.817830495E0,3.315449162E0
5.766739417E1,2.542135477E-1,2.174470158E0,1.903151751E0,2.900850148E0
5.767734917E1,3.141290894E-1,1.666425471E0,2.250683644E0,2.818018417E0
5.768730417E1,1.399688941E-1,1.063172325E0,2.720218277E0,2.923955225E0
5.769725817E1,-2.105816245E-1,2.804967821E-1,3.411499208E0,3.429482455E0
5.770721317E1,-7.588501856E-1,-5.435285157E-1,4.440993617E0,4.538028334E0
5.771716817E1,-1.390589797E0,-1.060158085E0,5.668841661E0,5.932405998E0
5.772712217E1,-1.976662361E0,-8.345397609E-1,6.669173959E0,7.005821294E0
5.773707717E1,-2.214933183E0,3.905384570E-1,6.786586050E0,7.149559392E0
5.774703217E1,-2.054661587E0,2.442667322E0,5.685867584E0,6.520532805E0
5.775698617E1,-1.719227290E0,4.660025638E0,3.615807939E0,6.143748731E0
5.776694117E1,-1.421429035E0,6.687283956E0,1.205655229E0,6.942177738E0
5.777689617E1,-1.648193268E0,8.254493871E0,-5.154531097E-1,8.433202359E0
5.778685017E1,-2.287998820E0,9.211770782E0,-2.235044973E0,9.751260717E0
5.779680517E1,-2.826391434E0,1.031830898E1,-4.130238956E0,1.146799296E1
5.780676017E1,-3.333683000E0,1.163121121E1,-5.071396555E0,1.311935896E1
5.781671417E1,-3.532356478E0,1.212934019E1,-4.719362597E0,1.348594895E1
5.782666917E1,-3.290170653E0,1.005453524E1,-3.169124225E0,1.104365203E1
5.783662417E1,-2.651614065E0,6.435004667E0,-1.389572673E0,7.097270914E0
5.784657817E1,-5.168334912E-1,3.255198748E0,-8.229099414E-1,3.397148292E0
5.785653317E1,2.751133676E0,-1.897812658E0,-2.102376913E0,3.948470345E0
5.786648817E1,6.342157314E0,-1.001693764E1,-4.116687449E0,1.255026353E1
5.787644217E1,9.425800509E0,-1.923127009E1,-4.905636762E0,2.197163481E1
5.788639717E1,1.122946773E1,-2.536215756E1,-4.445553861E0,2.809097597E1
5.789635217E1,1.096593372E1,-2.565837283E1,-3.388598003E0,2.810847550E1
5.790631129E1,7.852234086E0,-2.097168447E1,-4.083446905E-1,2.239722918E1
5.791626529E1,4.215599534E0,-1.512123180E1,1.617437206E0,1.578097062E1
5.792622029E1,1.704180065E0,-1.076679159E1,6.965793854E-1,1.092306064E1
5.793617529E1,3.924168751E-2,-8.640245213E0,-1.338294054E0,8.743363668E0
5.794612929E1,-1.426355461E0,-8.239571777E0,-2.969854624E0,8.873841866E0
5.795608429E1,-2.830179845E0,-8.655212916E0,-4.254283251E0,1.005094794E1
5.796603929E1,-3.863910854E0,-8.717943599E0,-5.529136477E0,1.102287158E1
5.797599329E1,-4.007509700E0,-7.937806333E0,-5.561910705E0,1.048826745E1
5.798594829E1,-2.765465786E0,-6.771728860E0,-4.100263497E0,8.385479921E0
5.799590329E1,-1.026925874E0,-5.748283103E0,-2.526574574E0,6.362461352E0
5.800585729E1,1.808393236E-1,-4.465697519E0,-1.318460298E0,4.659774109E0
5.801581229E1,9.417035826E-1,-3.030654557E0,-4.150821447E-1,3.200619607E0
5.802576729E1,1.513658191E0,-1.640236377E0,5.298010075E-1,2.293954140E0
5.803572129E1,1.998206281E0,-2.680790502E-1,1.506964006E0,2.517068778E0
5.804567629E1,2.196886921E0,1.083491399E0,1.940440614E0,3.124992085E0
5.805563129E1,1.944768577E0,2.112349339E0,1.830348068E0,3.405043113E0
5.806558529E1,1.447064690E0,3.035165100E0,1.378887033E0,3.634219703E0
5.807554029E1,8.890352261E-1,4.064472106E0,8.005481422E-1,4.236884995E0
5.808549529E1,3.118717718E-1,5.139668645E0,4.135889120E-1,5.165705525E0
5.809544929E1,-2.862076114E-1,6.192932278E0,2.174721296E-1,6.203355473E0
5.810540429E1,-8.232046410E-1,7.167247975E0,1.060451031E-1,7.215147606E0
5.811535929E1,-1.290543937E0,7.987244541E0,6.517438129E-2,8.091095520E0
5.812531329E1,-1.689678678E0,8.630079829E0,8.646979451E-2,8.794360062E0
5.813526829E1,-1.992247676E0,9.101996325E0,1.577099311E-1,9.318812173E0
5.814522329E1,-2.189247973E0,9.380225556E0,2.671405721E-1,9.636015891E0
5.815517729E1,-2.300779518E0,9.558601302E0,3.688856693E-1,9.838522342E0
5.816513229E1,-2.354334897E0,9.677488645E0,4.131911917E-1,9.968320131E0
5.817508729E1,-2.381611281E0,9.728910813E0,3.756204557E-1,1.002321648E1
5.818504229E1,-2.421528614E0,9.728046595E0,3.375942582E-1,1.003058629E1
5.819499629E1,-2.501999019E0,9.654780398E0,2.989359584E-1,9.978183519E0
5.820495129E1,-2.561743238E0,9.325014977E0,2.437750983E-1,9.673564960E0
5.821490629E1,-2.348749929E0,8.767336784E0,5.575722121E-2,9.076669509E0
5.822486029E1,-1.638576060E0,6.601547402E0,-1.310939902E-1,6.803127607E0
5.823481529E1,-1.162050934E0,1.995701480E0,-6.386252191E-1,2.396044436E0
5.824477029E1,5.812643990E-2,-5.730226316E0,-1.991670994E0,6.066764019E0
5.825472429E1,1.392431670E0,-1.580636292E1,-2.576952138E0,1.607546755E1
5.826467929E1,2.390130967E0,-2.071757851E1,-1.253929549E0,2.089265720E1
5.827463429E1,3.269129447E0,-1.499558449E1,-3.464247233E-1,1.535170256E1
5.828458829E1,2.037987374E0,-6.546177194E0,-4.577323204E-1,6.871342464E0
5.829454329E1,8.034182480E-1,-2.286241440E0,-3.932264221E-1,2.454996501E0
5.830449829E1,-2.368531644E-2,5.387390614E-2,-2.600631022E-1,2.666387240E-1
5.831445229E1,-6.208977038E-1,1.528318915E0,1.126759187E-1,1.653471659E0
5.832440729E1,-1.102411527E0,2.527113980E0,8.403372022E-1,2.882322476E0
5.833436229E1,-1.387896569E0,3.294417778E0,1.508101143E0,3.879924540E0
5.834431629E1,-1.318118236E0,3.843887064E0,1.714458593E0,4.410472958E0
5.835427129E1,-1.049226423E0,4.132312671E0,1.711955985E0,4.594309240E0
5.836422629E1,-6.116745982E-1,3.991426349E0,1.300592815E0,4.242307365E0
5.837418029E1,-2.367566854E-2,3.631841297E0,5.839498790E-1,3.678563470E0
5.838413529E1,4.525440860E-1,2.998885465E0,-9.966564462E-2,3.034475807E0
5.839409029E1,8.918654247E-1,2.279538192E0,-6.431177080E-1,2.530873108E0
5.840404429E1,1.154507149E0,1.487862614E0,-8.136105296E-1,2.051483368E0
5.841399929E1,1.063427410E0,7.031855696E-1,-3.483890954E-1,1.321636396E0
5.842395429E1,8.041859874E-1,-9.740233362E-2,4.759516597E-1,9.395383437E-1
5.843390829E1,5.358764108E-1,-8.467727208E-1,1.272629968E0,1.619806965E0
5.844386329E1,2.759257212E-1,-1.310866812E0,2.132294923E0,2.518171646E0
5.845381829E1,-8.570322454E-2,-1.432664899E0,2.918801415E0,3.252579815E0
5.846377229E1,-4.803914505E-1,-1.184672788E0,3.392530840E0,3.625395298E0
5.847372729E1,-7.045339376E-1,-4.786109734E-1,3.480995705E0,3.583680738E0
5.848368229E1,-9.647869281E-1,4.981254709E-1,3.371513316E0,3.542039644E0
5.849363629E1,-1.456626642E0,1.736830625E0,3.233966339E0,3.949288553E0
5.850359129E1,-1.937334281E0,3.290076805E0,2.905819134E0,4.798088613E0
5.851354629E1,-1.927029879E0,5.118644396E0,2.186146756E0,5.890093568E0
5.852350029E1,-1.777955847E0,7.084908069E0,1.360712279E0,7.430248128E0
5.853345529E1,-1.697305201E0,9.072488351E0,1.678794086E-1,9.231417731E0
5.854341029E1,-1.760404260E0,1.062932121E1,-9.365649033E-1,1.081474209E1
5.855336529E1,-2.186326850E0,1.130176855E1,-1.805540964E0,1.165203741E1
5.856331929E1,-2.731180052E0,1.190663495E1,-3.360194861E0,1.266957812E1
5.857327429E1,-2.811764624E0,1.216008836E1,-4.085493723E0,1.313259411E1
5.858322929E1,-2.349888967E0,1.165587476E1,-2.366941494E0,1.212368784E1
5.859318329E1,-1.384787751E0,1.096322997E1,1.207926580E-1,1.105100174E1
5.860313829E1,-8.701943278E-2,1.049725366E1,2.623828096E0,1.082055362E1
5.861309329E1,8.404679605E-1,9.363883173E0,3.181494595E0,9.925250744E0
5.862304729E1,1.401604928E0,8.006993512E0,7.962074617E-1,8.167642732E0
5.863300229E1,2.735944071E0,6.287036197E0,-2.761853668E0,7.391890813E0
5.864295729E1,4.556977525E0,-3.968799963E0,-5.617304302E0,8.250546948E0
5.865291129E1,6.021378479E0,-2.573880245E1,-7.873280554E0,2.758136140E1
5.866286629E1,6.916507673E0,-4.122671548E1,-6.808680339E0,4.235372800E1
5.867282129E1,7.854544321E0,-4.313047534E1,-4.447569104E0,4.406486855E1
5.868277529E1,7.461023784E0,-3.496661623E1,-3.426834408E0,3.591760461E1
5.869273029E1,4.243327323E0,-2.367216722E1,-1.427985957E0,2.409183413E1
5.870268529E1,9.983851024E-1,-1.361956859E1,-5.469318876E-1,1.366706098E1
5.871263929E1,-7.627599994E-1,-8.760751065E0,-8.707673550E-1,8.836899786E0
5.872259429E1,-1.771601824E0,-7.318580933E0,-2.738349323E0,8.012412677E0
5.873254929E1,-2.482462010E0,-7.120636895E0,-5.298271446E0,9.216168821E0
5.874250329E1,-3.221971068E0,-6.803341246E0,-6.069410432E0,9.669761769E0
5.875245829E1,-3.756000782E0,-6.184849672E0,-4.190400081E0,8.361779725E0
5.876241329E1,-3.601270884E0,-5.786930274E0,-1.304141929E0,6.939632566E0
5.877236729E1,-2.854731427E0,-5.599524089E0,1.434918708E0,6.446949142E0
5.878232229E1,-2.137978270E0,-4.832871671E0,3.286422295E0,6.223196219E0
5.879227729E1,-1.818721903E0,-3.592292485E0,3.488233681E0,5.327296582E0
5.880223129E1,-1.756244550E0,-2.207338527E0,2.482275192E0,3.757449723E0
5.881218629E1,-1.712053049E0,-6.576135403E-1,1.705640992E0,2.504554332E0
5.882214129E1,-1.688531162E0,8.208631235E-1,1.403918817E0,2.344342508E0
5.883209529E1,-1.760240830E0,2.049128659E0,1.412382954E0,3.048311278E0
5.884205029E1,-1.846317838E0,3.364484378E0,1.592512572E0,4.155086158E0
5.885200529E1,-1.873144132E0,4.905339139E0,1.716953015E0,5.524395773E0
5.886195929E1,-1.837446296E0,6.415556243E0,1.536618014E0,6.848121328E0
5.887191429E1,-1.741215013E0,7.767434841E0,1.180954105E0,8.047330385E0
5.888186929E1,-1.620948020E0,8.851195212E0,8.219738021E-1,9.035860230E0
5.889182329E1,-1.530078927E0,9.637417676E0,5.995302236E-1,9.776522770E0
5.890177387E1,-1.409422070E0,1.012006381E1,4.726609198E-1,1.022866416E1
5.891172887E1,-1.291362693E0,1.036129186E1,2.988009790E-1,1.044572969E1
5.892168288E1,-1.241186274E0,1.027853739E1,1.591460073E-1,1.035442909E1
5.893163788E1,-1.207906700E0,1.022236670E1,-2.922438383E-3,1.029348474E1
5.894159288E1,-1.117263455E0,1.022163813E1,1.397367597E-2,1.028252688E1
5.895154688E1,-1.027586170E0,1.024338393E1,7.697863975E-3,1.029479999E1
5.896150188E1,-9.267567837E-1,1.028523830E1,-1.233124791E-1,1.032764305E1
5.897145688E1,-7.284775548E-1,1.031263134E1,-7.312960589E-1,1.036416126E1
5.898141188E1,-3.061887167E-1,9.857519152E0,-1.534693549E0,9.980967872E0
5.899136588E1,-3.084531972E-1,9.056711978E0,-2.093352320E0,9.300607462E0
5.900132088E1,-2.316976744E-1,8.473345213E0,-2.187145168E0,8.754134274E0
5.901127588E1,5.671435194E-1,3.952607269E0,-1.865421422E0,4.407329472E0
5.902122987E1,1.712961414E0,-7.290517806E0,-1.634887344E0,7.665425188E0
5.903118487E1,3.738826632E0,-1.931197570E1,-1.437697012E0,1.972303736E1
5.904113988E1,5.358219439E0,-2.440677632E1,-2.857839075E-1,2.498965622E1
5.905109388E1,4.553991060E0,-1.561239090E1,3.118910676E-1,1.626600320E1
5.906104888E1,2.736612993E0,-6.310605154E0,-6.822180390E-1,6.912178349E0
5.907100387E1,1.769412480E0,-1.774848636E0,-1.401557711E0,2.871458205E0
5.908095788E1,1.127251230E0,9.499012327E-1,-1.822080106E0,2.343711501E0
5.909091288E1,6.060447527E-1,2.821563973E0,-1.796523095E0,3.399412997E0
5.910086788E1,1.474074295E-1,4.156392090E0,-1.338380885E0,4.369048815E0
5.911082188E1,-2.879161678E-1,5.023214913E0,-7.813551684E-1,5.091767835E0
5.912077688E1,-6.584400442E-1,5.554804584E0,-2.327858412E-1,5.598534317E0
5.913073188E1,-9.975230035E-1,5.598395576E0,6.378155990E-1,5.722228055E0
5.914068587E1,-1.275575796E0,4.690104885E0,2.041926059E0,5.271967324E0
5.915064087E1,-1.206905803E0,3.115083674E0,2.743964989E0,4.323159929E0
5.916059588E1,-9.039431410E-1,1.542183248E0,2.399015518E0,2.991775030E0
5.917054988E1,-5.545056398E-1,5.105379403E-2,1.664524541E0,1.755199402E0
5.918050487E1,-2.783413522E-1,-1.370293819E0,9.863305557E-1,1.711147867E0
5.919045987E1,-2.138654208E-1,-2.640296779E0,7.361148955E-1,2.749321851E0
5.920041388E1,-5.694499536E-1,-3.508308342E0,1.081648649E0,3.715166816E0
5.921036888E1,-1.259843570E0,-3.620147451E0,2.154824098E0,4.397265091E0
5.922032388E1,-1.852217678E0,-2.900341755E0,3.380927041E0,4.824247121E0
5.923027788E1,-2.178969883E0,-1.523831177E0,4.192920231E0,4.964932151E0
5.924023288E1,-2.175054003E0,1.141382343E-1,4.593849482E0,5.084027981E0
5.925018788E1,-1.771260346E0,1.909142223E0,4.650855157E0,5.330350920E0
5.926014187E1,-1.183925076E0,3.868302113E0,4.653193166E0,6.165845154E0
5.927009687E1,-2.680544919E-1,6.269205698E0,3.977424314E0,7.429313391E0
5.928005188E1,1.620075908E0,8.687507088E0,1.149808473E0,8.911761042E0
5.929000588E1,2.548789901E0,1.004275894E1,-2.927895882E0,1.076688959E1
5.929996087E1,1.707929154E0,1.100185434E1,-4.686113867E0,1.207963096E1
5.930991587E1,8.738267644E-1,1.186751590E1,-4.258100605E0,1.263854927E1
5.931986988E1,3.361922421E-1,1.224303813E1,-3.578982468E0,1.275986377E1
5.932982488E1,4.903512322E-1,1.221210168E1,-3.404951788E0,1.268737831E1
5.933977988E1,1.009365808E0,1.156707427E1,-1.850033159E0,1.175749332E1
5.934973388E1,1.753138071E0,1.094826110E1,2.324311491E0,1.132873948E1
5.935968888E1,2.107487672E0,1.003465236E1,3.861820475E0,1.095670615E1
5.936964388E1,1.762014144E0,7.967759864E0,1.827143794E0,8.362316996E0
5.937959787E1,3.056843944E0,6.243951573E0,2.219053423E-1,6.955606956E0
5.938955287E1,4.727832289E0,2.964419053E0,-1.735104819E0,5.843865776E0
5.939950788E1,4.651697156E0,-1.070001756E1,-4.495224788E0,1.250342785E1
5.940946188E1,3.854715815E0,-2.879071690E1,-7.292198296E0,2.994896274E1
5.941941687E1,1.630510995E0,-3.683234113E1,-9.394971650E0,3.804662155E1
5.942937187E1,-5.945255186E-1,-3.337156363E1,-1.100378392E1,3.514396080E1
5.943932588E1,-1.366135717E0,-2.652317836E1,-1.281609099E1,2.948893870E1
5.944928088E1,-1.402333198E0,-1.903620463E1,-9.837204756E0,2.147357033E1
5.945923588E1,-1.997852524E0,-1.277052481E1,-4.492652598E0,1.368435771E1
5.946918988E1,-2.818246555E0,-9.222750099E0,-1.344645884E0,9.737027554E0
5.947914488E1,-3.705956217E0,-7.474214517E0,-1.929171860E-1,8.344771488E0
5.948909988E1,-4.701021344E0,-7.169130194E0,-2.092847121E-1,8.575536689E0
5.949905387E1,-5.611185776E0,-7.444986041E0,3.954077259E-1,9.331107663E0
5.950900888E1,-5.595374320E0,-7.355656373E0,2.663785922E0,9.618193692E0
5.951896388E1,-3.899077179E0,-6.734973847E0,2.863545812E0,8.292319951E0
5.952891888E1,-3.090366908E0,-5.686076914E0,1.263108509E0,6.593730462E0
5.953887287E1,-2.467733751E0,-4.418639127E0,-7.189385533E-2,5.061546239E0
5.954882787E1,-1.536294955E0,-2.778067120E0,-4.041346952E-1,3.200184990E0
5.955878287E1,-5.881525287E-1,-9.493837541E-1,1.256323984E-1,1.123848926E0
5.956873688E1,1.935203629E-2,9.461935133E-1,9.121144786E-1,1.314385593E0
5.957869188E1,3.258724181E-1,2.640356421E0,1.651736680E0,3.131438794E0
5.958864687E1,4.147290460E-1,4.061473653E0,2.294151261E0,4.683022360E0
5.959860088E1,4.189112670E-1,5.396132201E0,2.857576389E0,6.120414381E0
5.960855588E1,3.938145058E-1,6.532845542E0,3.237992439E0,7.301900833E0
5.961851088E1,3.479151785E-1,7.463836879E0,3.257268662E0,8.151055457E0
5.962846488E1,2.309895400E-1,8.208827702E0,3.012076199E0,8.747045869E0
5.963841988E1,9.302507143E-2,8.826231694E0,2.662277925E0,9.219476305E0
5.964837488E1,-4.857494004E-2,9.297465236E0,2.280401241E0,9.573162965E0
5.965832887E1,-1.448194336E-1,9.625104024E0,1.926483310E0,9.817073805E0
5.966828387E1,-2.072456418E-1,9.776718818E0,1.605914244E0,9.909901218E0
5.967823887E1,-2.519749595E-1,9.826054115E0,1.315466670E0,9.916919049E0
5.968819288E1,-2.640242071E-1,9.817478589E0,1.128837945E0,9.885690149E0
5.969814788E1,-2.628655265E-1,9.820066566E0,9.647837122E-1,9.870846634E0
5.970810287E1,-2.622419210E-1,9.821579826E0,8.717485178E-1,9.863678147E0
5.971805688E1,-2.246709657E-1,9.818321757E0,7.386343876E-1,9.848629343E0
5.972801188E1,-2.388376363E-1,9.558786659E0,2.904978597E-1,9.566181830E0
5.973796688E1,-3.673952871E-1,9.204010942E0,-1.472469600E-1,9.212517484E0
5.974792088E1,-4.612174437E-1,7.303570545E0,-4.601349413E-1,7.332570382E0
5.975787588E1,-6.215992235E-1,1.158836281E-1,-1.244216155E0,1.395667743E0
5.976783088E1,-1.362620518E-2,-8.989053846E0,-3.573507135E0,9.673325590E0
5.977778487E1,5.161951580E-1,-1.950050747E1,-5.558673102E0,2.028386294E1
5.978773987E1,-3.887892625E-1,-2.229610220E1,-4.413390666E0,2.273203352E1
5.979769488E1,-1.516655620E0,-1.377106176E1,-2.022977571E0,1.400124368E1
5.980764888E1,-1.568984984E0,-5.314160085E0,-8.851994526E-1,5.611202131E0
5.981760388E1,-1.438614879E0,-1.459722889E0,1.357142407E-2,2.049533573E0
5.982755887E1,-1.339889321E0,7.687638474E-1,7.029429102E-1,1.697182954E0
5.983751288E1,-1.197159444E0,2.230681196E0,1.096514318E0,2.758889810E0
5.984746788E1,-9.927442934E-1,3.193994772E0,1.313261393E0,3.593299226E0
5.985742288E1,-7.207536753E-1,3.732761316E0,1.476315679E0,4.078296321E0
5.986737688E1,-4.483182301E-1,4.145675898E0,1.842750013E0,4.558875464E0
5.987733188E1,-9.855489291E-2,4.323756359E0,1.983669226E0,4.758101062E0
5.988728688E1,3.685549727E-1,4.072210895E0,1.961812480E0,4.535134237E0
5.989724087E1,1.063067148E0,3.507718357E0,1.937083435E0,4.145659425E0
5.990719600E1,1.732892818E0,2.657119219E0,2.300537882E0,3.918631726E0
5.991715100E1,2.426776344E0,1.691483713E0,2.836638680E0,4.098399636E0
5.992710500E1,3.026758850E0,9.292243087E-1,3.431813020E0,4.669268417E0
5.993706000E1,2.975012746E0,3.800532299E-1,4.239122882E0,5.192812735E0
5.994701500E1,2.096806709E0,1.545740694E-1,4.893470460E0,5.326025222E0
5.995696900E1,1.306648192E0,6.776805997E-1,4.970273638E0,5.183647415E0
5.996692400E1,7.261525556E-1,1.573405041E0,4.448614293E0,4.774208844E0
5.997687900E1,-1.593752912E-1,2.505778075E0,3.598693724E0,4.388042931E0
5.998683300E1,-8.378502352E-1,3.753296737E0,2.603017564E0,4.643805535E0
5.999678800E1,-9.823130069E-1,5.186877894E0,1.731403824E0,5.555753805E0
6.000674300E1,-9.684431921E-1,6.508727531E0,8.472597939E-1,6.634701610E0
6.001669700E1,-9.128253539E-1,7.644133435E0,1.200190714E-1,7.699378590E0
6.002665200E1,-9.736844900E-1,8.880909008E0,-2.309357822E-1,8.937110138E0
6.003660700E1,-9.814080772E-1,1.037536728E1,-5.216932583E-1,1.043472912E1
6.004656100E1,-1.292274859E0,1.166173718E1,-9.232358828E-1,1.176938626E1
6.005651600E1,-2.009400191E0,1.137353377E1,-2.236157114E0,1.176415565E1
6.006647100E1,-2.515960124E0,8.082049541E0,-4.537961210E0,9.604304872E0
6.007642500E1,-2.681127301E0,2.705645846E0,-7.833261040E0,8.710277928E0
6.008638000E1,-3.301393214E0,-5.649703140E0,-1.225675686E1,1.389411500E1
6.009633500E1,-4.231705397E0,-1.772013205E1,-1.446098409E1,2.326006172E1
6.010628900E1,-3.950026308E0,-2.835717626E1,-1.117972547E1,3.073627197E1
6.011624400E1,-2.061450204E0,-3.176317002E1,-5.321670249E0,3.227179451E1
6.012619900E1,6.804069371E-1,-2.718587839E1,-1.017819566E0,2.721343224E1
6.013615300E1,1.880792875E0,-1.875098447E1,5.438530362E-1,1.885291958E1
6.014610800E1,9.341472258E-1,-1.156070548E1,9.562045312E-1,1.163773472E1
6.015606300E1,8.866567980E-2,-7.930898432E0,8.394587311E-1,7.975694484E0
6.016601700E1,-2.788691000E-1,-6.475560370E0,9.564085990E-2,6.482267910E0
6.017597200E1,-4.603160223E-1,-5.975031109E0,-1.009417410E0,6.077154852E0
6.018592700E1,-1.747663688E-1,-5.937762710E0,-1.838360800E0,6.218290740E0
6.019588100E1,7.703379178E-1,-5.498975369E0,-4.790992159E-1,5.573301236E0
6.020583600E1,1.551527098E0,-4.209839149E0,-4.257971674E-1,4.506804325E0
6.021579100E1,1.308712405E0,-2.867282183E0,7.095245361E-1,3.230705858E0
6.022574500E1,9.876262987E-1,-1.190412415E0,2.015988102E0,2.541002844E0
6.023570000E1,1.162201208E0,7.175913548E-1,2.505578685E0,2.853694718E0
6.024565500E1,1.507792264E0,2.291405700E0,2.927055052E0,4.011437258E0
6.025560900E1,1.701898189E0,3.596428805E0,3.369301607E0,5.213727161E0
6.026556400E1,1.633511055E0,4.631839135E0,3.629550358E0,6.107039212E0
6.027551900E1,1.405574602E0,5.550919694E0,3.583165566E0,6.754807538E0
6.028547300E1,1.064036397E0,6.507177435E0,3.325205999E0,7.384614178E0
6.029542800E1,6.405545079E-1,7.359657623E0,2.886527123E0,7.931387598E0
6.030538300E1,2.455870408E-1,8.002112841E0,2.358103866E0,8.345943731E0
6.031533700E1,-7.652068399E-2,8.561917666E0,1.964186157E0,8.784663727E0
6.032529200E1,-3.097445548E-1,9.107873361E0,1.701711663E0,9.270659169E0
6.033524700E1,-4.733575059E-1,9.538193935E0,1.561347936E0,9.676725595E0
6.034520100E1,-5.861683491E-1,9.775156442E0,1.438831226E0,9.897853914E0
6.035515600E1,-6.531050447E-1,9.854934683E0,1.267149081E0,9.957507248E0
6.036511100E1,-6.926610931E-1,9.869679022E0,1.095004567E0,9.954364791E0
6.037506500E1,-7.169659951E-1,9.861256692E0,9.679831624E-1,9.934556618E0
6.038502000E1,-7.671838566E-1,9.778378842E0,8.537413593E-1,9.845513606E0
6.039497500E1,-8.965097950E-1,9.330666896E0,9.330718497E-1,9.419962718E0
6.040492900E1,-1.146879310E0,7.652844032E0,7.507801509E-1,7.774639848E0
6.041488400E1,-1.441820761E0,3.131750577E0,4.674779113E-1,3.479259171E0
6.042483900E1,-1.372882235E0,-8.308197623E0,-2.244018695E0,8.714733116E0
6.043479300E1,-1.036570271E0,-2.380871374E1,-4.586068300E0,2.426852592E1
6.044474800E1,-1.141067470E0,-3.021089097E1,-4.826487097E0,3.061527308E1
6.045470300E1,-8.395358413E-1,-2.000314231E1,-2.892373170E0,2.022860216E1
6.046465700E1,-3.572223744E-1,-8.271138555E0,-2.991528352E-1,8.284252124E0
6.047461200E1,-1.009970556E-1,-2.078606812E0,1.146557128E0,2.376005036E0
6.048456700E1,-5.972594574E-2,1.707065374E0,1.626832219E0,2.358860413E0
6.049452100E1,-1.718647977E-1,4.123102137E0,1.330585523E0,4.335892823E0
6.050447600E1,-2.728011154E-1,5.793449335E0,1.121137089E0,5.907234888E0
6.051443100E1,-2.895563849E-1,7.034972262E0,1.115529609E0,7.128750518E0
6.052438500E1,-3.338192958E-1,7.975114492E0,1.307306588E0,8.088444659E0
6.053434000E1,-2.445225918E-1,8.598217766E0,1.324518452E0,8.703073548E0
6.054429500E1,6.840365231E-3,8.844046406E0,1.299674803E0,8.939035642E0
6.055424900E1,3.890469785E-1,8.186136412E0,1.111526459E0,8.270409783E0
6.056420400E1,4.094232094E-1,6.344497955E0,5.342042533E-1,6.380098420E0
6.057415900E1,4.833926801E-1,4.279626837E0,-2.115024148E-1,4.312030568E0
6.058411300E1,5.796387269E-1,1.935927148E0,-7.523463276E-1,2.156344122E0
6.059406800E1,5.575176137E-1,-5.574320251E-1,-1.264039385E0,1.489748945E0
6.060402300E1,4.130575463E-1,-2.898948364E0,-1.580998381E0,3.327773134E0
6.061397700E1,1.656074730E-1,-4.627905128E0,-1.466553022E0,4.857541505E0
6.062393200E1,-1.688401427E-1,-5.045523795E0,-9.444095278E-1,5.135925108E0
6.063388700E1,-3.426735882E-1,-3.449771866E0,-3.479173712E-1,3.484163832E0
6.064384200E1,-2.425975056E-1,-7.360714799E-1,-4.039256573E-3,7.750297342E-1
6.065379600E1,-1.678038151E-1,1.374421953E0,3.097021624E-2,1.384974000E0
6.066375100E1,-7.646780323E-2,2.884146137E0,8.030799866E-2,2.886277125E0
6.067370500E1,-3.047040721E-2,4.146197469E0,3.809788442E-1,4.163775544E0
6.068366000E1,-6.659879956E-2,5.056361609E0,7.817625001E-1,5.116872163E0
6.069361500E1,-4.087306067E-2,5.365686918E0,4.723405655E-1,5.386591903E0
6.070356900E1,-5.529188791E-3,4.893513730E0,-4.654430437E-1,4.915602142E0
6.071352400E1,-1.049323871E-1,5.473863916E0,-1.259782612E-1,5.476318791E0
6.072347900E1,-1.136942205E-1,7.558251286E0,1.004994868E0,7.625621519E0
6.073343300E1,-1.864129124E-2,9.455985591E0,1.875485065E0,9.640199957E0
6.074338800E1,-5.639455858E-2,1.029239997E1,2.204803759E0,1.052605515E1
6.075334300E1,-1.561582446E-1,1.048029907E1,2.297009964E0,1.073020544E1
6.076329700E1,-1.583060182E-1,1.056454693E1,2.144631524E0,1.078119460E1
6.077325200E1,-2.334281944E-1,1.041472138E1,1.701124895E0,1.055531791E1
6.078320700E1,5.954625349E-2,9.140546433E0,6.091056240E-1,9.161012199E0
6.079316200E1,6.886247601E-1,8.015357369E0,-5.364513382E-1,8.062750018E0
6.080311600E1,1.372891298E0,6.834944862E0,-2.698253211E0,7.475417860E0
6.081307100E1,1.732437904E0,3.358485720E0,-5.878017615E0,6.987979572E0
6.082302500E1,1.183019634E0,-6.977120495E0,-9.611004049E0,1.193528989E1
6.083298000E1,-1.137561187E-1,-2.157069195E1,-1.366421676E1,2.553465315E1
6.084293500E1,-3.032660737E0,-3.451303368E1,-1.214197251E1,3.671204192E1
6.085288900E1,-3.982847899E0,-3.782960013E1,-5.720147470E0,3.846637246E1
6.086284400E1,-3.057275176E0,-2.939715034E1,-1.624201557E0,2.960029409E1
6.087279900E1,-1.936012664E0,-2.041613583E1,-1.149958454E0,2.053994041E1
6.088275300E1,-1.069477816E0,-1.407026495E1,-1.240118718E0,1.416524031E1
6.089270800E1,-3.817010484E-1,-9.961103747E0,-1.079173231E0,1.002665938E1
6.090266287E1,2.271979496E-2,-7.547629818E0,-6.893814629E-1,7.579081664E0
6.091261688E1,2.449791131E-1,-6.181658261E0,-3.459376502E-1,6.196175150E0
6.092257188E1,1.730111443E-1,-6.003858467E0,-7.184941649E-2,6.006780476E0
6.093252687E1,2.144347204E-1,-6.429071497E0,3.557434309E-1,6.442475918E0
6.094248187E1,2.953006896E-1,-6.897073283E0,9.243670267E-1,6.965003716E0
6.095243588E1,3.455559732E-1,-6.731217595E0,1.002422678E0,6.814216791E0
6.096239088E1,8.068713943E-1,-6.030013062E0,-3.301975304E-1,6.092711169E0
6.097234588E1,1.362237817E0,-3.263450924E0,4.428432629E0,5.667170312E0
6.098229988E1,2.271924824E0,9.964474082E-1,1.218000865E1,1.243009093E1
6.099225488E1,2.024324185E0,3.072246972E0,1.298320558E1,1.349445134E1
6.100220988E1,-2.578317317E-1,2.716699423E0,9.271143994E0,9.664421551E0
6.101216387E1,-1.115472526E0,2.694267164E0,6.024652335E0,6.693264545E0
6.102211888E1,-8.096689946E-1,3.569412915E0,3.291906983E0,4.922694793E0
6.103207288E1,-6.590203804E-1,4.367022246E0,1.451394700E0,4.648842623E0
6.104202788E1,-6.182626560E-1,5.352309074E0,3.586743477E-1,5.399824851E0
6.105198287E1,-6.546325567E-1,6.337814003E0,-1.700396624E-1,6.373801346E0
6.106193787E1,-7.298417102E-1,7.120784245E0,-3.339786324E-1,7.165876005E0
6.107189188E1,-9.626105945E-1,7.708105482E0,-8.163604751E-2,7.768408700E0
6.108184688E1,-1.296333850E0,7.856782635E0,-6.711551070E-2,7.963291990E0
6.109180188E1,-1.687781403E0,7.625496604E0,-7.430825838E-1,7.845315561E0
6.110175588E1,-1.850323327E0,7.151740574E0,-1.921666374E0,7.633078757E0
6.111171088E1,-1.999421625E0,6.514207542E0,-3.109054610E0,7.489913704E0
6.112166588E1,-3.840284303E0,6.629179589E0,-3.594267089E0,8.462420544E0
6.113161987E1,-5.935260687E0,7.306898196E0,-3.065370061E0,9.900231021E0
6.114157488E1,-3.665756317E0,2.923944041E0,-3.812686322E0,6.043491964E0
6.115152988E1,-2.456608838E0,-2.287336623E0,-4.519412380E0,5.629558071E0
6.116148388E1,-2.134710846E0,-5.801747704E0,-5.241923583E0,8.105247045E0
6.117143887E1,-1.892566244E0,-6.445040828E0,-5.979821733E0,8.993254484E0
6.118139288E1,-1.266526791E0,-3.756478207E0,-5.717942485E0,6.957735616E0
6.119134788E1,-4.462429437E-1,-9.099811220E-1,-4.681247522E0,4.789705291E0
6.120130288E1,1.825412288E-1,9.965105581E-1,-3.474883903E0,3.619554217E0
6.121125688E1,7.013472781E-1,2.458554792E0,-2.315130778E0,3.449088313E0
6.122121188E1,2.662393407E0,5.219913493E0,3.122763991E0,6.639841149E0
6.123116688E1,4.261411591E0,6.371737794E0,6.548964561E0,1.008204384E1
6.124112087E1,2.921993702E0,2.074871610E0,-2.119813310E0,4.163742051E0
6.125107587E1,2.886524200E0,7.918884158E-2,-6.022177209E0,6.678690827E0
6.126103088E1,2.683735744E0,-8.424908048E-1,-3.595855193E0,4.565348056E0
6.127098588E1,2.154624562E0,-2.087196372E0,-8.549199387E-2,3.001017257E0
6.128093987E1,1.991818198E0,-2.547399141E0,1.370268091E0,3.512010358E0
6.129089487E1,1.834133410E0,-2.281740253E0,1.550168205E0,3.312613079E0
6.130084987E1,1.492190431E0,-1.340250240E0,1.447822197E0,2.473679871E0
6.131080388E1,1.245534702E0,2.995622134E-1,1.724466687E0,2.148227076E0
6.132075888E1,1.382506898E0,2.282461799E0,2.068279167E0,3.376201401E0
6.133071388E1,1.776564940E0,4.269957297E0,2.983653176E0,5.503717342E0
6.134066788E1,1.786757661E0,5.694794528E0,3.607142366E0,6.973855727E0
6.135062288E1,1.688318762E0,5.590249820E0,3.570928513E0,6.844913713E0
6.136057788E1,9.811161549E-1,4.765557940E0,2.771029119E0,5.599261895E0
6.137053187E1,-1.788818219E-1,3.776306115E0,1.440093494E0,4.045535299E0
6.138048688E1,-1.599790747E0,3.403872977E0,1.057248511E0,3.906847334E0
6.139044088E1,-2.769550651E0,3.617481705E0,2.170723262E0,5.046644843E0
6.140039587E1,-3.237282002E0,3.904415102E0,3.115716342E0,5.952490267E0
6.141035087E1,-3.358509986E0,3.964317487E0,3.895459507E0,6.493843795E0
6.142030488E1,-2.971700006E0,4.103681195E0,4.349635258E0,6.677613881E0
6.143025988E1,-3.240769282E0,4.511041507E0,3.393547671E0,6.509089553E0
6.144021488E1,-3.470692618E0,4.584927508E0,3.630375400E-1,5.761862873E0
6.145016888E1,-2.158710012E0,4.932117632E0,-1.858707357E0,5.695665570E0
6.146012388E1,-4.269809362E-1,5.101348332E0,-2.477998830E0,5.687402371E0
6.147007888E1,2.400425282E-1,4.543198854E0,-3.140460005E0,5.528179201E0
6.148003287E1,-7.150177029E-1,2.752456316E0,-5.201739178E0,5.928351926E0
6.148998788E1,8.752774586E-1,1.427837437E-1,-5.628906348E0,5.698340504E0
6.149994288E1,2.236029060E0,-2.682304931E0,-6.224239440E0,7.136928072E0
6.150989688E1,3.936380076E0,-6.508542175E0,-4.871556265E0,9.032622531E0
6.151985187E1,6.543904381E0,-1.160671605E1,6.194419810E0,1.469385514E1
6.152980687E1,4.490947550E0,-1.623034102E1,7.822533739E-1,1.685836587E1
6.153976187E1,8.002667449E-1,-1.632658853E1,-7.296402444E0,1.790070972E1
6.154971588E1,-1.581389852E0,-1.383213359E1,-9.454181725E0,1.682885217E1
6.155967088E1,-5.972980490E0,-1.147874155E1,-7.909363722E0,1.516562027E1
6.156962488E1,-1.296778881E1,-5.440270493E0,-4.697980499E0,1.482670262E1
6.157957988E1,-1.510754230E1,-5.715010691E0,-3.331823878E0,1.649242953E1
6.158953488E1,-1.158228989E1,-7.584326359E0,2.770646419E0,1.411906254E1
6.159948887E1,-6.789202094E0,-9.635653571E0,7.575418711E0,1.401163993E1
6.160944388E1,-5.208319049E0,-1.368128946E1,8.733311251E0,1.704626041E1
6.161939888E1,-3.266494399E0,-1.322153692E1,8.464760916E0,1.603531109E1
6.162935287E1,-1.144508556E0,-1.030246654E1,8.697725097E0,1.353148693E1
6.163930787E1,9.177590883E-1,-8.151106912E0,6.837719366E0,1.067882165E1
6.164926287E1,3.014999222E0,-5.645011334E0,6.687508489E0,9.256302883E0
6.165921688E1,2.423118180E0,-3.670059283E0,5.575872687E0,7.101492313E0
6.166917188E1,1.142004340E0,-1.733801183E0,2.817486709E0,3.499781680E0
6.167912688E1,1.384570234E0,-8.853643441E-1,3.371399295E-1,1.677667454E0
6.168908088E1,2.050947289E0,1.556943959E-1,-9.419314778E-1,2.262268869E0
6.169903588E1,2.992802314E0,2.246397343E0,-6.690404615E-1,3.801418400E0
6.170899088E1,3.655378094E0,4.391361281E0,-1.923438665E-1,5.716890683E0
6.171894588E1,2.846780675E0,6.567237695E0,-1.710587444E0,7.359271741E0
6.172889988E1,2.377169297E0,7.725135498E0,-2.752784052E0,8.538528701E0
6.173885488E1,2.256410992E0,7.793774208E0,-3.101553509E0,8.686422805E0
6.174880887E1,1.875955035E0,6.872326112E0,-3.366531781E0,7.879188392E0
6.175876387E1,1.546067115E0,5.915104750E0,-3.263621078E0,6.930368696E0
6.176871887E1,9.025221214E-1,4.608107041E0,-2.868196979E0,5.502340465E0
6.177867288E1,-1.851361500E-1,3.036301214E0,-2.614112363E0,4.010858250E0
6.178862788E1,-1.928091587E-1,1.658452207E0,-2.223422317E0,2.780511804E0
6.179858288E1,3.126653852E-1,1.022096220E0,-2.591831255E0,2.803574429E0
6.180853787E1,1.366624837E0,5.066360933E-1,-1.809937778E0,2.323836985E0
6.181849188E1,1.935606575E0,4.834214777E-1,-1.026223769E0,2.243524986E0
6.182844688E1,2.875454836E0,4.425471014E-1,-8.911156654E-4,2.909310785E0
6.183840087E1,2.995382983E0,2.441078049E-1,6.862397540E-1,3.082666514E0
6.184835588E1,2.130687669E0,-5.405049205E-2,1.336789273E0,2.515900825E0
6.185831088E1,1.726249650E0,-2.564559549E-1,1.475058382E0,2.285061211E0
6.186826588E1,1.472770805E0,-4.767234921E-2,1.710632175E0,2.257784076E0
6.187821987E1,1.256343280E0,2.777187699E-1,1.587398743E0,2.043369992E0
6.188817487E1,1.330805671E0,4.345510340E-1,6.890952417E-1,1.560362326E0
6.189812988E1,1.165429455E0,2.992049485E-1,1.456085336E-1,1.212002996E0
6.190808437E1,8.936871247E-1,-2.182122409E-2,-4.359450102E-2,8.950158229E-1
6.191803937E1,6.693455400E-1,-6.760901570E-1,-4.937704647E-1,1.071881814E0
6.192799438E1,-2.404540260E-1,-7.166335809E-1,-1.051138901E0,1.294710322E0
6.193794838E1,-6.053701302E-1,1.333638793E-1,-1.109105858E0,1.270580467E0
6.194790337E1,-7.964916363E-1,5.323422074E-1,-1.470401513E0,1.754955202E0
6.195785738E1,-1.243064984E0,-4.080888748E-2,-1.593477362E0,2.021397048E0
6.196781238E1,-1.815010091E0,-4.224911517E-1,-4.235383880E-1,1.911058652E0
6.197776738E1,-2.521641863E0,-4.623574680E-1,-1.536321560E-1,2.568278597E0
6.198772138E1,-2.922028493E0,-2.654676837E-1,-7.249108994E-1,3.022287117E0
6.199767638E1,-2.832414651E0,2.130433023E-1,-1.154721011E0,3.066160599E0
6.200763138E1,-2.794635206E0,-1.752404684E-1,-1.523943443E0,3.187961539E0
6.201758537E1,-1.847533181E0,-1.105962249E0,-2.826751038E0,3.553456456E0
6.202754037E1,-3.407790904E-1,-2.094638123E0,-4.480398003E0,4.957580612E0
6.203749537E1,6.267285472E-1,-2.653476988E0,-4.915520310E0,5.621038046E0
6.204744938E1,8.585617308E-1,-2.431437744E0,-4.440383753E0,5.134785840E0
6.205740438E1,9.247397867E-1,-2.092534879E0,-4.131578261E0,4.722688304E0
6.206735937E1,6.982521276E-1,-2.051427199E0,-3.107797458E0,3.788708834E0
6.207731338E1,-1.731351784E-1,-2.277662405E0,-1.816961453E0,2.918744720E0
6.208726838E1,-2.416383795E-1,-2.675038596E0,-1.096059989E0,2.900959858E0
6.209722338E1,6.594079046E-1,-2.353450506E0,-1.242330428E0,2.741702566E0
6.210717738E1,5.021718903E-1,-1.402711952E0,-7.106039321E-1,1.650677247E0
6.211713238E1,5.361297414E-1,-1.008096231E0,-9.291857171E-1,1.472100271E0
6.212708738E1,1.568865555E0,-8.737231225E-1,-1.829854563E0,2.563805559E0
6.213704137E1,1.345299311E0,-2.998756242E-1,-1.343149728E0,1.924527687E0
6.214699637E1,7.174539453E-1,8.726063043E-1,-1.199035889E-1,1.136027639E0
6.215695138E1,4.475643048E-1,1.731818392E0,-3.188187025E-1,1.816907844E0
6.216690538E1,5.377464965E-1,2.615636732E0,-2.783502692E-1,2.684810176E0
6.217686038E1,4.188071135E-1,3.739439421E0,3.464071816E-1,3.778730543E0
6.218681537E1,5.841143319E-1,4.849575412E0,1.912133074E0,5.245552795E0
6.219676938E1,8.708977479E-1,5.625119106E0,2.324902060E0,6.148625654E0
6.220672438E1,3.380170119E-1,5.869395311E0,2.167434057E0,6.265925886E0
6.221667938E1,-5.960955691E-1,5.605075436E0,2.137368990E0,6.028312099E0
6.222663338E1,-4.381748459E-1,4.977497873E0,8.740979290E-1,5.072625499E0
6.223658838E1,2.287003917E-1,3.785207332E0,-1.952568032E-1,3.797133607E0
6.224654338E1,-8.775559723E-2,2.630576368E0,1.387167567E0,2.975208721E0
6.225649737E1,-7.811602369E-1,-1.740260017E-1,3.293473452E-1,8.654282401E-1
6.226645237E1,-1.859444106E0,-2.560008076E0,-1.818948775E0,3.649623047E0
6.227640738E1,-1.981610860E0,-1.886361471E0,-1.200500178E0,2.987698424E0
6.228636138E1,-2.021442677E0,-1.791476364E0,-8.849563546E-1,2.842316979E0
6.229631638E1,-1.513426349E0,-2.756932944E0,-1.052902275E0,3.316585861E0
6.230627137E1,-8.384015545E-1,-3.359599614E0,-8.701025265E-1,3.570280821E0
6.231622538E1,-5.916753665E-1,-3.951743635E0,-6.582947409E-1,4.049655474E0
6.232618038E1,-7.714480117E-1,-4.044303305E0,-9.643647592E-1,4.228654708E0
6.233613538E1,-7.948199174E-1,-3.891590989E0,-1.331259415E0,4.189089490E0
6.234608938E1,-6.146745121E-1,-3.273295881E0,-9.579370612E-1,3.465535181E0
6.235604438E1,-3.896043643E-1,-1.686887802E0,1.667076266E-1,1.739302576E0
6.236599938E1,3.371387601E-1,-7.771148407E-1,9.790383469E-1,1.294637441E0
6.237595337E1,1.087840851E0,-7.732346284E-1,1.130888783E0,1.749342433E0
6.238590837E1,1.295559386E0,-3.809759206E-1,1.531148967E0,2.041576336E0
6.239586338E1,1.354329751E0,7.351090282E-1,2.504630266E0,2.940708610E0
6.240581738E1,1.150773848E0,1.629537141E0,2.618116536E0,3.291535499E0
6.241577237E1,5.009897295E-1,1.729640304E0,2.013566478E0,2.701313801E0
6.242572737E1,1.943061921E-1,2.548929357E0,2.090768289E0,3.302439674E0
6.243568138E1,-3.469269991E-2,2.738164551E0,1.668301111E0,3.206552244E0
6.244563638E1,-4.770833883E-1,2.626813685E0,9.033880940E-1,2.818486960E0
6.245559138E1,-3.725369266E-1,2.988603137E0,8.508615325E-1,3.129616241E0
6.246554538E1,-6.867955318E-1,2.661428617E0,-4.056774831E-1,2.778392450E0
6.247550038E1,-9.860627532E-2,3.083195883E0,-5.907102835E-1,3.140821340E0
6.248545538E1,-3.501426753E-1,2.976115238E0,-8.622187257E-2,2.997881921E0
6.249540937E1,-6.720690268E-1,2.588307431E0,-4.228121638E-3,2.674140985E0
6.250536437E1,-5.996521381E-1,2.041939507E0,-4.752099404E-1,2.180578851E0
6.251531938E1,-6.005862308E-1,6.337218171E-1,-1.547862941E0,1.777128821E0
6.252527338E1,-1.066858994E0,-1.046859763E0,-2.345930109E0,2.781634691E0
6.253522837E1,-8.198316747E-1,-1.159599928E0,-1.626716444E0,2.159398610E0
6.254518337E1,-6.636285710E-1,-1.269486651E0,-4.938181195E-1,1.515208096E0
6.255513738E1,-3.112467045E-1,-1.828996192E0,-8.191978365E-2,1.857097852E0
6.256509238E1,-7.861815333E-2,-2.561514904E0,-2.734888941E-1,2.577272898E0
6.257504738E1,3.675890127E-1,-2.063549647E0,4.032953274E-1,2.134480252E0
6.258500138E1,3.430365542E-1,-2.043893647E0,8.479766625E-1,2.239249816E0
6.259495638E1,2.522911294E-1,-1.917604898E0,1.220472074E0,2.287009279E0
6.260491138E1,3.523276336E-1,-1.025493452E0,1.387231741E0,1.760733791E0
6.261486537E1,6.149091317E-1,-4.847575665E-1,1.321251467E0,1.535841326E0
6.262482038E1,6.310883774E-1,-1.323628360E-1,9.378442740E-1,1.138131953E0
6.263477538E1,6.203268693E-1,6.936546081E-1,4.905942571E-1,1.051971894E0
6.264472938E1,8.017152464E-1,1.208103751E0,5.265750986E-1,1.542576852E0
6.265468437E1,6.730095515E-1,5.475057918E-1,-1.723759174E-3,8.675871252E-1
6.266463937E1,4.549939232E-1,1.720970052E-1,-1.027186806E0,1.136551619E0
6.267459338E1,6.190948610E-1,6.438065100E-1,-9.356047904E-1,1.293492015E0
6.268454838E1,1.308900686E-1,-2.104722816E-1,-2.976264927E-1,3.873142400E-1
6.269450338E1,-1.300369013E0,-4.214531540E0,-4.605667875E0,6.376943801E0
6.270445738E1,1.137127031E0,1.332232538E0,1.077989169E0,2.056687159E0
6.271441238E1,1.841456316E-1,3.182171702E0,6.121274650E-1,3.245739729E0
6.272436637E1,-1.094544391E0,-1.764157587E-1,-2.850719360E0,3.058717184E0
6.273432137E1,2.635340095E-3,6.153405100E-1,-2.846197123E0,2.911956207E0
6.274427638E1,9.535346925E-4,-8.535999298E-1,-7.467291999E-1,1.134124441E0
6.275423138E1,-4.530773520E-2,-1.484706872E0,-1.615748237E0,2.194777814E0
6.276418538E1,-2.158922119E-1,-9.874690086E-1,-6.664837664E-1,1.210745680E0
6.277414037E1,-8.214374663E-1,-1.511939110E0,-8.957829130E-1,1.939883092E0
6.278409537E1,-7.876984473E-1,-1.819780980E0,-1.180875022E0,2.307929262E0
6.279404938E1,-4.323514576E-1,-2.142120438E0,-2.199017939E0,3.100207678E0
6.280400438E1,8.564592183E-2,-2.991636087E0,-2.625173248E0,3.981049646E0
6.281395938E1,2.838713564E-1,-3.094565209E0,-2.017526797E0,3.705041317E0
6.282391338E1,1.111780667E0,-1.979726302E0,-9.748986644E-1,2.470991681E0
6.283386838E1,2.141719319E0,-1.580674299E0,1.874208033E-2,2.661924895E0
6.284382338E1,2.909416634E0,-2.065742937E0,-2.585697234E-2,3.568286370E0
6.285377737E1,2.776223786E0,-2.948897034E0,8.064392120E-2,4.050915411E0
6.286373238E1,1.306434622E0,-3.587087293E0,6.522405338E-1,3.872903870E0
6.287368638E1,-1.634077504E-1,-4.248670508E0,1.301907123E0,4.446669016E0
6.288364137E1,-1.473369413E0,-5.036429620E0,2.132031067E0,5.664097211E0
6.289359637E1,-8.265314144E-1,-5.007500521E0,2.060529267E0,5.477590393E0
6.290355413E1,-2.246377462E0,-6.093836006E0,2.549895609E0,6.977321591E0
6.291350913E1,-1.738470477E0,-5.715044020E0,4.354787240E0,7.392440710E0
6.292346413E1,9.205154657E-2,-6.645176986E0,2.723112649E0,7.182074433E0
6.293341813E1,2.142406074E0,-6.853349558E0,2.043656250E0,7.465576657E0
6.294337313E1,5.482485051E0,-3.437753499E0,1.570813847E0,6.659072578E0
6.295332813E1,-9.414251089E-2,-4.644841003E-1,2.929363825E0,2.967453574E0
6.296328212E1,-2.401860774E-2,-1.012510879E0,-1.240255543E0,1.601246073E0
6.297323712E1,-5.693077201E-1,-3.401701906E0,-1.776999242E0,3.879872864E0
6.298319213E1,1.784321126E0,-6.061869278E0,-3.968652028E0,7.461920661E0
6.299314613E1,3.440688216E0,-1.081625904E1,-3.846468610E0,1.198436964E1
6.300310112E1,4.923953165E0,-1.016469912E1,-2.568927127E0,1.158299657E1
6.301305612E1,6.593730260E0,-8.798770831E0,-4.596831855E0,1.191748757E1
6.302301013E1,7.574070343E0,-9.790917612E0,-4.709094887E0,1.324402446E1
6.303296513E1,8.243819779E0,-9.946483369E0,-2.397841398E0,1.313935841E1
6.304292013E1,8.173300020E0,-1.098198667E1,-1.956673070E0,1.382879004E1
6.305287413E1,6.845333025E0,-1.270686851E1,-5.013359431E0,1.527929528E1
6.306282913E1,4.005430430E0,-1.259383364E1,-1.038667930E1,1.680866520E1
6.307278413E1,2.839438911E0,-1.050457788E1,-1.083080223E1,1.535300774E1
6.308273812E1,2.403708494E0,-7.081442424E0,-9.368520600E0,1.198723569E1
6.309269312E1,2.609268529E0,-3.458129291E0,-7.317537205E0,8.503722196E0
6.310264813E1,3.536977240E0,-3.457587254E-1,-5.181984944E0,6.283528074E0
6.311260213E1,4.197343357E0,1.532102648E0,-6.441602665E0,7.839596589E0
6.312255712E1,1.996983774E0,3.064771307E0,-7.966388108E0,8.766077049E0
6.313251212E1,-2.685716781E0,1.703374904E0,-7.418671231E0,8.071632024E0
6.314246613E1,-9.480435138E0,-2.909551997E0,-4.974273718E0,1.109448251E1
6.315242113E1,-1.150072007E1,-2.656300901E0,-5.262544958E0,1.292350092E1
6.316237613E1,-1.003938861E1,-2.130745849E-1,-5.684765384E0,1.153911963E1
6.317233013E1,-9.386942253E0,6.280415395E-1,-5.722511500E0,1.101164197E1
6.318228513E1,-1.019639103E1,2.403840933E0,-4.513841153E0,1.140699799E1
6.319224013E1,-8.857489740E0,6.060711529E0,-5.643235534E0,1.212573528E1
6.320219412E1,-6.324026853E0,7.638213129E0,-2.502399554E0,1.022729774E1
6.321214912E1,-9.561298038E0,4.324652737E0,4.654378982E0,1.147973367E1
6.322210413E1,-1.185402053E1,7.338694185E-1,8.255394927E0,1.446402131E1
6.323205813E1,-9.181699136E0,5.090229267E-1,8.122720435E0,1.226952691E1
6.324201312E1,-8.351461757E0,-3.165507138E-2,1.045477013E1,1.338096163E1
6.325196713E1,-8.691958573E0,-2.456403601E-1,1.285185724E1,1.551711047E1
6.326192213E1,-8.895337597E0,-3.578373188E-1,1.326721303E1,1.597729702E1
6.327187713E1,-8.562930989E0,-3.279288107E-1,1.290964059E1,1.549484252E1
6.328183113E1,-7.246358464E0,5.552668011E-1,1.349364880E1,1.532633649E1
6.329178613E1,-5.688123440E0,1.610706183E0,1.390314217E1,1.510782860E1
6.330174113E1,-4.036996039E0,2.264958159E0,1.340566340E1,1.418235466E1
6.331169512E1,-2.528757048E0,2.477282839E0,1.113306703E1,1.168232528E1
6.332165012E1,-1.286916324E0,2.037362307E0,8.774868582E0,9.099742713E0
6.333160513E1,2.785832807E-2,1.292230566E0,7.674983345E0,7.783058863E0
6.334155913E1,1.831598496E0,9.768551427E-1,6.848843694E0,7.156511647E0
6.335151413E1,3.242478130E0,2.993639928E-1,6.326776798E0,7.115573616E0
6.336146912E1,4.534816870E0,-8.631440476E-1,6.162162475E0,7.699469336E0
6.337142313E1,5.266238644E0,-2.408031925E0,5.372681358E0,7.899214656E0
6.338137813E1,5.382214658E0,-4.489519075E0,3.802246118E0,7.973775247E0
6.339133313E1,5.446567360E0,-6.653337361E0,2.354878981E0,8.915012566E0
6.340128713E1,4.918287213E0,-8.322195858E0,8.235353011E-1,9.701891743E0
6.341124213E1,5.471352537E0,-9.309929745E0,-3.208560187E-1,1.080339942E1
6.342119713E1,5.695472220E0,-9.502977324E0,-1.191488303E0,1.114291821E1
6.343115112E1,5.410392975E0,-9.491801541E0,-1.422295446E0,1.101769363E1
6.344110612E1,4.979391201E0,-9.378466129E0,-1.044640744E0,1.066964095E1
6.345106113E1,3.935884817E0,-9.189962422E0,-1.104489920E0,1.005815572E1
6.346101513E1,3.138850851E0,-8.913242941E0,-9.359760886E-1,9.496016830E0
6.347097012E1,1.928820443E0,-8.318582278E0,-1.243071270E0,8.629274918E0
6.348092512E1,7.711299232E-1,-6.987692846E0,-2.080825830E0,7.331597971E0
6.349087913E1,-3.942286348E-1,-6.651477946E0,-2.763789389E0,7.213605678E0
6.350083413E1,-1.683103776E0,-7.550550503E0,-3.411560311E0,8.454726191E0
6.351078913E1,-1.191167291E0,-6.183672042E0,-3.822062917E0,7.366467565E0
6.352074313E1,-4.378585115E-2,-4.326046128E0,-4.250523491E0,6.064943714E0
6.353069813E1,-6.984904747E-1,-5.791547821E0,-3.997409220E0,7.071718007E0
6.354065313E1,-7.476183421E-1,-6.099182115E0,-4.022058157E0,7.344106990E0
6.355060712E1,-2.701446887E-1,-4.844211761E0,-4.112825655E0,6.360400979E0
6.356056212E1,-5.435034458E-1,-4.248502693E0,-3.915618952E0,5.803209707E0
6.357051713E1,-4.501489568E-1,-4.007699735E0,-3.318393116E0,5.222645318E0
6.358047113E1,-1.085123905E-1,-3.707100225E0,-3.321620194E0,4.978707436E0
6.359478967E1,-5.025645308E-1,1.124080431E-1,2.356392825E-1,5.663325412E-1
6.360474367E1,-5.055872490E-1,-8.602306724E-2,3.424182111E-1,6.166592784E-1
6.361469867E1,-4.515782721E-1,-1.464253896E-1,1.977235973E-1,5.142547535E-1
6.362465367E1,-3.253813250E-1,-1.747732759E-2,1.635010135E-1,3.645696711E-1
6.363460767E1,-2.543242063E-1,6.364635766E-2,2.658910221E-1,3.734028607E-1
6.364456267E1,-2.385992892E-1,9.082421601E-2,1.801035976E-1,3.124355372E-1
6.365451767E1,-2.697519386E-1,1.470674139E-1,8.695686758E-2,3.193061688E-1
6.366447167E1,-2.778148104E-1,1.829330653E-1,4.073696673E-2,3.351194947E-1
6.367442667E1,-2.291455109E-1,7.301710546E-2,1.917828262E-2,2.412612057E-1
6.368438167E1,-1.657328957E-1,-6.517891288E-2,3.743621349E-2,1.819811899E-1
6.369433567E1,-1.138102055E-1,-9.679714680E-2,6.363407850E-2,1.623938005E-1
6.370429067E1,-1.059535941E-1,-4.447684586E-2,2.149845779E-2,1.169039675E-1
6.371424567E1,-6.402803466E-2,8.274921119E-2,-8.377071977E-2,1.340319166E-1
6.372419967E1,-3.236126885E-2,1.319079226E-1,-1.865764654E-1,2.307763619E-1
6.373415467E1,2.524535358E-4,7.806909978E-2,-2.704810864E-1,2.815224079E-1
6.374410867E1,1.367766067E-2,1.407717168E-2,-2.853382766E-1,2.860125474E-1
6.375406367E1,9.255923107E-3,1.158625782E-2,-2.691555226E-1,2.695637380E-1
6.376401867E1,2.100933820E-2,-4.691221118E-3,-2.563688314E-1,2.572710197E-1
6.377397267E1,-3.141416609E-3,-6.093500376E-2,-1.841352528E-1,1.939812736E-1
6.378392767E1,-3.670969695E-2,-8.052551508E-2,-1.500857466E-1,1.742345883E-1
6.379388267E1,-6.773129560E-2,-7.256160736E-2,-1.578625435E-1,1.864759982E-1
6.380383667E1,-8.147934213E-2,-3.092884719E-2,-1.388012052E-1,1.638940247E-1
6.381379167E1,-1.438829472E-1,-1.344040990E-2,-1.233435059E-1,1.899909670E-1
6.382374667E1,-2.147101973E-1,-4.484872878E-2,-9.667435527E-2,2.397035842E-1
6.383370067E1,-2.171532371E-1,-7.986302555E-2,-5.928959727E-2,2.388490895E-1
6.384365567E1,-2.245459449E-1,-1.325125247E-1,6.914917231E-3,2.608222894E-1
6.385361067E1,-2.728236271E-1,-1.711509258E-1,5.800554872E-2,3.272461071E-1
6.386356467E1,-2.952930151E-1,-1.647049552E-1,1.068420786E-1,3.545996571E-1
6.387351967E1,-2.659592152E-1,-1.064620095E-1,1.356565726E-1,3.169718747E-1
6.388347467E1,-2.838590772E-1,-1.148007238E-1,5.949074149E-2,3.119203909E-1
6.389342867E1,-2.910170925E-1,-1.434532499E-1,-2.402153134E-2,3.253410779E-1
6.390338367E1,-3.169209156E-1,-1.831230998E-1,-5.871306181E-2,3.707022526E-1
6.391333867E1,-3.186790272E-1,-2.012050295E-1,-6.088822603E-2,3.817684669E-1
6.392329267E1,-2.941105619E-1,-2.274642903E-1,-6.839780509E-2,3.780466713E-1
6.393324767E1,-2.638581645E-1,-2.198664182E-1,-1.198573959E-1,3.637693887E-1
6.394320167E1,-2.666684094E-1,-2.133935505E-1,-1.347689652E-1,3.671668857E-1
6.395315667E1,-2.477332248E-1,-1.498278844E-1,-1.691751516E-1,3.353213049E-1
6.396311167E1,-2.485416754E-1,-5.255828261E-2,-1.902058321E-1,3.173540548E-1
6.397306567E1,-2.592967515E-1,7.933502197E-3,-1.441350353E-1,2.967703729E-1
6.398302067E1,-2.618628752E-1,-9.501725435E-4,-9.435593426E-2,2.783453082E-1
6.399297567E1,-2.297560333E-1,-5.111694396E-2,-1.301484954E-1,2.689598626E-1
6.400292967E1,-1.920882701E-1,-1.130331105E-1,-1.156813145E-1,2.511106412E-1
6.401288467E1,-1.617902644E-1,-1.329107201E-1,-1.322786361E-1,2.476670885E-1
6.402283967E1,-1.589789962E-1,-1.339743286E-1,-1.544980556E-1,2.590233409E-1
6.403279367E1,-1.856285586E-1,-1.314857537E-1,-1.357343405E-1,2.648967278E-1
6.404274867E1,-2.222509128E-1,-1.099340862E-1,-4.185904741E-2,2.514620277E-1
6.405270367E1,-2.013251167E-1,-5.509071171E-2,1.922739923E-2,2.096103099E-1
6.406265767E1,-1.656760316E-1,-2.613880813E-2,4.650173664E-2,1.740522802E-1
6.407261267E1,-1.387604208E-1,-2.694221556E-2,5.278047681E-2,1.508844462E-1
6.408256767E1,-1.624352854E-1,-5.771084905E-2,4.581118047E-2,1.783659953E-1
6.409252167E1,-1.675543765E-1,-6.136418939E-2,9.114347398E-2,2.003675764E-1
6.410247667E1,-1.338273443E-1,-3.862963021E-2,1.251204747E-1,1.872355190E-1
6.411243067E1,-1.152237698E-1,-5.466620386E-2,1.363044441E-1,1.866649738E-1
6.412238567E1,-1.028900186E-1,-6.041810989E-2,1.293474269E-1,1.759757392E-1
6.413234067E1,-9.738062583E-2,-7.337378561E-2,9.377472103E-2,1.538193649E-1
6.414229467E1,-9.733816043E-2,-9.340283811E-2,1.616287351E-2,1.358677523E-1
6.415224967E1,-1.283102770E-1,-1.043119884E-1,-5.102338850E-2,1.730546280E-1
6.416220467E1,-1.630078740E-1,-1.013228917E-1,-4.903065741E-2,1.980956858E-1
6.417215867E1,-1.402561386E-1,-5.147713244E-2,-2.015710652E-2,1.507580463E-1
6.418211367E1,-6.257602483E-2,1.220021546E-2,-6.087945521E-2,8.815277765E-2
6.419206867E1,-3.085407592E-2,-1.803105891E-2,-1.418189532E-1,1.462522087E-1
6.420202267E1,-2.453674413E-2,-8.414961934E-2,-2.472483444E-1,2.623260453E-1
6.421197767E1,3.404760584E-3,-1.059439462E-1,-3.111660129E-1,3.287248085E-1
6.422193267E1,9.896777943E-3,-1.113268930E-1,-3.321288657E-1,3.504300312E-1
6.423188667E1,-6.053636983E-2,-1.616591406E-1,-2.661851370E-1,3.172583442E-1
6.424184167E1,-1.122255369E-1,-1.618719792E-1,-1.452600396E-1,2.447398372E-1
6.425179667E1,-1.273614932E-1,-1.139873761E-1,-6.028537810E-2,1.812412720E-1
6.426175067E1,-1.326729577E-1,-1.016497511E-1,-3.493886769E-2,1.707498465E-1
6.427170567E1,-1.752756248E-1,-9.428284407E-2,2.759418011E-2,2.009284402E-1
6.428165967E1,-2.115978706E-1,-3.997858286E-2,1.046312463E-1,2.394152118E-1
6.429161467E1,-1.567295723E-1,3.194100022E-2,1.329931659E-1,2.080181927E-1
6.430156967E1,-1.164329010E-1,3.791334629E-3,6.242604375E-2,1.321665827E-1
6.431152367E1,-1.017069076E-1,-6.545256257E-2,-1.576994061E-3,1.209579262E-1
6.432147867E1,-1.163149334E-1,-7.461982727E-2,-5.412533641E-2,1.484144009E-1
6.433143367E1,-1.457166340E-1,-7.719669521E-2,-5.576957345E-2,1.740773176E-1
6.434138767E1,-1.582323068E-1,-9.193986475E-2,4.186606407E-4,1.830043085E-1
6.435134267E1,-1.825130890E-1,-9.436645925E-2,1.933674216E-2,2.063733653E-1
6.436129767E1,-8.863253340E-2,3.624455094E-2,2.110961795E-2,9.805615442E-2
6.437125167E1,-4.515161455E-2,8.782634854E-2,-6.428721249E-2,1.178345513E-1
6.438120667E1,-7.068874419E-2,6.800311804E-4,-1.155187619E-1,1.354324383E-1
6.439116167E1,-1.178561132E-1,-1.232400101E-1,-1.486537635E-1,2.262213627E-1
6.440111567E1,-1.642539156E-1,-1.609639066E-1,-5.846455514E-2,2.372906072E-1
6.441107067E1,-1.975258152E-1,-1.320663822E-1,1.315068036E-1,2.715732247E-1
6.442102567E1,-2.116078839E-1,-8.564767599E-2,2.570085168E-1,3.437539798E-1
6.443097967E1,-2.030154005E-1,-4.693267643E-2,2.656740904E-1,3.376398248E-1
6.444093467E1,-1.793622438E-1,-3.698188484E-2,1.585612857E-1,2.422398721E-1
6.445088967E1,-1.866606653E-1,-6.742541313E-2,5.776230454E-2,2.066999616E-1
6.446084367E1,-2.004690843E-1,-8.600377142E-2,3.195035577E-2,2.204661600E-1
6.447079921E1,-1.736536071E-1,-7.808547199E-2,5.325059295E-2,1.977082241E-1
6.448075321E1,-1.523499347E-1,-8.297374427E-2,4.317759454E-2,1.787720602E-1
6.449070821E1,-1.625431665E-1,-3.743328989E-2,1.055890203E-2,1.671317522E-1
6.450066321E1,-1.932088890E-1,1.015661359E-3,-8.912969291E-2,2.127787783E-1
6.451061721E1,-2.201235496E-1,1.863098323E-2,-2.083573437E-1,3.036680314E-1
6.452057221E1,-1.860133054E-1,2.452906966E-3,-2.519319642E-1,3.131719673E-1
6.453052721E1,-1.589163579E-1,-3.542067826E-2,-2.388248456E-1,2.890438377E-1
6.454048121E1,-1.500329024E-1,-4.509840488E-2,-2.069955271E-1,2.595975466E-1
6.455043621E1,-1.476477501E-1,-3.899858952E-2,-2.437096095E-1,2.876023676E-1
6.456039121E1,-1.766219462E-1,-3.696960568E-2,-2.340008926E-1,2.954970074E-1
6.457034521E1,-1.955490178E-1,-3.123173296E-2,-1.495928264E-1,2.481790749E-1
6.458030021E1,-1.828178751E-1,4.607605934E-4,-8.280592918E-2,2.006973086E-1
6.459025521E1,-2.044171974E-1,-2.842916250E-3,-6.197931647E-2,2.136256268E-1
6.460020921E1,-2.756315332E-1,-8.676098585E-3,-4.716130257E-2,2.797717020E-1
6.461016421E1,-3.250908646E-1,5.017963529E-2,3.040552139E-2,3.303430971E-1
6.462011921E1,-3.385984444E-1,7.995891988E-2,9.422495663E-2,3.604451107E-1
6.463007321E1,-3.620637593E-1,1.143294382E-1,9.467577696E-2,3.913117542E-1
6.464002821E1,-3.670680258E-1,1.236820596E-1,8.387830853E-2,3.963227953E-1
6.464998221E1,-3.416374616E-1,1.369172323E-1,2.345084310E-2,3.687986249E-1
6.465993721E1,-2.904498395E-1,7.093958974E-2,-5.944220960E-2,3.048391558E-1
6.466989221E1,-2.360485145E-1,-2.598268747E-2,-5.784942806E-2,2.444188159E-1
6.467984621E1,-1.506028598E-1,-3.693101406E-2,-1.294865906E-1,2.020195494E-1
6.468980121E1,4.301204525E-2,-1.834797800E-2,-2.760675162E-1,2.799999247E-1
6.469975621E1,1.396293171E-1,-1.644728208E-1,-3.243707800E-1,3.895690669E-1
6.470971021E1,2.827423321E-1,-3.533337933E-1,-3.108847618E-1,5.490330873E-1
6.471966521E1,4.786049069E-1,-4.943470001E-1,-4.140448487E-1,8.030409393E-1
6.472962021E1,5.353810785E-1,-3.958483136E-1,-5.933298361E-1,8.918346713E-1
6.473957421E1,2.575902417E-1,1.240679759E-1,-7.502433765E-1,8.028765280E-1
6.474952921E1,-1.029617201E-1,8.835493684E-2,-3.877224380E-1,4.107753639E-1
6.475948421E1,-2.259299078E-1,1.147831821E-1,-5.522589934E-1,6.076261169E-1
6.476943821E1,-3.997505991E-1,3.350966200E-1,-7.075633800E-1,8.790541638E-1
6.477939321E1,-4.887393741E-1,4.451508665E-1,-5.626290303E-1,8.680880690E-1
6.478934821E1,-4.986019459E-1,3.223675239E-1,-5.233526981E-1,7.914687407E-1
6.479930221E1,-5.591270598E-1,3.381532520E-2,-6.727747858E-1,8.754384373E-1
6.480925721E1,-6.426451799E-1,-2.997727132E-1,-7.879415452E-1,1.060051124E0
6.481921221E1,-6.438929026E-1,-6.122832933E-1,-8.877260345E-1,1.256004146E0
6.482916621E1,-6.272633482E-1,-8.792057642E-1,-1.146148993E0,1.574839547E0
6.483912121E1,-6.256935900E-1,-1.049277879E0,-1.555981507E0,1.978270706E0
6.484907521E1,-5.962992715E-1,-1.102836620E0,-2.078396897E0,2.427252581E0
6.485903021E1,-6.332015611E-1,-1.188597732E0,-2.533086326E0,2.868838636E0
6.486898521E1,-6.379243572E-1,-1.283729299E0,-2.865727993E0,3.204263617E0
6.487893921E1,-6.622647811E-1,-1.313722592E0,-3.154658214E0,3.480851927E0
6.488889421E1,-7.267702409E-1,-1.290492481E0,-3.171788802E0,3.500544248E0
6.489884921E1,-7.754939195E-1,-1.214099778E0,-2.861332641E0,3.203537665E0
6.490880321E1,-7.119009908E-1,-9.279630643E-1,-2.165760731E0,2.461389447E0
6.491875821E1,-5.358796998E-1,-3.364654532E-1,-1.190659168E0,1.348349105E0
6.492871321E1,-3.050763936E-1,4.397620726E-1,-1.877359682E-1,5.671922779E-1
6.493866721E1,-3.025755029E-2,1.356214893E0,6.739594316E-1,1.514746075E0
6.494862221E1,1.726537698E-1,2.250363217E0,1.262033790E0,2.585860247E0
6.495857721E1,2.534960943E-1,2.913987110E0,1.311951470E0,3.205744501E0
6.496853121E1,2.084318409E-1,3.028622650E0,1.004825299E0,3.197760602E0
6.497848621E1,1.012767353E-1,2.712687940E0,9.286501122E-1,2.869028384E0
6.498844021E1,1.108624961E-1,2.541488775E0,1.161163473E0,2.796382717E0
6.499839521E1,9.483551558E-2,2.608843437E0,1.587238968E0,3.055222642E0
6.500835021E1,-1.281102109E-2,2.625688973E0,2.171567016E0,3.407361150E0
6.501830421E1,-1.219973306E-1,2.426200686E0,2.742254094E0,3.663507968E0
6.502825921E1,-2.533365750E-1,2.105811860E0,3.500923308E0,4.093297817E0
6.503821421E1,-4.552723603E-1,1.893305332E0,4.621719943E0,5.015194237E0
6.504816821E1,-6.958285298E-1,1.792549035E0,5.855989984E0,6.163605121E0
6.505812321E1,-1.141298874E0,1.525568092E0,7.309670361E0,7.553886543E0
6.506807821E1,-1.635625262E0,1.316561415E0,8.576151543E0,8.829438218E0
6.507803221E1,-1.946665706E0,1.186496243E0,9.179126946E0,9.457994090E0
6.508798721E1,-2.155864318E0,9.143320352E-1,8.873218750E0,9.177023756E0
6.509794221E1,-2.259694350E0,6.021936303E-1,7.852076796E0,8.192921684E0
6.510789621E1,-2.241917937E0,2.745220971E-1,6.307317265E0,6.699538006E0
6.511785121E1,-2.203256439E0,-1.878295237E-1,4.522278101E0,5.033946572E0
6.512780621E1,-2.079542366E0,-6.398789352E-1,2.735932084E0,3.495606653E0
6.513776021E1,-1.886617579E0,-9.408593908E-1,1.039495195E0,2.350551540E0
6.514771521E1,-1.677794797E0,-1.081417392E0,-4.834033513E-1,2.053810545E0
6.515766921E1,-1.462395359E0,-1.027606343E0,-1.725498721E0,2.484335086E0
6.516762421E1,-1.273293189E0,-9.225251538E-1,-2.559475395E0,3.003871253E0
6.517757921E1,-1.140408562E0,-9.190811437E-1,-2.950683943E0,3.294203632E0
6.518753321E1,-1.109276889E0,-9.929317698E-1,-3.082484862E0,3.423174205E0
6.519748821E1,-1.035547739E0,-8.189481604E-1,-3.083864805E0,3.354587507E0
6.520744321E1,-7.754299656E-1,-5.390454555E-1,-2.977020972E0,3.123221974E0
6.521739721E1,-4.176695377E-1,-3.456373957E-1,-2.787708009E0,2.839934682E0
6.522735221E1,-9.652554363E-2,-3.679255199E-1,-2.437339339E0,2.466841994E0
6.523730721E1,1.855099332E-1,-4.996825844E-1,-2.073986342E0,2.141381789E0
6.524726121E1,3.946994088E-1,-6.244171429E-1,-1.765004264E0,1.913354239E0
6.525721621E1,6.026035932E-1,-6.981242198E-1,-1.615462309E0,1.860168537E0
6.526717121E1,7.803886237E-1,-6.611622155E-1,-1.742014766E0,2.020088445E0
6.527712521E1,8.288238884E-1,-6.961303192E-1,-1.987755699E0,2.263342479E0
6.528708021E1,8.262047743E-1,-5.736311513E-1,-2.336131638E0,2.543457893E0
6.529703521E1,7.337298162E-1,-5.730394131E-1,-2.785169733E0,2.936648439E0
6.530698921E1,5.200437587E-1,-9.984033018E-1,-3.264257839E0,3.452916724E0
6.531694421E1,6.592826280E-1,-1.113865346E0,-3.677965304E0,3.899074040E0
6.532689821E1,9.626877777E-1,-4.042408222E-1,-3.880169622E0,4.018195453E0
6.533685321E1,1.094430224E0,4.329065046E-1,-3.867993380E0,4.043087725E0
6.534680821E1,1.334365456E0,1.150403135E0,-3.561389365E0,3.973342768E0
6.535676221E1,1.616133861E0,1.284562820E0,-2.905946311E0,3.564619792E0
6.536671721E1,1.320081000E0,7.297442079E-1,-2.742200300E0,3.129664988E0
6.537667221E1,7.863076870E-1,-1.926213169E-1,-2.508001186E0,2.635422680E0
6.538662621E1,5.473419236E-1,-1.055315129E0,-2.167740598E0,2.472321278E0
6.539658121E1,7.205902456E-1,-1.799121598E0,-2.039185469E0,2.813248336E0
6.540653621E1,9.030996801E-1,-2.382426383E0,-1.867910582E0,3.159214213E0
6.541649021E1,1.173529019E0,-2.716929218E0,-1.581711595E0,3.355694608E0
6.542644521E1,1.581789948E0,-2.806762916E0,-1.359247844E0,3.496788842E0
6.543640021E1,1.654482533E0,-3.035626445E0,-1.312464856E0,3.697959486E0
6.544635421E1,1.579838001E0,-3.434819950E0,-9.793279302E-1,3.905503731E0
6.545630921E1,1.531195891E0,-3.746783524E0,-6.593256050E-1,4.100933782E0
6.546626321E1,1.641796560E0,-3.860000237E0,-5.918393809E-1,4.236197779E0
6.547621721E1,1.812950117E0,-3.889608198E0,-5.709414321E-1,4.329181698E0
6.548617221E1,1.869668109E0,-4.007906726E0,-4.492795855E-1,4.445315209E0
6.549612621E1,1.746660818E0,-4.169855596E0,-1.359886944E-2,4.520918561E0
6.550608121E1,1.725424169E0,-4.062856520E0,3.389011109E-1,4.427047055E0
6.551603621E1,1.800994607E0,-3.789081697E0,4.039168864E-1,4.214720694E0
6.552599021E1,1.776620489E0,-3.580124137E0,5.484214658E-1,4.034158561E0
6.553594521E1,1.760107660E0,-3.407533334E0,5.816751659E-1,3.879124694E0
6.554590021E1,1.452673486E0,-3.189853190E0,3.986508840E-1,3.527654484E0
6.555585421E1,1.170090344E0,-2.768787881E0,2.081246245E-1,3.013073780E0
6.556580921E1,1.030463001E0,-2.214525924E0,2.006384343E-1,2.450762095E0
6.557576421E1,9.121214953E-1,-1.729520436E0,4.043618596E-1,1.996676006E0
6.558571821E1,6.379015531E-1,-1.403399292E0,6.968653142E-1,1.691765123E0
6.559567321E1,3.406451891E-1,-1.159709855E0,9.458877039E-1,1.534819091E0
6.560562821E1,-1.131851929E-2,-9.474433556E-1,1.185695466E0,1.517778232E0
6.561558221E1,-2.500757473E-1,-6.557044244E-1,1.444800795E0,1.606217765E0
6.562553721E1,-4.372375738E-1,-3.936901063E-1,1.586852467E0,1.692415241E0
6.563549121E1,-6.540427919E-1,-1.568430814E-1,1.485850003E0,1.630988031E0
6.564544621E1,-8.939239369E-1,1.479649615E-1,1.225596866E0,1.524165776E0
6.565540121E1,-1.138322641E0,3.862518632E-1,1.123593358E0,1.645427291E0
6.566535521E1,-1.258257366E0,6.542394045E-1,9.758991230E-1,1.721516743E0
6.567531021E1,-1.371702705E0,8.886846855E-1,7.888864553E-1,1.814847272E0
6.568526521E1,-1.480284623E0,9.900245342E-1,7.483541411E-1,1.931689691E0
6.569521921E1,-1.599495024E0,1.019117356E0,7.642492121E-1,2.044764382E0
6.570517421E1,-1.655616308E0,1.180499923E0,6.801545566E-1,2.144121183E0
6.571512921E1,-1.677923436E0,1.329269169E0,5.159495384E-1,2.201950841E0
6.572508321E1,-1.691630479E0,1.395291543E0,1.786406243E-1,2.200082871E0
6.573503821E1,-1.713129521E0,1.323752321E0,-2.027603889E-1,2.174452745E0
6.574499321E1,-1.684871390E0,1.233018444E0,-4.795512056E-1,2.142217413E0
6.575494721E1,-1.615638456E0,1.163847637E0,-6.487310350E-1,2.094201733E0
6.576490221E1,-1.587199792E0,1.099949265E0,-5.232509565E-1,2.000720652E0
6.577485621E1,-3.948761847E0,4.707793297E0,5.137984647E0,8.009676902E0
6.578481121E1,-7.032500060E0,5.203016210E0,5.020221139E0,1.008613182E1
6.579476621E1,-4.421267450E0,1.753854793E0,-5.638002276E-1,4.789726840E0
6.580472021E1,-2.279750153E0,1.211723762E0,1.293252075E-1,2.585006817E0
6.581467521E1,-1.703298305E0,5.997649893E-1,7.517759317E-1,1.956044532E0
6.582463021E1,-1.723942777E0,-3.074869448E-1,8.237352759E-1,1.935217488E0
6.583458421E1,-1.736318701E0,-5.354985344E-1,9.955726647E-1,2.071889535E0
6.584453921E1,-1.669995050E0,-1.767139667E-1,7.374941075E-1,1.834123456E0
6.585449421E1,-9.876215478E-1,2.714680964E-1,2.334939390E-1,1.050528757E0
6.586444821E1,-2.146446354E-1,6.264092892E-1,-3.828990698E-1,7.649003953E-1
6.587440321E1,-3.610840584E-1,8.393099195E-1,-8.741523081E-1,1.264501916E0
6.588435821E1,4.683648974E-2,6.325529587E-1,-1.260881304E0,1.411431389E0
6.589431221E1,-1.554623345E-1,1.736681521E-2,-1.621783733E0,1.629310474E0
6.590426721E1,-4.723438545E-1,7.147285581E-2,-1.363395858E0,1.444667904E0
6.591422221E1,-6.352955952E-1,5.135515952E-1,-6.770841837E-1,1.061027203E0
6.592417621E1,-6.471848119E-1,8.184797984E-1,-1.423644984E-1,1.053102565E0
6.593413121E1,-6.303565983E-1,9.177333605E-1,6.135015607E-2,1.115055068E0
6.594408521E1,-5.421493037E-1,7.879275119E-1,2.401580107E-1,9.861194155E-1
6.595404021E1,-3.722724131E-1,4.932155639E-1,1.809526134E-1,6.438883369E-1
6.596399521E1,-1.792141631E-1,9.933600783E-2,-5.319562912E-2,2.116958517E-1
6.597394921E1,-8.206706040E-2,-1.775366700E-1,-2.891682029E-1,3.491024508E-1
6.598390421E1,1.527129006E-1,-2.791624475E-1,-1.858946800E-1,3.685237226E-1
6.599385921E1,3.110578394E-1,-4.343101287E-1,-3.529268271E-1,6.402652674E-1
6.600381321E1,2.885486173E-1,-5.862026650E-1,-1.289581193E0,1.445653320E0
6.601376821E1,5.640728541E-2,-5.265008390E-2,-4.673720402E-1,4.736986775E-1
6.602372321E1,-2.429290793E-1,4.055359805E-1,-5.322123992E-1,7.118454937E-1
6.603367721E1,-4.277510145E-1,5.884912652E-1,-3.980989069E-1,8.293223977E-1
6.604363221E1,-3.302105404E-1,5.876597911E-1,-3.144749522E-1,7.438262745E-1
6.605358721E1,-2.593280341E-1,5.635686779E-1,-3.137756252E-1,6.952091966E-1
6.606354121E1,-2.865127630E-1,3.391963953E-1,-3.886691022E-1,5.900910344E-1
6.607619483E1,-1.437114045E-1,2.034831047E-3,-4.871367985E-1,5.078970061E-1
6.608614983E1,-1.926711644E-1,-2.197190684E-1,-2.604028255E-1,3.914182905E-1
6.609610383E1,-1.624705879E-1,-2.727930754E-1,-5.420368910E-2,3.221037005E-1
6.610605883E1,-1.024686536E-1,-9.914304972E-2,-1.467744684E-1,2.046262785E-1
6.611601383E1,-8.413105443E-2,1.096399713E-1,-2.535036957E-1,2.887266551E-1
6.612596783E1,-1.487632526E-1,1.775711685E-1,-3.462101305E-1,4.165614957E-1
6.613592283E1,-2.349602745E-1,1.536420232E-1,-4.693179935E-1,5.468743740E-1
6.614587783E1,-2.590155736E-1,1.973394352E-1,-6.606353813E-1,7.365263248E-1
6.615583183E1,-1.554755639E-1,1.193796784E-1,-8.722507936E-1,8.940053722E-1
6.616578683E1,-3.141738206E-2,1.138452888E-3,-9.557145345E-1,9.562314675E-1
6.617574183E1,1.121237223E-1,-8.863501847E-2,-1.036731216E0,1.046536913E0
6.618569583E1,2.281701954E-1,-6.526194334E-2,-1.131764258E0,1.156378439E0
6.619565083E1,2.144472188E-1,3.557457697E-1,-1.479860115E0,1.537051926E0
6.620560483E1,-1.703225215E-1,6.799730006E-1,-1.772122080E0,1.905725507E0
6.621555983E1,-4.392906408E-1,5.306123087E-1,-1.599320485E0,1.741364897E0
6.622551483E1,-4.465751021E-1,5.710981375E-1,-1.337192731E0,1.521074227E0
6.623546883E1,-4.207726550E-1,6.625389424E-1,-1.057363116E0,1.316823540E0
6.624542383E1,-5.810502447E-1,5.228548077E-1,-1.158466737E0,1.397512690E0
6.625537883E1,-5.978685911E-1,3.734648797E-1,-1.103060861E0,1.309070713E0
6.626533283E1,-6.124294737E-1,3.078848478E-1,-1.114337801E0,1.308285777E0
6.627528783E1,-6.213447234E-1,1.849284276E-1,-1.402669852E0,1.545234772E0
6.628524283E1,-6.735102193E-1,-8.785704643E-2,-1.771387085E0,1.897141819E0
6.629519683E1,-8.497944888E-1,-4.038449657E-1,-2.084487941E0,2.286991781E0
6.630515183E1,-1.003239022E0,-6.462524003E-1,-2.236658220E0,2.535107630E0
6.631510583E1,-1.151994162E0,-9.608516058E-1,-2.363714123E0,2.799548323E0
6.632506083E1,-1.351349425E0,-1.322897166E0,-2.715673821E0,3.309242584E0
6.633501583E1,-1.494495403E0,-1.444910722E0,-2.874829184E0,3.547664914E0
6.634496983E1,-1.499587451E0,-1.418884473E0,-2.805592888E0,3.483295440E0
6.635492483E1,-1.515066493E0,-1.410695448E0,-2.859333478E0,3.530053266E0
6.636487983E1,-1.741825024E0,-1.551858343E0,-2.447042209E0,3.380862953E0
6.637483383E1,-1.874341203E0,-1.592219919E0,-1.602061660E0,2.935118529E0
6.638478883E1,-1.985822609E0,-1.432212032E0,-6.748768598E-1,2.539720755E0
6.639474383E1,-2.074706573E0,-1.093023238E0,9.963655472E-2,2.347133274E0
6.640469783E1,-1.766995241E0,-5.194368178E-1,3.820336819E-1,1.880966912E0
6.641465283E1,-1.231133302E0,9.632732302E-2,3.087739170E-1,1.272913781E0
6.642460783E1,-8.822086749E-1,4.744345996E-1,9.629329222E-1,1.389467577E0
6.643456183E1,-3.445417006E-1,6.822630626E-1,2.292664021E0,2.416712681E0
6.644451683E1,3.754620693E-1,1.099654858E0,3.425058024E0,3.616799004E0
6.645447083E1,9.966834164E-1,1.752715756E0,4.630184957E0,5.050148819E0
6.646442583E1,1.839803309E0,2.461302106E0,5.811263462E0,6.573710315E0
6.647438083E1,1.875085554E0,2.587420116E0,6.074274146E0,6.863490008E0
6.648433483E1,9.127627887E-1,2.135582373E0,5.818991727E0,6.265342186E0
6.649428983E1,4.782390904E-1,1.786872266E0,5.517366031E0,5.819188349E0
6.650424483E1,4.605546252E-1,1.874091966E0,4.891529769E0,5.258459351E0
6.651419883E1,5.629694845E-1,2.168613295E0,4.255688336E0,4.809438791E0
6.652415383E1,6.463729991E-1,2.530930458E0,4.202462887E0,4.948141201E0
6.653410883E1,6.969970228E-1,2.912960631E0,4.578116087E0,5.470858378E0
6.654406283E1,7.941088960E-1,3.134074261E0,4.877280105E0,5.851571723E0
6.655401783E1,8.013987659E-1,3.070433750E0,4.756816937E0,5.718138751E0
6.656397183E1,8.678340992E-1,2.978434244E0,4.518543484E0,5.481007370E0
6.657392683E1,9.918421412E-1,2.835116065E0,4.136630840E0,5.112078700E0
6.658388183E1,8.757708174E-1,2.474156917E0,3.719323829E0,4.552120025E0
6.659383583E1,8.493399408E-1,2.217789840E0,3.604286878E0,4.316347299E0
6.660379083E1,6.858476982E-1,1.633368822E0,3.361217539E0,3.799482085E0
6.661374583E1,2.904756403E-1,1.161972728E0,2.970266853E0,3.202661689E0
6.662369983E1,1.903873882E-1,7.377911460E-1,2.708749548E0,2.813877618E0
6.663365483E1,5.462878168E-2,-1.838656962E-3,2.106655905E0,2.107364892E0
6.664360983E1,-3.574888247E-1,-8.457050192E-1,9.512250423E-1,1.322060634E0
6.665356383E1,-8.366485593E-1,-1.446314931E0,-1.992421192E-1,1.682707673E0
6.666351883E1,-1.122003793E0,-1.608191881E0,-1.318688048E0,2.363072534E0
6.667347383E1,-1.365054421E0,-1.538205679E0,-2.400355116E0,3.160878828E0
6.668342783E1,-1.566006851E0,-1.495322784E0,-3.284872198E0,3.934304646E0
6.669338283E1,-1.735200860E0,-1.469164388E0,-3.941400495E0,4.550165259E0
6.670333683E1,-1.909431075E0,-1.505670310E0,-4.247211628E0,4.894055243E0
6.671329183E1,-1.954133624E0,-1.559325530E0,-4.275344337E0,4.952646113E0
6.672324683E1,-1.739395652E0,-1.368549887E0,-4.377590504E0,4.905275185E0
6.673320083E1,-1.560042691E0,-1.131217835E0,-4.439548185E0,4.839728823E0
6.674315583E1,-1.427422577E0,-1.012630747E0,-4.463196080E0,4.794066696E0
6.675311083E1,-1.354517592E0,-1.042050720E0,-4.557642646E0,4.867514160E0
6.676306483E1,-1.307942035E0,-9.655805415E-1,-4.663888308E0,4.939120600E0
6.677301983E1,-1.362329765E0,-8.158605382E-1,-4.755960905E0,5.014053743E0
6.678297483E1,-1.303170414E0,-7.996160960E-1,-4.444251686E0,4.699894901E0
6.679292883E1,-8.808706127E-1,-5.215900549E-1,-4.053760006E0,4.181023728E0
6.680288383E1,-3.863121627E-1,-3.532533941E-1,-3.770899195E0,3.807059993E0
6.681283783E1,-1.586250569E-1,-5.487901327E-1,-3.199486477E0,3.250084035E0
6.682279283E1,1.576581833E-1,-6.749555048E-1,-2.478120160E0,2.573227655E0
6.683274783E1,1.001422439E0,-3.785028407E-1,-2.210979588E0,2.456530488E0
6.684270183E1,1.419992228E0,2.465507716E-2,-2.092564116E0,2.528993946E0
6.685265683E1,1.270660772E0,2.103766796E-1,-2.113909376E0,2.475368659E0
6.686261183E1,1.348198214E0,2.864629886E-1,-2.855490687E0,3.170729653E0
6.687256608E1,1.647348783E0,9.340985477E-2,-3.636352424E0,3.993186994E0
6.688252108E1,2.170009317E0,1.718344653E-1,-3.746639097E0,4.333101897E0
6.689247608E1,2.288102316E0,4.344735584E-1,-3.057641796E0,3.843611952E0
6.690243008E1,1.693729921E0,6.666887113E-1,-2.201148080E0,2.856264650E0
6.691238508E1,1.120751539E0,8.932727033E-1,-1.603637484E0,2.150737854E0
6.692234008E1,1.053311873E0,1.110494718E0,-7.675102043E-1,1.712231390E0
6.693229408E1,1.117409928E0,1.100375819E0,7.121733248E-2,1.569873816E0
6.694224908E1,8.264334004E-1,5.245244801E-1,2.704939502E-1,1.015522069E0
6.695220308E1,4.283665071E-1,-2.895769233E-1,-4.339569569E-2,5.188794130E-1
6.696215808E1,1.803219181E-1,-1.148415374E0,-7.802653205E-1,1.400067082E0
6.697211308E1,-2.136114324E-1,-1.914983299E0,-1.713286811E0,2.578399228E0
6.698206708E1,-9.382823767E-1,-2.296154517E0,-2.447009465E0,3.484329878E0
6.699202208E1,-1.623531612E0,-2.372923780E0,-3.004812788E0,4.158788532E0
6.700197708E1,-1.904870686E0,-2.406390612E0,-2.792254804E0,4.149208960E0
6.701193108E1,-1.628815595E0,-2.127036668E0,-1.978296658E0,3.330312732E0
6.702188608E1,-9.953217461E-1,-1.476668120E0,-1.005553862E0,2.045080117E0
6.703184008E1,-2.699459200E-1,-8.123717970E-1,-2.216866565E-1,8.842871196E-1
6.704179508E1,3.169885971E-1,-3.541433403E-1,-3.870307124E-1,6.129372305E-1
6.705175008E1,4.458544327E-1,-4.089416912E-1,-1.445918782E0,1.567386553E0
6.706170408E1,1.437182019E-1,-8.059021452E-1,-2.380016745E0,2.516865689E0
6.707165908E1,-1.755668892E-1,-1.293678921E0,-2.731682913E0,3.027626202E0
6.708161408E1,-4.688220765E-1,-1.792109325E0,-2.682779140E0,3.260176971E0
6.709156808E1,-7.802506294E-1,-2.208037269E0,-2.728283342E0,3.595517990E0
6.710152308E1,-1.063449117E0,-2.592834930E0,-2.822484909E0,3.977453716E0
6.711147808E1,-1.180852875E0,-2.808188467E0,-2.719305527E0,4.083498320E0
6.712143208E1,-9.083313301E-1,-2.242014270E0,-2.493797130E0,3.474293873E0
6.713138708E1,-3.472689150E-1,-1.251257080E0,-2.362652854E0,2.695991188E0
6.714134208E1,3.568426343E-1,-2.727606234E-1,-2.041605631E0,2.090427845E0
6.715129608E1,1.079362096E0,7.204415801E-1,-1.285711505E0,1.826776582E0
6.716125108E1,1.665451763E0,1.034592304E0,1.822303469E0,2.676733223E0
6.717120508E1,1.220753910E0,5.690633065E-1,4.109372290E0,4.324466877E0
6.718116008E1,-3.384660780E-2,-6.056645375E-1,5.461754333E0,5.495337616E0
6.719111508E1,-1.005673803E0,-1.739904799E0,6.852299983E0,7.140914757E0
6.720106908E1,-1.869985466E0,-2.527570648E0,6.747538344E0,7.444107248E0
6.721102408E1,-2.555092030E0,-2.867233943E0,6.519636682E0,7.566715815E0
6.722097908E1,-2.334472198E0,-2.317776058E0,5.685742453E0,6.568828933E0
6.723093308E1,-1.205771004E0,-1.170536560E0,4.933504592E0,5.211862154E0
6.724088808E1,5.830171019E-1,2.090639797E-1,4.983526352E0,5.021867341E0
6.725084308E1,1.704892256E0,1.343451883E0,5.759042564E0,6.154518001E0
6.726079708E1,1.514709082E0,1.943048180E0,5.808721678E0,6.309598035E0
6.727075208E1,7.529534148E-1,1.420028189E0,6.567835865E0,6.761648235E0
6.728070608E1,-1.993133090E-1,4.093299463E-1,7.558875768E0,7.572574178E0
6.729066108E1,-9.738931625E-1,-5.059353045E-1,8.785387723E0,8.853670192E0
6.730061608E1,-1.348038439E0,-1.029630942E0,9.384849535E0,9.536915030E0
6.731057008E1,-1.330700860E0,-1.023010432E0,9.001085077E0,9.156246375E0
6.732052508E1,-1.140234388E0,-7.642620760E-1,7.790743597E0,7.910746916E0
6.733048008E1,-9.048133528E-1,-3.232355431E-1,6.450817292E0,6.521979160E0
6.734043408E1,-6.316508795E-1,1.548176059E-1,5.466250842E0,5.504802411E0
6.735038908E1,-3.853752194E-1,1.930332533E-1,4.607348072E0,4.627464981E0
6.736034408E1,-3.356712551E-1,-1.491900994E-1,3.936885860E0,3.953985730E0
6.737029808E1,-4.757031530E-1,1.920651005E-1,3.359868586E0,3.398808528E0
6.738025308E1,-7.389241903E-1,1.273786548E0,2.367122465E0,2.787796602E0
6.739020708E1,-5.205096357E-1,1.772380673E0,6.609944004E-1,1.961931989E0
6.740016208E1,-8.395886855E-1,9.493694285E-1,-9.959316838E-1,1.611859607E0
6.741011708E1,-1.340271875E0,1.871766821E-1,-1.165493921E0,1.785984291E0
6.742007108E1,-1.400237118E0,1.286520760E0,-8.330493057E-1,2.075998747E0
6.743002608E1,-8.098798598E-1,-2.421820244E-1,-4.036549312E0,4.124110555E0
6.743998108E1,-1.265122728E0,-2.821085378E0,-6.254800497E0,6.977219180E0
6.744993508E1,-2.261004126E0,-2.286773682E0,-5.835431759E0,6.662862549E0
6.745989008E1,-2.823936773E0,-8.348835772E-1,-5.527463588E0,6.262946847E0
6.746984508E1,-3.198298323E0,7.280330202E-1,-5.525638087E0,6.425871187E0
6.747979908E1,-2.691292686E0,2.276397944E0,-5.673465055E0,6.679315058E0
6.748975408E1,8.589705060E-2,5.742615396E0,-5.138421434E0,7.706385970E0
6.749970808E1,3.562731009E0,8.739701089E0,-4.737310041E0,1.056018626E1
6.750966308E1,2.423630835E0,5.011901135E0,-6.008106469E0,8.190878021E0
6.751961808E1,8.169085054E-1,1.753030336E-1,-6.039289670E0,6.096809853E0
6.752957208E1,1.037000772E0,-1.372630951E0,-2.332692305E0,2.898437462E0
6.753952708E1,4.782631517E0,-1.368631455E0,7.661681514E0,9.134992059E0
6.754948208E1,3.261286577E0,-3.513399512E0,2.165501699E0,5.260167666E0
6.755943608E1,1.137237836E0,-4.756093929E0,3.412984108E0,5.963405058E0
6.756939108E1,1.250734046E-1,-5.130249950E0,-3.912157985E0,6.452913141E0
6.757934608E1,-1.072892590E0,-5.379221469E0,-2.433470821E0,6.000741817E0
6.758930008E1,-1.201196435E0,-4.560832887E0,-4.635362082E0,6.612915479E0
6.759925508E1,-1.093099983E0,-3.025813940E0,-5.052263880E0,5.989640047E0
6.760920908E1,1.355722265E0,2.029506280E0,-5.319536015E0,5.852720907E0
6.761916408E1,3.951237851E0,5.903449495E0,-4.206255975E0,8.255639637E0
6.762911908E1,1.566906737E0,2.739789785E0,-3.397419990E0,4.637252136E0
6.763907308E1,6.647483128E-1,-1.415400410E-1,-6.756768758E0,6.790865037E0
6.764902808E1,1.167825791E0,-2.349187593E0,-7.283442675E0,7.741513846E0
6.765898308E1,2.281622724E0,-4.023350684E0,-7.601449345E0,8.898043894E0
6.766893708E1,3.514864532E0,-4.639736384E0,-7.539924942E0,9.525329103E0
6.767889208E1,3.002558101E0,-4.406168478E0,-6.826818987E0,8.662282221E0
6.768884708E1,1.870669298E0,-4.288694992E0,-6.079564707E0,7.671597968E0
6.769880108E1,1.372467229E0,-4.626643007E0,-5.112204273E0,7.030229323E0
6.770875608E1,1.118752449E0,-5.073321458E0,-4.734534953E0,7.028941519E0
6.771871008E1,9.550701714E-1,-5.744125732E0,-4.632047880E0,7.440632166E0
6.772866508E1,1.474673050E0,-6.239362679E0,-4.655506325E0,7.923259833E0
6.773862008E1,2.504026834E0,-6.325485733E0,-4.323905463E0,8.060898126E0
6.774857408E1,2.946055287E0,-6.345498998E0,-3.838707601E0,7.979992189E0
6.775852908E1,2.600657920E0,-6.535767395E0,-3.355212448E0,7.793402828E0
6.776848408E1,2.054183577E0,-6.770535443E0,-2.581101322E0,7.531394584E0
6.777843808E1,1.345527352E0,-6.971111897E0,-1.375130928E0,7.231723861E0
6.778839308E1,5.306927079E-1,-6.956168752E0,-1.655283894E-1,6.978346374E0
6.779834708E1,1.071543199E-1,-6.503464453E0,8.860180628E-1,6.564416192E0
6.780830208E1,-5.129528403E-2,-5.701615305E0,1.736451725E0,5.960395363E0
6.781825708E1,-5.082949483E-1,-4.980499833E0,2.437435818E0,5.568198606E0
6.782821108E1,-9.775024295E-1,-4.267094208E0,2.873180269E0,5.236293425E0
6.783816608E1,-1.481823610E0,-3.161849120E0,3.071202074E0,4.650308941E0
6.784812108E1,-1.769342313E0,-1.720837175E0,3.270695039E0,4.097474691E0
6.785807508E1,-1.729083649E0,-5.684034482E-1,3.229837035E0,3.707379130E0
6.786803008E1,-1.768971600E0,-1.842501506E-1,2.877955105E0,3.383169258E0
6.787798558E1,-1.719088418E0,-4.142389762E-1,2.455487927E0,3.025934547E0
6.788793958E1,-1.989402859E0,-1.151558544E0,1.800472597E0,2.919848008E0
6.789789458E1,-3.495349157E0,-2.661728286E0,1.417351041E0,4.616399807E0
6.790784858E1,-5.719704836E0,-4.885453635E0,1.707993181E0,7.713619211E0
6.791780358E1,-8.007455442E0,-7.403908181E0,2.165218109E0,1.111869455E1
6.792775858E1,-1.089285756E1,-9.993883238E0,1.868507436E0,1.490044859E1
6.793771258E1,-1.376218685E1,-1.194363964E1,1.714961454E0,1.830271585E1
6.794766758E1,-1.591105498E1,-1.278758932E1,1.724751447E0,2.048557733E1
6.795762258E1,-1.741862622E1,-1.328110251E1,2.281960401E0,2.202279652E1
6.796757658E1,-1.811110729E1,-1.352424611E1,4.181427236E0,2.298699140E1
6.797753158E1,-1.866259562E1,-1.303446344E1,6.406977793E0,2.364823623E1
6.798748558E1,-1.939675681E1,-1.240836698E1,8.302910571E0,2.447733789E1
6.799744058E1,-1.964697204E1,-1.144368516E1,9.938472683E0,2.481400168E1
6.800739558E1,-1.889592057E1,-9.526907054E0,1.082045383E1,2.376762490E1
6.801734958E1,-1.791613773E1,-7.090077007E0,1.062525857E1,2.200348388E1
6.802730458E1,-1.709130142E1,-4.545382789E0,9.314600501E0,1.998836841E1
6.803725958E1,-1.627387939E1,-2.075169818E0,7.199895319E0,1.791602558E1
6.804721358E1,-1.494932834E1,9.859399617E-2,4.786438639E0,1.569720145E1
6.805716858E1,-1.324301959E1,1.932415311E0,2.711764373E0,1.365523573E1
6.806712358E1,-1.212522609E1,2.924684883E0,8.174161899E-1,1.249972234E1
6.807707758E1,-1.131593870E1,3.120070764E0,-7.822393405E-1,1.176423430E1
6.808703258E1,-1.035473129E1,2.715622365E0,-1.922369794E0,1.087614686E1
6.809698658E1,-9.196558081E0,3.114928138E0,-3.594127926E0,1.035360871E1
6.810694158E1,-7.992894706E0,3.287458422E0,-6.285704786E0,1.068661936E1
6.811689658E1,-7.113471133E0,2.312810018E0,-8.802421832E0,1.155132857E1
6.812685058E1,-6.267398908E0,1.859560173E0,-1.110090149E1,1.288286719E1
6.813680558E1,-5.177272089E0,3.286617592E0,-1.253034575E1,1.395046831E1
6.814676058E1,-4.187339940E0,5.846681802E0,-1.394922057E1,1.569389239E1
6.815671458E1,-3.602985580E0,8.056634034E0,-1.494478973E1,1.735619766E1
6.816666958E1,-3.013416966E0,9.504056720E0,-1.516303471E1,1.814732481E1
6.817662358E1,-2.493792745E0,1.027373917E1,-1.497711431E1,1.833255769E1
6.818657858E1,-2.272736710E0,1.007614421E1,-1.466400760E1,1.793675370E1
6.819653358E1,-2.270520616E0,9.102153030E0,-1.401784817E1,1.686726181E1
6.820648758E1,-1.867114191E0,7.990410224E0,-1.331354871E1,1.563916079E1
6.821644258E1,-1.883281158E0,6.653196443E0,-1.259936043E1,1.437204419E1
6.822639758E1,-2.245029679E0,4.587673945E0,-1.248746928E1,1.349161961E1
6.823635158E1,-2.507029964E0,2.063504623E0,-1.347618784E1,1.386185014E1
6.824630658E1,-2.776149818E0,-2.450135386E-1,-1.400819793E1,1.428273953E1
6.825626158E1,-2.833917385E0,-2.663617229E0,-1.360091831E1,1.414605681E1
6.826621558E1,-2.815012168E0,-5.040224463E0,-1.236433745E1,1.364569517E1
6.827617058E1,-1.408569692E0,-6.313899475E0,-1.022401678E1,1.209875673E1
6.828612458E1,3.535324817E0,-6.398618029E0,-7.809289795E0,1.069700151E1
6.829607958E1,9.504485906E0,-8.052657927E0,-6.053842805E0,1.385025504E1
6.830603458E1,7.538188319E0,-1.299716756E1,-3.115910470E0,1.534469113E1
6.831598858E1,6.260323192E0,-1.581044779E1,2.180710307E-1,1.700615949E1
6.832594358E1,5.022710883E0,-1.549519398E1,3.243151730E0,1.660863313E1
6.833589858E1,2.773891624E0,-1.382348439E1,4.886282478E0,1.492176101E1
6.834585258E1,1.207965172E0,-1.120668230E1,4.912117231E0,1.229543833E1
6.835580758E1,1.018856277E0,-7.804274054E0,4.119955165E0,8.883624946E0
6.836576158E1,1.116042849E0,-4.241006563E0,2.710231233E0,5.155292585E0
6.837571658E1,9.739046377E-1,-1.067817353E0,9.319681147E-1,1.719676920E0
6.838567158E1,8.167993087E-1,1.413069125E0,-1.840460828E0,2.459923072E0
6.839562558E1,4.696904612E-1,3.230614130E0,-4.827118596E0,5.827396565E0
6.840558058E1,-6.587087238E-1,4.762205147E0,-6.613806090E0,8.176486167E0
6.841553558E1,-2.063987603E0,6.768063240E0,-7.291297240E0,1.016020375E1
6.842548958E1,-3.109054610E0,8.698174748E0,-6.935100650E0,1.155076125E1
6.843544458E1,-3.916377336E0,9.969154193E0,-5.263181720E0,1.193411616E1
6.844539958E1,-4.282461568E0,1.044218926E1,-3.365541847E0,1.177733695E1
6.845535358E1,-4.366980731E0,1.007790305E1,-1.886011807E0,1.114413259E1
6.846530858E1,-3.797884095E0,9.673133639E0,-6.400841725E-1,1.041168314E1
6.847526258E1,-2.558921664E0,8.491024269E0,6.534392130E-1,8.892275076E0
6.848521758E1,-1.196833827E0,6.244816961E0,1.573927782E0,6.550373940E0
6.849517258E1,9.179111159E-1,3.715985654E0,1.871415988E0,4.260669900E0
6.850512658E1,2.608508976E0,1.313005723E0,1.665340227E0,3.361794340E0
6.851508158E1,3.333598216E0,-9.152149647E-1,1.568761767E0,3.796249330E0
6.852503658E1,4.785464786E0,-2.921912718E0,1.840636391E0,5.901371830E0
6.853499058E1,4.259462129E0,-3.268824515E0,2.731473582E0,6.024050072E0
6.854494558E1,2.847285874E0,-2.941884468E0,3.511601493E0,5.393798858E0
6.855490058E1,2.087660056E0,-1.935317284E0,3.646382738E0,4.626000926E0
6.856485458E1,2.036496334E0,-7.654426289E-1,3.037772373E0,3.736479724E0
6.857480958E1,1.588887298E0,3.391034245E-2,1.786424369E0,2.391030068E0
6.858476358E1,7.163862437E-1,1.099732625E-1,1.136868292E-1,7.336402823E-1
6.859471858E1,-1.017561704E-1,-2.174930334E-2,-9.468957639E-1,9.525958944E-1
6.860467358E1,-1.091506178E0,3.072244048E-2,-1.821921061E0,2.124082380E0
6.861462758E1,-4.749453539E-1,4.120486093E-1,-2.106293378E0,2.198142156E0
6.862458258E1,1.130605339E0,6.364115363E-1,-1.498795738E0,1.982341227E0
6.863453758E1,1.343783712E0,1.810081619E-1,-8.702854713E-1,1.611184478E0
6.864449158E1,6.095248693E-1,-1.168178378E0,-6.769414385E-1,1.481354448E0
6.865444658E1,1.962424976E-1,-3.041013485E0,-1.176925155E0,3.266715009E0
6.866440058E1,4.115662140E-1,-4.694387970E0,-1.388224890E0,4.912619821E0
6.867435558E1,1.153389600E0,-5.473169267E0,-7.071762943E-1,5.637906323E0
6.868431058E1,1.241501877E0,-4.942446738E0,1.423294151E0,5.291018136E0
6.869426458E1,5.158986676E-1,-3.427301601E0,3.839970599E0,5.172805999E0
6.870421958E1,-8.126805300E-1,-3.105707663E0,4.486591959E0,5.516826727E0
6.871417458E1,-2.627287894E0,-4.825010675E0,3.198990633E0,6.357429572E0
6.872412858E1,-3.471996548E0,-7.097787731E0,4.036952770E-1,7.911783653E0
6.873408358E1,-5.045506838E0,-9.031551409E0,-2.208681048E0,1.057848439E1
6.874403758E1,-6.594591554E0,-1.070664128E1,-2.950158278E0,1.291604580E1
6.875399258E1,-7.896284670E0,-1.156697604E1,-3.056122690E0,1.433478748E1
6.876394758E1,-8.810824866E0,-1.128470287E1,-3.711869799E0,1.479030531E1
6.877390158E1,-9.353310823E0,-1.139815990E1,-4.447240198E0,1.540066291E1
6.878385658E1,-1.032504380E1,-1.104605695E1,-5.914113062E0,1.623572102E1
6.879381158E1,-9.886904919E0,-9.397109976E0,-5.658990857E0,1.476755709E1
6.880376558E1,-8.526710411E0,-8.042169777E0,-3.049473236E0,1.211117551E1
6.881372058E1,-7.329995867E0,-6.615878928E0,-8.737038267E-1,9.912721714E0
6.882367558E1,-5.344220620E0,-4.481245850E0,5.355464816E-3,6.974402274E0
6.883362958E1,-3.703190777E0,-2.381839907E0,4.182419801E-1,4.422862153E0
6.884358458E1,-2.877807171E0,3.807996270E-1,-6.939498925E-1,2.984685732E0
6.885353858E1,-1.383179913E0,3.357847788E0,-2.364131030E0,4.333294816E0
6.886349358E1,3.897134149E-1,4.777651736E0,-2.167206162E0,5.260666803E0
6.887344871E1,1.942690038E0,5.236465791E0,2.348031306E-1,5.590147680E0
6.888340271E1,3.548207402E0,6.642793661E0,3.877186958E0,8.470481810E0
6.889335771E1,3.793156037E0,8.993272612E0,6.293666940E0,1.161366559E1
6.890331271E1,3.141212541E0,1.044616186E1,6.799438230E0,1.285386611E1
6.891326671E1,2.681482812E0,1.107871482E1,7.545119609E0,1.366956847E1
6.892322171E1,3.642639935E0,1.096777677E1,9.886055903E0,1.520838763E1
6.893317571E1,5.182183750E0,1.010915525E1,1.061277710E1,1.554609552E1
6.894313071E1,7.333868478E0,7.393139949E0,1.092124813E1,1.509032160E1
6.895308571E1,8.792332461E0,4.793733041E0,9.671784686E0,1.392222703E1
6.896303971E1,9.388414582E0,3.808082224E0,7.445300621E0,1.257284057E1
6.897299471E1,9.461549801E0,4.498131731E0,6.062385002E0,1.210399214E1
6.898294971E1,9.462209952E0,4.853098944E0,5.047991320E0,1.177149960E1
6.899290371E1,8.737938153E0,3.659698894E0,5.994289498E0,1.121055154E1
6.900285871E1,8.278873837E0,3.370441521E0,5.926974013E0,1.072514098E1
6.901281371E1,6.886710262E0,3.161450924E0,4.428821176E0,8.777015848E0
6.902276771E1,5.119692802E0,1.219386831E0,2.983057637E0,6.049528204E0
6.903272271E1,3.317848155E0,-4.806174454E-1,2.886508412E0,4.423916853E0
6.904267671E1,9.582311761E-1,8.959618378E-1,2.105010499E0,2.480327358E0
6.905263171E1,-1.275465429E0,3.679309286E0,2.115247804E-1,3.899855333E0
6.906258671E1,-2.797400939E0,1.089481287E1,-3.513449798E0,1.178417282E1
6.907254071E1,-7.365948642E0,9.180934321E0,-9.508179592E0,1.513116762E1
6.908249571E1,-9.857841918E0,-1.276331987E0,-1.237275861E1,1.587108144E1
6.909245071E1,-5.831474948E0,-4.096009648E-1,-1.056444869E1,1.207399889E1
6.910240471E1,-6.273358975E0,-1.192695607E0,-8.380346417E0,1.053602210E1
6.911235971E1,-8.569209729E0,-3.564539845E0,-7.807817466E0,1.212845057E1
6.912231371E1,-8.031436628E0,-3.816719146E0,-7.912963268E0,1.190320575E1
6.913226871E1,-5.776188939E0,-1.920837970E0,-7.000357915E0,9.276798376E0
6.914222371E1,-3.256575183E0,-3.106697305E-1,-6.929615961E0,7.662987340E0
6.915217771E1,-8.192393517E-1,-1.258954793E0,-6.473121496E0,6.645105130E0
6.916213271E1,1.449243509E0,-3.595621305E0,-4.047344734E0,5.604444549E0
6.917208771E1,3.314027000E0,-4.452896209E0,-1.970757404E0,5.890241451E0
6.918204171E1,4.737411783E0,-4.329679003E0,-7.663431001E-1,6.463472164E0
6.919199671E1,5.810705638E0,-5.080058035E0,1.084621958E0,7.794080731E0
6.920195171E1,5.703333217E0,-5.611236647E0,2.887081439E0,8.505834805E0
6.921190571E1,5.309068914E0,-3.688692605E0,3.938082200E0,7.569752789E0
6.922186071E1,5.025627474E0,-1.042871377E0,4.185572619E0,6.622954807E0
6.923181471E1,4.756535102E0,1.068084571E-1,3.925866197E0,6.168343345E0
6.924176971E1,4.000181385E0,4.141163309E-1,3.276237030E0,5.187164208E0
6.925172471E1,3.388008896E0,1.224785711E0,1.076856125E0,3.760096200E0
6.926167871E1,3.041138615E0,1.492551497E0,-7.009326375E-1,3.459413333E0
6.927163371E1,2.284149891E0,1.330253840E0,-6.167666459E-1,2.714280217E0
6.928158871E1,2.348883830E0,1.110807544E0,-7.498212075E-1,2.704326255E0
6.929154271E1,2.779775092E0,1.124470733E0,-4.012721908E-1,3.025326984E0
6.930149771E1,2.208831906E0,1.038390071E0,4.672394545E-1,2.485056344E0
6.931145171E1,2.323281212E0,1.724948206E0,1.526253093E0,3.271472208E0
6.932140671E1,2.381536437E0,2.816435965E0,2.194298651E0,4.291733206E0
6.933136171E1,1.900174933E0,4.002706797E0,1.445839845E0,4.660770251E0
6.934131571E1,1.764741724E0,5.714754583E0,-5.935521034E-1,6.010410751E0
6.935127071E1,3.031711734E0,6.832341682E0,-2.899585125E0,8.017466108E0
6.936122571E1,3.760153182E0,7.208533995E0,-4.977710127E0,9.533064167E0
6.937117971E1,3.885344993E0,6.410230014E0,-4.297744435E0,8.640460739E0
6.938113471E1,3.536915259E0,2.858109655E0,-1.448379583E0,4.772458881E0
6.939108971E1,1.743319280E0,-5.606286979E-1,3.335718124E-1,1.861380349E0
6.940104371E1,3.629355061E-1,-2.830645868E0,-9.835864574E-2,2.855512675E0
6.941099871E1,-5.524145293E-1,-5.486445955E0,-1.019597704E0,5.607658202E0
6.942095271E1,-2.767187206E0,-7.676703596E0,-2.271054759E0,8.470347859E0
6.943090771E1,-5.479254465E0,-8.683938532E0,-3.538857704E0,1.086077952E1
6.944086271E1,-7.593445677E0,-8.730865361E0,-4.727768555E0,1.249960890E1
6.945081671E1,-8.859687123E0,-8.029695911E0,-7.388973223E0,1.405585279E1
6.946077171E1,-9.504091803E0,-7.196618539E0,-8.660176617E0,1.473491562E1
6.947072671E1,-1.008885138E1,-5.931789780E0,-9.072924553E0,1.480841018E1
6.948068071E1,-9.724147087E0,-4.594656983E0,-8.683152666E0,1.382270052E1
6.949063571E1,-9.374877693E0,-4.624369317E0,-5.757878383E0,1.193424848E1
6.950058971E1,-9.211461464E0,-5.142441394E0,-2.385991430E0,1.081613059E1
6.951054471E1,-8.971615695E0,-5.176396176E0,4.456338465E-1,1.036742760E1
6.952049971E1,-8.824556467E0,-4.511993141E0,2.551609428E0,1.023433386E1
6.953045371E1,-8.614587046E0,-2.980565554E0,4.081197774E0,9.987545057E0
6.954040871E1,-8.573061875E0,-1.103724520E0,5.215138657E0,1.009521020E1
6.955036371E1,-8.625673952E0,1.036089191E0,5.003186445E0,1.002534820E1
6.956031771E1,-8.071608753E0,2.943649450E0,4.103047357E0,9.521078592E0
6.957027271E1,-5.934831501E0,3.851356882E0,4.134593085E0,8.194512479E0
6.958022671E1,-3.732464862E0,4.355834476E0,4.176871085E0,7.095832579E0
6.959018171E1,-2.360311629E0,4.027490513E0,3.451308222E0,5.805452545E0
6.960013671E1,-7.874527180E-1,3.258964355E0,3.403598450E0,4.777594882E0
6.961009071E1,9.304224032E-1,2.498926892E0,3.993277285E0,4.801727287E0
6.962004571E1,2.112731162E0,1.918582699E0,3.381277874E0,4.424661862E0
6.963000071E1,3.448241065E0,1.266222882E0,3.808840316E0,5.291592518E0
6.963995471E1,4.883682806E0,2.508481827E0,2.231833975E0,5.926543826E0
6.964990971E1,6.922042063E0,3.314047465E0,7.268843347E-1,7.708822073E0
6.965986371E1,8.620299191E0,1.079412893E0,1.475702160E0,8.812059192E0
6.966981871E1,1.024428206E1,-2.440612830E-1,2.168761522E-2,1.024721188E1
6.967977371E1,1.313012623E1,-8.243445557E-1,-1.077064432E0,1.319999343E1
6.968972771E1,1.471287395E1,-2.206702788E0,-2.596464881E-1,1.487970475E1
6.969968271E1,1.490218575E1,-4.385430158E0,1.900527520E0,1.564989273E1
6.970963771E1,1.410937815E1,-5.803850362E0,3.593840243E0,1.567402049E1
6.971959171E1,1.319002160E1,-4.143233223E0,5.024285538E0,1.471008146E1
6.972954671E1,1.050073392E1,-1.586860653E0,5.007267802E0,1.174122100E1
6.973950171E1,7.332128931E0,-7.679964003E-1,3.734935310E0,8.264361736E0
6.974945571E1,4.678033308E0,-1.734380642E-1,1.689444205E0,4.976775875E0
6.975941071E1,2.842121029E0,6.302364381E-1,-1.165087247E0,3.135646377E0
6.976936471E1,1.179249496E0,1.001417834E0,-2.600360589E0,3.025779609E0
6.977931971E1,-2.242892522E-1,7.108521464E-1,-3.104500506E0,3.192732346E0
6.978927471E1,-4.357502979E-1,5.615358934E-1,-4.470423238E0,4.526575395E0
6.979922871E1,2.683357430E-1,-2.331830133E-1,-4.094204028E0,4.109608863E0
6.980918371E1,-9.905458134E-1,-3.048070782E0,-4.235510472E0,5.311446645E0
6.981913871E1,-3.145110295E0,-3.042624393E0,-4.451161340E0,6.241964374E0
6.982909271E1,-3.749276776E0,-3.395826623E0,-3.393233968E0,6.091202801E0
6.983904771E1,-3.874303696E0,-4.364497418E0,-6.430229831E-1,5.871332506E0
6.984900171E1,-3.493485065E0,-3.532780986E0,7.726405513E-1,5.028116229E0
6.985895671E1,-2.967822717E0,-2.541703075E0,1.608159721E-1,3.910765651E0
6.986891171E1,-2.326249259E0,-1.613491797E0,-4.786355317E-1,2.871216356E0
6.987886575E1,-1.917791424E0,-7.003280354E-1,-8.354878870E-1,2.205997125E0
6.988882075E1,-1.730629653E0,3.123366255E-1,-8.931586826E-1,1.972400972E0
6.989877575E1,-1.769183269E0,2.478073967E0,-1.585969245E0,3.433097504E0
6.990872975E1,-1.148092607E0,3.660427457E0,-6.042726079E-1,3.883553938E0
6.991868475E1,-1.631697103E0,3.021917648E0,1.423987046E-1,3.437251678E0
6.992863875E1,-2.116462855E0,2.019537947E0,1.066149142E-1,2.927339283E0
6.993859375E1,-1.512801574E0,1.168961320E0,6.783141455E-1,2.028583064E0
6.994854875E1,-3.258390158E-1,-1.547348678E-1,1.753738434E0,1.790450345E0
6.995850275E1,5.809483570E-1,-9.120256010E-1,2.584454993E0,2.801553016E0
6.996845775E1,9.771515965E-1,-1.908595508E-1,2.630435158E0,2.812550751E0
6.997841275E1,9.165557313E-1,9.248830435E-1,2.523027653E0,2.839216722E0
6.998836675E1,1.206824380E0,2.257052724E0,2.405317940E0,3.512302162E0
6.999832175E1,2.026515722E0,3.138049783E0,1.713270731E0,4.109673832E0
7.000827675E1,2.865388854E0,3.454831461E0,8.189908451E-1,4.562571612E0
7.001823075E1,3.598374758E0,3.479675696E0,2.391753861E-1,5.011351985E0
7.002818575E1,3.408526776E0,3.029745315E0,4.928504053E-1,4.586972093E0
7.003813975E1,2.378609321E0,2.538351159E0,1.150503999E0,3.663968935E0
7.004809475E1,8.543711776E-1,2.463877220E0,1.039981391E0,2.807526021E0
7.005804975E1,-9.619663775E-2,1.960664671E0,4.918660265E-1,2.023707473E0
7.006800375E1,-7.395920885E-1,7.183947623E-1,1.013841705E0,1.446016077E0
7.007795875E1,-1.783059297E0,-4.540336642E-1,7.618460065E-1,1.991445797E0
7.008791375E1,-2.611593382E0,-1.092213691E0,-4.238079447E-1,2.862335395E0
7.009786775E1,-3.214012715E0,-1.847486550E0,-1.261831769E0,3.916031626E0
7.010782275E1,-4.377413918E0,-3.359892852E0,-1.068928616E0,5.620786508E0
7.011777675E1,-5.255589110E0,-4.660178542E0,-9.762210122E-1,7.091649202E0
7.012773175E1,-6.014244876E0,-6.461950391E0,-2.725524333E0,9.238854213E0
7.013768675E1,-6.594433095E0,-7.819949269E0,-2.486222939E0,1.052708217E1
7.014764075E1,-6.901255796E0,-7.754482089E0,-2.461347130E0,1.066853100E1
7.015759575E1,-6.548135426E0,-6.537727382E0,-2.751618117E0,9.653567172E0
7.016755075E1,-6.667137374E0,-5.547338859E0,-3.785621315E0,9.463330171E0
7.017750475E1,-6.088896278E0,-4.298418619E0,-5.183105271E0,9.078306051E0
7.018745975E1,-4.220816712E0,-2.884303427E0,-5.711040432E0,7.664886352E0
7.019741475E1,-2.530849181E0,-2.404824142E0,-4.953994989E0,6.060564585E0
7.020736875E1,-1.436598321E0,-2.716932142E0,-4.483650225E0,5.435867395E0
7.021732375E1,7.936764944E-1,-3.288586349E0,-5.848877431E0,6.756781021E0
7.022727775E1,2.641212453E0,-3.044377388E0,-5.173218214E0,6.557928300E0
7.023723275E1,3.156652114E0,-2.049704025E0,-2.423124173E0,4.476300919E0
7.024718775E1,2.523288147E0,-1.194121889E0,-2.610205838E-1,2.803754965E0
7.025714175E1,1.539635031E0,-8.141838491E-1,8.766180789E-1,1.949828358E0
7.026709675E1,1.046553953E0,-8.190990186E-1,1.700037898E0,2.157852458E0
7.027705175E1,3.897274482E-1,-9.084585071E-2,2.484251843E0,2.516276549E0
7.028700575E1,-3.519000560E-1,9.945400465E-1,3.191786864E0,3.361613740E0
7.029696075E1,-3.757625431E-1,1.535766513E0,3.410749303E0,3.759386529E0
7.030691475E1,-2.660319400E-1,1.804915604E0,2.940912076E0,3.460846308E0
7.031686975E1,2.225549680E-1,1.562393564E0,2.326309485E0,2.811106576E0
7.032682475E1,8.557885426E-1,6.311379325E-1,1.246979257E0,1.638800289E0
7.033677875E1,-1.644184417E-1,1.782722497E-1,-3.059140438E-1,3.903816353E-1
7.034673375E1,-2.477693313E-1,1.205674818E0,-1.817627451E0,2.195179026E0
7.035668875E1,1.113742554E0,3.598113973E0,-1.803209971E0,4.175932571E0
7.036664275E1,-1.510990691E-1,4.263649321E0,-1.055653975E0,4.394990532E0
7.037659775E1,-1.857899564E0,3.690082489E0,-2.806499791E-1,4.140925497E0
7.038655175E1,-1.464186069E0,3.467757901E0,-1.718318340E-1,3.768117817E0
7.039650675E1,-2.448147333E-1,2.614312338E0,-4.026927719E-1,2.656449646E0
7.040646175E1,5.818798184E-1,2.782316292E0,-3.484309030E-1,2.863786334E0
7.041641575E1,2.020121791E0,3.569444489E0,-2.896301329E-1,4.111655583E0
7.042637075E1,2.969036599E0,3.277095401E0,-3.696238437E-1,4.437471620E0
7.043632575E1,3.316521422E0,2.258046166E0,-1.958352975E0,4.464664960E0
7.044627975E1,4.270733222E0,1.820784947E0,-2.759524430E0,5.400869852E0
7.045623475E1,3.851394305E0,1.888586921E0,-2.159148553E0,4.802282907E0
7.046618975E1,2.807538257E0,1.519372090E0,-1.737725980E0,3.634618851E0
7.047614375E1,2.228899550E0,1.093728704E0,-1.369877497E0,2.835630448E0
7.048609875E1,1.350837209E0,5.588669318E-1,-6.100386934E-1,1.584058275E0
7.049605275E1,-5.752022982E-1,-2.186349946E-1,7.290878579E-2,6.196568694E-1
7.050600775E1,-2.325179803E0,-8.774138850E-1,9.489161231E-1,2.660217670E0
7.051596275E1,-3.269650726E0,-1.536703822E0,1.063153468E0,3.765948726E0
7.052591675E1,-3.181122127E0,-2.319284640E0,1.296737015E-1,3.938963632E0
7.053587175E1,-1.647430791E0,-1.180600787E0,-1.627397060E-2,2.026847619E0
7.054582675E1,-1.048014003E-1,6.574632668E-1,4.152376807E-1,7.846423467E-1
7.055578075E1,1.023798929E0,1.241015389E0,-4.194785200E-2,1.609361073E0
7.056573575E1,9.617921305E-1,2.823792931E0,-3.047160224E-1,2.998616760E0
7.057568975E1,3.205987412E-1,3.422090562E0,1.689151844E0,3.829715566E0
7.058564475E1,-1.785687035E-1,2.644437193E0,2.862642417E0,3.901237811E0
7.059559975E1,-7.796139407E-1,2.777015206E0,3.474332510E0,4.515594949E0
7.060555375E1,-1.656236990E0,3.827731792E0,4.057628524E0,5.818848759E0
7.061550875E1,-3.124397411E0,4.529869541E0,2.899079926E0,6.219826497E0
7.062546375E1,-3.010065926E0,4.792742230E0,5.384594914E-1,5.685139716E0
7.063541775E1,-2.220171703E0,4.190417622E0,-1.137200560E0,4.876677902E0
7.064537275E1,-1.956270781E0,2.971970732E0,-2.301672242E0,4.237605516E0
7.065532675E1,-1.722119907E0,2.116969809E0,-1.951190135E0,3.354757978E0
7.066528175E1,-4.773257554E-1,1.943659506E0,-1.915457654E0,2.770312289E0
7.067523675E1,1.393934989E0,1.651300478E0,-2.654033643E0,3.422534529E0
7.068519075E1,2.771036428E0,1.332162956E0,-3.467352104E0,4.634202374E0
7.069514575E1,2.971358236E0,9.074077624E-1,-3.847198927E0,4.945027624E0
7.070510075E1,2.025675477E0,-1.876593697E-1,-3.889093058E0,4.389034289E0
7.071505475E1,2.394309095E-1,-8.614954251E-1,-2.994514672E0,3.125159139E0
7.072500975E1,-1.913853617E0,-2.066072720E-1,3.122859009E-1,1.950139666E0
7.073496375E1,-2.402331474E0,6.919419587E-1,2.471650801E0,3.515542329E0
7.074491875E1,-1.748279473E0,1.841505725E0,1.296590981E0,2.851100248E0
7.075487375E1,-1.400563685E0,2.739745638E0,7.467015718E-1,3.166283000E0
7.076482775E1,-1.504150326E0,2.863388522E0,-1.830318832E-1,3.239592984E0
7.077478275E1,-1.046691948E0,2.668002641E0,-1.227854184E0,3.117920464E0
7.078473775E1,3.325571743E-1,3.510687574E0,-1.117571311E0,3.699254945E0
7.079469175E1,1.716665771E0,4.440362118E0,-7.302353740E-2,4.761206732E0
7.080464675E1,2.689702243E0,5.077310429E0,6.724064112E-1,5.784955465E0
7.081460075E1,3.345303172E0,4.685931727E0,1.051277042E0,5.852708166E0
7.082455575E1,3.684192588E0,3.736643867E0,5.690095121E-1,5.278215062E0
7.083451075E1,3.824636276E0,2.638726217E0,-6.346401224E-1,4.689721397E0
7.084446475E1,3.678214395E0,2.030632161E0,-1.362764067E0,4.416996039E0
7.085441975E1,3.399986917E0,1.647058323E0,-1.787169304E0,4.179316485E0
7.086437475E1,2.700820724E0,1.289091196E0,-1.191206467E0,3.221049758E0
7.087432771E1,1.230080365E0,1.322614453E0,3.639575994E-1,1.842517796E0
7.088428271E1,-3.673441605E-1,2.181254683E0,2.332645089E0,3.214661232E0
7.089423671E1,-8.014051247E-1,3.379560839E0,3.724060366E0,5.092377367E0
7.090419171E1,-5.681008548E-2,4.809354755E0,5.132742033E0,7.034071461E0
7.091414671E1,6.996318512E-1,2.392228655E0,6.584492244E0,7.040438962E0
7.092410071E1,4.056854353E0,-8.882035182E0,5.808407682E0,1.136161151E1
7.093405571E1,7.246659011E0,-2.343283601E1,3.363343002E0,2.475730087E1
7.094401071E1,4.884292086E0,-3.201420035E1,-6.567523916E-1,3.239130526E1
7.095396471E1,-5.423209195E-1,-2.261276168E1,-1.265778493E0,2.265465290E1
7.096391971E1,-2.249394041E0,-8.790694072E0,8.057381308E-1,9.109626213E0
7.097387371E1,-2.961508893E0,-1.129753985E0,6.492265865E-2,3.170346029E0
7.098382871E1,-7.703527697E0,6.176388751E0,-3.826309165E0,1.058927565E1
7.099378371E1,-3.830406893E0,5.668570350E0,1.097705103E0,6.928900582E0
7.100373771E1,-1.502950477E0,2.840442293E0,3.541897087E0,4.782468770E0
7.101369271E1,6.320549952E-1,2.562249899E-2,2.613545183E0,2.689008823E0
7.102364771E1,1.997301278E0,2.063692904E-1,6.948233204E-1,2.124754133E0
7.103360171E1,2.885023804E0,1.929334998E0,5.208141294E-1,3.509550290E0
7.104355671E1,1.820368626E0,2.026794634E0,9.224099636E-1,2.876191677E0
7.105351071E1,8.315364848E-1,1.482647483E0,8.288894503E-1,1.891230870E0
7.106346571E1,6.589975031E-1,1.001157925E0,7.057004571E-1,1.390901878E0
7.107342071E1,7.505855848E-1,7.762962306E-1,9.173638165E-1,1.416887762E0
7.108337471E1,9.814723966E-1,8.579736471E-1,1.303251837E0,1.843331819E0
7.109332971E1,1.335434035E0,1.293148579E0,1.674642417E0,2.502008100E0
7.110328471E1,1.482988960E0,1.757711032E0,2.075582486E0,3.097877819E0
7.111323871E1,1.220755225E0,1.912495601E0,2.631363988E0,3.474472504E0
7.112319371E1,5.679382291E-1,1.362206535E0,3.474773390E0,3.775210006E0
7.113314771E1,7.738183267E-2,4.546835822E-1,4.323872133E0,4.348401469E0
7.114310271E1,1.571044520E-1,2.512308830E-1,4.794397577E0,4.803545242E0
7.115305771E1,6.045688424E-1,1.697742573E0,4.585964220E0,4.927362495E0
7.116301171E1,5.493873527E-1,3.535520114E0,4.040994365E0,5.397347904E0
7.117296671E1,2.731262936E-1,4.575012969E0,2.223412084E0,5.094006570E0
7.118292171E1,-5.596723858E-1,4.971281698E0,-9.202546799E-1,5.086623986E0
7.119287571E1,-1.657262884E0,5.630617243E0,-2.963231191E0,6.575036874E0
7.120283071E1,-2.579567890E0,6.559446280E0,-2.753615526E0,7.567225678E0
7.121278471E1,-2.870611587E0,7.429918935E0,-1.898276196E0,8.188257372E0
7.122273971E1,-2.599587294E0,8.191373178E0,-2.556666977E0,8.966214066E0
7.123269471E1,-2.305463869E0,8.008251833E0,-5.001911752E0,9.719381783E0
7.124264871E1,-2.347651383E0,6.477375346E0,-7.121412821E0,9.908702183E0
7.125260371E1,-1.843625341E0,3.575578803E0,-8.056380265E0,9.004942040E0
7.126255871E1,-3.385451616E-1,5.244718552E-2,-8.155775914E0,8.162967861E0
7.127251271E1,1.452730058E0,-3.467040448E0,-7.245774912E0,8.162845592E0
7.128246771E1,2.920439805E0,-6.812807304E0,-5.324225482E0,9.126373266E0
7.129242171E1,3.786363034E0,-9.916543286E0,-2.788061181E0,1.097486496E1
7.130237671E1,3.825495232E0,-1.246929263E1,-3.402018240E-1,1.304735259E1
7.131233171E1,2.426674456E0,-1.434556122E1,3.931726277E0,1.507124239E1
7.132228571E1,2.979066474E-1,-1.376702601E1,6.415814105E0,1.519152475E1
7.133224071E1,-1.116209202E0,-1.068593279E1,4.744500947E0,1.174501476E1
7.134219571E1,-2.738236764E0,-8.600145008E0,2.999654082E0,9.510959959E0
7.135214971E1,-4.259670290E0,-8.099645568E0,7.765461990E-1,9.184338479E0
7.136210471E1,-5.431581531E0,-8.684900399E0,-2.477164433E0,1.053878155E1
7.137205871E1,-5.860906908E0,-9.205109634E0,-4.890880436E0,1.195846916E1
7.138201371E1,-5.811224286E0,-8.909115976E0,-4.455123414E0,1.153216371E1
7.139196871E1,-4.333908879E0,-8.047962613E0,-2.757686943E0,9.547633511E0
7.140192271E1,-1.611127475E0,-6.977706386E0,-1.397040445E0,7.296289479E0
7.141187771E1,-4.769796002E-1,-6.179790661E0,-9.223319033E-1,6.266419894E0
7.142183271E1,1.167639995E-1,-5.761404254E0,-8.998186612E-1,5.832416861E0
7.143178671E1,6.644554404E-1,-5.181537048E0,-5.904883817E-1,5.257233468E0
7.144174171E1,1.061248445E0,-4.162800053E0,1.352925834E-1,4.298075922E0
7.145169571E1,1.410600430E0,-2.730261455E0,2.105104347E-1,3.080330474E0
7.146165071E1,1.497421350E0,-1.320530505E0,-9.647905827E-2,1.998844597E0
7.147160571E1,1.333883792E0,6.451291502E-2,-4.963161962E-1,1.424688616E0
7.148155971E1,1.113526865E0,1.306569693E0,-7.686153281E-1,1.880913598E0
7.149151471E1,8.726558594E-1,2.443302330E0,-9.275508356E-1,2.755286750E0
7.150146971E1,6.222779390E-1,3.466961510E0,-1.061719730E0,3.678899391E0
7.151142371E1,3.158000044E-1,4.410509158E0,-1.208882673E0,4.584072207E0
7.152137871E1,1.659268954E-2,5.438684143E0,-1.300961044E0,5.592142717E0
7.153133271E1,-2.485431738E-1,6.443306544E0,-1.397295091E0,6.597757687E0
7.154128771E1,-4.521980404E-1,7.393399565E0,-1.436956755E0,7.545308802E0
7.155124271E1,-6.408139781E-1,8.270860813E0,-1.492423443E0,8.428826067E0
7.156119671E1,-7.916476567E-1,9.006325936E0,-1.570525872E0,9.176446175E0
7.157115171E1,-8.610763259E-1,9.499005311E0,-1.661047786E0,9.681509907E0
7.158110671E1,-8.531025510E-1,9.817414269E0,-1.710156797E0,1.000170201E1
7.159106071E1,-8.277971904E-1,1.000211729E1,-1.687813416E0,1.017724484E1
7.160101571E1,-7.237085657E-1,9.910321848E0,-1.520092467E0,1.005230891E1
7.161096971E1,-5.368420784E-1,9.823068527E0,-1.327285209E0,9.926860568E0
7.162092471E1,-2.216122507E-1,9.142048582E0,-1.160368690E0,9.218059436E0
7.163087971E1,-7.586024098E-2,7.456336656E0,-1.126205310E0,7.541289644E0
7.164083371E1,-2.635435112E-2,4.968659806E0,-1.280043361E0,5.130963440E0
7.165078871E1,2.482202248E-1,1.231445836E0,-1.253312814E0,1.774504195E0
7.166074271E1,7.789032117E-1,-4.098583007E0,-5.687979890E-1,4.210534887E0
7.167069771E1,1.278065979E0,-9.772310017E0,1.431150324E0,9.958899888E0
7.168065271E1,1.294596642E0,-1.270179897E1,3.007079169E0,1.311694335E1
7.169060671E1,4.629194951E-1,-1.093716191E1,1.550237203E0,1.105617658E1
7.170056171E1,4.300788642E-1,-5.668090879E0,1.408915482E-1,5.686129832E0
7.171051671E1,6.028954789E-1,-1.497593551E0,-4.777678414E-1,1.683606697E0
7.172047071E1,3.733928858E-1,8.240703213E-1,-7.476238239E-1,1.173650512E0
7.173042571E1,6.799588211E-2,2.172629455E0,6.673941779E-1,2.273841942E0
7.174037971E1,-2.079503409E-1,2.911169629E0,1.956604803E0,3.513752170E0
7.175033471E1,-2.677896861E-1,3.352178913E0,2.440188249E0,4.154916782E0
7.176028971E1,-2.124783882E-1,3.495263788E0,2.080938535E0,4.073367305E0
7.177024371E1,1.085304621E-1,3.398664277E0,1.785842571E0,3.840824315E0
7.178019871E1,5.735525063E-1,3.181564177E0,1.564628224E0,3.591569931E0
7.179015371E1,9.718444443E-1,2.731488200E0,1.407312395E0,3.222737592E0
7.180010771E1,1.262710167E0,2.336409965E0,1.602387350E0,3.101756552E0
7.181006271E1,1.479673297E0,2.031984622E0,2.133824408E0,3.297211121E0
7.182001671E1,1.817424991E0,1.947983522E0,2.822732831E0,3.881429381E0
7.182997171E1,2.003526516E0,2.198542560E0,3.331335343E0,4.466038856E0
7.183992671E1,1.735143265E0,2.857264733E0,3.658835553E0,4.955982396E0
7.184988071E1,1.215160609E0,3.952471613E0,3.625652896E0,5.499455072E0
7.185983571E1,5.096340704E-1,5.275440407E0,2.922094567E0,6.052159535E0
7.186979071E1,-4.016030701E-1,6.536286044E0,1.712415430E0,6.768802470E0
7.187974913E1,-1.324094968E0,7.735241241E0,2.268310368E-1,7.851027758E0
7.188970413E1,-2.022570898E0,9.164253969E0,-1.029031602E0,9.441040720E0
7.189965812E1,-2.234392863E0,1.081239286E1,-1.630522982E0,1.116059837E1
7.190961312E1,-2.533725719E0,1.220453304E1,-2.120575494E0,1.264386148E1
7.191956812E1,-2.696525652E0,1.289707843E1,-2.736605684E0,1.345715027E1
7.192952213E1,-2.555457188E0,1.299336453E1,-3.451444169E0,1.368467574E1
7.193947712E1,-2.274598756E0,1.216999003E1,-4.515338333E0,1.317841937E1
7.194943212E1,-2.119666399E0,9.641406062E0,-5.722146049E0,1.141019947E1
7.195938613E1,-1.534373853E0,6.723654222E0,-5.903214437E0,9.077982700E0
7.196934113E1,-7.382434282E-1,3.663818550E0,-5.414894747E0,6.579487430E0
7.197929512E1,-7.792280245E-1,-2.048815248E0,-5.360389341E0,5.791253243E0
7.198925012E1,-6.416417246E-1,-1.586093265E1,-5.905504206E0,1.693681990E1
7.199920513E1,5.402624072E-1,-2.878879199E1,-5.193364795E0,2.925845973E1
7.200915912E1,2.752166879E0,-3.260435748E1,-2.664416836E0,3.282861049E1
7.201911412E1,4.635303025E0,-2.664828305E1,-1.841451931E-1,2.704904680E1
7.202906813E1,1.741271293E0,-1.783968539E1,1.570121537E0,1.799310096E1
7.203902313E1,-1.572553686E0,-1.159831594E1,5.419319335E-1,1.171697692E1
7.204897813E1,-3.226529850E0,-9.629564281E0,-1.154426019E0,1.022113998E1
7.205893213E1,-4.555716573E0,-1.009056929E1,-2.792769067E0,1.141813037E1
7.206888713E1,-5.172497252E0,-1.167526647E1,-4.070153845E0,1.340271343E1
7.207884213E1,-5.409873158E0,-1.255710962E1,-4.605502691E0,1.442769506E1
7.208879612E1,-5.160180677E0,-1.200291871E1,-4.443541834E0,1.380009370E1
7.209875112E1,-3.575791057E0,-1.011752612E1,-3.816926430E0,1.138944880E1
7.210870513E1,-1.959299200E0,-8.285546679E0,-3.384150611E0,9.161965536E0
7.211866012E1,-7.975914245E-1,-7.227725726E0,-3.142775210E0,7.921692198E0
7.212861512E1,1.057738654E-1,-6.454677624E0,-2.552611933E0,6.941893043E0
7.213856913E1,7.873729035E-1,-5.474472027E0,-2.153887667E0,5.935404969E0
7.214852413E1,1.287776742E0,-4.320966067E0,-1.799349493E0,4.854562317E0
7.215847913E1,1.548900968E0,-3.025759268E0,-1.503412407E0,3.716794617E0
7.216843312E1,1.541006496E0,-1.643427202E0,-1.306911024E0,2.604528828E0
7.217838813E1,1.397607332E0,-2.231817895E-1,-1.092830426E0,1.788126032E0
7.218834212E1,1.178568003E0,1.192791647E0,-8.855840532E-1,1.896321061E0
7.219829712E1,9.187171546E-1,2.564152583E0,-6.585251212E-1,2.802244638E0
7.220825212E1,6.529739209E-1,3.872954158E0,-4.198685293E-1,3.949992207E0
7.221820613E1,4.105934566E-1,5.060642940E0,-2.611810168E-1,5.083985590E0
7.222816113E1,1.753848581E-1,6.176376472E0,-1.702674115E-1,6.181211625E0
7.223811612E1,-4.633369771E-2,7.205399303E0,-1.396385264E-1,7.206901196E0
7.224807013E1,-2.701985379E-1,8.180934144E0,-6.499176543E-2,8.185652977E0
7.225802513E1,-4.997485118E-1,9.156353796E0,1.609200525E-1,9.171393496E0
7.226797912E1,-6.725827778E-1,9.973685786E0,3.190661860E-1,1.000142885E1
7.227793412E1,-7.967980304E-1,1.049800444E1,2.449006873E-1,1.053104747E1
7.228788913E1,-8.180339482E-1,1.062056442E1,2.410748541E-2,1.065204907E1
7.229784312E1,-9.066042088E-1,1.055456222E1,-1.988316447E-1,1.059529372E1
7.230779812E1,-9.680865119E-1,1.052551793E1,-2.954334579E-1,1.057407207E1
7.231775213E1,-9.820008387E-1,1.048784783E1,-3.559154121E-1,1.053973214E1
7.232770713E1,-1.082374216E0,1.044776283E1,-3.902192722E-1,1.051092542E1
7.233766213E1,-1.148307273E0,1.034128503E1,-3.532478392E-1,1.041083905E1
7.234761613E1,-1.301436422E0,9.950239620E0,-2.194279502E-1,1.003738780E1
7.235757113E1,-1.185310062E0,9.191737636E0,-1.512112626E-1,9.269081161E0
7.236752613E1,-1.045283719E0,8.679087682E0,-1.371780181E-1,8.742882754E0
7.237748012E1,-1.070654203E0,6.029227781E0,2.069878527E-1,6.127049211E0
7.238743512E1,-8.687322316E-1,2.458286405E-1,3.165466207E-1,9.567283699E-1
7.239738913E1,-5.156117886E-1,-7.724304609E0,-4.660296656E-2,7.741634778E0
7.240734413E1,6.326390590E-1,-1.690345845E1,4.288925372E-2,1.691534745E1
7.241729912E1,1.940771274E0,-2.075860258E1,-5.952851450E-1,2.085762543E1
7.242725313E1,2.085736760E0,-1.582181945E1,-1.016670004E0,1.599105645E1
7.243720813E1,9.302690600E-1,-7.575479522E0,-1.083525313E0,7.708911571E0
7.244716212E1,-1.031804790E-1,-3.018520415E0,-6.343142132E-1,3.086173396E0
7.245711712E1,-9.241753111E-1,-2.413368094E-1,2.698490024E-2,9.555478251E-1
7.246707213E1,-1.316992940E0,1.824704336E0,3.061871088E-1,2.271071743E0
7.247702612E1,-1.351050047E0,3.538208663E0,8.373214276E-1,3.878835386E0
7.248698112E1,-1.032886671E0,4.603511714E0,1.192723381E0,4.866391275E0
7.249693612E1,-4.000115311E-1,5.230904505E0,1.045611967E0,5.349362163E0
7.250689013E1,2.262200028E-1,5.623954341E0,5.138942420E-1,5.651913411E0
7.251684513E1,6.589067251E-1,5.458444809E0,1.300422223E-1,5.499608057E0
7.252679913E1,9.404283779E-1,4.665831923E0,-1.436274970E-1,4.761829682E0
7.253675413E1,9.487458229E-1,3.340741174E0,-3.848309898E-1,3.494104337E0
7.254670913E1,8.704467083E-1,1.779787195E0,-6.284996688E-1,2.078540778E0
7.255666312E1,8.746369692E-1,1.319394976E-1,-7.999375467E-1,1.192601332E0
7.256661812E1,9.456733304E-1,-1.592090403E0,-8.281085546E-1,2.028500352E0
7.257657312E1,1.061051467E0,-3.306833171E0,-5.733310430E-1,3.519898339E0
7.258652713E1,1.355656338E0,-4.783436387E0,1.040581461E-1,4.972916234E0
7.259648212E1,1.588273633E0,-5.421993266E0,5.551089994E-1,5.677038851E0
7.260643613E1,1.022561073E0,-4.669328558E0,4.141817466E-1,4.797896086E0
7.261639113E1,3.009740967E-1,-2.906531033E0,-4.959016286E-2,2.922493325E0
7.262634613E1,-3.496956557E-1,-1.288024079E0,-3.853946614E-1,1.389180379E0
7.263630012E1,-1.019493551E0,-2.021879464E-1,-4.520482421E-1,1.133399611E0
7.264625513E1,-1.499392154E0,5.186819422E-1,-4.522599113E-1,1.649771747E0
7.265620912E1,-1.728341345E0,1.090746624E0,-5.296583354E-1,2.111262645E0
7.266616412E1,-1.654254345E0,1.619094014E0,-6.147704796E-1,2.394987601E0
7.267611912E1,-1.239839368E0,2.078432565E0,-5.519456557E-1,2.482282738E0
7.268607313E1,-7.518663443E-1,2.281569514E0,-3.483197328E-1,2.427383176E0
7.269602813E1,-3.454934811E-1,2.245964064E0,-1.192059430E-1,2.275506620E0
7.270598312E1,4.317379385E-2,2.014031916E0,5.138883948E-2,2.015149957E0
7.271593713E1,3.590388485E-1,1.667818277E0,1.529141179E-1,1.712865853E0
7.272589213E1,6.487167093E-1,1.339747964E0,2.623120145E-1,1.511477942E0
7.273584612E1,9.736618321E-1,1.071243237E0,3.049650407E-1,1.479386059E0
7.274580112E1,1.203395573E0,8.571737480E-1,2.359854376E-1,1.496194127E0
7.275575612E1,1.243007682E0,6.707095492E-1,2.049461512E-1,1.427207876E0
7.276571013E1,8.473885057E-1,4.306901175E-1,2.311041089E-1,9.782486218E-1
7.277566512E1,6.085501385E-1,4.227840972E-1,3.935714809E-1,8.390340723E-1
7.278562012E1,5.634474578E-1,6.657136881E-1,7.594726948E-1,1.156480232E0
7.279557413E1,5.390671998E-1,9.770633036E-1,1.201259220E0,1.639594419E0
7.280552913E1,5.131091437E-1,1.342270453E0,1.721616901E0,2.242528866E0
7.281548312E1,4.651030647E-1,1.924977068E0,2.358296824E0,3.079516437E0
7.282543813E1,2.963455139E-1,2.800245609E0,3.104139732E0,4.191047556E0
7.283539313E1,3.058305748E-2,3.831545931E0,3.800263327E0,5.396636073E0
7.284534712E1,-3.154398524E-1,4.945888410E0,4.245977865E0,6.526074049E0
7.285530212E1,-8.331175719E-1,5.954965804E0,4.409630907E0,7.456577455E0
7.286525613E1,-1.607328685E0,6.672824376E0,4.241809970E0,8.068645641E0
7.287521113E1,-2.269890432E0,7.355102642E0,3.914263860E0,8.635473294E0
7.288516258E1,-2.725745942E0,8.298027561E0,3.313612140E0,9.341679601E0
7.289511658E1,-2.560446033E0,9.892890129E0,1.638913736E0,1.034945396E1
7.290507158E1,-2.138744255E0,1.068841902E1,-8.136432740E-1,1.093062411E1
7.291502658E1,-1.565710836E0,1.054896176E1,-2.887683703E0,1.104856379E1
7.292498058E1,-9.372447883E-1,1.029011020E1,-3.279380786E0,1.084062425E1
7.293493558E1,-4.662548565E-1,9.851576042E0,-2.910890132E0,1.028320113E1
7.294488958E1,-3.055535629E-2,8.957269551E0,-2.182073585E0,9.219276358E0
7.295484458E1,9.065703680E-1,5.974255183E0,-2.113314714E0,6.401538402E0
7.296479958E1,2.394852886E0,-1.889878571E-2,-3.230886903E0,4.021729440E0
7.297475358E1,4.290396532E0,-1.201728649E1,-4.376134547E0,1.348974538E1
7.298470858E1,5.552056392E0,-2.654743963E1,-2.675323063E0,2.725342610E1
7.299466358E1,6.308942206E0,-3.253676133E1,7.652180958E-1,3.315160853E1
7.300461758E1,5.973020836E0,-2.508019079E1,6.588253757E-1,2.579005620E1
7.301457258E1,3.012804762E0,-1.460771763E1,-6.717769584E-1,1.493029441E1
7.302452658E1,-2.599862114E-2,-8.593745815E0,-1.808271321E0,8.781969496E0
7.303448158E1,-2.463715544E0,-6.903923880E0,-2.679335715E0,7.804671620E0
7.304443658E1,-5.359550266E0,-7.657825275E0,-2.552245898E0,9.689222163E0
7.305439058E1,-8.251333451E0,-9.777861364E0,-3.016140599E0,1.314489181E1
7.306434558E1,-9.326152845E0,-1.150713329E1,-4.515392420E0,1.548483168E1
7.307429958E1,-6.244582488E0,-1.142264921E1,-4.608765437E0,1.380986764E1
7.308425458E1,-3.395098060E0,-1.016816769E1,-3.071903448E0,1.115145353E1
7.309420958E1,-2.057492516E0,-9.227130248E0,-1.990633113E0,9.661046955E0
7.310416358E1,-8.527698445E-1,-8.126594215E0,-1.632250249E0,8.332646088E0
7.311411858E1,-1.890772464E-1,-7.369209634E0,-2.006987483E0,7.639960706E0
7.312407358E1,2.238531961E-1,-6.833145674E0,-2.546884586E0,7.295794072E0
7.313402758E1,5.452685009E-1,-6.148615061E0,-2.754281524E0,6.759352900E0
7.314398258E1,8.373913018E-1,-5.020855561E0,-2.793776250E0,5.806496405E0
7.315393658E1,9.889607064E-1,-3.638172078E0,-2.651535420E0,4.609227639E0
7.316389158E1,9.588063229E-1,-2.165130985E0,-2.396936102E0,3.369332935E0
7.317384658E1,8.397541617E-1,-7.193145293E-1,-2.139279714E0,2.408135822E0
7.318380058E1,7.139913704E-1,6.540859151E-1,-1.901596245E0,2.133935411E0
7.319375558E1,5.244874599E-1,2.030632161E0,-1.679930785E0,2.687140025E0
7.320370958E1,3.567869030E-1,3.431650175E0,-1.473374383E0,3.751579919E0
7.321366458E1,2.102412435E-1,4.850964711E0,-1.330805233E0,5.034590606E0
7.322361958E1,7.245856846E-2,6.195292799E0,-1.276173527E0,6.325782322E0
7.323357358E1,-5.288806558E-2,7.361867870E0,-1.308882852E0,7.477504263E0
7.324352858E1,-2.360090823E-1,8.445661570E0,-1.329995978E0,8.552998828E0
7.325348358E1,-4.623763618E-1,9.418373376E0,-1.291102054E0,9.517693705E0
7.326343758E1,-6.235550440E-1,1.010155153E1,-1.249281598E0,1.019759132E1
7.327339258E1,-7.346356230E-1,1.048003127E1,-1.141428609E0,1.056757324E1
7.328334658E1,-8.163940966E-1,1.055960135E1,-9.421047015E-1,1.063293192E1
7.329330158E1,-8.202270927E-1,1.047769823E1,-8.109853490E-1,1.054099758E1
7.330325658E1,-7.862525770E-1,1.033351291E1,-7.665606165E-1,1.039169367E1
7.331321058E1,-7.558553148E-1,1.023346705E1,-8.187820264E-1,1.029395790E1
7.332316558E1,-7.742511669E-1,1.019343584E1,-8.174183826E-1,1.025542647E1
7.333311958E1,-7.684231009E-1,1.016467105E1,-8.491022515E-1,1.022897777E1
7.334307458E1,-7.834628704E-1,1.018200454E1,-7.418033592E-1,1.023900887E1
7.335302958E1,-7.879110666E-1,1.008184407E1,-6.997210944E-1,1.013676444E1
7.336298358E1,-6.874018150E-1,9.696916603E0,-8.044722086E-1,9.754480427E0
7.337293858E1,-6.049633102E-1,9.333784046E0,-1.101533422E0,9.418008341E0
7.338289358E1,-6.844183463E-1,8.481948221E0,-1.291569831E0,8.606975469E0
7.339284758E1,-9.922010871E-1,4.539456636E-1,-1.675402116E0,1.999375381E0
7.340280258E1,-1.548517390E-1,-1.115427254E1,-1.035897987E0,1.120334145E1
7.341275658E1,3.111870921E0,-2.192292355E1,2.341307008E-1,2.214391868E1
7.342271158E1,5.543079162E0,-2.328998853E1,1.489548367E0,2.398683069E1
7.343266658E1,3.648585092E0,-1.391658258E1,1.527030773E0,1.446773192E1
7.344262058E1,4.152368036E-1,-5.957570153E0,6.826951718E-1,6.010918102E0
7.345257558E1,-7.613112786E-1,-1.910492345E0,1.145144514E0,2.353918398E0
7.346252958E1,-2.577778934E0,9.283741236E-1,3.437530427E0,4.395843285E0
7.347248458E1,-4.695630503E0,2.877035338E0,4.071010462E0,6.848313978E0
7.348243958E1,-4.613406957E0,3.500294732E0,2.181319294E0,6.188193664E0
7.349239358E1,-2.493049563E0,3.550401862E0,2.351419475E0,4.934553988E0
7.350234858E1,-3.891113710E-1,3.719817334E0,3.813876815E0,5.341732399E0
7.351230358E1,8.306910505E-1,4.438163565E0,5.587887545E0,7.184137434E0
7.352225758E1,1.031604450E0,4.699034752E0,6.923598007E0,8.430975312E0
7.353221258E1,2.468563617E-1,3.614527692E0,7.041855605E0,7.919184229E0
7.354216658E1,-1.555420394E-1,3.281028239E0,6.341346306E0,7.141569337E0
7.355212158E1,-1.581056780E-1,3.824038691E0,5.012211038E0,6.306387936E0
7.356207658E1,-2.386029072E-1,4.770855517E0,3.562290129E0,5.958850953E0
7.357203058E1,-6.328583296E-1,5.958164231E0,2.677080151E0,6.562544385E0
7.358198558E1,-1.208490837E0,7.468546811E0,2.635005341E0,8.011422765E0
7.359193958E1,-1.721334773E0,9.435974080E0,2.655380841E0,9.952469425E0
7.360189458E1,-2.207303736E0,1.170974048E1,1.985906224E0,1.208031604E1
7.361184958E1,-2.479614416E0,1.332128808E1,-3.657813460E-2,1.355014914E1
7.362180358E1,-2.269648503E0,1.418959259E1,-2.767597973E0,1.463405073E1
7.363175858E1,-1.880954551E0,1.367979842E1,-4.727649271E0,1.459539456E1
7.364171358E1,-1.477059006E0,1.083987360E1,-5.780342216E0,1.237323398E1
7.365166758E1,-4.308009222E-1,7.153460240E0,-8.408566834E0,1.104814822E1
7.366162258E1,1.769159588E0,2.589837647E0,-1.136608091E1,1.179088546E1
7.367157658E1,3.717225264E0,-3.367494525E0,-1.143480090E1,1.248649088E1
7.368153158E1,4.841479650E0,-1.284630472E1,-8.734951980E0,1.627165807E1
7.369148658E1,7.381199934E0,-2.218486945E1,7.637378731E-1,2.339302974E1
7.370144058E1,7.919900404E0,-2.320564362E1,7.091623596E0,2.552484757E1
7.371139558E1,4.534992579E0,-1.714282007E1,5.010037043E0,1.842669012E1
7.372134958E1,6.284793498E-1,-1.457577546E1,2.346410750E0,1.477680141E1
7.373130458E1,-4.702590152E0,-1.513126328E1,2.696668031E0,1.607300535E1
7.374125958E1,-9.960512009E0,-1.575981675E1,6.191584495E-1,1.865387307E1
7.375121358E1,-1.243779485E1,-1.464804587E1,-6.903226308E0,2.041858276E1
7.376116858E1,-1.169898044E1,-1.215047904E1,-1.042845532E1,1.983060676E1
7.377112358E1,-9.902825718E0,-1.066291347E1,-8.863916999E0,1.703915213E1
7.378107758E1,-6.134259562E0,-1.038352064E1,-7.533745020E0,1.421984371E1
7.379103258E1,-3.180092725E0,-1.066748248E1,-5.781317532E0,1.254319754E1
7.380098658E1,-1.626971237E0,-1.117562423E1,-4.548798440E0,1.217510491E1
7.381094158E1,5.391059741E-2,-1.061342614E1,-3.632564890E0,1.121798772E1
7.382089658E1,1.553855752E0,-9.213348361E0,-2.226156329E0,9.605000141E0
7.383085058E1,2.771527887E0,-7.345047185E0,-1.541585662E0,8.000473194E0
7.384080558E1,3.613410873E0,-5.087988029E0,-1.115925905E0,6.339530815E0
7.385075958E1,3.768770809E0,-2.947976682E0,-6.621866477E-1,4.830392436E0
7.386071458E1,3.461152886E0,-1.055289109E0,-2.643232374E-1,3.628096082E0
7.387066958E1,2.958059328E0,5.680365354E-1,-1.266623855E-2,3.012132290E0
7.388062333E1,2.408907838E0,1.963447069E0,1.387718229E-1,3.110822879E0
7.389057833E1,1.905715901E0,3.192492623E0,1.932608561E-1,3.723051437E0
7.390053333E1,1.463868273E0,4.320502383E0,2.357376619E-1,4.567846693E0
7.391048733E1,1.094465965E0,5.402012161E0,1.990183170E-1,5.515360317E0
7.392044233E1,7.869473724E-1,6.471693022E0,1.107347893E-1,6.520303592E0
7.393039633E1,4.935316424E-1,7.460354277E0,4.586088181E-2,7.476801632E0
7.394035133E1,2.104577366E-1,8.328678081E0,-6.212154999E-3,8.331339006E0
7.395030633E1,-5.144204915E-2,9.068982945E0,-7.360701643E-2,9.069427542E0
7.396026033E1,-3.079382768E-1,9.643588243E0,-1.228441902E-1,9.649285511E0
7.397021533E1,-5.294008387E-1,1.005158824E1,-1.682594593E-1,1.006692618E1
7.398016933E1,-7.179567327E-1,1.033076004E1,-2.833654443E-1,1.035955409E1
7.399012433E1,-8.449318711E-1,1.035728067E1,-3.902876115E-1,1.039901424E1
7.400007933E1,-9.218355478E-1,1.024051996E1,-4.473377252E-1,1.029165395E1
7.401003333E1,-9.524047912E-1,1.012999940E1,-4.436469626E-1,1.018434020E1
7.401998833E1,-9.772816240E-1,1.005363360E1,-3.811659916E-1,1.010821029E1
7.402994333E1,-9.909654243E-1,1.009594054E1,-2.791448327E-1,1.014829787E1
7.403989733E1,-1.042054813E0,9.939009458E0,-2.234186018E-1,9.995984349E0
7.404985233E1,-1.143229697E0,9.408823704E0,-3.300396556E-1,9.483768439E0
7.405980633E1,-1.148401194E0,9.107565213E0,-5.893221545E-1,9.198579782E0
7.406976133E1,-9.376301929E-1,6.707798912E0,-7.374251834E-1,6.813039889E0
7.407971633E1,-1.421286363E-1,-3.708953208E-1,-8.982312153E-1,9.821319689E-1
7.408967033E1,7.872458728E-1,-8.307208275E0,-1.080406408E0,8.414080068E0
7.409962533E1,1.568105417E0,-1.673000899E1,-1.585465508E0,1.687796955E1
7.410957933E1,9.554658817E-1,-1.837481672E1,-9.630101055E-1,1.842482545E1
7.411953433E1,-1.002949877E0,-1.221845526E1,-2.030264554E-1,1.226123066E1
7.412948933E1,-1.729172673E0,-5.535602912E0,7.946599960E-1,5.853582001E0
7.413944333E1,-2.414122531E0,-2.290164921E0,2.087691046E0,3.928268940E0
7.414939833E1,-2.807597314E0,-4.643671560E-1,2.500912607E0,3.788509390E0
7.415935233E1,-2.317557665E0,7.771814990E-1,2.336322695E0,3.381344163E0
7.416930733E1,-9.423567165E-1,1.632525653E0,1.643983418E0,2.501171260E0
7.417926233E1,-1.867776096E-2,1.972005054E0,1.224163713E0,2.321148334E0
7.418921633E1,2.228905982E-1,2.229939770E0,1.080122526E0,2.487765316E0
7.419917133E1,2.739098205E-1,2.652504596E0,1.031943516E0,2.859320661E0
7.420912633E1,4.416812018E-1,3.033306854E0,1.116134212E0,3.262175399E0
7.421908033E1,5.470195958E-1,2.882419454E0,9.990891802E-1,3.099314689E0
7.422903533E1,4.486502789E-1,2.106933648E0,5.292116082E-1,2.218224830E0
7.423898933E1,5.637449715E-1,1.490101513E0,-1.094575381E-1,1.596932017E0
7.424894433E1,8.443222989E-1,1.249589161E0,-5.749767418E-1,1.613986205E0
7.425889933E1,9.262203748E-1,1.030772903E0,-6.842777207E-1,1.545513817E0
7.426885333E1,9.190036681E-1,8.830400759E-1,-5.789000043E-1,1.399804534E0
7.427880833E1,9.052181263E-1,8.705258650E-1,-2.243589802E-1,1.275763336E0
7.428876233E1,9.425442660E-1,1.063840077E0,3.782750916E-1,1.470794835E0
7.429871733E1,1.115451842E0,1.540193440E0,1.397375783E0,2.359891464E0
7.430867233E1,1.245135629E0,2.370319138E0,2.873160388E0,3.927317936E0
7.431862633E1,9.525538221E-1,3.324305236E0,3.471666180E0,4.900084708E0
7.432858133E1,5.204221832E-1,4.475982186E0,3.531897179E0,5.725343087E0
7.433853633E1,2.305767083E-1,5.844480910E0,3.346779301E0,6.738846668E0
7.434849033E1,2.738477670E-2,7.483533225E0,2.854946312E0,8.009665280E0
7.435844533E1,-1.516318784E-1,9.260057673E0,1.505544448E0,9.382873996E0
7.436839933E1,-1.949492031E-1,1.043003173E1,-6.979574279E-1,1.045517631E1
7.437835433E1,-4.214492510E-1,1.111399692E1,-2.504649562E0,1.140051825E1
7.438830933E1,-8.572361670E-1,1.200179370E1,-3.345922684E0,1.248891927E1
7.439826333E1,-7.527058583E-1,1.225492903E1,-3.567409366E0,1.278578355E1
7.440821833E1,-3.405761189E-1,1.152663493E1,-3.066042199E0,1.193230571E1
7.441817233E1,-6.445824355E-3,1.073310695E1,-1.840997895E0,1.088985306E1
7.442812733E1,1.046378244E-1,9.597430907E0,-1.226409044E0,9.676037837E0
7.443808233E1,4.026223129E-1,7.597181463E0,-1.436702986E0,7.742311436E0
7.444803633E1,1.454970857E0,5.217782768E0,-2.755377292E0,6.077359725E0
7.445799133E1,1.987100518E0,-6.576178672E0,-5.306047658E0,8.680370738E0
7.446794533E1,2.535390129E0,-2.885040527E1,-5.940417931E0,2.956455061E1
7.447790033E1,3.281445145E0,-4.099266781E1,-3.157112583E0,4.124480641E1
7.448785533E1,3.395700031E0,-3.517044082E1,-1.284799047E0,3.535733862E1
7.449780933E1,1.636252668E0,-2.517060277E1,-1.660116910E0,2.527830206E1
7.450776433E1,-1.918785743E-1,-1.632539336E1,-3.264616274E0,1.664971486E1
7.451771933E1,-1.283752396E0,-1.050240506E1,-4.949153495E0,1.168086694E1
7.452767333E1,-2.586381358E0,-8.941737007E0,-5.504889243E0,1.081424222E1
7.453762833E1,-4.780623876E0,-9.768557859E0,-4.915316827E0,1.193479898E1
7.454758233E1,-7.837297373E0,-1.099933536E1,-3.303308469E0,1.390397264E1
7.455753733E1,-9.301821996E0,-1.145829969E1,-1.899501334E0,1.488034373E1
7.456749233E1,-7.312192850E0,-1.040291585E1,-6.798616111E-1,1.273385387E1
7.457744633E1,-4.872498252E0,-8.957995191E0,2.214176846E-1,1.019980112E1
7.458740133E1,-3.079362448E0,-7.325974737E0,4.519020617E-1,7.959685572E0
7.459735533E1,-1.316042913E0,-5.346785794E0,-1.371721709E-1,5.508076205E0
7.460731033E1,-1.523845064E-1,-3.444229875E0,-8.283586693E-1,3.545718341E0
7.461726533E1,5.616331033E-1,-1.798845025E0,-8.975110576E-1,2.087295203E0
7.462721933E1,9.329994173E-1,-1.319523615E-1,-6.164175671E-1,1.125997316E0
7.463717433E1,1.134106360E0,1.519896585E0,-3.612409830E-1,1.930486445E0
7.464712833E1,1.139929894E0,3.055705199E0,-7.746508241E-2,3.262326664E0
7.465708333E1,9.992225698E-1,4.533908213E0,1.831581831E-1,4.646322884E0
7.466703833E1,8.229797425E-1,6.007884275E0,3.389442341E-1,6.073454726E0
7.467699233E1,6.255648051E-1,7.355886168E0,4.267745295E-1,7.394763630E0
7.468694733E1,3.991102559E-1,8.524619447E0,5.315434778E-1,8.550494967E0
7.469690233E1,1.561290633E-1,9.480724576E0,6.258263218E-1,9.502640336E0
7.470685633E1,-6.142847221E-2,1.018717815E1,6.521610117E-1,1.020821660E1
7.471681133E1,-2.985818181E-1,1.047281815E1,5.851027306E-1,1.049339870E1
7.472676533E1,-4.962782624E-1,1.037056789E1,3.868822662E-1,1.038964139E1
7.473672033E1,-6.536637461E-1,1.018539358E1,1.537338245E-1,1.020750473E1
7.474667533E1,-7.443569114E-1,1.014733406E1,-1.879179537E-2,1.017461590E1
7.475662933E1,-7.164371876E-1,1.028622765E1,-1.114321063E-1,1.031174954E1
7.476658433E1,-6.580313969E-1,1.045754639E1,-5.191684306E-2,1.047835756E1
7.477653833E1,-6.117053691E-1,1.058511158E1,9.669840194E-2,1.060321278E1
7.478649333E1,-6.265113232E-1,1.066119205E1,7.559221923E-2,1.067985236E1
7.479644833E1,-7.589087308E-1,1.046702706E1,-4.115434098E-1,1.050256950E1
7.480640233E1,-9.952300179E-1,9.802219695E0,-1.010515955E0,9.904298876E0
7.481635733E1,-1.254911736E0,9.416328605E0,-1.473846838E0,9.613234230E0
7.482631133E1,-1.353831568E0,9.057261032E0,-1.749340158E0,9.323466539E0
7.483626633E1,-7.029936348E-1,2.947213621E0,-1.686069192E0,3.467433849E0
7.484622133E1,5.064771952E-1,-8.037480894E0,-1.923963599E0,8.280051582E0
7.485617533E1,1.804781849E0,-1.996339996E1,-2.775996037E0,2.023612437E1
7.486613033E1,2.252900762E0,-2.325993618E1,-2.352937120E0,2.348694331E1
7.487608533E1,2.350297102E-1,-1.535721022E1,-1.265461721E-2,1.535901380E1
7.488603921E1,-5.424420299E-1,-6.672050790E0,8.395245123E-1,6.746503280E0
7.489599421E1,-6.661718906E-1,-2.287388663E0,3.298993224E-1,2.405153934E0
7.490594821E1,-8.074709532E-1,2.764516783E-1,4.194067454E-1,9.509662921E-1
7.491590321E1,-1.107684985E0,2.108635772E0,1.272305009E0,2.700383470E0
7.492585821E1,-1.140144268E0,3.470635900E0,1.555686515E0,3.970567093E0
7.493581221E1,-6.706393095E-1,4.662070994E0,1.660389390E0,4.994152176E0
7.494576721E1,9.145030662E-2,5.311351667E0,1.909687768E0,5.644973610E0
7.495572121E1,7.220468601E-1,5.269367489E0,2.480241530E0,5.868490730E0
7.496567621E1,1.195736524E0,4.846734835E0,3.663386149E0,6.192012796E0
7.497563121E1,1.609743585E0,4.472399597E0,5.506962665E0,7.274631975E0
7.498558521E1,1.772977820E0,4.437736133E0,7.368013294E0,8.782059681E0
7.499554021E1,1.328759876E0,4.780733219E0,8.316348642E0,9.684145169E0
7.500549421E1,3.892897476E-1,5.296647089E0,8.090110513E0,9.677598101E0
7.501544921E1,-7.028133213E-1,5.927859866E0,6.806355486E0,9.053173154E0
7.502540421E1,-1.706007320E0,6.621447231E0,4.774692460E0,8.339766933E0
7.503535821E1,-2.295188264E0,7.277483193E0,2.751974213E0,8.111905624E0
7.504531321E1,-2.307156638E0,8.069923586E0,1.508151576E0,8.527670233E0
7.505526821E1,-2.199471098E0,9.188252696E0,8.309656504E-1,9.484311500E0
7.506522221E1,-1.898233365E0,1.082164432E1,-2.177696067E-1,1.098902631E1
7.507517721E1,-1.966161639E0,1.168750469E1,-2.183760507E0,1.205123925E1
7.508513121E1,-2.213259125E0,1.134780368E1,-3.908518386E0,1.220441233E1
7.509508621E1,-2.430852146E0,8.932105474E0,-4.549758260E0,1.031464253E1
7.510504121E1,-2.153731108E0,5.435852922E0,-5.260813013E0,7.865316791E0
7.511499521E1,-1.182964890E0,5.835620624E-1,-6.316827176E0,6.453081139E0
7.512495021E1,1.691030847E-1,-7.086366949E0,-8.139436455E0,1.079331359E1
7.513490421E1,1.776026266E0,-2.122675639E1,-9.584267070E0,2.335781735E1
7.514485921E1,3.458534795E0,-3.209379031E1,-7.056215197E0,3.304183730E1
7.515481421E1,4.156516051E0,-2.896128719E1,-3.090831177E0,2.942084327E1
7.516476821E1,1.776076552E0,-2.040453730E1,-2.362791725E0,2.061752592E1
7.517472321E1,-6.938074397E-1,-1.466187337E1,-2.775949259E0,1.493846691E1
7.518467721E1,-1.470274190E0,-1.155249950E1,-3.626682884E0,1.219732674E1
7.519463221E1,-2.546697475E0,-1.044354114E1,-3.131576330E0,1.119642755E1
7.520458721E1,-4.548598465E0,-1.106945517E1,-2.065999630E0,1.214458481E1
7.521454121E1,-3.128971103E0,-1.225550673E1,-1.322404538E0,1.271757285E1
7.522449621E1,-4.887046563E-1,-1.171173672E1,-1.841670032E0,1.186572197E1
7.523445121E1,8.802152860E-1,-1.036792728E1,-3.892409014E0,1.110943487E1
7.524440521E1,1.464821369E0,-8.787014419E0,-4.317425578E0,9.899368044E0
7.525436021E1,1.723714736E0,-7.240693681E0,-3.299484682E0,8.141586863E0
7.526431421E1,1.998977236E0,-6.406962005E0,-2.485596702E0,7.157042902E0
7.527426921E1,2.204077827E0,-6.004984640E0,-1.829330361E0,6.653138295E0
7.528422421E1,2.307650289E0,-5.402955317E0,-1.469878918E0,6.056213342E0
7.529417821E1,2.345838016E0,-4.214021078E0,-1.418020255E0,5.027097680E0
7.530413321E1,2.331889337E0,-2.674777810E0,-1.399030545E0,3.814371596E0
7.531408721E1,2.064108787E0,-1.195749754E0,-1.317281500E0,2.724994148E0
7.532404221E1,1.507664356E0,4.039648336E-1,-1.055612898E0,1.884292437E0
7.533399721E1,9.656036380E-1,2.066680831E0,-8.038306229E-1,2.418616074E0
7.534395121E1,4.888480958E-1,3.677922619E0,-6.160521162E-1,3.761064671E0
7.535390621E1,3.704163607E-2,5.073892146E0,-4.151803780E-1,5.090985007E0
7.536386021E1,-3.025499213E-1,6.316132527E0,-2.325649627E-1,6.327649881E0
7.537381521E1,-5.971445231E-1,7.544716151E0,-7.185526371E-2,7.568651568E0
7.538377021E1,-8.319237167E-1,8.652729018E0,-5.028605461E-5,8.692630013E0
7.539372421E1,-9.760385790E-1,9.669675010E0,8.147386037E-2,9.719151409E0
7.540367921E1,-1.049990947E0,1.037053748E1,9.259409510E-2,1.042396769E1
7.541363321E1,-1.030570955E0,1.061174214E1,-8.797252893E-2,1.066203015E1
7.542358821E1,-9.619655004E-1,1.050675305E1,-2.677895765E-1,1.055409629E1
7.543354321E1,-8.719682269E-1,1.035047685E1,-3.450336707E-1,1.039287005E1
7.544349721E1,-7.585389675E-1,1.026209970E1,-3.895748359E-1,1.029746766E1
7.545345221E1,-7.067736404E-1,1.023099017E1,-4.733735858E-1,1.026629297E1
7.546340721E1,-7.861883307E-1,1.026580215E1,-5.807939905E-1,1.031223097E1
7.547336121E1,-8.624162885E-1,1.030194263E1,-4.754195996E-1,1.034890369E1
7.548331621E1,-1.163932788E0,1.032489061E1,-9.879989125E-2,1.039075873E1
7.549327021E1,-1.507491425E0,1.012847211E1,2.011668764E-2,1.024006261E1
7.550322521E1,-1.414082155E0,9.572854475E0,-3.479397368E-1,9.682986791E0
7.551318021E1,-1.085944160E0,9.192295461E0,-1.139942612E0,9.326148171E0
7.552313421E1,-1.254803562E0,8.216030302E0,-1.597225866E0,8.463380907E0
7.553308921E1,-2.914279178E0,-6.819590074E-1,-1.612738091E0,3.399855198E0
7.554304321E1,-3.731814067E0,-1.118749759E1,-1.820303137E0,1.193314887E1
7.555299821E1,-3.750525449E0,-2.135941100E1,-1.707862934E0,2.175333711E1
7.556295321E1,-2.179112117E0,-2.296447170E1,2.011796526E0,2.315518981E1
7.557290721E1,-1.538351275E0,-1.371292991E1,2.766724691E0,1.407358294E1
7.558286221E1,-1.640344111E0,-5.643952403E0,1.618022804E0,6.096140199E0
7.559281621E1,-1.296816830E0,-1.855285274E0,1.134513034E0,2.531982852E0
7.560277121E1,-4.473236918E-1,6.714217401E-1,2.077045605E0,2.228233400E0
7.561272621E1,5.855835910E-1,2.157879269E0,2.495500132E0,3.350652472E0
7.562268021E1,1.209674898E0,2.753809361E0,2.653464124E0,4.010941438E0
7.563263521E1,1.867381263E0,3.006607883E0,3.022043363E0,4.653982147E0
7.564258921E1,2.660331387E0,3.142483141E0,5.242224129E0,6.665844073E0
7.565254421E1,3.763836343E0,3.480860342E0,9.216983575E0,1.054683075E1
7.566249921E1,3.917854927E0,3.585794474E0,1.146288741E1,1.263349900E1
7.567245321E1,1.845177631E0,3.067272161E0,1.027197214E1,1.087778703E1
7.568240821E1,-2.774716885E-1,3.035346948E0,8.148959230E0,8.700336670E0
7.569236321E1,-1.726274062E0,3.881738430E0,5.770818272E0,7.165909496E0
7.570231721E1,-2.729656852E0,5.593983852E0,4.191869778E0,7.504362339E0
7.571227221E1,-3.629874294E0,7.446850133E0,3.720062625E0,9.081323154E0
7.572222621E1,-4.320327259E0,1.000503973E1,2.994995313E0,1.130203718E1
7.573218121E1,-4.989603948E0,1.198019643E1,4.227501833E-1,1.298460518E1
7.574213621E1,-4.861155238E0,1.304053753E1,-2.418977913E0,1.412578860E1
7.575209021E1,-4.587863688E0,1.293162261E1,-5.031922002E0,1.461491005E1
7.576204521E1,-3.995754165E0,1.239140772E1,-6.426438496E0,1.451937148E1
7.577199921E1,-3.208659297E0,1.168012668E1,-6.118917053E0,1.357063004E1
7.578195421E1,-2.544113298E0,1.070372118E1,-4.830772229E0,1.201576132E1
7.579190921E1,-1.989200253E0,8.815759916E0,-3.278852782E0,9.613813817E0
7.580186321E1,-1.113497775E0,5.458869317E0,-3.315107273E0,6.482982936E0
7.581181821E1,-3.179813813E-1,-5.867487949E-1,-5.366976230E0,5.408310287E0
7.582177221E1,9.022106840E-1,-1.187778362E1,-7.069770212E0,1.385198103E1
7.583172721E1,5.850698839E0,-2.457633855E1,-4.678991959E0,2.569280170E1
7.584168221E1,1.270381158E1,-2.704789580E1,2.696998984E-2,2.988270776E1
7.585163621E1,1.382500349E1,-1.885721668E1,7.877170122E-1,2.339542350E1
7.586159121E1,6.056233732E0,-1.188202168E1,-2.717547561E0,1.361049121E1
7.587154621E1,1.678006174E-1,-1.002594001E1,-2.868711827E0,1.042962788E1
7.588149983E1,-3.722437179E0,-9.025040535E0,-2.100408155E0,9.985970640E0
7.589145483E1,-6.000975789E0,-8.519051144E0,-3.343793421E0,1.094380634E1
7.590140883E1,-6.798897947E0,-9.625526778E0,-5.360917929E0,1.294662968E1
7.591136383E1,-6.541971876E0,-1.273224542E1,-7.313675119E0,1.607474147E1
7.592131783E1,-4.801539074E0,-1.583038796E1,-7.708219503E0,1.825027694E1
7.593127283E1,-1.120213668E0,-1.534558362E1,-5.953933185E0,1.649821613E1
7.594122783E1,1.334644222E0,-1.355982641E1,-4.492114654E0,1.434675091E1
7.595118183E1,2.685967919E0,-1.204685352E1,-3.468363672E0,1.282071175E1
7.596113683E1,3.398868637E0,-1.052816672E1,-2.237803982E0,1.128726580E1
7.597109183E1,3.499124705E0,-9.224063383E0,-1.059435077E0,9.922178273E0
7.598104583E1,3.068778988E0,-7.872439724E0,-5.557465652E-1,8.467677718E0
7.599100083E1,2.400949339E0,-6.579835521E0,-8.440680912E-1,7.054873787E0
7.600095483E1,1.923244830E0,-5.185603201E0,-1.334718043E0,5.689536316E0
7.601090983E1,1.608373437E0,-3.580233772E0,-1.660836994E0,4.261844494E0
7.602086483E1,1.283357270E0,-2.024103161E0,-1.724582755E0,2.952657306E0
7.603081883E1,9.529675126E-1,-4.900604063E-1,-1.590806354E0,1.918064425E0
7.604077383E1,7.015669873E-1,1.098257958E0,-1.412379592E0,1.921765566E0
7.605072783E1,5.159066710E-1,2.712267233E0,-1.207813437E0,3.013530576E0
7.606068283E1,3.515843064E-1,4.324538131E0,-9.620059924E-1,4.444175638E0
7.607063783E1,1.916041937E-1,5.899323115E0,-6.890522647E-1,5.942517850E0
7.608059183E1,3.449016698E-2,7.379017169E0,-4.425711481E-1,7.392357755E0
7.609054683E1,-1.449526953E-1,8.634364668E0,-2.504794427E-1,8.639213185E0
7.610050083E1,-3.622133019E-1,9.563449813E0,-7.577055931E-2,9.570606667E0
7.611045583E1,-5.741373009E-1,1.014031038E1,7.231134653E-2,1.015680842E1
7.612041083E1,-7.365494898E-1,1.039429121E1,6.664422512E-2,1.042056795E1
7.613036483E1,-8.722673851E-1,1.043544625E1,-2.512432078E-2,1.047186803E1
7.614031983E1,-9.595573246E-1,1.034685158E1,-1.745920122E-1,1.039271717E1
7.615027383E1,-1.020487431E0,1.028689657E1,-3.171401131E-1,1.034225379E1
7.616022883E1,-1.075630914E0,1.025621623E1,-3.738774373E-1,1.031924113E1
7.617018383E1,-1.195291844E0,1.033450226E1,-1.905548378E-1,1.040514155E1
7.618013783E1,-1.429953252E0,1.049674028E1,1.888200420E-1,1.059537520E1
7.619009283E1,-1.736909270E0,1.055657951E1,4.496076143E-1,1.070795834E1
7.620004683E1,-1.948701122E0,1.050360958E1,4.605927783E-1,1.069277308E1
7.621000183E1,-2.065706392E0,1.046873445E1,4.194897759E-1,1.067883494E1
7.621995683E1,-2.129831491E0,1.025693778E1,1.319606937E-1,1.047656281E1
7.622991083E1,-1.899961071E0,9.610302967E0,-4.604402391E-1,9.807129061E0
7.623986583E1,-1.706993745E0,9.174432217E0,-9.795045161E-1,9.383147832E0
7.624982083E1,-1.892627493E0,8.561845161E0,-1.311849144E0,8.866125397E0
7.625977483E1,-2.332471719E0,1.436108324E0,-1.613007063E0,3.178777001E0
7.626972983E1,-2.064349838E0,-1.301551963E1,-2.188317534E0,1.335866854E1
7.627968383E1,-8.109770899E-1,-2.695908829E1,-1.241520588E0,2.699984256E1
7.628963883E1,1.254670684E0,-2.829510222E1,2.316161642E0,2.841745261E1
7.629959383E1,1.150791828E0,-1.594112370E1,2.154590210E0,1.612718220E1
7.630954783E1,-1.947470722E-1,-5.950296217E0,1.679303963E0,6.185791242E0
7.631950283E1,-9.469340631E-1,-1.048394072E0,1.754003459E0,2.252186134E0
7.632945683E1,-1.824719539E0,1.784936838E0,1.652221999E0,3.040631257E0
7.633941183E1,-2.326735601E0,3.457760916E0,9.340378828E-1,4.271093054E0
7.634936683E1,-2.334134667E0,4.023606500E0,9.126997849E-1,4.740318007E0
7.635932083E1,-1.541329554E0,4.314365146E0,2.471680037E0,5.205635947E0
7.636927583E1,-4.118221758E-1,4.552866640E0,4.857422668E0,6.670288384E0
7.637922983E1,1.848069517E-1,3.877359450E0,7.685417701E0,8.610093795E0
7.638918483E1,3.032580923E-1,2.747560442E0,8.561270964E0,8.996466772E0
7.639913983E1,3.041041844E-1,2.064920819E0,7.788181347E0,8.063010978E0
7.640909383E1,2.390225545E-1,2.323139125E0,6.280618293E0,6.700766622E0
7.641904883E1,7.690557696E-2,3.146125957E0,4.397498226E0,5.407588525E0
7.642900283E1,-3.998176959E-1,4.004058089E0,2.739126126E0,4.867766151E0
7.643895783E1,-1.222292678E0,5.070350488E0,2.129611051E0,5.633621986E0
7.644891283E1,-1.975246165E0,6.534471653E0,2.148840350E0,7.156705390E0
7.645886683E1,-2.477493631E0,8.365453559E0,1.237135469E0,8.811883573E0
7.646882183E1,-2.783115314E0,1.031855573E1,-1.072138299E0,1.074094055E1
7.647877583E1,-2.929957318E0,1.266905690E1,-3.739716579E0,1.353052596E1
7.648873083E1,-2.730699119E0,1.459029643E1,-5.459213133E0,1.581570345E1
7.649868583E1,-2.815578763E0,1.431967326E1,-6.385414431E0,1.592965924E1
7.650863983E1,-3.128968764E0,1.177221798E1,-6.232582247E0,1.368285947E1
7.651859483E1,-2.055759986E0,9.238903617E0,-7.509167418E0,1.208184938E1
7.652854883E1,1.128140446E0,7.671616518E0,-7.814323078E0,1.100863507E1
7.653850383E1,6.382127711E0,6.359887826E0,-1.470839908E0,9.129244072E0
7.654845883E1,9.510268802E0,2.218921861E0,2.481246959E0,1.007598201E1
7.655841283E1,7.892780433E0,-5.973140119E0,1.387583158E0,9.994987387E0
7.656836783E1,3.427622320E0,-1.519779407E1,-2.527341729E0,1.578318712E1
7.657832283E1,-5.038619914E-1,-2.062294250E1,-4.451982874E0,2.110402297E1
7.658827683E1,-3.228809679E0,-2.206441681E1,-1.732590517E0,2.236661733E1
7.659823183E1,-6.516341191E0,-2.240823309E1,4.318692670E0,2.373273518E1
7.660818583E1,-8.607731186E0,-1.841156062E1,1.410950971E0,2.037325166E1
7.661814083E1,-6.724578667E0,-1.091168560E1,-6.795952705E0,1.450757781E1
7.662809583E1,-5.365493960E0,-7.305117134E0,-9.364559696E0,1.303258378E1
7.663804983E1,-4.530997176E0,-7.333901222E0,-9.260283376E0,1.265183349E1
7.664800483E1,-2.112663919E0,-8.861843576E0,-8.563942557E0,1.250346882E1
7.665795883E1,-1.664815586E-1,-1.110952029E1,-6.265614923E0,1.275566884E1
7.666791383E1,1.378071931E0,-1.300375153E1,-3.484099407E0,1.353275969E1
7.667786883E1,3.154922508E0,-1.274400535E1,-1.230728675E0,1.318627701E1
7.668782283E1,4.262399186E0,-1.122464261E1,-1.474294735E0,1.209686710E1
7.669777783E1,3.605190273E0,-1.007461457E1,-2.365769420E0,1.095865506E1
7.670773183E1,2.198510254E0,-8.986124976E0,-2.460969107E0,9.572891850E0
7.671768683E1,1.288351523E0,-7.512871630E0,-2.507058323E0,8.024240226E0
7.672764183E1,8.617972876E-1,-6.123714693E0,-2.634818231E0,6.721967221E0
7.673759583E1,6.549841936E-1,-4.952035587E0,-2.717149658E0,5.686348830E0
7.674755083E1,5.524223500E-1,-3.935031123E0,-2.536513964E0,4.714185347E0
7.675750483E1,4.455353575E-1,-3.237824916E0,-2.036703326E0,3.850996284E0
7.676745983E1,3.378359309E-1,-2.747735274E0,-1.501746536E0,3.149511852E0
7.677741483E1,2.530046724E-1,-2.045493445E0,-1.026653832E0,2.302623045E0
7.678736883E1,1.215357569E-1,-1.033975423E0,-5.925264287E-1,1.197899697E0
7.679732383E1,-3.256717307E-2,2.021803451E-1,-2.809983270E-1,3.477032822E-1
7.680727783E1,-1.438827096E-1,1.501187249E0,-2.202672449E-1,1.524067929E0
7.681723283E1,-2.900735346E-1,2.971858465E0,-1.393509896E-1,2.989231354E0
7.682718783E1,-4.540525214E-1,4.503013864E0,-3.914023831E-2,4.526016959E0
7.683714183E1,-5.692580187E-1,5.948810440E0,-1.418519899E-2,5.976002138E0
7.684709683E1,-6.676099402E-1,7.266152458E0,-1.628683448E-2,7.296775989E0
7.685705083E1,-7.524947007E-1,8.361030141E0,-2.649168760E-2,8.394865996E0
7.686700583E1,-8.391478785E-1,9.255480473E0,4.040542960E-2,9.293531113E0
7.687696083E1,-8.923677736E-1,9.884659588E0,9.080842853E-2,9.925273880E0
7.688691458E1,-9.310038357E-1,1.027359298E1,1.051107911E-1,1.031622650E1
7.689686958E1,-9.494719740E-1,1.036438153E1,1.544647264E-1,1.040892698E1
7.690682358E1,-9.802407537E-1,1.025780550E1,1.992181456E-1,1.030646077E1
7.691677858E1,-1.034156540E0,1.013230087E1,1.767823974E-1,1.018647400E1
7.692673358E1,-1.069448872E0,1.002927293E1,1.436871477E-1,1.008715432E1
7.693668758E1,-1.113887784E0,9.954917393E0,8.793685178E-2,1.001742777E1
7.694664258E1,-1.159739676E0,9.906401875E0,5.458609700E-2,9.974205425E0
7.695659658E1,-1.184643625E0,9.867058300E0,7.690199554E-2,9.938215832E0
7.696655158E1,-1.193089709E0,9.648477100E0,3.305197120E-2,9.722019637E0
7.697650658E1,-1.307124594E0,9.374735021E0,-1.122630322E-1,9.466088654E0
7.698646058E1,-1.381551609E0,8.933079620E0,-1.086980579E-1,9.039934270E0
7.699641558E1,-1.129008465E0,3.641274025E0,1.209269978E-2,3.812306766E0
7.700636958E1,-4.407572687E-1,-4.221000899E0,3.638793198E-1,4.259521536E0
7.701632458E1,6.101240627E-1,-1.378730181E1,8.513049708E-1,1.382702654E1
7.702627958E1,1.491386877E0,-1.991745955E1,1.769542873E-2,1.997322565E1
7.703623358E1,1.770709100E0,-1.625371351E1,-1.374978608E0,1.640759519E1
7.704618858E1,9.946844727E-1,-7.747022796E0,-2.193441449E0,8.112764312E0
7.705614358E1,6.646166043E-1,-2.802182207E0,-1.918221195E0,3.460276420E0
7.706609758E1,5.042106682E-1,-5.540529191E-2,-1.288322872E0,1.384584402E0
7.707605258E1,5.838175857E-1,1.825583172E0,-3.797895205E-1,1.953928600E0
7.708600658E1,1.140270641E0,3.319989406E0,1.450128047E0,3.798080850E0
7.709596158E1,1.554710761E0,4.082767459E0,2.589638257E0,5.078616148E0
7.710591658E1,1.644415820E0,4.132495104E0,2.956562734E0,5.340681827E0
7.711587058E1,1.417892201E0,3.408369486E0,2.557165160E0,4.490712026E0
7.712582558E1,8.586735588E-1,2.302921792E0,1.860002954E0,3.082268653E0
7.713577958E1,3.249315280E-1,1.403505419E0,1.414614544E0,2.019044890E0
7.714573458E1,2.702524602E-2,7.333642191E-1,1.100988900E0,1.323151541E0
7.715568958E1,-1.190172972E-1,7.948529541E-2,7.899205354E-1,8.027810919E-1
7.716564358E1,-2.059361579E-1,-2.674990064E-1,5.791750427E-1,6.703798547E-1
7.717559858E1,-1.812170537E-1,-2.142723870E-1,6.678854902E-1,7.244468955E-1
7.718555258E1,-1.557493597E-1,-3.872026205E-2,1.023128253E0,1.035639196E0
7.719550758E1,-5.448099330E-2,3.280399078E-1,1.472232130E0,1.509319649E0
7.720546258E1,-3.914959386E-2,7.817967063E-1,1.838175005E0,1.997905436E0
7.721541658E1,-9.684436306E-2,1.319130682E0,2.140644747E0,2.516315663E0
7.722537158E1,-3.559214786E-2,2.050806225E0,2.426816836E0,3.177501051E0
7.723532558E1,2.753176108E-2,3.125139715E0,2.615771803E0,4.075477685E0
7.724528058E1,-4.060357712E-2,4.467556933E0,2.677499689E0,5.208619605E0
7.725523558E1,-4.913877243E-1,5.606379949E0,2.647026340E0,6.219301124E0
7.726518958E1,-1.026878804E0,6.439948488E0,2.461031672E0,6.970229085E0
7.727514458E1,-1.379725378E0,7.510752014E0,1.355200986E0,7.755746750E0
7.728509858E1,-1.924791565E0,8.637791137E0,1.861238909E-1,8.851604396E0
7.729505358E1,-2.396794746E0,9.771168056E0,-1.953743030E0,1.024877856E1
7.730500858E1,-2.507410033E0,1.118613402E1,-3.801654965E0,1.207763552E1
7.731496258E1,-2.374684816E0,1.223772886E1,-4.342117785E0,1.320057280E1
7.732491758E1,-2.435037290E0,1.138214789E1,-4.683101382E0,1.254647902E1
7.733487158E1,-2.312700529E0,9.533815539E0,-4.380118255E0,1.074372647E1
7.734482658E1,-1.603768316E0,8.235437796E0,-3.671162068E0,9.158162448E0
7.735478158E1,-8.642803808E-1,6.433276815E0,-2.302477403E0,6.887338626E0
7.736473558E1,6.816227925E-1,3.231174878E0,-3.465913689E-1,3.320425620E0
7.737469058E1,3.379171122E0,-1.454908876E0,2.301763166E0,4.339777757E0
7.738464458E1,5.941101471E0,-7.098985240E0,7.787745729E-1,9.289713018E0
7.739459958E1,7.983071383E0,-1.345336733E1,-1.446035142E0,1.571030041E1
7.740455458E1,8.546539489E0,-1.794279285E1,-2.900461038E0,2.008481582E1
7.741450858E1,6.246381676E0,-1.750436511E1,-2.206756729E0,1.871603209E1
7.742446358E1,2.911760198E0,-1.276297956E1,-7.862385437E-1,1.311450212E1
7.743441758E1,5.752779465E-2,-9.497852240E0,-5.215128717E-1,9.512333167E0
7.744437258E1,-2.301321701E0,-9.250917306E0,-1.727107290E0,9.688057192E0
7.745432758E1,-4.086316134E0,-1.050287634E1,-4.150613579E0,1.200982865E1
7.746428158E1,-5.641184331E0,-1.272732909E1,-6.369453871E0,1.530940263E1
7.747423658E1,-6.512888410E0,-1.501528025E1,-6.228257647E0,1.751192593E1
7.748419058E1,-4.877070190E0,-1.587346206E1,-3.359887005E0,1.694229772E1
7.749414558E1,-1.635620292E0,-1.414965728E1,-1.430823610E0,1.431556185E1
7.750410058E1,4.789571285E-2,-1.208670697E1,-1.735538975E0,1.221076881E1
7.751405458E1,8.007552798E-1,-1.025104846E1,-2.541385572E0,1.059168750E1
7.752400958E1,1.019103615E0,-9.053376727E0,-2.802462289E0,9.531841229E0
7.753396358E1,1.099232177E0,-8.295609738E0,-2.519302977E0,8.739126947E0
7.754391858E1,1.146085624E0,-7.711100426E0,-2.013452457E0,8.051619268E0
7.755387358E1,1.147765163E0,-7.186476544E0,-1.661132279E0,7.464728423E0
7.756382758E1,1.155972754E0,-6.300974205E0,-1.586351361E0,6.599625715E0
7.757378258E1,1.020971288E0,-5.003529677E0,-1.617993276E0,5.356826844E0
7.758373758E1,7.642447536E-1,-3.627219658E0,-1.583768353E0,4.031019063E0
7.759369158E1,5.435141535E-1,-2.212646629E0,-1.452318268E0,2.701932844E0
7.760364658E1,3.844334157E-1,-7.580488247E-1,-1.273648700E0,1.531211312E0
7.761360058E1,2.354535968E-1,6.651716512E-1,-1.063173494E0,1.276021003E0
7.762355558E1,8.564128060E-2,2.086880622E0,-7.972175682E-1,2.235611999E0
7.763351058E1,-6.075505570E-2,3.552515631E0,-5.540634441E-1,3.595976193E0
7.764346458E1,-2.075938069E-1,5.076227524E0,-3.554979940E-1,5.092893077E0
7.765341958E1,-3.732971377E-1,6.617423177E0,-2.179982328E-1,6.631527991E0
7.766337358E1,-5.472867405E-1,8.010027047E0,-1.460716331E-1,8.030030697E0
7.767332858E1,-7.418165155E-1,9.200026065E0,-1.209519947E-1,9.230677154E0
7.768328358E1,-9.408602679E-1,1.018652560E1,-1.550470360E-1,1.023105867E1
7.769323758E1,-1.114201561E0,1.073246727E1,-2.782244079E-1,1.079373464E1
7.770319258E1,-1.224402865E0,1.078926829E1,-3.304845921E-1,1.086354881E1
7.771314658E1,-1.235863407E0,1.061920787E1,-3.050527124E-1,1.069523217E1
7.772310158E1,-1.218913645E0,1.046318310E1,-2.672469731E-1,1.053733231E1
7.773305658E1,-1.207592850E0,1.033702826E1,-2.643233836E-1,1.041068204E1
7.774301058E1,-1.207466039E0,1.023581062E1,-2.982717329E-1,1.031109884E1
7.775296558E1,-1.245059031E0,1.015666270E1,-3.339800942E-1,1.023814007E1
7.776291958E1,-1.354285019E0,9.934288416E0,-4.030561763E-1,1.003427270E1
7.777287458E1,-1.416232761E0,9.407944282E0,-7.506339705E-1,9.543509952E0
7.778282958E1,-1.421817583E0,9.106549551E0,-1.173271303E0,9.291252635E0
7.779278358E1,-1.601990324E0,8.366401393E0,-1.402635353E0,8.633100903E0
7.780273858E1,-2.240923472E0,2.952346891E0,-1.594218205E0,4.034801340E0
7.781269258E1,-2.568914555E0,-4.264480795E0,-2.446067478E0,5.546923882E0
7.782264758E1,-2.447153891E0,-1.154448297E1,-3.636849437E0,1.234869722E1
7.783260258E1,-2.196932091E0,-1.623553919E1,-3.052137228E0,1.666537684E1
7.784255658E1,-1.395446786E0,-1.394615429E1,-1.328558732E0,1.407862066E1
7.785251158E1,-6.697586457E-1,-7.379822330E0,-1.401612675E-1,7.411477549E0
7.786246558E1,-5.468769237E-1,-3.147587176E0,1.167115939E-1,3.196873628E0
7.787242058E1,-4.732479803E-1,-7.456404483E-1,4.182361329E-1,9.771718333E-1
7.788237608E1,-4.052287824E-1,7.694163966E-1,8.435193300E-1,1.211501885E0
7.789233008E1,-2.455038276E-1,1.710462606E0,2.034238139E0,2.669097088E0
7.790228508E1,-8.074098498E-2,2.557280350E0,4.515861951E0,5.190299708E0
7.791223908E1,-8.561808177E-1,2.784199680E0,4.226027166E0,5.132652244E0
7.792219408E1,-1.355285039E0,2.395120103E0,3.447182719E0,4.410948486E0
7.793214908E1,-9.349510717E-1,1.852647010E0,2.293877611E0,3.093268327E0
7.794210308E1,-9.257194877E-2,1.360716079E0,1.041883490E0,1.716286404E0
7.795205808E1,8.342516394E-1,1.112087207E0,1.284303496E0,1.892656658E0
7.796201208E1,1.754626626E0,1.292617067E0,2.110513021E0,3.033782901E0
7.797196708E1,2.587120154E0,1.656518533E0,2.753129623E0,4.125162671E0
7.798192208E1,2.881507289E0,2.094282027E0,3.177309158E0,4.773300216E0
7.799187608E1,2.498885085E0,2.339548166E0,3.240022885E0,4.713349189E0
7.800183108E1,1.736759435E0,2.594221305E0,3.190432649E0,4.463762762E0
7.801178508E1,8.645334922E-1,3.039189153E0,3.214600653E0,4.507521073E0
7.802174008E1,-2.659297599E-1,3.546879500E0,3.368050887E0,4.898452776E0
7.803169508E1,-1.583380390E0,3.983177097E0,3.487719126E0,5.526027320E0
7.804164908E1,-3.144193452E0,4.669598699E0,3.795803364E0,6.789641202E0
7.805160408E1,-4.149470741E0,5.670009350E0,4.125087851E0,8.147604755E0
7.806155808E1,-4.666043300E0,7.193397308E0,3.721104891E0,9.346846876E0
7.807151308E1,-5.132258468E0,9.333472974E0,2.500462371E0,1.094102860E1
7.808146808E1,-6.057974448E0,1.150804780E1,4.409794629E-2,1.300523599E1
7.809142208E1,-6.842619333E0,1.200090961E1,-3.308787310E0,1.420532802E1
7.810137708E1,-6.492728965E0,1.088534857E1,-5.234430960E0,1.371297234E1
7.811133108E1,-3.737108428E0,9.260001540E0,-3.401615659E0,1.054915148E1
7.812128608E1,3.437569311E-1,7.365932270E0,-1.528319207E0,7.530663094E0
7.813124108E1,4.445713490E0,5.115154778E0,-1.585319327E0,6.960058491E0
7.814119508E1,8.243235058E0,1.680423120E0,-1.807315886E0,8.604715962E0
7.815115008E1,1.186239257E1,-2.769970481E0,-2.576846011E0,1.245107342E1
7.816110408E1,1.442067455E1,-7.223763068E0,-3.747253347E0,1.655839712E1
7.817105908E1,1.435020976E1,-1.142921564E1,-2.974552277E0,1.858503299E1
7.818101408E1,7.846068197E0,-1.329983816E1,-7.009563187E-1,1.545761369E1
7.819096808E1,3.538400160E-1,-1.102996775E1,-4.466544780E-1,1.104467707E1
7.820092308E1,-3.929350846E0,-9.873802478E0,-1.042539840E0,1.067795218E1
7.821087708E1,-8.249160041E0,-1.092413783E1,-2.779234517E0,1.396816284E1
7.822083208E1,-1.151233965E1,-1.114242842E1,-6.600003737E0,1.732765780E1
7.823078708E1,-1.192964959E1,-1.100637424E1,-9.046731951E0,1.858225423E1
7.824074108E1,-8.473034726E0,-1.248217171E1,-9.046641319E0,1.759086829E1
7.825069608E1,-2.764024447E0,-1.342072817E1,-8.314345971E0,1.602760508E1
7.826065008E1,6.069456625E-1,-1.355923702E1,-5.966156205E0,1.482620354E1
7.827060508E1,2.422124884E0,-1.290478974E1,-3.382492633E0,1.355881793E1
7.828056008E1,3.519904832E0,-1.176039258E1,-2.655483168E0,1.255978321E1
7.829051408E1,3.773110320E0,-1.066424078E1,-2.599715933E0,1.160693396E1
7.830046908E1,3.047545994E0,-9.319696350E0,-2.609941836E0,1.014672721E1
7.831042308E1,1.524838213E0,-8.699420789E0,-3.073420216E0,9.351522094E0
7.832037808E1,6.617244253E-1,-8.272623163E0,-3.322659537E0,8.939476473E0
7.833033308E1,5.349668398E-1,-7.617374237E0,-3.177442767E0,8.270835649E0
7.834028708E1,5.654305045E-1,-6.696107404E0,-2.695601499E0,7.240430475E0
7.835024208E1,5.657590814E-1,-5.601777021E0,-2.074845883E0,6.000414533E0
7.836019608E1,5.000504474E-1,-4.341099200E0,-1.403053721E0,4.589526388E0
7.837015108E1,4.119239539E-1,-2.996992722E0,-9.011889562E-1,3.156546887E0
7.838010608E1,2.513435150E-1,-1.650537416E0,-5.888915071E-1,1.770378641E0
7.839006008E1,2.904712183E-2,-1.484964734E-1,-3.082093683E-1,3.433481507E-1
7.840001508E1,-1.383747970E-1,1.397944717E0,-9.546398163E-2,1.408016473E0
7.840996908E1,-2.263304969E-1,2.971816365E0,-7.351499587E-2,2.981328975E0
7.841992408E1,-3.220210398E-1,4.436572537E0,-2.483568303E-1,4.455171663E0
7.842987908E1,-4.917579627E-1,5.802210218E0,-3.236164892E-1,5.831997680E0
7.843983308E1,-7.176818405E-1,7.150006290E0,-3.014752762E-1,7.192255871E0
7.844978808E1,-9.056152984E-1,8.419420436E0,-2.326829302E-1,8.471181788E0
7.845974208E1,-1.034023955E0,9.476356121E0,-1.823490746E-1,9.534347490E0
7.846969708E1,-1.127319423E0,1.025268100E1,-1.262508146E-1,1.031524387E1
7.847965208E1,-1.115244412E0,1.072573478E1,-1.083009589E-1,1.078410338E1
7.848960608E1,-1.077838311E0,1.073834021E1,-7.972444654E-2,1.079259199E1
7.849956108E1,-1.065725585E0,1.061060661E1,-3.535811305E-2,1.066405148E1
7.850951508E1,-1.038634996E0,1.045894972E1,8.626945429E-3,1.051039801E1
7.851947008E1,-1.030796950E0,1.037370901E1,-3.393723965E-3,1.042479700E1
7.852942508E1,-1.030616636E0,1.028621829E1,-5.879141907E-2,1.033788730E1
7.853937908E1,-1.007776242E0,1.022585632E1,-1.270371737E-1,1.027618065E1
7.854933408E1,-1.014010324E0,1.020003969E1,-2.184239467E-1,1.025264530E1
7.855928808E1,-1.085482011E0,9.980895402E0,-3.138709348E-1,1.004465326E1
7.856924308E1,-1.126239662E0,9.480156226E0,-4.895025820E-1,9.559361413E0
7.857919808E1,-1.123549870E0,9.249706348E0,-6.216438085E-1,9.338408475E0
7.858915208E1,-1.300961336E0,8.294410474E0,-6.240944497E-1,8.418980900E0
7.859910708E1,-2.122482710E0,1.447005195E0,-4.991669331E-1,2.616853935E0
7.860906108E1,-2.462063706E0,-6.940505816E0,-5.620619235E-1,7.385681572E0
7.861901608E1,-2.076602094E0,-1.642766116E1,-3.415054607E-1,1.656191273E1
7.862897108E1,-8.998556449E-1,-2.050582277E1,2.385780565E-1,2.052694393E1
7.863892508E1,4.197800171E-1,-1.523911634E1,9.258066112E-1,1.527298269E1
7.864888008E1,4.352231714E-1,-7.412657370E0,5.912189913E-1,7.448922633E0
7.865883408E1,1.038633607E-1,-3.070523213E0,-1.929544620E-3,3.072279955E0
7.866878908E1,1.421233007E-1,-5.518596286E-1,-2.203967607E-1,6.110014848E-1
7.867874408E1,5.062241569E-1,1.268204942E0,5.836817841E-1,1.485022255E0
7.868869808E1,1.072793041E0,2.647422781E0,2.202103661E0,3.606798140E0
7.869865308E1,1.411695322E0,3.644445555E0,2.898946902E0,4.866082637E0
7.870860708E1,1.425429408E0,4.016467050E0,2.883729815E0,5.145848249E0
7.871856208E1,9.477859294E-1,3.416162070E0,2.333735156E0,4.244382315E0
7.872851708E1,4.414865626E-1,2.515218405E0,2.024748985E0,3.258963403E0
7.873847108E1,3.497201409E-1,1.798664346E0,2.762868160E0,3.315258373E0
7.874842608E1,5.811744250E-1,1.238894019E0,3.271062537E0,3.545768213E0
7.875838008E1,9.530836529E-1,8.603540486E-1,2.881759889E0,3.154856192E0
7.876833508E1,1.123566754E0,6.117327780E-1,2.040116930E0,2.408048241E0
7.877828908E1,1.042517620E0,3.210156476E-1,1.412312057E0,1.784522171E0
7.878824408E1,8.959540171E-1,3.886761189E-1,1.319314284E0,1.641460602E0
7.879819908E1,5.973736243E-1,8.442063779E-1,1.707984995E0,1.996685352E0
7.880815308E1,2.009696060E-1,1.632702824E0,2.224867895E0,2.766973878E0
7.881810808E1,-2.493240329E-1,2.566225421E0,2.607693290E0,3.667115989E0
7.882806208E1,-8.278023067E-1,3.434568520E0,2.761778824E0,4.484299260E0
7.883801708E1,-1.549171548E0,4.328435301E0,2.673790508E0,5.318311792E0
7.884797208E1,-2.359286904E0,5.116734111E0,2.256098020E0,6.069364129E0
7.885792608E1,-2.664165406E0,6.096959589E0,1.728777255E0,6.874544664E0
7.886788108E1,-2.932345321E0,7.464414584E0,8.655039838E-1,8.066302208E0
7.887783508E1,-3.433882934E0,8.830382048E0,-3.020624828E-1,9.479369223E0
7.888779046E1,-3.997908280E0,1.002178966E1,-2.293361009E0,1.103082242E1
7.889774546E1,-4.465814755E0,1.106765306E1,-4.751489539E0,1.284574242E1
7.890769946E1,-4.899679034E0,1.086215266E1,-6.260193969E0,1.346043252E1
7.891765446E1,-4.558242863E0,9.756987973E0,-5.705508381E0,1.218725639E1
7.892760846E1,-2.916047669E0,8.980936157E0,-4.661092755E0,1.053025802E1
7.893756346E1,-1.502227177E0,7.989282296E0,-3.929781493E0,9.029313411E0
7.894751846E1,-6.504124749E-1,5.761197848E0,-3.461201418E0,6.752359016E0
7.895747246E1,1.958563255E-1,1.949328382E0,-3.695932336E0,4.183079807E0
7.896742746E1,2.685437869E0,-3.999998367E0,-4.228928554E-1,4.836362460E0
7.897738146E1,6.939768482E0,-1.299986547E1,3.591855990E0,1.516767346E1
7.898733646E1,1.076072803E1,-2.277954064E1,3.359043252E0,2.541621355E1
7.899729146E1,1.269735977E1,-2.531356018E1,-7.082495508E-1,2.832844668E1
7.900724546E1,1.005788335E1,-2.090355037E1,-3.584668593E0,2.347273492E1
7.901720046E1,3.971917991E0,-1.564209475E1,-3.354758120E0,1.648349668E1
7.902715446E1,-5.030318695E-1,-1.286317745E1,-3.068129362E0,1.323358579E1
7.903710946E1,-2.633773625E0,-1.121805748E1,-3.486473669E0,1.203898151E1
7.904706446E1,-3.970504426E0,-1.043351667E1,-4.262273471E0,1.194948328E1
7.905701846E1,-5.552713035E0,-1.107975095E1,-5.207414485E0,1.344286683E1
7.906697346E1,-6.371210375E0,-1.211554076E1,-5.874371291E0,1.489586814E1
7.907692746E1,-4.639244633E0,-1.176229175E1,-4.597198475E0,1.345393369E1
7.908688246E1,-2.916412535E0,-1.050782192E1,-3.399607141E0,1.142265785E1
7.909683746E1,-1.365701123E0,-9.267459664E0,-3.277695910E0,9.924426364E0
7.910679146E1,3.096353946E-1,-7.722141724E0,-2.906050684E0,8.256662610E0
7.911674646E1,1.379773471E0,-6.447749843E0,-2.064682837E0,6.909426032E0
7.912670046E1,1.757926063E0,-5.568399945E0,-1.207132821E0,5.962763758E0
7.913665546E1,1.901633082E0,-4.563498048E0,-6.514941368E-1,4.986598783E0
7.914661046E1,1.970252059E0,-3.070779905E0,-3.993095729E-1,3.670290252E0
7.915656446E1,1.819682309E0,-1.331180039E0,-2.945023254E-1,2.273766835E0
7.916651946E1,1.471601361E0,4.204031110E-1,-2.563758481E-1,1.551798285E0
7.917647346E1,1.036896253E0,1.949110866E0,-2.572684255E-1,2.222695222E0
7.918642846E1,5.902291308E-1,3.247927735E0,-1.793634863E-1,3.305990965E0
7.919638346E1,2.021434711E-1,4.467708961E0,-8.303850219E-2,4.473050495E0
7.920633746E1,-1.067477191E-1,5.705067501E0,-2.787265375E-2,5.706134169E0
7.921629246E1,-4.042092472E-1,6.930867265E0,4.327188089E-2,6.942778883E0
7.922624646E1,-6.482702744E-1,8.039263710E0,6.237583078E-2,8.065600170E0
7.923620146E1,-8.456868929E-1,9.054400574E0,5.829096593E-2,9.093995487E0
7.924615646E1,-9.767547168E-1,9.904637185E0,3.555180207E-3,9.952683065E0
7.925611046E1,-1.017263350E0,1.041905534E1,-1.596733165E-1,1.046981540E1
7.926606546E1,-1.006628288E0,1.062460719E1,-2.937512140E-1,1.067622912E1
7.927601946E1,-9.869138154E-1,1.058703649E1,-2.799295656E-1,1.063662075E1
7.928597446E1,-9.374381849E-1,1.046373274E1,-1.853871600E-1,1.050727661E1
7.929592946E1,-8.578961715E-1,1.033921979E1,-1.775542116E-1,1.037626991E1
7.930588346E1,-7.454903211E-1,1.024721035E1,-2.577481896E-1,1.027752450E1
7.931583846E1,-7.113182426E-1,1.019234826E1,-3.125675905E-1,1.022191935E1
7.932579246E1,-8.245079854E-1,1.006453631E1,-3.506581439E-1,1.010433896E1
7.933574746E1,-9.602708311E-1,9.612899131E0,-5.188854253E-1,9.674667532E0
7.934570246E1,-9.260451776E-1,9.199646580E0,-8.005861491E-1,9.280732463E0
7.935565646E1,-8.838538621E-1,8.734287736E0,-1.060871446E0,8.842761341E0
7.936561146E1,-1.835099516E0,4.700864931E0,-1.375691968E0,5.230511421E0
7.937556546E1,-3.064320779E0,-1.688780546E0,-1.780253218E0,3.925728351E0
7.938552046E1,-3.763777579E0,-9.793720182E0,-2.181124874E0,1.071635584E1
7.939547446E1,-3.102352823E0,-1.868256737E1,-8.369295911E-1,1.895688180E1
7.940542946E1,-1.339039574E0,-2.070208105E1,1.898455852E0,2.083202634E1
7.941538446E1,2.193119560E-1,-1.402283000E1,2.497694299E0,1.424522151E1
7.942533846E1,1.011622577E-1,-6.165766114E0,1.836549625E0,6.434269197E0
7.943529346E1,-9.699812656E-2,-1.828291018E0,1.199172714E0,2.188623284E0
7.944524746E1,-1.405764016E-1,9.375829035E-1,2.237081705E0,2.429682691E0
7.945520246E1,-6.760339507E-1,2.920051550E0,3.252151179E0,4.422692647E0
7.946515746E1,-1.480700360E0,3.899719788E0,3.091736326E0,5.192217396E0
7.947511146E1,-1.919720859E0,4.459555019E0,2.539303963E0,5.479144437E0
7.948506646E1,-1.824248984E0,4.700841542E0,2.186816554E0,5.496177053E0
7.949502046E1,-1.111219554E0,4.986247061E0,2.074251806E0,5.513618522E0
7.950497546E1,-2.940922894E-1,5.121860365E0,1.962424976E0,5.492818553E0
7.951493046E1,4.178896853E-1,4.949819493E0,1.690704572E0,5.247268504E0
7.952488446E1,8.388859963E-1,4.042099489E0,1.404751753E0,4.360690941E0
7.953483946E1,1.114432233E0,2.568643829E0,1.350542801E0,3.108674345E0
7.954479346E1,1.804090854E0,1.201606325E0,1.459641613E0,2.613265239E0
7.955474846E1,2.889194039E0,2.509437847E-1,1.942047721E0,3.490267085E0
7.956470346E1,3.966835883E0,4.828104436E-2,3.340910743E0,5.186501960E0
7.957465746E1,4.739167702E0,6.346766675E-1,4.440410650E0,6.525317748E0
7.958461246E1,4.113018029E0,1.712771087E0,3.291744138E0,5.539501925E0
7.959456646E1,3.391789998E0,3.548978650E0,4.687829733E-2,4.909346843E0
7.960452146E1,2.862526057E0,6.920038222E0,-2.248806103E0,7.819086476E0
7.961447646E1,2.313838251E0,9.833002946E0,-3.647524699E0,1.073993626E1
7.962443046E1,1.649638261E0,1.150241927E1,-4.165203259E0,1.234406228E1
7.963438546E1,1.657474553E0,1.198687395E1,-2.632318254E0,1.238391975E1
7.964433946E1,2.098308128E0,1.182586970E1,-6.193674874E-1,1.202654178E1
7.965429446E1,2.065581262E0,1.044156712E1,1.253970480E0,1.071752732E1
7.966424946E1,2.270932406E0,7.921780284E0,1.616844006E0,8.397971267E0
7.967420346E1,3.255918248E0,5.932572137E0,2.201321742E-1,6.770884283E0
7.968415846E1,3.343570057E0,-1.051309494E0,-1.575015364E0,3.842575409E0
7.969411246E1,2.457513403E0,-1.440920933E1,-3.892552856E0,1.512668680E1
7.970406746E1,8.732856046E-1,-2.789731380E1,-6.331111339E0,2.862002299E1
7.971402246E1,-1.753821757E0,-3.434436724E1,-6.932771119E0,3.508097443E1
7.972397646E1,-2.771369135E0,-3.001154770E1,-9.508616964E0,3.160359598E1
7.973393146E1,-1.942645599E0,-2.020492973E1,-1.006208399E1,2.265521113E1
7.974388546E1,-8.550838070E-1,-1.139307166E1,-7.218498820E0,1.351443581E1
7.975384046E1,-1.109631231E0,-7.166312420E0,-3.945387712E0,8.255507215E0
7.976379546E1,-2.481109841E0,-6.874534020E0,-1.638731011E0,7.490030932E0
7.977374946E1,-4.186654062E0,-7.880873748E0,-5.922831845E-1,8.943547542E0
7.978370446E1,-5.855846143E0,-8.987411948E0,-3.189661986E-1,1.073155380E1
7.979365846E1,-7.015626749E0,-1.053836193E1,-6.046947768E-1,1.267445251E1
7.980361346E1,-7.307811531E0,-1.158684020E1,-8.058734939E-1,1.372255105E1
7.981356846E1,-5.471065439E0,-1.068955455E1,-2.120425513E-1,1.201016634E1
7.982352246E1,-2.690540149E0,-8.107400730E0,2.903353071E-1,8.547119250E0
7.983347746E1,-1.070096890E0,-5.431604335E0,1.574552849E-1,5.538251093E0
7.984343146E1,-8.396784402E-2,-2.825778646E0,-9.593906790E-2,2.828653365E0
7.985338646E1,6.551176563E-1,-3.602001786E-1,-2.379118028E-1,7.845542290E-1
7.986334046E1,1.082604961E0,1.837605048E0,-8.846106380E-2,2.134631391E0
7.987329546E1,1.310902188E0,3.685977743E0,2.009948221E-1,3.917307160E0
7.988325033E1,1.453113489E0,5.205196052E0,5.177180287E-1,5.428962765E0
7.989320433E1,1.453695579E0,6.482412137E0,9.848582268E-1,6.716013973E0
7.990315933E1,1.488536214E0,7.681401833E0,1.434919585E0,7.954789023E0
7.991311333E1,1.569916299E0,8.803318795E0,2.105916963E0,9.186835432E0
7.992306833E1,1.519272980E0,9.739303070E0,2.881200310E0,1.026954380E1
7.993302333E1,1.399195729E0,1.037997021E1,3.256479288E0,1.096841773E1
7.994297733E1,1.056489104E0,1.082570346E1,3.202441660E0,1.133876789E1
7.995293233E1,5.662122772E-1,1.093368984E1,2.862476356E0,1.131635722E1
7.996288633E1,2.835174537E-1,1.083923392E1,2.392422198E0,1.110374072E1
7.997284133E1,1.041752366E-1,1.073329289E1,2.014921278E0,1.092127907E1
7.998279633E1,-8.262196116E-2,1.054874190E1,1.599957247E0,1.066970690E1
7.999275033E1,-1.792200468E-1,1.047195042E1,1.315034122E0,1.055571789E1
8.000270533E1,-6.979189094E-2,1.062554391E1,1.158165021E0,1.068870434E1
8.001265933E1,-2.224335286E-1,1.050457438E1,8.544559622E-1,1.054161536E1
8.002261433E1,-5.086633960E-1,1.032722131E1,6.540718818E-1,1.036040773E1
8.003256933E1,-5.722864014E-1,1.022334669E1,5.708508003E-1,1.025525231E1
8.004252333E1,-5.381254326E-1,1.008720948E1,4.450081944E-1,1.011135037E1
8.005247833E1,-3.598681664E-1,9.808932298E0,-7.911301050E-3,9.815534653E0
8.006243233E1,-1.892738590E-1,9.239726320E0,-7.302529156E-1,9.270471206E0
8.007238733E1,-5.188966447E-1,8.601409761E0,-2.270943954E0,8.911267589E0
8.008234233E1,-6.878100968E-1,3.901471614E0,-4.313802643E0,5.856915291E0
8.009229633E1,-1.509860351E-1,-1.598168233E1,-5.735661303E0,1.698042336E1
8.010225133E1,-5.179328408E-1,-3.347823322E1,-8.597312617E0,3.456839797E1
8.011220533E1,-2.019728566E0,-3.422462796E1,-7.822864691E0,3.516534763E1
8.012216033E1,-3.224140385E0,-2.568503145E1,-3.288722005E0,2.609466640E1
8.013211533E1,-3.016655446E0,-1.400168881E1,-8.139229902E-1,1.434607856E1
8.014206933E1,-2.483983163E0,-4.733683013E0,1.759041420E0,5.627801875E0
8.015202433E1,-3.366573588E0,9.129012215E-1,5.523655297E0,6.532838143E0
8.016197833E1,-3.403347605E0,4.910413352E0,4.544595169E0,7.506549104E0
8.017193333E1,-2.941569888E0,7.136981617E0,3.325575543E0,8.405283618E0
8.018188833E1,-2.054236202E0,7.661420728E0,2.346389116E0,8.271807289E0
8.019184233E1,-1.299858844E0,7.827479898E0,1.778065774E0,8.131456971E0
8.020179733E1,-6.688810518E-1,7.855415556E0,1.957775562E0,8.123290009E0
8.021175133E1,2.426163995E-1,8.203628942E0,4.323073404E0,9.276171311E0
8.022170633E1,1.740839768E0,8.630295591E0,8.497517602E0,1.223602593E1
8.023166033E1,3.398739999E0,7.961461828E0,1.193314973E1,1.474233260E1
8.024161533E1,3.638210084E0,6.016596041E0,1.199125702E1,1.390058436E1
8.025157033E1,3.214431376E0,4.199581379E0,1.113287875E1,1.232517919E1
8.026152433E1,2.599831123E0,2.973936566E0,9.956519530E0,1.071147524E1
8.027147933E1,1.803326477E0,2.394369906E0,8.091020340E0,8.628418381E0
8.028143333E1,7.336146992E-1,2.203481703E0,5.363625775E0,5.844827080E0
8.029138833E1,3.523565043E-2,3.016376826E0,2.409915021E0,3.861018145E0
8.030134333E1,-3.940778498E-1,4.701642610E0,1.817332166E-1,4.721627638E0
8.031129733E1,-8.910868679E-1,6.229478545E0,-3.449316368E-1,6.302334217E0
8.032125233E1,-1.298796405E0,7.269835619E0,1.305110228E-1,7.386096070E0
8.033120633E1,-7.630747989E-1,8.591423301E0,1.947988200E-1,8.627443658E0
8.034116133E1,-1.465997829E-1,9.281635069E0,-4.357587764E-1,9.293014944E0
8.035111633E1,-7.353619203E-2,9.410030569E0,-3.323799452E0,9.980066416E0
8.036107033E1,-3.793530989E-1,7.312944217E0,-5.699392778E0,9.279339412E0
8.037102533E1,-5.571486544E-1,1.452195184E0,-5.758190625E0,5.964565763E0
8.038097933E1,-1.014480367E0,-7.807182459E0,-7.659501672E0,1.098404453E1
8.039093433E1,-1.836559273E0,-1.940814017E1,-8.598055213E0,2.130669868E1
8.040088933E1,-3.018523047E0,-2.811427591E1,-6.517363869E0,2.901723665E1
8.041084333E1,-2.786116690E0,-2.817162774E1,-6.590100893E0,2.906600222E1
8.042079833E1,-1.503553325E0,-2.117429283E1,-8.069290917E0,2.270957519E1
8.043075233E1,-1.015315935E0,-1.459060867E1,-6.969550105E0,1.620158500E1
8.044070733E1,-9.558001962E-1,-1.068947269E1,-4.275125651E0,1.155227595E1
8.045066233E1,-1.001797757E0,-9.169259770E0,-2.285007677E0,9.502640873E0
8.046061633E1,-1.201602670E0,-9.284681468E0,-1.120125375E0,9.428883274E0
8.047057133E1,-1.680627919E0,-1.040897357E1,-8.480962381E-1,1.057783098E1
8.048052533E1,-2.344212928E0,-1.170278464E1,-1.396874676E0,1.201672840E1
8.049048033E1,-2.718096030E0,-1.187528335E1,-2.655988952E0,1.246854755E1
8.050043533E1,-2.341727277E0,-1.019570924E1,-3.762416639E0,1.111719176E1
8.051038933E1,-1.512761667E0,-7.898685536E0,-3.744006096E0,8.871035042E0
8.052034433E1,-6.974294975E-1,-6.244373158E0,-2.748478455E0,6.858041838E0
8.053029833E1,-1.149944859E-1,-4.802857329E0,-1.694506139E0,5.094311858E0
8.054025333E1,3.085004865E-1,-3.512376834E0,-9.353214929E-1,3.647847293E0
8.055020733E1,6.410221390E-1,-2.319977535E0,-3.404398057E-1,2.430864950E0
8.056016233E1,8.176975872E-1,-1.143815954E0,3.204244941E-2,1.406403569E0
8.057011733E1,8.686879389E-1,6.527480721E-2,2.118592411E-1,8.965287913E-1
8.058007133E1,8.438725019E-1,1.391516288E0,2.528108007E-1,1.646921880E0
8.059002633E1,7.795436279E-1,2.849275682E0,2.000341246E-1,2.960755618E0
8.059998033E1,6.662952668E-1,4.338415328E0,1.622861083E-1,4.392281153E0
8.060993533E1,5.003894762E-1,5.796097539E0,1.258426058E-1,5.819018188E0
8.061989033E1,3.299276083E-1,7.214519205E0,7.278599426E-2,7.222426004E0
8.062984433E1,1.262383070E-1,8.522060121E0,8.883309290E-2,8.523457991E0
8.063979933E1,-7.139159778E-2,9.568753822E0,1.467813389E-1,9.570145832E0
8.064975333E1,-2.280160299E-1,1.019413517E1,1.800532385E-1,1.019827448E1
8.065970833E1,-2.982746200E-1,1.041431675E1,1.851591368E-1,1.042023249E1
8.066966333E1,-3.872943852E-1,1.039528173E1,1.499238153E-1,1.040357421E1
8.067961733E1,-4.753035689E-1,1.029566739E1,5.367734833E-3,1.030663424E1
8.068957233E1,-5.663382481E-1,1.024394760E1,-1.927061015E-1,1.026140035E1
8.069952633E1,-6.634421910E-1,1.025737515E1,-4.342206663E-1,1.028797590E1
8.070948133E1,-7.527728089E-1,1.027487703E1,-6.707013631E-1,1.032422420E1
8.071943533E1,-8.262674126E-1,1.028709070E1,-9.364842117E-1,1.036262300E1
8.072939033E1,-9.403312410E-1,1.017001307E1,-1.149528026E0,1.027787932E1
8.073934533E1,-1.011557271E0,9.509206363E0,-1.464375519E0,9.674329404E0
8.074929933E1,-1.108990961E0,8.983125354E0,-2.002074799E0,9.270097388E0
8.075925433E1,-1.344489764E0,8.083858670E0,-2.289258164E0,8.508650108E0
8.076920833E1,-1.852961590E0,2.307427656E0,-2.355695690E0,3.782458358E0
8.077916333E1,-2.124469448E0,-4.529339783E0,-3.970526646E0,6.386968855E0
8.078911833E1,-1.969744959E0,-1.402885731E1,-5.965841625E0,1.537140198E1
8.079907233E1,-1.592880215E0,-1.966770860E1,-5.848181612E0,2.058050673E1
8.080902733E1,-8.177096470E-1,-1.544735908E1,-4.108478251E0,1.600528492E1
8.081898133E1,-3.170743319E-1,-6.900287497E0,-2.194292219E0,7.247718401E0
8.082893633E1,-3.150605509E-1,-2.200823559E0,-1.090921456E0,2.476488868E0
8.083889133E1,-2.565860920E-1,3.491161966E-1,-3.171646349E-1,5.369468754E-1
8.084884533E1,-1.707920529E-1,1.926721292E0,3.441892596E-1,1.964660558E0
8.085880033E1,-9.003184520E-2,2.778516771E0,1.076941348E0,2.981285603E0
8.086875433E1,7.371270485E-2,3.082502403E0,2.849959806E0,4.198752854E0
8.087870933E1,7.232419579E-1,3.107081759E0,5.941997849E0,6.744210437E0
8.088866412E1,1.175140073E0,2.896060424E0,5.495483412E0,6.322061222E0
8.089861813E1,1.334339728E0,2.561219620E0,4.483096493E0,5.332772508E0
8.090857312E1,1.348872544E0,2.137202929E0,3.262095539E0,4.126543445E0
8.091852713E1,1.483716500E0,1.877314074E0,2.576861798E0,3.516523783E0
8.092848213E1,1.778587638E0,2.144805479E0,3.248692259E0,4.279902560E0
8.093843713E1,1.956229997E0,2.897196538E0,5.120977435E0,6.200402686E0
8.094839112E1,1.928647073E0,3.772815328E0,6.441918415E0,7.710520598E0
8.095834613E1,1.306635913E0,4.221710751E0,6.620368420E0,7.959862881E0
8.096830012E1,5.220014796E-1,4.946968390E0,6.282077174E0,8.013081518E0
8.097825512E1,-2.325260056E-1,5.627014189E0,5.571128840E0,7.921794846E0
8.098821012E1,-1.108243833E0,5.884059543E0,4.875595522E0,7.721514929E0
8.099816413E1,-2.010377260E0,5.970360938E0,4.260294773E0,7.605060027E0
8.100811913E1,-2.738474746E0,6.247615439E0,3.657395676E0,7.740057218E0
8.101807313E1,-2.878622565E0,6.675068538E0,3.161660839E0,7.927112155E0
8.102802813E1,-2.632678150E0,7.382417325E0,3.032155538E0,8.403870953E0
8.103798212E1,-2.372087190E0,8.131552654E0,2.359554999E0,8.792977084E0
8.104793712E1,-2.146115840E0,8.378123891E0,6.618767452E-1,8.673918028E0
8.105789212E1,-2.226436556E0,8.754638386E0,-1.575119444E0,9.169608185E0
8.106784613E1,-2.629900722E0,8.097348197E0,-3.017346879E0,9.032596958E0
8.107780113E1,-2.638161961E0,5.811827134E0,-3.881574124E0,7.470197510E0
8.108775513E1,-2.539373545E0,2.008033842E0,-5.004157083E0,5.960050841E0
8.109771013E1,-2.923739096E0,-3.837798944E0,-6.447154012E0,8.052499356E0
8.110766513E1,-3.274327914E0,-1.341530429E1,-8.901803448E0,1.642965968E1
8.111761912E1,-2.749112293E0,-2.465958653E1,-1.036445053E1,2.689004762E1
8.112757412E1,-6.617109767E-1,-3.079784617E1,-9.013063098E0,3.209642498E1
8.113752813E1,2.757253664E0,-2.946426234E1,-7.214122764E0,3.045962525E1
8.114748312E1,5.154385502E0,-2.375404462E1,-5.786488810E0,2.498611171E1
8.115743812E1,4.914189484E0,-1.628200819E1,-3.889510549E0,1.744652806E1
8.116739213E1,3.806688833E0,-1.159925735E1,-2.156356069E0,1.239691584E1
8.117734713E1,2.779133068E0,-9.586765586E0,-9.196144098E-1,1.002373911E1
8.118730112E1,1.713286519E0,-9.344811310E0,-8.236007899E-2,9.500927971E0
8.119725613E1,8.150299412E-1,-9.932216163E0,-1.212466943E-1,9.966337967E0
8.120721113E1,1.697245706E-1,-1.031767865E1,-1.556642243E0,1.043582456E1
8.121716512E1,-2.540729222E-1,-9.840039486E0,-3.431233268E0,1.042421661E1
8.122712012E1,-6.870798527E-1,-8.872433469E0,-3.965507688E0,9.742556420E0
8.123707413E1,-1.113585410E0,-7.746000702E0,-3.155843444E0,8.438006115E0
8.124702913E1,-1.389954497E0,-6.463048498E0,-1.871632919E0,6.870660752E0
8.125698313E1,-1.446641352E0,-5.113400028E0,-8.493501735E-1,5.381545017E0
8.126693813E1,-1.366594870E0,-3.709847247E0,-1.775235137E-1,3.957532405E0
8.127689313E1,-1.266466272E0,-2.218504370E0,3.373337647E-1,2.576721274E0
8.128684712E1,-1.196623328E0,-7.243279320E-1,6.320354801E-1,1.534935565E0
8.129680212E1,-1.178155774E0,7.128521866E-1,8.005329394E-1,1.592815826E0
8.130675613E1,-1.191447007E0,2.042104399E0,9.017713389E-1,2.530400738E0
8.131671113E1,-1.215275215E0,3.335739466E0,9.318453231E-1,3.670475083E0
8.132666612E1,-1.234408620E0,4.550796726E0,8.914384317E-1,4.798768379E0
8.133662013E1,-1.235404839E0,5.730741456E0,8.488324025E-1,5.923524221E0
8.134657513E1,-1.197657408E0,6.873261082E0,7.948883298E-1,7.021961878E0
8.135652912E1,-1.168421914E0,8.006451475E0,7.464950189E-1,8.125621810E0
8.136648412E1,-1.091196275E0,9.110174825E0,7.161796908E-1,9.203200965E0
8.137643913E1,-9.919405206E-1,9.998074522E0,6.767741351E-1,1.006992867E1
8.138639312E1,-8.984601337E-1,1.042177312E1,5.941683269E-1,1.047729076E1
8.139634812E1,-8.838991781E-1,1.051725582E1,4.602717662E-1,1.056436452E1
8.140630213E1,-9.239040003E-1,1.044860015E1,2.658986966E-1,1.049273776E1
8.141625713E1,-9.790283335E-1,1.042467568E1,1.329773784E-2,1.047055569E1
8.142621112E1,-1.006376565E0,1.038594957E1,-2.704278767E-1,1.043809722E1
8.143616613E1,-1.059309654E0,1.037529945E1,-5.844274503E-1,1.044559865E1
8.144612113E1,-1.125952929E0,1.039780890E1,-9.230432171E-1,1.049924800E1
8.145607512E1,-1.197933908E0,1.039813400E1,-1.309104461E0,1.054845917E1
8.146603012E1,-1.254559441E0,9.517439243E0,-1.794090069E0,9.765978103E0
8.147598413E1,-1.316171114E0,8.878771266E0,-2.260442355E0,9.256051276E0
8.148593913E1,-1.435870635E0,8.438329747E0,-2.356982224E0,8.878203568E0
8.149589413E1,-1.668675187E0,4.228309334E0,-2.390231977E0,5.135784809E0
8.150584813E1,-1.950495486E0,-4.518679140E0,-3.612813873E0,6.105351578E0
8.151580313E1,-2.256408361E0,-1.295118506E1,-5.204934681E0,1.413916257E1
8.152575712E1,-7.567575402E-1,-1.797086884E1,-4.351518939E0,1.850568901E1
8.153571212E1,1.040942527E0,-1.336957205E1,-2.651854970E0,1.366972395E1
8.154566712E1,1.535388491E0,-5.804867778E0,-1.816528759E0,6.273251507E0
8.155562113E1,1.387534919E0,-1.193300355E0,-1.320428764E0,2.256712434E0
8.156557612E1,1.379321920E0,1.293698217E0,-9.396978414E-1,2.111685599E0
8.157553013E1,1.385181999E0,2.500727835E0,-4.463016351E-1,2.893363790E0
8.158548513E1,1.431390352E0,2.837203521E0,2.327297080E-1,3.186340420E0
8.159544013E1,1.316164535E0,2.617765118E0,1.061105919E0,3.116236363E0
8.160539412E1,1.017241715E0,2.081588307E0,2.018507960E0,3.072810598E0
8.161534913E1,7.134597854E-1,1.514002592E0,2.840576195E0,3.296983747E0
8.162530312E1,9.107086618E-1,1.244516117E0,4.252426175E0,4.523421162E0
8.163525812E1,1.346317019E0,1.531914952E0,4.301914669E0,4.760861556E0
8.164521213E1,1.544732488E0,1.934808576E0,3.799526578E0,4.534984554E0
8.165516713E1,1.700359348E0,2.380951130E0,3.157732387E0,4.304814053E0
8.166512213E1,1.590707536E0,2.844828290E0,2.632031448E0,4.189389932E0
8.167507613E1,9.169980732E-1,3.263184291E0,2.538406708E0,4.234709647E0
8.168503113E1,-4.743998086E-1,3.213375953E0,3.062628887E0,4.464362877E0
8.169498512E1,-2.075770327E0,2.785952675E0,4.264067397E0,5.500238679E0
8.170494012E1,-3.072311876E0,2.657877603E0,5.207992190E0,6.605043245E0
8.171489512E1,-3.304950367E0,3.364370942E0,5.144966222E0,6.979424489E0
8.172484913E1,-3.135602723E0,4.504372757E0,4.363379723E0,7.011452130E0
8.173480412E1,-2.558842142E0,5.824592190E0,3.263980097E0,7.150322605E0
8.174475813E1,-1.605639717E0,7.120550941E0,1.797938414E0,7.517506711E0
8.175471313E1,-8.066679843E-1,8.249785109E0,4.994466493E-1,8.304162482E0
8.176466813E1,-3.602926377E-1,9.188687729E0,-5.492532322E-1,9.212137215E0
8.177462212E1,-3.104798056E-1,9.469537683E0,-1.978552766E0,9.679008869E0
8.178457712E1,-4.360269808E-1,8.790064911E0,-4.021880694E0,9.676305338E0
8.179453113E1,-3.980071421E-1,6.201082127E0,-6.929522406E0,9.307529748E0
8.180448612E1,-2.666267480E-1,1.441815206E0,-9.277513951E0,9.392666609E0
8.181444112E1,-4.400137130E-3,-5.062871899E0,-8.708668746E0,1.007341067E1
8.182439513E1,5.569934474E-1,-1.293678571E1,-5.876544117E0,1.421986065E1
8.183435013E1,2.452423401E0,-1.835921517E1,-3.110169089E0,1.878159509E1
8.184430412E1,4.929558306E0,-1.872605194E1,-1.645090443E0,1.943378216E1
8.185425913E1,6.638912864E0,-1.563114175E1,-2.439643435E0,1.715691162E1
8.186421312E1,5.243339193E0,-1.299708336E1,-2.354922835E0,1.421134911E1
8.187416812E1,2.668536784E0,-1.186367779E1,-1.847356449E0,1.229962053E1
8.188412675E1,9.788239733E-1,-1.109302529E1,-1.666487744E0,1.126012824E1
8.189408075E1,-2.842125962E-1,-1.120610928E1,-1.206804207E0,1.127448617E1
8.190403575E1,-1.571910200E0,-1.385641824E1,-1.982537059E0,1.408551317E1
8.191398975E1,-2.513239122E0,-1.389421698E1,-1.007035254E0,1.415555567E1
8.192394475E1,-3.062644674E0,-1.104774796E1,1.057965964E-1,1.146489077E1
8.193389975E1,-3.765650442E0,-8.663386738E0,1.006197056E0,9.499832922E0
8.194385375E1,-5.436491438E0,-7.577938861E0,1.771818025E0,9.493152039E0
8.195380875E1,-6.924871531E0,-7.736776135E0,1.617739799E0,1.050850288E1
8.196376275E1,-5.685448923E0,-6.854890299E0,1.673584217E0,9.061718082E0
8.197371775E1,-4.216238342E0,-5.281211025E0,3.014309251E0,7.399588901E0
8.198367275E1,-3.090912746E0,-4.209792371E0,3.444839154E0,6.256437502E0
8.199362675E1,-1.858206397E0,-3.594502147E0,3.262504844E0,5.197818250E0
8.200358175E1,-3.924029514E-1,-3.702862163E0,1.946615566E0,4.201723508E0
8.201353575E1,4.923310263E-1,-4.144277828E0,6.581555772E-1,4.224996724E0
8.202349075E1,1.290890238E0,-3.204167174E0,8.413909435E-1,3.555421719E0
8.203344575E1,1.695882428E0,-9.258183056E-1,1.609194970E0,2.514491041E0
8.204339975E1,1.618163722E0,1.926478048E0,1.841338787E0,3.117739571E0
8.205335475E1,1.081612031E0,4.560353415E0,1.828911115E0,5.031065864E0
8.206330875E1,3.595309648E-1,6.724298585E0,1.726452110E0,6.951696977E0
8.207326375E1,-1.978142291E-1,8.393972769E0,1.598890861E0,8.547184408E0
8.208321775E1,-5.600376175E-1,9.503560876E0,1.480688373E0,9.634508266E0
8.209317275E1,-7.902248830E-1,1.007684119E1,1.335432719E0,1.019561496E1
8.210312775E1,-9.473945314E-1,1.020034608E1,1.194347738E0,1.031363579E1
8.211308175E1,-1.146121803E0,1.007243707E1,7.618992893E-1,1.016602549E1
8.212303675E1,-1.080319139E0,9.912203482E0,-8.121162736E-1,1.000391924E1
8.213299075E1,-7.477192797E-1,9.606544962E0,-3.533109891E0,1.026292628E1
8.214294575E1,-2.652545527E-1,9.261185017E0,-6.958687148E0,1.158720133E1
8.215290075E1,3.759203448E-1,8.978201414E0,-9.212515132E0,1.286933766E1
8.216285475E1,1.058729172E0,8.627031675E0,-9.752630044E0,1.306370452E1
8.217280975E1,1.441606022E0,7.777266349E0,-8.823732594E0,1.184999395E1
8.218276375E1,1.539819511E0,6.101981762E0,-6.137412965E0,8.790509852E0
8.219271875E1,1.654915519E0,3.925124770E0,-3.257203758E0,5.362343346E0
8.220267275E1,1.934646901E0,7.859447211E-1,-2.062536032E0,2.935067736E0
8.221262775E1,1.329280425E0,-3.715990332E0,6.773917472E-1,4.004301459E0
8.222258275E1,-2.893833804E0,-8.647049618E0,1.106174152E1,1.433554557E1
8.223253675E1,2.142659551E0,-1.503189102E1,5.844481494E0,1.626980951E1
8.224249175E1,6.337728049E0,-1.423466059E1,-1.910008196E0,1.569842318E1
8.225244575E1,4.820069193E0,-5.361878627E0,-5.248265473E0,8.917796808E0
8.226240075E1,1.957985477E0,1.089312302E0,-4.778867957E0,5.278057159E0
8.227235575E1,1.893820325E-1,4.036281509E0,-3.380414532E0,5.268266925E0
8.228230975E1,-7.664357053E-1,5.226620250E0,-1.937995309E0,5.626793824E0
8.229226475E1,-1.128787513E0,5.640092071E0,-5.916258844E-1,5.782285103E0
8.230221875E1,-2.822636060E0,3.340083362E0,1.854578784E0,4.750041438E0
8.231217375E1,-6.035652409E-1,-1.350285231E0,6.306664715E0,6.477775933E0
8.232212875E1,3.295065064E0,-7.707045382E-1,5.318842535E0,6.304087973E0
8.233208275E1,3.424159599E0,-1.248815575E0,1.039951628E1,1.101972541E1
8.234203775E1,4.614222643E0,-2.151632688E0,1.328237486E1,1.422469880E1
8.235199175E1,3.564604164E0,9.201003134E-2,7.027245752E0,7.880168244E0
8.236194675E1,2.532169775E0,2.064336682E0,5.529592559E0,6.422597884E0
8.237190075E1,2.359071288E0,3.245476583E0,5.713272899E0,6.981391180E0
8.238185575E1,2.455521256E0,3.445836689E0,4.690880810E0,6.317257150E0
8.239181075E1,1.745128262E0,2.753931568E0,2.744326639E0,4.261565492E0
8.240176475E1,2.107457120E-1,1.902538962E0,7.308332518E-1,2.048947413E0
8.241171975E1,-8.095467878E-1,1.810633596E0,8.880882695E-1,2.173122361E0
8.242167375E1,-1.211971026E0,2.295665397E0,2.283832387E0,3.457577729E0
8.243162875E1,-1.210290610E0,2.655534039E0,2.305857094E0,3.719360338E0
8.244158375E1,-1.195799309E0,2.958257841E0,1.328402319E0,3.456280973E0
8.245153775E1,-1.036118281E0,4.027896602E0,-3.116203415E-1,4.170683321E0
8.246149275E1,-3.724195437E-1,5.485629099E0,-2.272162806E0,5.949247578E0
8.247144675E1,-2.151984690E0,5.642025746E0,-6.444630353E0,8.831577040E0
8.248140175E1,-5.066432269E0,6.492136642E0,-9.341222874E0,1.245291206E1
8.249135675E1,-2.896895406E0,7.765714005E0,-5.444984518E0,9.916963921E0
8.250131075E1,-2.214776478E0,5.785583076E0,-7.904061466E0,1.004252927E1
8.251126575E1,-3.333505537E0,4.520169595E0,-1.351811939E1,1.463843381E1
8.252121975E1,-2.247745564E0,8.303908691E0,-1.690121546E1,1.896466039E1
8.253117475E1,1.947674643E0,9.771582624E0,-8.576941502E0,1.314690796E1
8.254112875E1,6.490773071E0,3.639153240E0,1.007112145E0,7.509184126E0
8.255108375E1,6.088233789E0,-4.808232674E0,5.986421485E0,9.799129263E0
8.256103875E1,3.890561879E0,-1.095616770E1,4.586628756E0,1.249844974E1
8.257099275E1,1.733091331E-1,-1.021423907E1,-1.957551614E0,1.040157316E1
8.258094775E1,-2.964425485E0,-7.333994193E0,-8.027434208E0,1.127009269E1
8.259090175E1,-7.085879291E0,-9.654538908E0,-9.167210906E0,1.508169628E1
8.260085675E1,-1.195548843E1,-1.238464833E1,-6.697399639E0,1.847074389E1
8.261081175E1,-1.185757798E1,-1.289982896E1,-6.500434425E0,1.868858985E1
8.262076575E1,-4.017043293E0,-1.522097828E1,-1.123076114E1,1.933765271E1
8.263072075E1,-3.964426830E0,-8.527256541E0,1.341469384E0,9.498964382E0
8.264067475E1,-1.048677896E1,-1.178422349E1,1.197260206E1,1.980362735E1
8.265062975E1,-9.741681132E0,-1.653664390E1,9.514090542E0,2.142145797E1
8.266058475E1,-5.578899790E0,-1.342341321E1,3.590747650E0,1.497349705E1
8.267053875E1,-2.065478351E0,-9.351613961E0,-7.204021114E-1,9.604054544E0
8.268049375E1,-4.783534035E-1,-7.323047036E0,-1.715214053E0,7.536431458E0
8.269044775E1,7.298512119E-1,-7.008981389E0,-2.865319857E-1,7.052701857E0
8.270040275E1,1.386469264E0,-7.666722398E0,1.196002353E0,7.882344257E0
8.271035675E1,1.588064887E0,-7.694009600E0,1.421931165E0,7.983835046E0
8.272031175E1,2.207197170E0,-6.596741576E0,1.003845890E0,7.028259054E0
8.273026675E1,2.611474684E0,-4.825304790E0,-2.367245257E-3,5.486653984E0
8.274022075E1,2.800904298E0,-2.887470864E0,-1.382608055E0,4.253722830E0
8.275017575E1,2.629075972E0,-6.200416714E-1,-2.121207286E0,3.434532354E0
8.276012975E1,1.461833734E0,1.297339278E0,-2.235795171E0,2.969651009E0
8.277008475E1,6.657965724E-1,2.223390888E0,-1.647418219E0,2.846179704E0
8.278003975E1,-6.681554854E-2,2.843717319E0,2.362017554E0,3.697339507E0
8.278999375E1,-5.494668017E-1,4.465084730E0,4.973965570E0,6.706655568E0
8.279994875E1,-3.286509418E-1,4.735466999E0,2.715749835E0,5.468816719E0
8.280990275E1,1.339383683E-1,4.616142869E0,2.515793771E0,5.258890831E0
8.281985775E1,6.348938915E-1,4.153128759E0,1.370822261E0,4.419357692E0
8.282981275E1,1.175894802E0,3.510935495E0,7.276836491E-1,3.773449368E0
8.283976675E1,1.949284674E0,3.503379139E0,1.593994256E0,4.314416973E0
8.284972175E1,3.057136012E0,3.884194261E0,1.770560288E0,5.250517059E0
8.285967575E1,3.665385019E0,3.828249856E0,1.087278056E0,5.410426773E0
8.286963075E1,2.711912600E0,3.023468914E0,-3.042727304E-1,4.072887933E0
8.287958475E1,1.572370668E0,3.142275565E0,-2.358724694E0,4.232000405E0
8.288953638E1,1.608152850E0,4.039148984E0,-4.271077623E0,6.094504424E0
8.289949138E1,1.927458187E0,4.197105668E0,-5.758700502E0,7.381966034E0
8.290944538E1,7.282235663E-1,3.104951618E0,-5.383104020E0,6.256903627E0
8.291940038E1,1.360820306E-1,2.446679097E0,-4.748112772E0,5.343157476E0
8.292935437E1,8.285066038E-2,1.776343769E0,-4.867616411E0,5.182272759E0
8.293930937E1,1.616723261E0,8.956881881E-1,-5.122055662E0,5.445319608E0
8.294926437E1,3.431656022E0,-9.889606333E-1,-6.162343739E0,7.122414376E0
8.295921838E1,1.731657301E-1,-2.766176807E0,-7.208262684E0,7.722743776E0
8.296917338E1,-9.878256887E-2,-3.217660793E0,-4.787310167E0,5.769006640E0
8.297912738E1,-7.363141394E-1,-4.362179582E0,-2.493259186E0,5.078101081E0
8.298908238E1,-1.845655348E0,-5.384880404E0,-1.390259137E0,5.859709984E0
8.299903738E1,-1.237999980E0,-5.427155773E0,-4.135674235E-1,5.581908432E0
8.300899137E1,-1.459930904E0,-4.232825723E0,1.180684110E0,4.630575214E0
8.301894637E1,-1.852558717E0,-3.108528945E0,2.704057158E0,4.517394284E0
8.302890038E1,-3.273957201E0,-2.278423128E0,2.255395915E0,4.582228545E0
8.303885537E1,-3.796890653E0,-1.948278807E0,1.594869438E0,4.555850905E0
8.304880938E1,-2.460154882E0,-2.222876333E0,1.183104419E0,3.520408684E0
8.305876438E1,8.465382475E-1,-2.880191081E0,-2.534358680E0,3.928753185E0
8.306871938E1,4.762063059E0,-6.065585768E-1,-3.584081240E0,5.990892773E0
8.307867337E1,5.117124120E0,2.492925310E-1,-1.065606667E0,5.232840872E0
8.308862838E1,6.228983871E0,9.298511302E-1,1.401474242E0,6.452053413E0
8.309858237E1,6.398934363E0,1.286000943E0,2.751312016E0,7.083069759E0
8.310853737E1,6.030150472E0,2.315730702E0,9.836196403E-1,6.533975130E0
8.311849237E1,4.025647178E0,3.114076198E0,-6.785185057E-1,5.134558709E0
8.312844638E1,1.411027569E0,4.193704342E0,-1.116881486E0,4.563505140E0
8.313840138E1,-2.645455778E-2,4.420820138E0,-5.582876189E-1,4.456011177E0
8.314835538E1,-6.290297189E-1,4.012742373E0,3.616781355E-1,4.077816918E0
8.315831038E1,1.577291977E0,1.892026838E0,2.629182392E0,3.602806626E0
8.316826437E1,3.502045681E0,-1.233199416E0,4.671269249E0,5.967064701E0
8.317821937E1,7.446689335E-1,1.863036343E0,4.443834779E0,4.875766994E0
8.318817437E1,1.638088109E0,-3.346431684E-1,3.641897339E0,4.007335141E0
8.319812838E1,2.440651787E0,-2.688558528E0,-3.242375219E0,4.868072017E0
8.320808338E1,3.248047019E0,-5.690001565E-1,-7.950410006E0,8.607124368E0
8.321803738E1,3.321796196E0,1.214642692E0,-8.335740348E0,9.055067862E0
8.322799238E1,3.193273226E0,2.406164324E-1,-5.301043611E0,6.193218350E0
8.323794738E1,4.703942320E0,-1.992253377E0,-3.359873264E0,6.114318868E0
8.324790137E1,4.909459671E0,-3.064827440E0,-2.165916559E0,6.179575717E0
8.325785637E1,4.608428637E0,-3.904556605E0,5.147771716E-2,6.040349886E0
8.326781038E1,7.136116814E0,-5.208383369E0,1.770531637E0,9.010338661E0
8.327776537E1,7.521124974E0,-3.206407242E0,-2.345532791E0,8.505873991E0
8.328772037E1,6.708828607E0,-2.784478592E0,-4.962636005E0,8.797127851E0
8.329767438E1,6.241081760E0,-3.489984922E0,-3.376277920E0,7.907613349E0
8.330762938E1,5.501828225E0,-4.723252750E0,-8.079056937E-1,7.296022339E0
8.331758337E1,4.952593412E0,-4.696302348E0,1.315179133E-1,6.826473043E0
8.332753838E1,3.562061795E0,-5.177919375E0,-3.641072881E-1,6.295371904E0
8.333749237E1,2.376837614E0,-5.098956821E0,-1.661755300E0,5.866016398E0
8.334744737E1,1.601212352E0,-5.216497550E0,-2.635691512E0,6.059917279E0
8.335740237E1,2.218992028E-1,-5.802803126E0,-2.239409335E0,6.223882835E0
8.336735638E1,-1.274413223E0,-5.607542376E0,-7.978040439E-1,5.805613822E0
8.337731138E1,-2.227915756E0,-5.258377647E0,-1.046895431E0,5.806042899E0
8.338726538E1,-2.697073243E0,-4.937184244E0,-2.640432435E0,6.214650094E0
8.339722038E1,-3.215504340E0,-4.998641989E0,-3.077991861E0,6.693274520E0
8.340717538E1,-3.799266669E0,-4.807980074E0,-2.826170994E0,6.748210289E0
8.341712937E1,-3.727809016E0,-5.102328910E0,-1.944005077E0,6.611314250E0
8.342708437E1,-5.204451116E0,-4.756273731E0,-1.319513090E0,7.172835285E0
8.343703838E1,-6.052174010E0,-4.731996092E0,-1.670993316E0,7.862112688E0
8.344699338E1,-7.202388572E0,-4.771999233E0,-2.308809353E0,8.942984873E0
8.345694738E1,-8.542294410E0,-4.789336227E0,-2.101479950E0,1.001622450E1
8.346690238E1,-9.681551290E0,-4.740942332E0,-1.655559590E0,1.090641312E1
8.347685738E1,-1.097645286E1,-5.384589797E0,-1.894757488E0,1.237200189E1
8.348681137E1,-1.118009151E1,-7.087705377E0,-2.183699403E0,1.341635407E1
8.349676637E1,-1.114661853E1,-6.701638870E0,-1.573277571E0,1.310092633E1
8.350672038E1,-1.112060310E1,-6.036036279E0,-1.163967213E0,1.270654819E1
8.351667537E1,-1.044567303E1,-5.714204360E0,-4.376921582E-1,1.191452018E1
8.352663037E1,-9.949769504E0,-5.426527197E0,3.537173706E-1,1.133888119E1
8.353658438E1,-9.568272597E0,-4.475122645E0,8.671987993E-1,1.059861297E1
8.354653938E1,-9.313638049E0,-3.407968951E0,1.776075967E0,1.007534376E1
8.355649337E1,-9.387455054E0,-2.508905751E0,2.282044893E0,9.981315011E0
8.356644838E1,-8.880783293E0,-1.866532393E0,2.909480368E0,9.529812752E0
8.357640237E1,-8.595050914E0,-8.803000706E-1,3.920719478E0,9.487985542E0
8.358635737E1,-8.358172606E0,6.821771085E-2,4.708555189E0,9.593445415E0
8.359631237E1,-7.678329121E0,7.711717308E-1,4.818320290E0,9.097673019E0
8.360626638E1,-7.013065669E0,1.556708316E0,5.327992843E0,8.943933061E0
8.361622138E1,-6.097972911E0,2.627754502E0,5.789351606E0,8.809481220E0
8.362617538E1,-4.741854497E0,4.277091485E0,5.988894272E0,8.754744442E0
8.363613038E1,-2.922970772E0,5.729688372E0,6.512280300E0,9.153298950E0
8.364608538E1,-7.865896690E-1,7.032597708E0,6.067634048E0,9.321605912E0
8.365603937E1,-1.753515655E-1,5.285516329E0,5.256998874E0,7.456773310E0
8.366599437E1,-1.218850056E0,1.846401599E0,4.900379530E0,5.376663823E0
8.367594838E1,-1.191899362E-1,7.130878294E-1,4.163567208E0,4.225871790E0
8.368590338E1,8.682612383E-1,-2.075247002E-1,4.107001829E0,4.202904722E0
8.369585738E1,1.282906888E0,-8.442157334E-1,4.092341689E0,4.371019423E0
8.370581238E1,2.641985748E0,-1.016461258E0,3.261257048E0,4.318458025E0
8.371576738E1,3.798181134E0,-1.101630047E0,2.147178864E0,4.500016195E0
8.372572137E1,4.312534382E0,-1.846693960E0,1.694980348E0,4.988104827E0
8.373567637E1,4.695218567E0,-2.668913637E0,1.626596577E0,5.640389509E0
8.374563038E1,4.862105411E0,-3.171155548E0,1.742080840E0,6.060622261E0
8.375558537E1,4.210641679E0,-3.934152871E0,1.255781363E0,5.897800353E0
8.376554037E1,3.839845469E0,-4.585916272E0,1.812747949E-1,5.983970407E0
8.377549438E1,4.138693445E0,-4.447403920E0,-6.271390218E-1,6.107494446E0
8.378544938E1,3.919555882E0,-4.309429511E0,-1.224923851E0,5.952691783E0
8.379540337E1,4.060249246E0,-3.680537494E0,-1.089035729E0,5.587305165E0
8.380535838E1,4.751185776E0,-2.268536071E0,-1.227348107E-1,5.266411114E0
8.381531338E1,4.539939031E0,-1.634503766E0,8.807427049E-2,4.826013473E0
8.382526737E1,3.735555115E0,-1.541791484E0,-7.705647898E-1,4.114032462E0
8.383522237E1,3.864029845E0,-1.027385026E0,-1.932318247E0,4.440731972E0
8.384517638E1,3.886174713E0,-4.730034935E-1,-3.161295973E0,5.031886170E0
8.385513138E1,3.632011743E0,-2.373226959E-1,-4.054834725E0,5.448808678E0
8.386508538E1,3.394965036E0,-3.583764321E-1,-4.523607173E0,5.667207700E0
8.387504038E1,3.272980423E0,-4.971250123E-1,-5.598698462E0,6.504226211E0
8.388499846E1,5.202824421E0,1.487513536E0,-5.455249890E0,7.683868156E0
8.389495246E1,6.610591875E0,2.933332038E0,-4.898987893E0,8.735241506E0
8.390490746E1,6.053789011E0,2.347959386E0,-6.173461635E0,8.959514675E0
8.391486146E1,5.223327098E0,6.983572313E-1,-6.034638795E0,8.011723546E0
8.392481646E1,4.182395242E0,-1.034238255E0,-3.118720642E0,5.318693183E0
8.393477146E1,4.538484244E0,-1.873451550E0,-9.271918166E-1,4.996733393E0
8.394472546E1,5.930342594E0,-2.121899158E0,2.231443673E-1,6.302476714E0
8.395468046E1,6.595797250E0,-2.775451661E0,1.686804771E0,7.352073424E0
8.396463446E1,5.389942338E0,-3.536819365E0,1.428220430E0,6.603058627E0
8.397458946E1,3.973280684E0,-3.407335990E0,3.565708119E-1,5.246335930E0
8.398454346E1,3.143103531E0,-2.545171059E0,-1.795722612E0,4.425111888E0
8.399449846E1,4.283512312E0,-6.839455989E-1,-4.194313622E0,6.033947802E0
8.400445346E1,4.853451532E0,1.057282351E0,-6.174995359E0,7.924923055E0
8.401440746E1,4.321682936E0,8.693473586E-1,-6.177932416E0,7.589437210E0
8.402436246E1,5.061435238E0,1.467623062E0,-4.212092081E0,6.746388947E0
8.403431646E1,4.753272648E0,7.149475363E-1,-2.817910048E0,5.571837029E0
8.404427146E1,2.888760760E0,-1.312837031E0,-1.653884947E-2,3.173129895E0
8.405422546E1,1.000521456E0,-3.423719889E0,2.658507932E0,4.448658841E0
8.406418046E1,-1.285896277E-1,-4.912485021E0,5.039835039E0,7.039103749E0
8.407413546E1,-1.455893840E0,-5.555340189E0,7.075404004E0,9.112780767E0
8.408408946E1,-2.952218545E0,-5.396128693E0,7.751542109E0,9.895463823E0
8.409404446E1,-4.334383673E0,-4.866428842E0,7.251621543E0,9.749616736E0
8.410399846E1,-5.215450898E0,-3.933195390E0,5.009330115E0,8.231910000E0
8.411395346E1,-4.891135375E0,-2.427889215E0,2.600443327E0,6.048153172E0
8.412390846E1,-1.295851893E0,1.503253363E-1,3.272096032E0,3.522561891E0
8.413386246E1,8.121751843E-1,9.582411164E-1,3.990596044E0,4.183624189E0
8.414381746E1,9.087801039E-2,-2.261320022E-1,5.343534742E0,5.349089458E0
8.415377146E1,-1.052955924E0,-1.119076384E0,7.496239809E0,7.652101634E0
8.416372646E1,-1.273963572E0,-1.510107469E0,8.967381141E0,9.182446966E0
8.417368146E1,-1.816320452E0,-2.098760118E0,8.858151060E0,9.282814994E0
8.418363546E1,-2.652854260E0,-2.748602416E0,8.642791091E0,9.449353883E0
8.419359046E1,-2.904064677E0,-3.010421145E0,8.623914524E0,9.584786322E0
8.420354446E1,-2.722382916E0,-2.738997779E0,8.673809400E0,9.494653606E0
8.421349946E1,-2.742913952E0,-2.135639822E0,8.292152279E0,8.991347164E0
8.422345346E1,-2.876165273E0,-1.629238933E0,7.461482205E0,8.160910665E0
8.423340846E1,-2.745276227E0,-1.233286101E0,6.538447174E0,7.197834926E0
8.424336346E1,-2.527335590E0,-9.986715429E-1,5.440207928E0,6.081170309E0
8.425331746E1,-2.553038780E0,-9.898429781E-1,4.090612083E0,4.922489548E0
8.426327246E1,-2.490362476E0,-7.320965427E-1,2.917999177E0,3.905456414E0
8.427322646E1,-2.514719637E0,-4.116401812E-1,2.041631944E0,3.265198843E0
8.428318146E1,-2.556419055E0,7.078668505E-2,1.602789638E0,3.018149063E0
8.429313546E1,-2.275810299E0,7.050876689E-1,1.234567664E0,2.683396813E0
8.430309046E1,-2.057508157E0,1.395070810E0,8.835289031E-1,2.638216387E0
8.431304546E1,-1.689437334E0,2.115983676E0,7.529693484E-1,2.810435600E0
8.432299946E1,-1.129641499E0,2.563986814E0,8.543694234E-1,2.929174869E0
8.433295446E1,-7.307969990E-1,2.659943424E0,8.239937228E-1,2.878945801E0
8.434290846E1,-4.087789924E-1,2.437759462E0,5.749754262E-1,2.537788052E0
8.435286346E1,-2.342719842E-2,2.072194755E0,5.929029894E-1,2.155475328E0
8.436281846E1,1.217805817E-1,1.655187999E0,9.958533311E-1,1.935510703E0
8.437277246E1,3.218323575E-1,1.249383632E0,8.842726690E-1,1.564120737E0
8.438272746E1,9.981590344E-1,7.383039469E-1,3.102456611E-1,1.279713463E0
8.439268146E1,1.501714376E0,2.682831180E-1,-4.952615047E-1,1.603872145E0
8.440263646E1,1.381463024E0,-1.441132544E-1,-1.601062371E0,2.119577654E0
8.441259146E1,8.970904966E-1,-4.585846983E-1,-2.500252456E0,2.695613776E0
8.442254546E1,5.355638771E-1,-7.888218436E-1,-3.154430757E0,3.295375846E0
8.443250046E1,5.032954328E-1,-7.467755391E-1,-3.378045241E0,3.496021975E0
8.444245446E1,7.702491863E-1,-6.573693459E-1,-3.424397873E0,3.570982926E0
8.445240946E1,7.524840295E-1,-9.501289087E-1,-3.369601277E0,3.580948187E0
8.446236346E1,6.440523123E-1,-1.112151454E0,-3.412508145E0,3.646490926E0
8.447231846E1,4.938972761E-1,-1.147415061E0,-3.315739650E0,3.543250664E0
8.448227346E1,-1.134587147E-1,-1.399552116E0,-2.609301859E0,2.963119167E0
8.449222746E1,-3.399563140E-1,-1.791537467E0,-9.211469650E-1,2.042960725E0
8.450218246E1,-7.763669819E-2,-2.334163319E0,7.720973450E-1,2.459772381E0
8.451213646E1,-2.640529498E-2,-3.269218032E0,1.382605716E0,3.549659469E0
8.452209146E1,-2.416339941E-2,-4.214550251E0,8.775185502E-1,4.305003658E0
8.453204646E1,2.154669732E-2,-4.459542155E0,-6.850539386E-2,4.460120343E0
8.454200046E1,1.829513378E-2,-4.231908003E0,-1.264385540E0,4.416791918E0
8.455195546E1,8.537680373E-2,-3.678552364E0,-2.294712301E0,4.336443386E0
8.456190946E1,2.303323130E-1,-2.791442041E0,-3.075600350E0,4.159870089E0
8.457186446E1,1.709075719E-1,-1.918036423E0,-3.744300796E0,4.210446718E0
8.458181846E1,3.934630150E-1,-1.312909537E0,-3.876380042E0,4.111552848E0
8.459177346E1,4.095854697E-1,-1.828818145E0,-4.051098354E0,4.463601005E0
8.460172846E1,-1.171009088E-1,-2.700640045E0,-4.337460478E0,5.110844614E0
8.461168246E1,-1.494640414E-1,-2.994672839E0,-3.973023992E0,4.977481748E0
8.462163746E1,7.680451149E-2,-3.205576060E0,-3.375481821E0,4.655694828E0
8.463159146E1,1.508949556E-1,-3.608144871E0,-3.064249150E0,4.736148388E0
8.464154646E1,9.292384151E-2,-4.097871694E0,-2.533091004E0,4.818478732E0
8.465150046E1,9.281146534E-2,-4.561460001E0,-1.616983169E0,4.840471658E0
8.466145546E1,-3.460929669E-1,-4.101551639E0,-1.966249639E0,4.561649245E0
8.467141046E1,-5.622841908E-1,-3.403560736E0,-1.337527776E0,3.699914829E0
8.468136446E1,-5.811525344E-1,-2.681038716E0,-1.188057157E0,2.989512782E0
8.469131946E1,-5.794737623E-1,-2.258307829E0,-1.405034466E0,2.722106894E0
8.470127346E1,-6.322784320E-1,-2.195335363E0,-1.569182181E0,2.771571050E0
8.471122846E1,-9.426721738E-1,-2.209463405E0,-1.823951799E0,3.016149786E0
8.472118346E1,-1.154019053E0,-2.219088507E0,-1.715079567E0,3.032756452E0
8.473113746E1,-1.179232831E0,-2.172738798E0,-1.471406795E0,2.876877111E0
8.474109246E1,-1.215799564E0,-2.156785254E0,-1.145451420E0,2.727993799E0
8.475104646E1,-1.291746563E0,-2.205360999E0,-6.868952268E-1,2.646516837E0
8.476100146E1,-1.375917378E0,-2.401125194E0,-9.163563412E-1,2.915177486E0
8.477095646E1,-9.687551410E-1,-2.275212421E0,-3.842052208E0,4.569074661E0
8.478091046E1,7.670830652E-2,-1.513292740E0,-3.804127752E0,4.094792673E0
8.479086546E1,6.459989235E-2,-9.789338279E-1,-1.345215111E0,1.664958942E0
8.480081946E1,-1.312201439E-1,4.266268873E-1,-1.059350585E0,1.149544644E0
8.481077446E1,-2.626250598E-1,9.585247064E-1,-8.857391506E-1,1.331268334E0
8.482072846E1,-6.237298027E-2,1.355276999E0,-1.180775034E-1,1.361840090E0
8.483068346E1,8.352104366E-2,1.501283728E0,2.734251595E-1,1.528263693E0
8.484063846E1,-7.931917602E-1,9.140455216E-1,7.261177647E-1,1.411339574E0
8.485059246E1,-1.269281122E0,4.958357012E-1,1.461611540E0,1.998308260E0
8.486054746E1,-6.477606896E-1,6.547349560E-1,1.957988693E0,2.163791001E0
8.487050146E1,-2.624133906E-1,1.122319835E0,2.126486152E0,2.418761244E0
8.488045646E1,7.099367648E-2,2.103855674E0,1.414101158E0,2.535928012E0
8.489040658E1,6.120912123E-1,2.664195519E0,1.042106561E0,2.925504999E0
8.490036158E1,-9.030542180E-2,2.583488740E0,7.840496385E-1,2.701352064E0
8.491031658E1,-9.137829816E-1,2.354688946E0,1.233460786E0,2.810869062E0
8.492027058E1,-1.332815798E0,2.320938233E0,2.309772390E0,3.535279440E0
8.493022558E1,-1.666780397E0,2.412020895E0,3.739728858E0,4.752007325E0
8.494017958E1,-1.627625394E0,2.676246631E0,4.837033135E0,5.762668652E0
8.495013458E1,-1.429627855E0,2.759139683E0,5.726166594E0,6.515034264E0
8.496008958E1,-1.229927899E0,2.476589067E0,6.172413229E0,6.763497698E0
8.497004358E1,-9.513384783E-1,1.898255877E0,5.996250070E0,6.361087578E0
8.497999858E1,-7.908869340E-1,1.431207480E0,5.438582402E0,5.679087562E0
8.498995258E1,-5.191432144E-1,1.139041702E0,4.671965652E0,4.836753946E0
8.499990758E1,-2.516900356E-1,8.727580395E-1,3.736911669E0,3.845720127E0
8.500986158E1,-1.572234611E-1,5.275834510E-1,2.729960908E0,2.784914733E0
8.501981658E1,-1.796330795E-1,1.539446166E-1,2.022543123E0,2.036331916E0
8.502977158E1,-1.860895385E-1,-2.713458896E-2,1.319079811E0,1.332417784E0
8.503972558E1,-1.991944096E-1,-8.227851033E-2,4.815357506E-1,5.275650151E-1
8.504968058E1,-1.610643143E-1,9.356568307E-2,-2.768071890E-1,3.336442271E-1
8.505963458E1,-3.419606665E-1,4.595987517E-1,-9.635422021E-1,1.120973543E0
8.506958958E1,-2.559117253E-1,1.225259482E0,-1.500263389E0,1.953853077E0
8.507954458E1,-4.744010512E-3,2.282660020E0,-1.989860696E0,3.028218100E0
8.508949858E1,1.215973080E-1,2.820942706E0,-2.190786229E0,3.573800212E0
8.509945358E1,2.638155163E-1,3.040200137E0,-1.875493836E0,3.581883949E0
8.510940758E1,3.710037135E-1,2.978692106E0,-1.721293988E0,3.460217249E0
8.511936258E1,4.310684323E-1,2.767339234E0,-1.919431568E0,3.395320894E0
8.512931658E1,7.026853403E-1,2.572022643E0,-2.200649897E0,3.457155931E0
8.513927158E1,1.069217542E0,2.754905130E0,-2.675181853E0,3.986141790E0
8.514922658E1,1.381734042E0,2.868103716E0,-3.136958692E0,4.469420290E0
8.515918058E1,1.408465466E0,2.506506638E0,-3.359413673E0,4.421765566E0
8.516913558E1,1.128210174E0,1.822081275E0,-3.297224441E0,3.932496330E0
8.517908958E1,8.831186479E-1,4.856480974E-1,-2.796958889E0,2.973000446E0
8.518904458E1,4.432698538E-1,-9.273029137E-1,-2.197100637E0,2.425619522E0
8.519899858E1,4.064367075E-1,-3.265716720E-1,-2.390684990E0,2.446878537E0
8.520895358E1,9.677244962E-1,1.028225271E0,-1.256770127E0,1.890293379E0
8.521890858E1,9.823674591E-1,1.580207106E0,4.948674023E-2,1.861329971E0
8.522886258E1,4.950693140E-2,1.663664415E0,3.740276742E-1,1.705909413E0
8.523881758E1,-2.079023938E-1,1.531991551E0,5.704923660E-1,1.647932965E0
8.524877158E1,-5.666408416E-1,7.199431050E-1,7.749934709E-1,1.200006166E0
8.525872658E1,-9.879258954E-1,-7.234175205E-3,1.288467298E0,1.623637240E0
8.526868158E1,-1.092882174E0,-4.960596496E-1,2.314971149E0,2.607596219E0
8.527863558E1,-1.125603485E0,-8.985311043E-1,2.828392936E0,3.173979828E0
8.528859058E1,-1.265968382E0,-1.159459010E0,2.061099079E0,2.682377779E0
8.529854458E1,-1.291226161E0,-1.401291078E0,9.094303143E-1,2.111384660E0
8.530849958E1,-1.186318780E0,-1.710687139E0,1.462365246E-1,2.086908684E0
8.531845358E1,-1.253289426E0,-2.090538640E0,-5.239438516E-1,2.493111179E0
8.532840858E1,-1.316180031E0,-2.209130114E0,-1.305580929E0,2.883943012E0
8.533836358E1,-1.083152115E0,-2.116394443E0,-1.744658293E0,2.948928025E0
8.534831758E1,-1.210204948E0,-2.158635898E0,-2.155576050E0,3.281891690E0
8.535827258E1,-1.160812786E0,-2.087227947E0,-2.613207214E0,3.540177788E0
8.536822658E1,-1.149261904E0,-1.901763622E0,-3.084544251E0,3.801568233E0
8.537818158E1,-1.027969894E0,-2.001859767E0,-3.350206062E0,4.035845053E0
8.538813658E1,-1.161832979E0,-2.734321761E0,-3.893091384E0,4.897196330E0
8.539809058E1,-1.394994943E0,-3.190127424E0,-4.519417643E0,5.705090683E0
8.540804558E1,-1.314058661E0,-3.231474840E0,-4.720512160E0,5.869617948E0
8.541799958E1,-1.109662367E0,-3.213373030E0,-4.722214285E0,5.818627377E0
8.542795458E1,-1.062599590E0,-3.192123663E0,-4.433339612E0,5.565363554E0
8.543790858E1,-1.183118891E0,-3.112999726E0,-3.846320091E0,5.087702413E0
8.544786358E1,-1.238589964E0,-3.105338119E0,-3.139419200E0,4.586194812E0
8.545781858E1,-1.308461560E0,-3.207699476E0,-2.815968187E0,4.464424310E0
8.546777258E1,-1.049291766E0,-2.629733199E0,-2.960565153E0,4.096517537E0
8.547772758E1,-1.023369012E0,-1.941884876E0,-3.070054266E0,3.774047457E0
8.548768158E1,-8.559174737E-1,-1.401586363E0,-2.980184900E0,3.402725539E0
8.549763658E1,-7.822122241E-1,-1.007660614E0,-2.477396275E0,2.786526185E0
8.550759058E1,-5.972709326E-1,-7.034405082E-1,-1.599557297E0,1.846657700E0
8.551754558E1,-2.516185169E-1,-3.094048315E-1,-4.742460269E-1,6.196390254E-1
8.552750058E1,1.565777640E-1,3.975720727E-1,8.518422568E-1,9.530033471E-1
8.553745458E1,2.448111884E-1,9.416192365E-1,1.805150077E0,2.050645290E0
8.554740958E1,1.016464255E-1,1.135609971E0,1.966168948E0,2.272831347E0
8.555736358E1,2.227350622E-3,1.266028608E0,2.732104497E0,3.011183883E0
8.556731858E1,-3.982326619E-1,1.018200220E0,3.399949495E0,3.571411137E0
8.557727358E1,-5.848927059E-1,6.890300453E-1,3.821392241E0,3.926818119E0
8.558722758E1,-7.166704915E-1,3.958032900E-1,3.926155050E0,4.010607225E0
8.559718258E1,-7.188405394E-1,3.351992387E-1,3.739680326E0,3.822865312E0
8.560713658E1,-6.632011396E-1,6.419962120E-1,3.611474860E0,3.727565634E0
8.561709158E1,-6.233088031E-1,1.036238880E0,3.569685395E0,3.768946630E0
8.562704558E1,-7.340855462E-1,1.063729565E0,3.947766359E0,4.153945281E0
8.563700058E1,-5.352071969E-1,1.317610990E0,5.119024465E0,5.312904755E0
8.564695558E1,-3.828914684E-1,2.001411286E0,6.104654524E0,6.435764125E0
8.565690958E1,1.171333608E-1,2.750764132E0,6.548314936E0,7.103580226E0
8.566686458E1,4.520835447E-1,3.246136149E0,6.428464556E0,7.215742233E0
8.567681858E1,5.665434489E-1,3.285210167E0,5.955622446E0,6.825175166E0
8.568677358E1,6.467616928E-1,3.123640489E0,4.959396647E0,5.896697864E0
8.569672858E1,4.463318944E-1,2.755856472E0,3.648359097E0,4.593961379E0
8.570668258E1,9.103007454E-2,2.342417395E0,2.435875781E0,3.380635524E0
8.571663758E1,-2.119675608E-1,2.310983933E0,1.551362792E0,2.791469773E0
8.572659158E1,-3.647742727E-1,2.341869510E0,9.472495204E-1,2.552390003E0
8.573654658E1,-5.290118161E-1,2.115779901E0,8.131336892E-1,2.327566215E0
8.574650058E1,-6.843918145E-1,1.783680271E0,1.056078483E0,2.182935919E0
8.575645558E1,-7.038386305E-1,1.473729309E0,1.127489358E0,1.984565229E0
8.576641058E1,-6.228164676E-1,1.247065503E0,8.002581203E-1,1.607322550E0
8.577636458E1,-4.912491087E-1,1.116241654E0,1.632168388E-1,1.230431166E0
8.578631958E1,-4.779642348E-1,8.785517532E-1,-5.519648784E-1,1.142352056E0
8.579627358E1,-6.709408066E-1,7.189736366E-3,-1.213560957E0,1.386702367E0
8.580622858E1,-6.107180302E-1,-1.584396636E-1,-1.651655404E0,1.768062559E0
8.581618258E1,-9.922854697E-2,1.223237514E-2,-2.421837786E0,2.423900616E0
8.582613758E1,-1.455807137E-1,-4.342317760E-2,-3.256588047E0,3.260129602E0
8.583609258E1,-3.937040665E-1,-3.524368304E-1,-4.132157135E0,4.165805708E0
8.584604658E1,-5.269664235E-1,-5.790035731E-1,-4.734085302E0,4.798385394E0
8.585600158E1,-2.844948158E-1,-4.602121246E-1,-4.699065158E0,4.730110554E0
8.586595558E1,1.920798282E-1,-2.492545241E-1,-4.119596146E0,4.131597135E0
8.587591058E1,3.705553052E-1,-3.587641025E-1,-3.634403547E0,3.670818990E0
8.588586946E1,5.402245465E-1,-5.960160470E-1,-3.086622351E0,3.189720243E0
8.589582346E1,9.041811226E-1,-5.704257077E-1,-2.581201894E0,2.793838258E0
8.590577846E1,1.357134514E0,-3.641470492E-1,-2.169856120E0,2.585090471E0
8.591573246E1,1.802926674E0,-1.579362184E-1,-1.861361116E0,2.596180587E0
8.592568746E1,2.104537313E0,-1.186575472E-2,-1.660940198E0,2.681033464E0
8.593564146E1,2.261752862E0,1.590676546E-1,-1.670615585E0,2.816342479E0
8.594559646E1,2.458415336E0,3.414984441E-1,-1.979523404E0,3.174734643E0
8.595555146E1,2.677459928E0,2.976899350E-1,-2.457882362E0,3.646724101E0
8.596550546E1,2.556455893E0,2.142536759E-2,-2.562493728E0,3.619709917E0
8.597546046E1,2.472088757E0,-3.715841228E-1,-2.241335408E0,3.357511280E0
8.598541446E1,2.322242162E0,-8.792464024E-1,-1.725964744E0,3.024043186E0
8.599536946E1,2.256413038E0,-1.093250402E0,-1.108211673E0,2.741300668E0
8.600532446E1,2.179804573E0,-9.432675666E-1,-9.019295061E-1,2.540625614E0
8.601527846E1,1.313808108E0,-8.253783435E-1,-1.611556953E0,2.237064364E0
8.602523346E1,3.476195287E-1,-9.509040302E-1,-3.609681519E0,3.748980992E0
8.603518746E1,5.496455804E-2,-9.765680444E-1,-5.481156564E0,5.567744923E0
8.604514246E1,7.651213244E-2,-5.362797225E-1,-5.535020530E0,5.561465842E0
8.605509646E1,-9.426968783E-2,-1.916015625E-2,-2.766219492E0,2.767891646E0
8.606505146E1,-1.060119640E0,-1.790277100E-1,1.869746608E0,2.156816392E0
8.607500646E1,-1.543552958E0,-9.194004017E-1,6.546508146E0,6.788565514E0
8.608496046E1,-1.825911347E0,-1.960940368E0,8.434187579E0,8.849562672E0
8.609491546E1,-1.696938873E0,-2.401194776E0,7.339230959E0,7.906304381E0
8.610486946E1,-1.155836660E0,-1.821812303E0,3.813153514E0,4.381221083E0
8.611482446E1,-4.164157484E-1,-1.172321130E0,-7.110477358E-1,1.432943750E0
8.612477846E1,-6.137266785E-2,-9.834572339E-1,-3.794423128E0,3.920280808E0
8.613473346E1,-5.220895533E-1,-1.152682672E0,-4.152427678E0,4.340957321E0
8.614468846E1,-5.174055681E-1,-1.073511956E0,-1.776506907E0,2.139185179E0
8.615464246E1,-7.020126182E-1,-1.092568032E0,1.065942151E0,1.680106928E0
8.616459746E1,-8.279280218E-1,-1.251042194E0,2.650771481E0,3.045843205E0
8.617455146E1,-9.765357386E-1,-1.281389244E0,2.866279970E0,3.288030004E0
8.618450646E1,-1.367298875E0,-1.261533269E0,1.887537931E0,2.650239959E0
8.619446046E1,-1.602179189E0,-1.057070755E0,2.979121292E-1,1.942454213E0
8.620441546E1,-1.658267435E0,-6.703493607E-1,-7.867112911E-1,1.954004557E0
8.621437046E1,-1.659428985E0,-3.601797134E-1,-1.016219183E0,1.978922790E0
8.622432446E1,-1.774360248E0,-4.112007630E-1,-8.582209843E-1,2.013450673E0
8.623427946E1,-1.764426705E0,-4.909977150E-1,-7.362901658E-1,1.973930992E0
8.624423346E1,-1.694266842E0,-5.199899644E-1,-6.800177318E-1,1.898250197E0
8.625418846E1,-1.693994215E0,-6.174817604E-1,-8.092300880E-1,1.976297918E0
8.626414346E1,-1.452432288E0,-5.200016588E-1,-1.261662492E0,1.992925869E0
8.627409746E1,-1.191301631E0,-3.343081230E-1,-1.481254091E0,1.930045383E0
8.628405246E1,-1.068199542E0,-2.830420750E-1,-1.222746933E0,1.648111992E0
8.629400646E1,-1.029194301E0,-3.057169926E-1,-9.347364789E-1,1.423529442E0
8.630396146E1,-9.133846401E-1,-1.518404961E-1,-8.651516891E-1,1.267207356E0
8.631391546E1,-8.207621129E-1,1.818086457E-1,-5.366580373E-1,9.973498276E-1
8.632387046E1,-8.028719719E-1,5.288093197E-1,2.148617864E-1,9.850930347E-1
8.633382546E1,-8.345901201E-1,8.172284943E-1,9.057874990E-1,1.478125189E0
8.634377946E1,-9.551400456E-1,1.172789492E0,1.175692050E0,1.915719054E0
8.635373446E1,-1.181460328E0,1.372020501E0,9.493305445E-1,2.044386765E0
8.636368846E1,-1.283288858E0,1.469191285E0,5.527121526E-1,2.027521652E0
8.637364346E1,-1.312188283E0,1.749957039E0,2.916404057E-1,2.206635868E0
8.638359746E1,-1.332087381E0,2.192412924E0,2.673230052E-2,2.565510833E0
8.639355246E1,-1.460030306E0,2.471497604E0,1.354875880E-1,2.873733771E0
8.640350746E1,-1.631310456E0,2.681727811E0,8.152053577E-1,3.243053750E0
8.641346146E1,-1.727469233E0,2.831953306E0,1.707760608E0,3.731026101E0
8.642341646E1,-1.838245903E0,2.850298945E0,2.692593107E0,4.330520721E0
8.643337046E1,-1.897843502E0,2.862252408E0,3.562128453E0,4.948035764E0
8.644332546E1,-1.926398233E0,2.840017201E0,3.957162250E0,5.237923341E0
8.645328046E1,-1.953417048E0,2.754772398E0,3.882933016E0,5.146044883E0
8.646323446E1,-1.869779937E0,2.771618811E0,3.642879671E0,4.944544483E0
8.647318946E1,-1.702463615E0,2.865051470E0,3.072426481E0,4.532847534E0
8.648314346E1,-1.712602395E0,2.841429888E0,2.571103168E0,4.197297020E0
8.649309846E1,-1.569731820E0,2.720977246E0,2.304526268E0,3.895974393E0
8.650305246E1,-1.418265107E0,2.599128288E0,1.867853279E0,3.500831279E0
8.651300746E1,-1.073943481E0,2.516167408E0,1.440815333E0,3.091989949E0
8.652296246E1,-8.254004167E-1,2.318675945E0,1.070545079E0,2.683954312E0
8.653291646E1,-6.666409104E-1,2.047447584E0,7.529091221E-1,2.281079538E0
8.654287146E1,-5.248701967E-1,1.717051833E0,3.792603475E-1,1.835100578E0
8.655282546E1,-3.788674146E-1,1.330698228E0,2.994417608E-2,1.383905686E0
8.656278046E1,-2.155236912E-1,9.348493302E-1,-3.012058657E-1,1.005543985E0
8.657273446E1,6.371725515E-2,4.751652092E-1,-6.145441192E-1,7.794269299E-1
8.658268946E1,3.044316284E-1,-9.858230174E-2,-9.514887518E-1,1.003856529E0
8.659264446E1,4.397369295E-1,-8.447180092E-1,-1.163890615E0,1.503847880E0
8.660259846E1,6.264667381E-1,-1.380272677E0,-1.392698595E0,2.058451509E0
8.661255346E1,8.938483617E-1,-1.556433497E0,-1.882346773E0,2.600899748E0
8.662250746E1,9.181322868E-1,-1.491400765E0,-2.684157329E0,3.204987317E0
8.663246246E1,8.590235147E-1,-1.337093913E0,-3.346960858E0,3.705116532E0
8.664241646E1,8.764447090E-1,-1.055570945E0,-3.607093542E0,3.859210951E0
8.665237146E1,9.022155811E-1,-8.445156956E-1,-3.446374633E0,3.661242662E0
8.666232646E1,8.682284939E-1,-8.593845803E-1,-2.731461303E0,2.992197090E0
8.667228046E1,7.679142469E-1,-8.400683033E-1,-1.802215945E0,2.131522779E0
8.668223546E1,7.310148078E-1,-7.254991293E-1,-1.264673223E0,1.630990496E0
8.669218946E1,7.493465598E-1,-5.793006116E-1,-1.189100885E0,1.520220504E0
8.670214446E1,7.783829556E-1,-4.157066274E-1,-1.288298314E0,1.561539167E0
8.671209946E1,7.560958546E-1,-3.039020169E-1,-1.460816903E0,1.672729327E0
8.672205346E1,7.631348790E-1,-1.597763371E-1,-1.641970661E0,1.817682858E0
8.673200846E1,8.747536942E-1,1.151784539E-2,-1.621769700E0,1.842678389E0
8.674196246E1,9.370299031E-1,9.306428432E-3,-1.164439668E0,1.494667652E0
8.675191746E1,8.669587710E-1,-1.779798889E-1,-7.394973636E-1,1.153321595E0
8.676187146E1,8.209189644E-1,-4.950755632E-1,-6.094494402E-1,1.135973758E0
8.677182646E1,7.016831276E-1,-9.441060573E-1,-5.322995228E-1,1.291138351E0
8.678178146E1,7.561266987E-1,-1.185478535E0,-3.478935438E-1,1.448487783E0
8.679173546E1,4.387918733E-1,-1.533074455E0,-3.606363809E-1,1.634904949E0
8.680169046E1,4.606496425E-1,-1.742976049E0,-2.457438558E-1,1.819492688E0
8.681164446E1,4.419739281E-1,-1.786463546E0,-1.591413295E-1,1.847192171E0
8.682159946E1,5.156058683E-1,-1.739742538E0,2.777895212E-2,1.814752099E0
8.683155346E1,5.484280439E-1,-1.676230082E0,1.875816017E-1,1.773614238E0
8.684150846E1,6.075739458E-1,-1.596852375E0,3.896888566E-1,1.752410058E0
8.685146346E1,6.188634574E-1,-1.652288073E0,5.068483472E-1,1.835740478E0
8.686141746E1,7.369549942E-1,-1.674167184E0,6.441672832E-1,1.939301398E0
8.687137246E1,2.537812923E-1,-1.656117414E0,3.503493744E-1,1.711687623E0
8.688132646E1,1.251840632E-1,-1.465730318E0,6.815666592E-1,1.621286380E0
8.689127763E1,2.869307658E-1,-1.251156215E0,4.377424443E-1,1.356222543E0
8.690123262E1,6.569884729E-1,-1.151612631E0,-4.965601712E-1,1.415774526E0
8.691118663E1,4.720949824E-1,-1.410463606E0,-9.250838953E-1,1.751588270E0
8.692114163E1,8.070518540E-1,-1.394664429E0,-1.028202467E0,1.911444971E0
8.693109562E1,8.308579154E-1,-1.135445665E0,-1.445578474E0,2.017240407E0
8.694105062E1,6.760441102E-1,-9.735064423E-1,-1.627336834E0,2.013200339E0
8.695100463E1,2.149097335E-1,-6.707434630E-1,-1.592002110E0,1.740848559E0
8.696095962E1,-1.999129410E-1,-6.283517343E-1,-1.451952524E0,1.594665237E0
8.697091462E1,-4.420062339E-1,-6.974067664E-1,-1.361356350E0,1.592179895E0
8.698086863E1,-5.772644649E-1,-8.160011637E-1,-1.311802951E0,1.649217737E0
8.699082363E1,-5.876130134E-1,-9.543761069E-1,-1.499590375E0,1.872136239E0
8.700077762E1,-5.466250549E-1,-9.562834686E-1,-1.809287567E0,2.118206440E0
8.701073262E1,-3.746202895E-1,-7.709647393E-1,-1.968714241E0,2.147222101E0
8.702068662E1,4.390235692E-2,-5.767009395E-1,-1.911877550E0,1.997445158E0
8.703064162E1,4.162306841E-1,-5.148075771E-1,-1.731441246E0,1.853689190E0
8.704059662E1,5.171179582E-1,-5.512556112E-1,-1.334365017E0,1.533565692E0
8.705055063E1,6.109185532E-1,-3.780119669E-1,-7.809225476E-1,1.061110056E0
8.706050563E1,5.757765678E-1,-2.762750924E-2,-2.629253143E-1,6.335705614E-1
8.707045962E1,4.656779556E-1,3.687078774E-1,6.343059540E-3,5.940047909E-1
8.708041463E1,3.091912620E-1,6.622626615E-1,1.574889064E-2,7.310534158E-1
8.709036862E1,-1.647977798E-1,8.727975082E-1,4.302755499E-1,9.869502761E-1
8.710032362E1,-9.561315141E-1,8.505336499E-1,6.805410576E-1,1.449389904E0
8.711027862E1,-1.447894849E0,9.679983652E-1,7.873006904E-1,1.911351016E0
8.712023263E1,-1.690159319E0,1.157804248E0,8.009820056E-1,2.199709384E0
8.713018763E1,-1.837124845E0,1.453058817E0,9.062810040E-1,2.511524016E0
8.714014163E1,-1.598802422E0,1.890082639E0,1.396800417E0,2.842469520E0
8.715009663E1,-1.396093488E0,1.994237337E0,2.133132098E0,3.236713168E0
8.716005062E1,-1.077261849E0,1.831397059E0,3.291708178E0,3.917888590E0
8.717000562E1,-1.293229563E0,1.616983169E0,3.295457997E0,3.891930200E0
8.717996062E1,-1.291751679E0,1.675951754E0,2.934318171E0,3.617687081E0
8.718991463E1,-8.546312325E-1,1.770560288E0,2.193780003E0,2.945835871E0
8.719986962E1,-1.096684033E-1,1.342533578E0,1.352365086E0,1.908746943E0
8.720982363E1,-8.424043391E-2,1.444022530E-1,9.096753126E-1,9.249095284E-1
8.721977863E1,-5.949272224E-1,-1.299491054E-1,1.066526873E0,1.228130587E0
8.722973363E1,-2.346565848E-1,6.726098943E-1,1.409176633E0,1.579001763E0
8.723968762E1,4.237593031E-1,1.463810678E0,1.496756814E0,2.136023082E0
8.724964262E1,3.101012715E-1,2.038613026E0,1.430842906E0,2.509863999E0
8.725959662E1,1.471076318E-1,2.506863903E0,1.418415819E0,2.884078833E0
8.726955162E1,1.292377916E-1,2.693047435E0,1.349488841E0,3.015016920E0
8.727950563E1,1.073562133E-1,2.468007401E0,1.302117623E0,2.792507151E0
8.728946063E1,-2.097538598E-1,1.874703292E0,9.713850725E-1,2.121814807E0
8.729941563E1,-7.676150887E-1,1.212590904E0,3.539740634E-1,1.478143181E0
8.730936962E1,-8.846573427E-1,8.691780818E-1,-2.273514390E-1,1.260863921E0
8.731932463E1,-5.872016983E-1,8.459821773E-1,-2.583475292E-1,1.061713297E0
8.732927862E1,-8.826647943E-2,7.701464215E-1,1.189826524E-1,7.842661242E-1
8.733923362E1,1.052096821E-2,3.373884362E-1,4.074632227E-2,3.400028094E-1
8.734918763E1,-2.180857949E-2,1.236656874E-2,-4.570055115E-1,4.576926739E-1
8.735914263E1,1.301642829E-1,-1.028618789E-1,-1.030324422E0,1.043595573E0
8.736909763E1,2.838538878E-1,-5.258401036E-3,-1.663369716E0,1.687423922E0
8.737905163E1,3.600632076E-1,4.426114208E-1,-2.136324677E0,2.211206347E0
8.738900663E1,3.859541669E-1,9.951197979E-1,-2.008018055E0,2.274062563E0
8.739896062E1,2.862943695E-1,1.394658289E0,-1.360069962E0,1.968965848E0
8.740891562E1,2.029673803E-1,1.497106478E0,-8.191533977E-1,1.718585422E0
8.741886963E1,2.761437493E-1,1.318420245E0,-4.853025270E-1,1.431784151E0
8.742882463E1,2.347741869E-1,9.771013105E-1,-2.824725562E-1,1.043856616E0
8.743877962E1,2.472283177E-1,6.389930820E-1,-1.619959402E-1,7.040430986E-1
8.744873363E1,4.664948116E-1,3.555250373E-1,-3.369691908E-1,6.764345475E-1
8.745868863E1,7.225188035E-1,7.556970745E-2,-7.416403681E-1,1.038159254E0
8.746864262E1,8.310643221E-1,-2.187881917E-1,-9.187718260E-1,1.258045249E0
8.747859762E1,7.547945568E-1,-4.677398300E-1,-1.000329375E0,1.337592699E0
8.748855163E1,5.288558782E-1,-6.105826306E-1,-1.179364101E0,1.429475209E0
8.749850662E1,2.830148855E-1,-6.231827956E-1,-1.061042184E0,1.262641968E0
8.750846162E1,1.383280192E-1,-5.044656068E-1,-5.203565848E-1,7.378286825E-1
8.751841563E1,-8.128470294E-2,-5.012893993E-1,8.515300155E-3,5.079082349E-1
8.752837063E1,-4.175150250E-1,-6.171952468E-1,2.512332219E-1,7.863630844E-1
8.753832462E1,-6.113426956E-1,-5.643802714E-1,4.565716481E-1,9.490640927E-1
8.754827962E1,-6.524595851E-1,-4.517681605E-1,6.107334888E-1,1.001395714E0
8.755823463E1,-6.787841886E-1,-5.626015484E-1,4.748354262E-1,1.001367644E0
8.756818862E1,-7.104365556E-1,-7.118780404E-1,1.593641084E-1,1.018276663E0
8.757814362E1,-4.921928128E-1,-6.523609865E-1,-1.564978033E-1,8.320578009E-1
8.758809763E1,-9.336095743E-2,-5.461235100E-1,-6.043284488E-1,8.198658613E-1
8.759805263E1,3.561321245E-1,-3.820898151E-1,-7.912458068E-1,9.480994904E-1
8.760800662E1,3.782673441E-1,-1.918161553E-1,-5.755484533E-1,7.149375100E-1
8.761796163E1,3.485439004E-1,-4.036151701E-1,-2.890185142E-1,6.065638941E-1
8.762791663E1,-3.450822026E-2,-8.564440155E-1,-1.709316552E-1,8.740164756E-1
8.763787062E1,-5.486794011E-1,-1.267379315E0,-1.477041757E-1,1.388926181E0
8.764782562E1,-7.455769330E-1,-1.464647706E0,-5.208179301E-1,1.724044426E0
8.765777963E1,-7.119421405E-1,-1.529490989E0,-1.462069961E0,2.232454450E0
8.766773463E1,-5.056977613E-1,-1.624309731E0,-2.347397468E0,2.899032114E0
8.767768863E1,-3.295381106E-1,-1.892713009E0,-2.681530759E0,3.298721739E0
8.768764363E1,-1.366029444E-1,-2.031909193E0,-2.369307570E0,3.124249301E0
8.769759863E1,2.783859372E-2,-1.448310586E0,-1.818683458E0,2.325078076E0
8.770755262E1,1.353046433E-1,-6.922465986E-1,-1.536340710E0,1.690519292E0
8.771750762E1,-1.216834813E-2,-1.832146087E-1,-1.586075957E0,1.596669221E0
8.772746163E1,-2.845896868E-1,6.516926497E-2,-1.897605082E0,1.919933168E0
8.773741662E1,-6.716293893E-1,8.100907981E-2,-2.397530326E0,2.491144349E0
8.774737063E1,-9.523062656E-1,-8.167098463E-3,-2.809829196E0,2.966832323E0
8.775732563E1,-1.027790969E0,-1.736108494E-1,-3.013461404E0,3.188643072E0
8.776728063E1,-1.017679598E0,-3.325086424E-1,-3.063335815E0,3.245036221E0
8.777723462E1,-6.857380629E-1,-4.672738069E-1,-2.883069665E0,3.000112030E0
8.778718962E1,-4.120324563E-2,-4.770909896E-1,-2.461693577E0,2.507837472E0
8.779714362E1,5.640359435E-1,-4.169623169E-1,-1.925644235E0,2.049414511E0
8.780709862E1,8.110870175E-1,-2.706907091E-1,-1.524907064E0,1.748278343E0
8.781705263E1,7.566555794E-1,-5.623793542E-2,-1.389093786E0,1.582805079E0
8.782700763E1,5.379215110E-1,1.233306420E-1,-1.406619061E0,1.511008664E0
8.783696263E1,2.879573542E-1,1.878037959E-1,-1.497240379E0,1.536202609E0
8.784691662E1,6.781472806E-2,8.441976070E-2,-1.495208471E0,1.499124380E0
8.785687163E1,-4.312570050E-2,-2.033299077E-1,-1.310437626E0,1.326819373E0
8.786682562E1,7.784924448E-2,-4.752400535E-1,-6.627351165E-2,4.861129413E-1
8.787678062E1,2.145895254E-2,-5.953266603E-1,5.153905445E-1,7.877193234E-1
8.788673463E1,-2.819262436E-1,-7.256862402E-1,1.079998273E0,1.331352393E0
8.789669446E1,-3.894723269E-1,-7.271188080E-1,2.322122878E0,2.464273750E0
8.790664946E1,-5.622966161E-1,-7.232695860E-1,3.110454433E0,3.242564287E0
8.791660346E1,-6.437764699E-1,-6.271834606E-1,3.541263834E0,3.653540307E0
8.792655846E1,-6.631546542E-1,-2.595713514E-1,3.605729386E0,3.675382400E0
8.793651246E1,-7.465010854E-1,2.639140785E-1,3.221201867E0,3.317085464E0
8.794646746E1,-6.641040958E-1,8.600470698E-1,2.728832980E0,2.937217160E0
8.795642146E1,-3.776830611E-1,1.366585515E0,2.321114234E0,2.719884510E0
8.796637646E1,-5.318837492E-2,1.678183637E0,2.112474470E0,2.698458394E0
8.797633146E1,1.915916405E-1,1.765651551E0,2.145980769E0,2.785581846E0
8.798628546E1,2.298995094E-1,1.550899107E0,2.345282530E0,2.821079930E0
8.799624046E1,1.302994541E-1,1.174424374E0,2.519589783E0,2.782909131E0
8.800619446E1,-6.488790426E-2,7.508783841E-1,2.671138503E0,2.775429641E0
8.801614946E1,-3.389209914E-1,2.848851174E-1,2.697054532E0,2.733153877E0
8.802610346E1,-6.213023311E-1,1.182108200E-1,2.557042369E0,2.634094922E0
8.803605846E1,-7.086250151E-1,3.482999253E-1,2.606354862E0,2.723333971E0
8.804601346E1,-7.504565075E-1,6.971354556E-1,2.519091600E0,2.719375903E0
8.805596746E1,-7.790067805E-1,1.202243671E0,2.385867469E0,2.782913040E0
8.806592246E1,-7.860150339E-1,1.781990426E0,2.197132797E0,2.936103206E0
8.807587646E1,-8.360397910E-1,2.383953676E0,1.941565034E0,3.186200314E0
8.808583146E1,-8.974999478E-1,2.849047056E0,1.850579435E0,3.513861057E0
8.809578646E1,-9.297412757E-1,2.884374179E0,1.974532220E0,3.617016828E0
8.810574046E1,-9.783428206E-1,2.495869383E0,2.010079783E0,3.350662530E0
8.811569546E1,-1.059490845E0,1.806088555E0,1.954963344E0,2.864674222E0
8.812564946E1,-1.058441343E0,1.092033012E0,1.773364613E0,2.336162714E0
8.813560446E1,-7.702497710E-1,6.204462987E-1,9.505806792E-1,1.371802445E0
8.814555846E1,-4.518935101E-1,3.479473382E-1,6.228442419E-1,8.445176400E-1
8.815551346E1,-2.661172362E-1,4.034403384E-1,3.789989769E-1,6.141845932E-1
8.816546846E1,8.924312890E-5,5.586897612E-1,-7.631435037E-2,5.638777680E-1
8.817542246E1,1.575231857E-1,6.485602963E-1,-5.572320503E-1,8.694547543E-1
8.818537746E1,2.602273359E-1,4.924682897E-1,-1.007615005E0,1.151317194E0
8.819533146E1,1.828031840E-1,1.229534966E-1,-1.283613524E0,1.302381759E0
8.820528646E1,1.499589352E-1,-2.670756680E-1,-1.378727843E0,1.412341162E0
8.821524046E1,1.563087190E-1,-6.212456131E-1,-1.465295286E0,1.599208805E0
8.822519546E1,1.002657151E-1,-8.789411777E-1,-1.568220314E0,1.800529301E0
8.823515046E1,5.043486625E-2,-9.838051432E-1,-1.682110042E0,1.949335894E0
8.824510446E1,9.817518935E-2,-9.353937060E-1,-1.883961189E0,2.105685046E0
8.825505946E1,1.611315756E-1,-8.117519921E-1,-2.086117560E0,2.244279652E0
8.826501346E1,2.170395087E-1,-6.176326185E-1,-2.170927915E0,2.267488525E0
8.827496846E1,3.214047068E-1,-4.674322665E-1,-2.065413739E0,2.141898182E0
8.828492246E1,4.626204465E-1,-4.601711941E-1,-1.895684856E0,2.004843206E0
8.829487746E1,5.235542808E-1,-5.357885563E-1,-1.754056522E0,1.907326072E0
8.830483246E1,3.505536615E-1,-7.619518411E-1,-1.607207209E0,1.812890921E0
8.831478646E1,-2.029692806E-2,-1.129045302E0,-1.356072806E0,1.764678077E0
8.832474146E1,-3.018069961E-1,-1.350781075E0,-1.104574120E0,1.770813644E0
8.833469546E1,-3.368174921E-1,-1.210090050E0,-9.666722167E-1,1.584998147E0
8.834465046E1,-3.396247404E-1,-8.343982583E-1,-7.937291193E-1,1.200654543E0
8.835460446E1,-3.616824112E-1,-4.960181344E-1,-6.104563308E-1,8.657396191E-1
8.836455946E1,-3.353355884E-1,-2.838834894E-1,-4.448854029E-1,6.252701929E-1
8.837451446E1,-3.405874479E-1,-1.737219465E-1,-2.725948548E-1,4.695605171E-1
8.838446846E1,-3.761788283E-1,-7.631551981E-2,-2.114522749E-1,4.382312563E-1
8.839442346E1,-3.691437142E-1,-4.174151838E-2,-1.232762629E-1,3.914159847E-1
8.840437746E1,-4.443339739E-1,-8.545296371E-2,-1.537040037E-1,4.778700766E-1
8.841433246E1,-5.922577491E-1,-1.705124098E-1,-2.373911083E-1,6.604530730E-1
8.842428646E1,-5.862099374E-1,-2.907019275E-1,-2.064195764E-1,6.861186071E-1
8.843424146E1,-3.843499833E-1,-3.849683994E-1,-1.438648939E-2,5.441806219E-1
8.844419646E1,-2.755012865E-1,-5.227024877E-1,1.082401478E-1,6.006952464E-1
8.845415046E1,-4.474510881E-1,-7.257394499E-1,-8.012965858E-2,8.563474689E-1
8.846410546E1,-4.781180896E-1,-8.340930337E-1,-2.735806954E-1,9.995771573E-1
8.847405946E1,-4.901856098E-1,-9.129117465E-1,-1.862928754E-1,1.052803317E0
8.848401446E1,-6.618872702E-1,-1.027563366E0,-4.755043477E-1,1.311520345E0
8.849396846E1,-8.931170943E-1,-1.058650088E0,-1.007408014E0,1.712678913E0
8.850392346E1,-1.096893583E0,-1.165203899E0,-1.339160904E0,2.086678601E0
8.851387846E1,-1.190110845E0,-1.403880225E0,-1.490476320E0,2.368282747E0
8.852383246E1,-1.216689949E0,-1.556082079E0,-1.405632051E0,2.424361221E0
8.853378746E1,-1.353816073E0,-1.640262104E0,-1.211346617E0,2.447578059E0
8.854374146E1,-1.376779112E0,-1.422973723E0,-1.145694079E0,2.287572920E0
8.855369646E1,-1.194454303E0,-8.473627049E-1,-1.035191059E0,1.793422751E0
8.856365046E1,-7.643089999E-1,-2.449726081E-1,-9.212510455E-1,1.221836043E0
8.857360546E1,-1.145190342E-1,3.646984416E-1,-9.842986482E-1,1.055918269E0
8.858356046E1,7.724882314E-1,9.469103819E-1,-1.062371256E0,1.619262185E0
8.859351446E1,1.982777818E0,1.627705793E0,-8.861513793E-1,2.714055691E0
8.860346946E1,2.667693323E0,2.220400037E0,-3.983479983E-1,3.493629219E0
8.861342346E1,2.418130505E0,2.738840489E0,7.831930214E-1,3.736575126E0
8.862337846E1,1.380680374E0,3.039421288E0,1.840558476E0,3.812088085E0
8.863333246E1,3.044175951E-1,2.943253886E0,2.914865654E0,4.153535276E0
8.864328746E1,-2.448740825E-1,2.599762711E0,3.795562166E0,4.607062147E0
8.865324246E1,-4.402413981E-1,2.421181144E0,4.390781237E0,5.033377643E0
8.866319646E1,-2.403917532E-1,2.444482590E0,4.554285759E0,5.174437371E0
8.867315146E1,1.784023502E-1,2.765136295E0,4.519357417E0,5.301169455E0
8.868310546E1,4.784646468E-1,3.037160754E0,4.200967169E0,5.205900404E0
8.869306046E1,5.618683076E-1,2.981640857E0,3.648069659E0,4.744922595E0
8.870301446E1,3.037056966E-1,2.742099143E0,3.184489539E0,4.213350031E0
8.871296946E1,-2.511861518E-2,2.328834605E0,2.876267014E0,3.700947649E0
8.872292446E1,-3.525217612E-1,1.815566600E0,2.572729864E0,3.168515839E0
8.873287846E1,-5.815474042E-1,1.232001029E0,2.281650791E0,2.657433771E0
8.874283346E1,-7.173049875E-1,5.467947704E-1,2.242591975E0,2.417173914E0
8.875278746E1,-6.408964969E-1,2.559539714E-1,2.566476851E0,2.657642599E0
8.876274246E1,-5.530292179E-1,3.256504431E-1,2.835186816E0,2.906918266E0
8.877269646E1,-6.167960282E-1,4.993975326E-1,2.856090612E0,2.964302417E0
8.878265146E1,-6.645699728E-1,6.767500153E-1,2.896008384E0,3.047377297E0
8.879260646E1,-6.244805852E-1,8.447121620E-1,2.774103878E0,2.966338983E0
8.880256046E1,-4.705189385E-1,9.602347246E-1,2.402241427E0,2.629487150E0
8.881251546E1,-3.762905467E-1,9.689961925E-1,1.844015350E0,2.116823282E0
8.882246946E1,-3.974627298E-1,8.654873192E-1,1.178221555E0,1.515008566E0
8.883242446E1,-5.086791104E-1,6.472587061E-1,4.579837507E-1,9.420442590E-1
8.884237846E1,-5.914655976E-1,3.434683710E-1,-9.111306846E-2,6.900026567E-1
8.885233346E1,-5.652570614E-1,1.371142834E-1,-3.830101669E-1,6.964285033E-1
8.886228846E1,-4.562931745E-1,9.684450924E-3,-5.561006141E-1,7.194061041E-1
8.887224246E1,-3.070755932E-1,-1.544442612E-1,-6.788120359E-1,7.608772765E-1
8.888219746E1,-2.619916601E-1,-3.662292427E-1,-8.278400213E-1,9.423813395E-1
8.889214708E1,-2.542647108E-1,-5.607380408E-1,-9.618441707E-1,1.142025351E0
8.890210208E1,-3.042108960E-1,-6.549621204E-1,-1.116416486E0,1.329626045E0
8.891205608E1,-3.656175508E-1,-6.542546073E-1,-1.291958086E0,1.493613397E0
8.892201108E1,-3.689802115E-1,-5.451180813E-1,-1.604511643E0,1.734288826E0
8.893196608E1,-2.702114566E-1,-3.635997498E-1,-1.945242932E0,1.997295440E0
8.894192008E1,-1.586739177E-1,-2.278902599E-1,-2.262347378E0,2.279326006E0
8.895187508E1,-1.056488811E-1,-1.527248874E-1,-2.559951943E0,2.566678891E0
8.896182908E1,2.740955427E-3,-1.382337329E-1,-2.899430174E0,2.902724826E0
8.897178408E1,1.019843580E-1,-1.690615694E-1,-3.143270177E0,3.149465038E0
8.898173808E1,9.545053303E-2,-2.202340619E-1,-3.160791358E0,3.169892089E0
8.899169308E1,1.083817235E-1,-3.389187987E-1,-3.159442406E0,3.179416435E0
8.900164808E1,9.531465836E-2,-5.313573901E-1,-3.223092272E0,3.267988579E0
8.901160208E1,1.106570944E-2,-7.410807896E-1,-3.324359615E0,3.405978572E0
8.902155708E1,-2.486820817E-3,-9.543204121E-1,-3.366690533E0,3.499334047E0
8.903151108E1,4.375822306E-2,-1.107483841E0,-3.408799841E0,3.584459735E0
8.904146608E1,1.829535306E-1,-1.176017009E0,-3.568773814E0,3.761998742E0
8.905142008E1,3.377793957E-1,-1.091916506E0,-3.694830428E0,3.867576562E0
8.906137508E1,4.908387438E-1,-8.868789192E-1,-3.604398560E0,3.744217658E0
8.907133008E1,5.956096655E-1,-6.662989944E-1,-3.153095253E0,3.277302992E0
8.908128408E1,5.994671468E-1,-4.820716479E-1,-2.475956690E0,2.592704277E0
8.909123908E1,4.817683602E-1,-4.233249646E-1,-1.837346016E0,1.946058879E0
8.910119308E1,2.860825175E-1,-5.585912356E-1,-1.372523362E0,1.509201032E0
8.911114808E1,2.075318995E-1,-8.010705909E-1,-1.067165388E0,1.350416805E0
8.912110208E1,1.842779614E-1,-1.143081251E0,-8.821419436E-1,1.455598682E0
8.913105708E1,1.370612565E-1,-1.506149197E0,-8.780646801E-1,1.748790660E0
8.914101208E1,6.270042434E-3,-1.845538258E0,-1.081181164E0,2.138925778E0
8.915096608E1,-1.635381433E-1,-2.045354573E0,-1.352128859E0,2.457330361E0
8.916092108E1,-3.396424647E-1,-2.034365609E0,-1.653144690E0,2.643272177E0
8.917087508E1,-4.375146952E-1,-1.890804478E0,-1.819387463E0,2.660212665E0
8.918083008E1,-5.431838954E-1,-1.640648313E0,-1.748401680E0,2.458390544E0
8.919078408E1,-6.136160199E-1,-1.357904738E0,-1.524671422E0,2.131912954E0
8.920073908E1,-6.671494719E-1,-1.111759471E0,-1.330759624E0,1.857960903E0
8.921069408E1,-6.907660836E-1,-8.939623824E-1,-1.063530174E0,1.551587237E0
8.922064808E1,-6.967059776E-1,-6.998356998E-1,-8.097154069E-1,1.277031036E0
8.923060308E1,-6.076057401E-1,-6.020816562E-1,-6.447368020E-1,1.071154797E0
8.924055708E1,-3.728213205E-1,-5.846391195E-1,-5.842724991E-1,9.067375531E-1
8.925051208E1,-2.087554660E-1,-5.809872410E-1,-4.267631274E-1,7.505010231E-1
8.926046608E1,-2.632964663E-2,-4.320107111E-1,-1.892001110E-1,4.723591714E-1
8.927042108E1,1.322443568E-1,-9.401153326E-3,6.106598139E-2,1.459657688E-1
8.928037608E1,1.977903286E-1,6.190584621E-1,1.739511573E-1,6.727654857E-1
8.929033008E1,2.447577229E-1,1.365827131E0,1.908057564E-1,1.400641614E0
8.930028508E1,3.502886365E-1,2.114530935E0,3.733301014E-1,2.175619123E0
8.931023908E1,4.267223431E-1,2.659859224E0,5.596375948E-1,2.751388247E0
8.932019408E1,5.446279384E-1,2.955825400E0,7.774937403E-1,3.104516049E0
8.933014808E1,5.541350725E-1,3.037325353E0,1.250821754E0,3.331210897E0
8.934010308E1,4.455192411E-1,2.907578854E0,1.895179657E0,3.499172490E0
8.935005808E1,2.297137141E-1,2.517479230E0,2.531459631E0,3.577535175E0
8.936001208E1,2.158865109E-2,1.977708428E0,3.044444631E0,3.630487544E0
8.936996708E1,-1.340017375E-1,1.514722969E0,3.462668484E0,3.781853404E0
8.937992108E1,-2.304933672E-1,1.249268441E0,3.881187038E0,4.083798679E0
8.938987608E1,-2.749211696E-1,1.261499355E0,4.243231428E0,4.435310048E0
8.939983008E1,-2.301221421E-1,1.426807743E0,4.381397041E0,4.613607760E0
8.940978508E1,-2.455063127E-2,1.603004231E0,4.337461647E0,4.624261978E0
8.941974008E1,2.070446438E-1,1.736038620E0,4.247108717E0,4.592889072E0
8.942969408E1,2.782328133E-1,1.773453198E0,4.137977453E0,4.510588338E0
8.943964908E1,1.696085034E-1,1.638958175E0,3.975903161E0,4.303807255E0
8.944960308E1,8.391412273E-3,1.364253645E0,3.707218924E0,3.950282341E0
8.945955808E1,-1.099120861E-1,1.066680947E0,3.397030565E0,3.562261300E0
8.946951208E1,-2.654779894E-1,9.070978600E-1,3.076699626E0,3.218599957E0
8.947946708E1,-5.204394691E-1,9.072908181E-1,2.715801290E0,2.910259528E0
8.948942208E1,-7.461401660E-1,9.656545088E-1,2.278243033E0,2.584493199E0
8.949937608E1,-8.541737609E-1,1.038400596E0,1.772705632E0,2.224943565E0
8.950933108E1,-8.683289929E-1,1.051793059E0,1.195871376E0,1.813938319E0
8.951928508E1,-9.064702345E-1,9.859133568E-1,6.282733816E-1,1.479337985E0
8.952924008E1,-9.797198398E-1,8.555575776E-1,1.366628784E-1,1.307863324E0
8.953919408E1,-1.057410844E0,7.177316880E-1,-3.735674983E-1,1.331468792E0
8.954914908E1,-1.125682276E0,6.370705175E-1,-8.920366019E-1,1.571225232E0
8.955910408E1,-1.104945638E0,5.385395251E-1,-1.453209676E0,1.903351792E0
8.956905808E1,-9.889707928E-1,4.365922970E-1,-1.974455037E0,2.251032820E0
8.957901308E1,-9.182264270E-1,3.952954593E-1,-2.176106209E0,2.394751867E0
8.958896708E1,-9.202725870E-1,2.952513537E-1,-2.294523436E0,2.489761594E0
8.959892208E1,-9.472361449E-1,8.641205326E-2,-2.553172097E0,2.724593752E0
8.960887608E1,-8.599877205E-1,-1.581929111E-1,-2.913828943E0,3.042203640E0
8.961883108E1,-6.606755079E-1,-3.447424793E-1,-3.207985405E0,3.293403994E0
8.962878508E1,-4.698389804E-1,-4.412808868E-1,-3.347415771E0,3.408910358E0
8.963874008E1,-2.821867005E-1,-4.533939788E-1,-3.400562283E0,3.442240444E0
8.964869508E1,-4.569927938E-2,-3.996408176E-1,-3.188760345E0,3.214030763E0
8.965864908E1,2.026172052E-1,-2.870477101E-1,-2.676446021E0,2.699409828E0
8.966860408E1,2.687238519E-1,-2.135178038E-1,-2.212955362E0,2.239413717E0
8.967855808E1,4.070873930E-1,-2.779611370E-1,-1.910956029E0,1.973508420E0
8.968851308E1,4.568503410E-1,-3.850929451E-1,-1.600600441E0,1.708487805E0
8.969846808E1,3.388142066E-1,-4.721416140E-1,-1.320090795E0,1.442342704E0
8.970842208E1,2.136886156E-1,-5.459258741E-1,-1.199482031E0,1.335086150E0
8.971837708E1,1.367896168E-1,-5.823329777E-1,-1.219523363E0,1.358329978E0
8.972833108E1,1.132863680E-1,-6.331172150E-1,-1.270423960E0,1.423955142E0
8.973828608E1,7.521733962E-2,-6.653152004E-1,-1.308298130E0,1.469675461E0
8.974824008E1,-2.107343830E-2,-6.641328934E-1,-1.178240266E0,1.352688699E0
8.975819508E1,-1.758119606E-1,-6.075774541E-1,-9.329788059E-1,1.127168870E0
8.976815008E1,-3.323225547E-1,-5.543145820E-1,-6.354613638E-1,9.063741397E-1
8.977810408E1,-4.309588701E-1,-5.267051992E-1,-3.511299777E-1,7.657912090E-1
8.978805908E1,-5.052964231E-1,-5.823145589E-1,-1.401326162E-1,7.836146188E-1
8.979801308E1,-6.055543175E-1,-7.364100337E-1,8.850345612E-3,9.534537733E-1
8.980796808E1,-6.493244543E-1,-9.607779309E-1,-3.538676441E-2,1.160158913E0
8.981792208E1,-5.279972877E-1,-1.149348589E0,-2.421361238E-1,1.287793934E0
8.982787708E1,-2.351820302E-1,-1.220038795E0,-6.027198797E-1,1.380969407E0
8.983783108E1,5.315433316E-2,-1.224911865E0,-1.017498554E0,1.593278936E0
8.984778608E1,2.657021570E-1,-1.099266018E0,-1.341657665E0,1.754716132E0
8.985774108E1,4.343600493E-1,-8.647356597E-1,-1.375920594E0,1.682139678E0
8.986769508E1,3.956592292E-1,-6.508328167E-1,-1.262865264E0,1.474773968E0
8.987765008E1,2.216500383E-1,-5.399889037E-1,-1.163522240E0,1.301729910E0
8.988760408E1,-6.555459648E-3,-5.015569094E-1,-1.079935707E0,1.190740710E0
8.989755850E1,-1.515813913E-1,-4.918435147E-1,-9.345294875E-1,1.066879714E0
8.990751250E1,-2.404147035E-1,-4.903632921E-1,-8.992158133E-1,1.052066760E0
8.991746750E1,-3.084906194E-1,-5.639619032E-1,-1.066409928E0,1.245170521E0
8.992742250E1,-3.845942507E-1,-6.632002625E-1,-1.284482421E0,1.495875133E0
8.993737650E1,-4.538194368E-1,-7.317685139E-1,-1.493032722E0,1.723538207E0
8.994733150E1,-4.571926955E-1,-7.063532987E-1,-1.646644340E0,1.849161358E0
8.995728550E1,-4.266629939E-1,-4.850820869E-1,-1.602452254E0,1.727772892E0
8.996724050E1,-4.884644088E-1,-2.572883061E-1,-1.375161626E0,1.481844880E0
8.997719450E1,-5.730697455E-1,-1.222892529E-1,-1.095669395E0,1.242519625E0
8.998714950E1,-5.257203088E-1,-6.900825441E-2,-9.144115573E-1,1.057020567E0
8.999710450E1,-4.550450132E-1,-1.494720814E-1,-9.070241851E-1,1.025719620E0
9.000705850E1,-3.536003898E-1,-3.509232786E-1,-9.554794765E-1,1.077553439E0
9.001701350E1,-2.756686630E-1,-6.120874116E-1,-1.036990247E0,1.235310886E0
9.002696750E1,-1.659003819E-1,-7.622199360E-1,-1.067108670E0,1.321825663E0
9.003692250E1,-3.527574040E-2,-7.207304326E-1,-9.349113107E-1,1.180997838E0
9.004687650E1,4.814758167E-2,-4.999854702E-1,-7.349640173E-1,8.902110799E-1
9.005683150E1,1.219426957E-1,-1.791949403E-1,-5.042732334E-1,5.488828123E-1
9.006678650E1,2.157621845E-1,2.344981983E-1,-2.602759409E-1,4.114441526E-1
9.007674050E1,2.759493294E-1,6.319661906E-1,2.834086955E-2,6.901684601E-1
9.008669550E1,2.283136714E-1,8.941287357E-1,2.986044395E-1,9.699267703E-1
9.009664950E1,5.774531107E-2,1.089192727E0,5.533851671E-1,1.223074184E0
9.010660450E1,2.311082751E-2,1.273839026E0,8.909028268E-1,1.554640737E0
9.011655850E1,5.505007356E-2,1.432288923E0,1.314825962E0,1.945057680E0
9.012651350E1,6.307168599E-2,1.595505469E0,1.751830487E0,2.370342970E0
9.013646850E1,1.462158401E-1,1.776636423E0,2.249881114E0,2.870501886E0
9.014642250E1,2.102166121E-1,1.930395975E0,2.737171109E0,3.355998410E0
9.015637750E1,1.377494738E-1,2.000206760E0,3.183852192E0,3.762541266E0
9.016633150E1,6.238208000E-2,2.007270488E0,3.463188887E0,4.003336559E0
9.017628650E1,7.316226259E-2,1.895573174E0,3.436267136E0,3.925109197E0
9.018624050E1,1.732123616E-1,1.713648461E0,3.257282696E0,3.684628086E0
9.019619550E1,3.644734700E-1,1.575418529E0,3.119190758E0,3.513422183E0
9.020615050E1,6.276950920E-1,1.488263733E0,3.147581913E0,3.537824469E0
9.021610450E1,8.650351102E-1,1.416112893E0,3.343211623E0,3.732388702E0
9.022605950E1,9.401967551E-1,1.259173917E0,3.649463051E0,3.973420372E0
9.023601350E1,7.025333127E-1,9.446057019E-1,3.977153295E0,4.147720015E0
9.024596850E1,2.158607832E-1,5.358271480E-1,4.183957618E0,4.223648655E0
9.025592250E1,-2.369230021E-1,2.446264529E-1,4.144493006E0,4.158460879E0
9.026587750E1,-5.419339069E-1,1.303549021E-1,3.829685932E0,3.870036059E0
9.027583150E1,-6.936869140E-1,1.622453240E-1,3.340420747E0,3.415543272E0
9.028578650E1,-7.026663369E-1,3.029275784E-1,2.743710635E0,2.848412391E0
9.029574150E1,-6.526127091E-1,5.196514106E-1,2.102030173E0,2.261519795E0
9.030569550E1,-5.628690585E-1,7.354867584E-1,1.475330277E0,1.741941955E0
9.031565050E1,-4.453585158E-1,8.188826716E-1,8.743101829E-1,1.278018518E0
9.032560450E1,-3.147100103E-1,7.447627813E-1,3.263535708E-1,8.719063276E-1
9.033555950E1,-2.450207014E-1,5.938671952E-1,-2.126725888E-1,6.767148733E-1
9.034551450E1,-2.427064283E-1,4.332447660E-1,-6.515219110E-1,8.191997547E-1
9.035546850E1,-3.386097003E-1,2.890796176E-1,-9.872707880E-1,1.083017619E0
9.036542350E1,-4.494559521E-1,1.388665478E-1,-1.321229247E0,1.402476843E0
9.037537750E1,-4.880131134E-1,5.909093812E-2,-1.638675170E0,1.710819935E0
9.038533250E1,-4.956371883E-1,8.452501059E-2,-1.872740382E0,1.939060917E0
9.039528650E1,-4.314053416E-1,2.190568712E-1,-1.944786850E0,2.004068954E0
9.040524150E1,-3.914212404E-1,3.869397882E-1,-1.919721006E0,1.997063275E0
9.041519550E1,-3.435169760E-1,5.071820770E-1,-1.930392174E0,2.025253445E0
9.042515050E1,-2.860152563E-1,4.995362578E-1,-1.964870281E0,2.047451201E0
9.043510550E1,-1.804206264E-1,4.486533487E-1,-1.996814790E0,2.054534189E0
9.044505950E1,-9.927172044E-3,3.436427642E-1,-2.037996730E0,2.066789677E0
9.045501450E1,9.293720788E-2,1.164192331E-1,-2.133399900E0,2.138594374E0
9.046496850E1,1.625612563E-1,-1.591147247E-1,-2.251316605E0,2.262779290E0
9.047492350E1,2.216312907E-1,-4.000276110E-1,-2.300917366E0,2.345924816E0
9.048487750E1,2.866295063E-1,-5.990925595E-1,-2.311811314E0,2.405314931E0
9.049483250E1,3.529200662E-1,-6.671100032E-1,-2.257168499E0,2.379999572E0
9.050478750E1,4.064614485E-1,-5.731396928E-1,-2.073382325E0,2.189204029E0
9.051474150E1,3.814850303E-1,-4.393068668E-1,-1.790216873E0,1.882391512E0
9.052469650E1,2.970980871E-1,-3.738238987E-1,-1.521397566E0,1.594572712E0
9.053465050E1,2.111638062E-1,-3.849333161E-1,-1.237462036E0,1.313040784E0
9.054460550E1,1.466806297E-1,-4.407815346E-1,-1.007037300E0,1.109021052E0
9.055455950E1,1.251084422E-1,-5.297211930E-1,-8.469341040E-1,1.006754211E0
9.056451450E1,1.065353464E-1,-6.428893742E-1,-7.282788956E-1,9.772648962E-1
9.057446950E1,4.382156942E-2,-7.294954088E-1,-6.208035636E-1,9.588956909E-1
9.058442350E1,-7.010347445E-2,-7.400508025E-1,-4.713996023E-1,8.802313744E-1
9.059437850E1,-2.211695799E-1,-7.320942038E-1,-3.038254184E-1,8.229142065E-1
9.060433250E1,-3.955078960E-1,-7.978935063E-1,-2.738905978E-1,9.317062857E-1
9.061428750E1,-4.957513917E-1,-8.785523379E-1,-4.017540014E-1,1.085831447E0
9.062424150E1,-4.882271215E-1,-9.293500239E-1,-5.920633292E-1,1.205236979E0
9.063419650E1,-4.084199003E-1,-9.143484074E-1,-8.348566800E-1,1.303773562E0
9.064415150E1,-3.024744192E-1,-8.569883913E-1,-1.071476541E0,1.404984645E0
9.065410550E1,-2.140674056E-1,-7.887464145E-1,-1.307312289E0,1.541755876E0
9.066406050E1,-1.626657022E-1,-7.197250038E-1,-1.507626788E0,1.678512062E0
9.067401450E1,-1.728568144E-1,-6.983967000E-1,-1.644440525E0,1.794943472E0
9.068396950E1,-2.847740203E-1,-7.473911047E-1,-1.781480548E0,1.952783309E0
9.069392350E1,-4.229107625E-1,-8.877932775E-1,-1.987495497E0,2.217469001E0
9.070387850E1,-5.293373964E-1,-1.058170032E0,-2.218219610E0,2.514044577E0
9.071383250E1,-5.459395785E-1,-1.141544018E0,-2.479727560E0,2.783921971E0
9.072378750E1,-4.902710523E-1,-1.185459824E0,-2.727478765E0,3.014103699E0
9.073374250E1,-4.190971354E-1,-1.218499808E0,-2.880621436E0,3.155687571E0
9.074369650E1,-3.586214304E-1,-1.212214344E0,-2.882533475E0,3.147550187E0
9.075365150E1,-3.461838545E-1,-1.092608086E0,-2.663150037E0,2.899310920E0
9.076360550E1,-4.044112685E-1,-9.041315675E-1,-2.338044847E0,2.539184135E0
9.077356050E1,-5.145756254E-1,-6.728452447E-1,-1.894656331E0,2.075387051E0
9.078351450E1,-5.366751770E-1,-4.172073153E-1,-1.420972806E0,1.575197101E0
9.079346950E1,-4.674993633E-1,-1.550313216E-1,-9.550245631E-1,1.074552131E0
9.080342450E1,-3.243017098E-1,1.030086440E-1,-5.291162986E-1,6.290838077E-1
9.081337850E1,-1.188156779E-1,3.231028113E-1,-2.795781845E-1,4.434823031E-1
9.082333350E1,3.796525860E-2,4.605313826E-1,-5.733721197E-2,4.656372741E-1
9.083328750E1,1.286700452E-1,5.562160966E-1,1.499758190E-1,5.902754212E-1
9.084324250E1,1.880823792E-1,6.514885819E-1,4.151879793E-1,7.951059124E-1
9.085319650E1,1.743874875E-1,7.238420284E-1,7.632265341E-1,1.066242477E0
9.086315150E1,6.255313846E-2,7.718330508E-1,1.112233973E0,1.355250369E0
9.087310650E1,-7.806628581E-2,7.828986141E-1,1.387701564E0,1.595224190E0
9.088306050E1,-1.817230571E-1,8.268340078E-1,1.716407470E0,1.913826625E0
9.089302008E1,-2.106868561E-1,9.229572630E-1,2.068802201E0,2.275122328E0
9.090297408E1,-1.454378406E-1,1.090458941E0,2.392326888E0,2.633150358E0
9.091292908E1,-3.890377326E-2,1.266078309E0,2.685579371E0,2.969310416E0
9.092288308E1,6.781754203E-2,1.445962929E0,2.902849626E0,3.243754609E0
9.093283808E1,8.463565087E-2,1.581959225E0,3.173904324E0,3.547312622E0
9.094279208E1,9.026746972E-2,1.735220594E0,3.570971197E0,3.971268566E0
9.095274708E1,6.650126070E-2,1.885407498E0,3.994610158E0,4.417702362E0
9.096270208E1,1.613626868E-2,1.948403645E0,4.342790800E0,4.759870699E0
9.097265608E1,2.740034491E-2,1.918963791E0,4.513243568E0,4.904338927E0
9.098261108E1,1.020663286E-1,1.814908203E0,4.480463492E0,4.835169328E0
9.099256508E1,1.802793430E-1,1.652072603E0,4.244003845E0,4.557785994E0
9.100252008E1,2.220939516E-1,1.490861359E0,3.876402261E0,4.159145081E0
9.101247408E1,2.317626150E-1,1.385358000E0,3.522717050E0,3.792422196E0
9.102242908E1,1.002675424E-1,1.343885454E0,3.392646908E0,3.650497875E0
9.103238408E1,-1.444061999E-1,1.308176216E0,3.349464051E0,3.598761952E0
9.104233808E1,-3.102254152E-1,1.330507609E0,3.259724493E0,3.534443956E0
9.105229308E1,-3.872248399E-1,1.309484530E0,3.025980293E0,3.319826734E0
9.106224708E1,-3.982619346E-1,1.191274002E0,2.621172291E0,2.906594312E0
9.107220208E1,-3.316337162E-1,9.979720697E-1,2.112187371E0,2.359505174E0
9.108215608E1,-2.759481965E-1,7.512403268E-1,1.539943179E0,1.735492562E0
9.109211108E1,-2.685921068E-1,4.979848453E-1,9.850336432E-1,1.135967387E0
9.110206608E1,-2.806344109E-1,2.673537031E-1,3.981714123E-1,5.556744989E-1
9.111202008E1,-3.052661723E-1,5.285619825E-2,-1.522579873E-1,3.452009680E-1
9.112197508E1,-3.612989070E-1,-1.433035612E-1,-6.826875705E-1,7.855794866E-1
9.113192908E1,-4.257297417E-1,-3.293378435E-1,-1.161013784E0,1.279711778E0
9.114188408E1,-4.783526361E-1,-4.582587160E-1,-1.603345124E0,1.734801972E0
9.115183808E1,-4.718461834E-1,-5.047990443E-1,-1.979131055E0,2.096287344E0
9.116179308E1,-4.030319469E-1,-4.395346159E-1,-2.290647317E0,2.367000329E0
9.117174808E1,-2.816930128E-1,-2.846301788E-1,-2.460575005E0,2.492948986E0
9.118170208E1,-2.098755001E-1,-1.814864641E-1,-2.627487284E0,2.642096609E0
9.119165708E1,-1.532342530E-1,-1.429533130E-1,-2.809000645E0,2.816806882E0
9.120161108E1,-1.363516603E-1,-1.440528819E-1,-2.963083549E0,2.969714990E0
9.121156608E1,-6.822487369E-2,-1.686746299E-1,-3.074960080E0,3.080338497E0
9.122152008E1,2.654131584E-2,-2.060506171E-1,-3.138563168E0,3.145431617E0
9.123147508E1,1.370770440E-1,-2.366894424E-1,-3.143847882E0,3.155723611E0
9.124143008E1,2.556892022E-1,-2.209545851E-1,-3.091491913E0,3.109906774E0
9.125138408E1,3.378240538E-1,-1.081933701E-1,-2.940113347E0,2.961435022E0
9.126133908E1,4.174835597E-1,-1.508640110E-2,-2.795840317E0,2.826878703E0
9.127129308E1,4.928869869E-1,5.112015992E-2,-2.641222394E0,2.687304706E0
9.128124808E1,5.707326865E-1,1.190960884E-1,-2.372805959E0,2.443384496E0
9.129120208E1,5.506609859E-1,1.250380290E-1,-1.972175208E0,2.051423184E0
9.130115708E1,4.471227669E-1,-1.540770561E-2,-1.597416047E0,1.658883417E0
9.131111108E1,2.560468691E-1,-2.886966249E-1,-1.307612836E0,1.363362413E0
9.132106608E1,-1.804772347E-2,-6.500758946E-1,-1.105626619E0,1.282705972E0
9.133102108E1,-2.393095432E-1,-1.026210028E0,-9.415297741E-1,1.413100985E0
9.134097508E1,-3.733548059E-1,-1.364928706E0,-8.607715398E-1,1.656306683E0
9.135093008E1,-4.226260396E-1,-1.627675095E0,-8.271857178E-1,1.874079827E0
9.136088408E1,-4.444151406E-1,-1.804146987E0,-9.318619877E-1,2.078657724E0
9.137083908E1,-4.222595654E-1,-1.944837720E0,-1.086678132E0,2.267502208E0
9.138079308E1,-3.946199963E-1,-2.058775103E0,-1.169780515E0,2.400555419E0
9.139074808E1,-4.272486656E-1,-2.173635176E0,-1.172035201E0,2.506171944E0
9.140070308E1,-5.227391790E-1,-2.255348553E0,-1.140179570E0,2.580670997E0
9.141065708E1,-6.236119813E-1,-2.257393032E0,-1.089981224E0,2.583171359E0
9.142061208E1,-7.203903439E-1,-2.251835546E0,-1.111937519E0,2.612686475E0
9.143056608E1,-8.258722870E-1,-2.240674673E0,-1.230107993E0,2.686234111E0
9.144052108E1,-8.398488866E-1,-2.180257732E0,-1.416123710E0,2.732082776E0
9.145047508E1,-8.128799931E-1,-2.069090176E0,-1.602676787E0,2.740525665E0
9.146043008E1,-7.507744499E-1,-1.868485948E0,-1.787737069E0,2.692750609E0
9.147038408E1,-6.239094584E-1,-1.540054569E0,-1.926922436E0,2.544417647E0
9.148033908E1,-4.868447666E-1,-1.113785531E0,-2.001655115E0,2.341828182E0
9.149029408E1,-3.754677703E-1,-6.970266974E-1,-2.023931252E0,2.173274023E0
9.150024808E1,-2.516399323E-1,-3.046060216E-1,-1.925344273E0,1.965466370E0
9.151020308E1,-1.193777323E-1,9.393493474E-2,-1.676230667E0,1.683099540E0
9.152015708E1,3.345860850E-2,5.301419002E-1,-1.315999498E0,1.419163342E0
9.153011208E1,1.432859739E-1,9.443914014E-1,-8.351443630E-1,1.268807352E0
9.154006608E1,1.832847570E-1,1.298076612E0,-2.553443992E-1,1.335588618E0
9.155002108E1,1.430717191E-1,1.563626742E0,3.105865538E-1,1.600581804E0
9.155997608E1,5.894649362E-2,1.783411299E0,8.452109295E-1,1.974439684E0
9.156993008E1,-1.023114732E-2,1.976955307E0,1.333953373E0,2.384929467E0
9.157988508E1,-3.927660635E-2,2.152277051E0,1.746885497E0,2.772264074E0
9.158983908E1,-4.444448518E-2,2.247711797E0,2.027602719E0,3.027433966E0
9.159979408E1,-1.080821634E-1,2.309499325E0,2.231221479E0,3.213069899E0
9.160974808E1,-1.865202956E-1,2.348805478E0,2.441518344E0,3.393035340E0
9.161970308E1,-2.737401051E-1,2.320273989E0,2.655494862E0,3.536984308E0
9.162965708E1,-2.972308920E-1,2.248008543E0,2.991537269E0,3.753822565E0
9.163961208E1,-2.440393194E-1,2.186805737E0,3.463856054E0,4.103653650E0
9.164956708E1,-1.564000086E-1,2.139597364E0,4.006704538E0,4.544889339E0
9.165952108E1,-8.394796349E-2,2.075353129E0,4.539730870E0,4.992323531E0
9.166947608E1,-4.747789275E-2,1.949040114E0,5.004181641E0,5.370553548E0
9.167943008E1,-1.072304799E-1,1.743833250E0,5.344186707E0,5.622524730E0
9.168938508E1,-2.461110610E-1,1.455083708E0,5.463340098E0,5.659145189E0
9.169933908E1,-4.222743662E-1,1.144628717E0,5.357830015E0,5.494982530E0
9.170929408E1,-5.834088653E-1,8.950230673E-1,5.114391131E0,5.224789837E0
9.171924908E1,-6.523813786E-1,7.234289226E-1,4.745130692E0,4.844090849E0
9.172920308E1,-6.824435223E-1,6.291890556E-1,4.233483535E0,4.334050169E0
9.173915808E1,-6.071343814E-1,5.969305515E-1,3.623148826E0,3.721847076E0
9.174911208E1,-4.606236955E-1,5.624392882E-1,2.949321542E0,3.037599331E0
9.175906708E1,-2.916601400E-1,5.251697204E-1,2.243523436E0,2.322555980E0
9.176902108E1,-1.452095342E-1,4.941967267E-1,1.535074788E0,1.619188321E0
9.177897608E1,-1.028916997E-1,4.567473570E-1,8.346216220E-1,9.569734070E-1
9.178893108E1,-1.303046161E-1,3.972507682E-1,1.427375507E-1,4.417708391E-1
9.179888508E1,-1.629530563E-1,2.530037588E-1,-5.333034897E-1,6.123538296E-1
9.180884008E1,-2.195768349E-1,6.332593024E-2,-1.192834917E0,1.214528426E0
9.181879408E1,-3.378674693E-1,-7.181667209E-2,-1.791038992E0,1.824042963E0
9.182874908E1,-4.969239412E-1,-1.032444330E-1,-2.240095798E0,2.296872222E0
9.183870308E1,-6.577977276E-1,-7.223021641E-2,-2.570167029E0,2.653992014E0
9.184865808E1,-7.391604909E-1,-8.069303781E-3,-2.733939938E0,2.832110684E0
9.185861208E1,-7.565966687E-1,6.530418947E-2,-2.773015126E0,2.875120179E0
9.186856708E1,-6.670134511E-1,1.563137622E-1,-2.713299267E0,2.798452045E0
9.187852208E1,-5.401294561E-1,2.133470652E-1,-2.618934562E0,2.682550100E0
9.188847608E1,-4.368954751E-1,1.947768930E-1,-2.490949536E0,2.536463145E0
9.189842733E1,-3.425905578E-1,7.902248830E-2,-2.404885538E0,2.430450019E0
9.190838133E1,-2.547493719E-1,-1.372885305E-1,-2.343288630E0,2.361090211E0
9.191833633E1,-1.690109179E-1,-3.553838271E-1,-2.264776311E0,2.298711398E0
9.192829033E1,-7.984789588E-2,-5.492544016E-1,-2.255596182E0,2.322879726E0
9.193824533E1,1.804947764E-2,-7.444765601E-1,-2.304715717E0,2.422041633E0
9.194820033E1,8.252233922E-2,-8.987965679E-1,-2.372008983E0,2.537926678E0
9.195815433E1,2.055039024E-1,-9.875809827E-1,-2.410241003E0,2.612816439E0
9.196810933E1,3.963811411E-1,-9.401746818E-1,-2.392851968E0,2.601304862E0
9.197806333E1,5.614014074E-1,-7.796066317E-1,-2.244790528E0,2.441729419E0
9.198801833E1,6.693935602E-1,-5.942583740E-1,-2.016262629E0,2.206024874E0
9.199797233E1,7.150625803E-1,-4.150564170E-1,-1.827050239E0,2.005417388E0
9.200792733E1,7.036830215E-1,-2.672639483E-1,-1.680234840E0,1.841137944E0
9.201788233E1,7.082663615E-1,-1.652510852E-1,-1.534173147E0,1.697832855E0
9.202783633E1,7.561821011E-1,-8.891042233E-2,-1.351127815E0,1.550890972E0
9.203779133E1,7.714493273E-1,4.373132586E-3,-1.174244279E0,1.404992105E0
9.204774533E1,6.774581131E-1,7.424648255E-2,-9.270286793E-1,1.150584290E0
9.205770033E1,4.231782726E-1,-1.416049451E-2,-5.815640688E-1,7.193727380E-1
9.206765433E1,3.304769542E-2,-2.631185648E-1,-2.972747827E-1,3.983664465E-1
9.207760933E1,-2.903394002E-1,-5.186705402E-1,-4.965104699E-2,5.964740757E-1
9.208756333E1,-5.022242229E-1,-7.479252478E-1,1.839259225E-1,9.194836004E-1
9.209751833E1,-6.631380627E-1,-9.245488751E-1,3.752737159E-1,1.198070563E0
9.210747333E1,-7.952186244E-1,-1.051601270E0,4.375091404E-1,1.389119195E0
9.211742733E1,-9.064099351E-1,-1.141942506E0,3.062233615E-1,1.489759848E0
9.212738233E1,-1.033809289E0,-1.245050260E0,1.192200494E-1,1.622690733E0
9.213733633E1,-1.204846706E0,-1.358656105E0,-1.746838135E-1,1.824312592E0
9.214729133E1,-1.285836636E0,-1.449180359E0,-6.167374098E-1,2.033190744E0
9.215724533E1,-1.249450144E0,-1.510195762E0,-1.083292009E0,2.239495139E0
9.216720033E1,-1.182996538E0,-1.573186939E0,-1.518721295E0,2.486144068E0
9.217715533E1,-1.147746306E0,-1.595254331E0,-1.894966233E0,2.730028386E0
9.218710933E1,-1.110091991E0,-1.496343124E0,-2.192672541E0,2.877352923E0
9.219706433E1,-1.057755684E0,-1.258883311E0,-2.425180054E0,2.930039688E0
9.220701833E1,-1.007054330E0,-9.776883709E-1,-2.590297238E0,2.946128435E0
9.221697333E1,-9.157024033E-1,-6.667477682E-1,-2.728182185E0,2.953987392E0
9.222692733E1,-7.861831413E-1,-3.399620882E-1,-2.817515945E0,2.944835183E0
9.223688233E1,-6.279677184E-1,3.330954105E-2,-2.812038859E0,2.881495362E0
9.224683633E1,-3.880115097E-1,4.170298523E-1,-2.680437330E0,2.740293982E0
9.225679133E1,-7.992344373E-2,8.500904310E-1,-2.381613620E0,2.530044453E0
9.226674633E1,2.742549524E-1,1.280433224E0,-1.916661158E0,2.321274437E0
9.227670033E1,5.802804588E-1,1.620764856E0,-1.383938881E0,2.208821169E0
9.228665533E1,7.521071765E-1,1.852002647E0,-7.711120892E-1,2.142473538E0
9.229660933E1,7.963407782E-1,1.924175999E0,-2.015804207E-1,2.092187032E0
9.230656433E1,7.211756980E-1,1.854662545E0,3.548534846E-1,2.021333357E0
9.231651833E1,6.304112698E-1,1.732556018E0,9.317824656E-1,2.065765545E0
9.232647333E1,5.700291203E-1,1.662201734E0,1.662549351E0,2.419073821E0
9.233642833E1,4.973001364E-1,1.628041716E0,2.525337011E0,3.045513795E0
9.234638233E1,3.288915548E-1,1.712183442E0,3.522792479E0,3.930624460E0
9.235633733E1,7.016578384E-2,1.789802306E0,4.386021019E0,4.737667771E0
9.236629133E1,-1.743781868E-1,1.795805350E0,4.991550486E0,5.307626669E0
9.237624633E1,-3.589458412E-1,1.747664638E0,5.292682677E0,5.585307845E0
9.238620033E1,-4.092603645E-1,1.631006547E0,5.275621086E0,5.537134119E0
9.239615533E1,-3.226023627E-1,1.468809755E0,5.060058804E0,5.278794320E0
9.240610933E1,-1.596928316E-1,1.352190547E0,4.671355203E0,4.865745627E0
9.241606433E1,2.002724123E-2,1.273534094E0,4.202562874E0,4.391335206E0
9.242601933E1,2.034876911E-1,1.216401242E0,3.744648120E0,3.942515538E0
9.243597333E1,3.520177678E-1,1.166253474E0,3.354237133E0,3.568609031E0
9.244592833E1,4.423398907E-1,1.069714190E0,3.008838011E0,3.223826795E0
9.245588233E1,4.315305085E-1,9.447308323E-1,2.599566244E0,2.799371284E0
9.246583733E1,2.081221760E-1,7.383586183E-1,2.127884806E0,2.261942094E0
9.247579133E1,-2.266360322E-1,4.024194145E-1,1.640945059E0,1.704701136E0
9.248574633E1,-6.403370646E-1,1.469364363E-1,1.212748779E0,1.379268456E0
9.249570133E1,-9.436379146E-1,-7.270661831E-2,7.999675137E-1,1.239228304E0
9.250565533E1,-1.141284256E0,-1.988907015E-1,3.683231306E-1,1.215627078E0
9.251561033E1,-1.240321909E0,-2.157792145E-1,-6.065492213E-2,1.260411888E0
9.252556433E1,-1.152997836E0,-1.270371920E-1,-4.614523190E-1,1.248391245E0
9.253551933E1,-9.449214515E-1,1.928353250E-2,-8.938281888E-1,1.300837129E0
9.254547333E1,-7.378396779E-1,1.332744169E-1,-1.382957718E0,1.573131117E0
9.255542833E1,-5.485068351E-1,1.432687703E-1,-1.830005422E0,1.915804148E0
9.256538333E1,-3.811663205E-1,7.787906528E-2,-2.244140317E0,2.277612495E0
9.257533733E1,-1.955870978E-1,-2.210422933E-2,-2.515595550E0,2.523284344E0
9.258529233E1,-5.435578980E-2,-1.516340894E-1,-2.666299347E0,2.671160732E0
9.259524633E1,3.975529231E-2,-3.122100332E-1,-2.758376037E0,2.776273392E0
9.260520133E1,9.750984930E-2,-5.179171264E-1,-2.851216373E0,2.899513946E0
9.261515533E1,1.648732454E-1,-7.389176121E-1,-2.892072038E0,2.989525564E0
9.262511033E1,2.454593888E-1,-9.706503698E-1,-2.884292318E0,3.053122111E0
9.263506433E1,2.832500166E-1,-1.147989404E0,-2.793097388E0,3.033068292E0
9.264501933E1,3.474384843E-1,-1.272840322E0,-2.621481024E0,2.934791091E0
9.265497433E1,4.329021557E-1,-1.290776364E0,-2.415031627E0,2.772342990E0
9.266492833E1,5.511010254E-1,-1.264950382E0,-2.233853311E0,2.625626101E0
9.267488333E1,6.828385748E-1,-1.216160922E0,-2.074136031E0,2.499471180E0
9.268483733E1,8.233455589E-1,-1.130733978E0,-1.864251394E0,2.330641650E0
9.269479233E1,9.442376927E-1,-1.058825212E0,-1.613188326E0,2.148271916E0
9.270474633E1,1.055451004E0,-1.038623375E0,-1.414843170E0,2.048047004E0
9.271470133E1,1.134185882E0,-1.068897626E0,-1.246965516E0,1.995956599E0
9.272465633E1,1.159696699E0,-1.109499815E0,-1.135001276E0,1.965735020E0
9.273461033E1,1.154069558E0,-1.127786104E0,-1.032255757E0,1.915549527E0
9.274456533E1,1.101196476E0,-1.149476936E0,-8.440783238E-1,1.801776657E0
9.275451933E1,9.836241719E-1,-1.163363488E0,-5.980257350E-1,1.636632487E0
9.276447433E1,8.535800493E-1,-1.154555827E0,-3.682114488E-1,1.482288005E0
9.277442833E1,7.644956723E-1,-1.146972573E0,-1.816560334E-1,1.390323211E0
9.278438333E1,7.331205364E-1,-1.130162998E0,-7.243881583E-2,1.349066901E0
9.279433733E1,7.529701524E-1,-1.099447574E0,2.456766129E-2,1.332798780E0
9.280429233E1,8.351317184E-1,-9.519667616E-1,2.250031972E-1,1.286200661E0
9.281424733E1,8.566581698E-1,-7.896337295E-1,4.837688023E-1,1.261513734E0
9.282420133E1,7.444022273E-1,-7.521782202E-1,6.600471514E-1,1.247224516E0
9.283415633E1,5.819603638E-1,-7.394856691E-1,7.377437836E-1,1.195735259E0
9.284411033E1,4.088498168E-1,-7.344211033E-1,8.275804049E-1,1.179585459E0
9.285406533E1,2.287539485E-1,-7.307522678E-1,8.699288642E-1,1.158923412E0
9.286401933E1,3.023385080E-2,-6.985759172E-1,7.994669920E-1,1.062106336E0
9.287397433E1,-1.786917143E-1,-6.836856902E-1,6.249469006E-1,9.433533168E-1
9.288392933E1,-3.228643911E-1,-6.585566962E-1,4.867555600E-1,8.802666143E-1
9.289388312E1,-3.583914156E-1,-5.778513792E-1,4.296177381E-1,8.043183599E-1
9.290383812E1,-3.902906813E-1,-4.819760460E-1,4.017276889E-1,7.389268305E-1
9.291379213E1,-4.307104366E-1,-3.869617152E-1,3.943011403E-1,7.005171222E-1
9.292374712E1,-4.952379696E-1,-2.902439444E-1,4.518991381E-1,7.305580229E-1
9.293370113E1,-5.724529008E-1,-1.844457400E-1,4.656289852E-1,7.606135066E-1
9.294365613E1,-7.019811894E-1,-6.921656147E-2,4.586415625E-1,8.413801789E-1
9.295361012E1,-8.700239546E-1,5.756993115E-2,4.598162681E-1,9.857418419E-1
9.296356512E1,-1.031746172E0,2.121989644E-1,5.123032147E-1,1.171316843E0
9.297352013E1,-1.163596646E0,4.004040255E-1,5.770231211E-1,1.359130685E0
9.298347412E1,-1.206641874E0,5.592322366E-1,5.662817860E-1,1.445475827E0
9.299342912E1,-1.200727415E0,6.768017632E-1,4.716983950E-1,1.456813759E0
9.300338313E1,-1.196917808E0,7.741966416E-1,3.589342564E-1,1.469974993E0
9.301333813E1,-1.166016077E0,8.574210852E-1,2.619757265E-1,1.470848630E0
9.302329212E1,-1.101579395E0,9.111359471E-1,2.137917459E-1,1.445459370E0
9.303324713E1,-1.012737459E0,9.136962967E-1,1.580783057E-1,1.373123022E0
9.304320112E1,-9.195315255E-1,8.646728021E-1,5.032698512E-2,1.263222105E0
9.305315612E1,-8.210827596E-1,7.976875381E-1,-4.569599032E-2,1.145674662E0
9.306311112E1,-7.262585364E-1,6.757641748E-1,-1.113432652E-1,9.982514735E-1
9.307306513E1,-6.852646577E-1,5.031586079E-1,-1.135388947E-1,8.576988495E-1
9.308302013E1,-7.275753294E-1,2.725878382E-1,-2.774503827E-2,7.774572507E-1
9.309297413E1,-7.905727923E-1,7.205962390E-3,8.823565364E-2,7.955141711E-1
9.310292913E1,-9.095633385E-1,-3.308570963E-1,2.671639609E-1,1.004065967E0
9.311288312E1,-1.002745371E0,-5.521923351E-1,3.751977021E-1,1.204652635E0
9.312283812E1,-9.450034587E-1,-7.186043850E-1,4.594613421E-1,1.272999813E0
9.313279312E1,-6.086522455E-1,-6.989556938E-1,3.424918860E-1,9.880775829E-1
9.314274713E1,-1.780260819E-1,-2.699757408E-1,5.159477842E-1,6.089189621E-1
9.315270213E1,-1.685537022E-1,3.810863745E0,4.061794081E0,5.572186643E0
9.316265613E1,-6.630428993E-1,4.854655766E0,1.395914564E0,5.094691939E0
9.317261113E1,-1.191969236E0,3.354005583E0,-1.027822398E0,3.704937650E0
9.318256512E1,-1.696129472E0,1.831290201E0,-5.622343433E-1,2.558629798E0
9.319252012E1,-1.958369054E0,1.013869772E0,-2.833046150E-1,2.223376435E0
9.320247512E1,-2.049876664E0,5.195125392E-1,-1.397104472E-1,2.119293898E0
9.321242913E1,-1.945063277E0,4.644802997E-1,1.169858283E-1,2.003172180E0
9.322238412E1,-1.763980270E0,6.652304158E-1,3.522590750E-1,1.917874959E0
9.323233813E1,-1.354800305E0,6.440026841E-1,2.679954350E-1,1.523825737E0
9.324229313E1,-7.896768527E-1,6.987703371E-1,6.768386006E-2,1.056622270E0
9.325224712E1,-3.458313405E-1,7.854295814E-1,-1.479503435E-1,8.708548947E-1
9.326220212E1,5.131601424E-2,6.882187441E-1,-3.977428114E-1,7.965410957E-1
9.327215613E1,3.758348658E-1,5.169681233E-1,-6.247024870E-1,8.937343476E-1
9.328211112E1,5.374617371E-1,3.856601250E-1,-7.216042989E-1,9.789339177E-1
9.329206612E1,5.802862329E-1,2.804266155E-1,-7.015360701E-1,9.526405704E-1
9.330202013E1,5.882764896E-1,2.191179746E-1,-6.734852225E-1,9.206868414E-1
9.331197513E1,5.939200395E-1,2.419221157E-1,-7.141812587E-1,9.598552982E-1
9.332192912E1,6.049244262E-1,2.771743941E-1,-6.259017509E-1,9.135163972E-1
9.333188413E1,6.073147314E-1,2.636214253E-1,-4.634275085E-1,8.081413828E-1
9.334183812E1,5.573351075E-1,1.512645453E-1,-2.892869014E-1,6.459026985E-1
9.335179312E1,4.691650888E-1,3.134312242E-2,-1.568720251E-1,4.956885153E-1
9.336174713E1,3.806481841E-1,4.329863191E-3,-3.707427084E-2,3.824739068E-1
9.337170213E1,2.928263489E-1,1.996561021E-2,4.785127401E-2,2.973813051E-1
9.338165713E1,1.739281339E-1,-5.261704713E-2,3.465878606E-2,1.849885966E-1
9.339161113E1,5.218990803E-2,-8.114590466E-2,3.334433198E-2,1.020798159E-1
9.340156613E1,-2.116536750E-2,-1.050449368E-1,1.881926358E-2,1.087960303E-1
9.341152012E1,-1.116169514E-1,-1.384401396E-1,-2.358065128E-2,1.793880241E-1
9.342147512E1,-1.716209871E-1,-1.629937676E-1,-6.233599663E-2,2.447580600E-1
9.343142913E1,-1.601504310E-1,-1.729390043E-1,-2.821807802E-2,2.373864354E-1
9.344138413E1,-8.673005043E-2,-1.594193646E-1,1.096814865E-1,2.120534460E-1
9.345133913E1,-3.031452410E-3,-1.433360133E-1,2.200161070E-1,2.626051974E-1
9.346129313E1,3.981800370E-2,-1.504400879E-1,3.106637371E-1,3.474617259E-1
9.347124813E1,1.442252286E-2,-1.757421595E-1,3.060578853E-1,3.532205330E-1
9.348120212E1,-1.867120111E-2,-1.846191099E-1,3.106432718E-1,3.618453700E-1
9.349115712E1,-7.450595275E-2,-1.653428864E-1,2.674551523E-1,3.231434133E-1
9.350111113E1,-1.259124070E-1,-1.497518706E-1,2.006898898E-1,2.802784131E-1
9.351106613E1,-1.380991738E-1,-1.283686030E-1,7.681077898E-2,2.035921801E-1
9.352102013E1,-1.257055069E-1,-1.181137562E-1,-6.631327271E-2,1.847976840E-1
9.353097513E1,-6.389305534E-2,-1.395876557E-1,-1.772390467E-1,2.344796703E-1
9.354093013E1,-8.966394570E-3,-1.516604018E-1,-2.484370834E-1,2.912082727E-1
9.355088412E1,-4.837677425E-2,-1.155380577E-1,-2.829531974E-1,3.094379856E-1
9.356083912E1,-1.435705049E-1,-3.770518541E-2,-3.575057817E-1,3.870976037E-1
9.357079313E1,-1.595625483E-1,2.131485522E-2,-4.321261936E-1,4.611372649E-1
9.358074812E1,-1.529684331E-1,6.942662269E-2,-5.290934944E-1,5.551209988E-1
9.359070213E1,-1.208615912E-1,8.746352881E-2,-5.555784577E-1,5.752606503E-1
9.360065713E1,-7.304595781E-2,5.899402052E-2,-4.850850105E-1,4.940885284E-1
9.361061213E1,-6.145779052E-2,5.056145847E-2,-3.095089120E-1,3.195767321E-1
9.362056612E1,-9.956846206E-2,4.342288524E-2,-1.778541738E-1,2.084023338E-1
9.363052113E1,-1.397622225E-1,3.367499202E-2,-1.793130541E-1,2.298274468E-1
9.364047512E1,-1.133593303E-1,2.595549792E-2,-1.990427291E-1,2.305255597E-1
9.365043012E1,-4.115171704E-2,2.001735806E-2,-2.787730229E-1,2.825040827E-1
9.366038413E1,-7.675457262E-3,7.413392365E-2,-1.499284565E-1,1.674314587E-1
9.367033913E1,-1.521605032E-1,8.678846776E-2,7.145513874E-1,7.357096861E-1
9.368029312E1,-2.373118785E-1,-1.486251122E-1,5.268762302E-1,5.966614732E-1
9.369024812E1,-9.515961578E-2,-1.600558341E-2,5.618104202E-1,5.700372614E-1
9.370020313E1,3.891102746E-3,1.888098094E-1,2.629066032E-1,3.237038258E-1
9.371015712E1,5.373689856E-2,1.294102845E-1,-1.143768007E-1,1.808776617E-1
9.372011212E1,3.688323135E-2,1.325098935E-1,-3.146328270E-1,3.433847121E-1
9.373006613E1,-4.565076577E-2,1.960056853E-1,-6.994322419E-2,2.130593244E-1